Masa_mcp[MeV/c²]\Er[eV],10.027190024098449,10.247388641890067,10.529449363123886,10.760677672380462,10.93742515963776,10.93742515963776,11.177612679427789,11.361208454226896,11.547819846894582,11.737496389894968,11.995253595570482,12.258671188680472,12.493902521130488,12.872704838562404,13.407829868280032,13.77688215027974,13.889566110915151,14.041246394604164,14.233178200577306,14.349594300720698,14.466962592158374,14.624948304064262,14.784659290713032,14.905586068437474,15.0683617451834,15.2329150052339,15.441135899948314,15.737435467526288,15.995927753927402,16.34720075994846,16.706187774600796,17.166027792135488,17.542996372935924,17.928243241097398,18.222720228539828,18.4217204962068,18.62289393593784,18.877452937690304,18.98024817826965,19.083603179825275,19.187520990478333,19.29200467494827,19.397057314643096,19.50268200775035,19.608881869328428,19.71566003139844,19.876918481216432,20.09398333479201,20.31341863380171,20.64707287105717,21.10048573116285,21.447067790995742,21.74023082925253,22.03740115502469,22.278059447175067,22.58258142927749,22.82919333423335,23.01591801511193,23.20416995566801,23.52135107481787,23.827394232154905,24.302308560448058,25.032487103803703,25.72107400544421,26.298528680759897,27.22266678278651,28.179279371959705,29.16950761139473,30.04592429111518,31.10174698694305,32.194671605621565,33.161981289733845,34.15835441752523,35.88594531625065,37.23874009666359,38.83365894183177,40.00044128470208,41.40606866172397,42.65014071464436,43.71537353917177,45.25154473803549,47.30620557921372,49.45415895209912,51.19199277337868,53.78107595115413,55.67095891980896,57.62725293681201,59.94733458611332,62.36082306265532,64.55220089087967,66.4917134231835,69.51079090715345,72.6669505685099,74.85027599145208,77.48053690188526,79.80848963249568,82.81703538086668,86.15126136327416,90.28543993741135,92.76898746075372,94.85171097075091,96.74224235509926,97.94291201198864,98.42734199798652,99.15848320092732,99.89505549087896,101.63507224298198,102.13776381720773,102.39004121270412,102.89646689693252,103.150618267634,103.40539738505204,103.91684506593388,104.43082238972504,105.20655884218031,107.30347727722862,111.07415331145036,114.41144792556832,116.69183307432668,119.90176053579698,123.50428630556245,126.90160889255974,131.36096908756153,136.31289195779902,141.4514877818304,147.50979273400418,154.58841021384407,159.23311875701995,164.42249886902476,170.62074434625168,177.05264548046176,182.8227609213085,188.3157887515549,193.9738581476973,200.7901570854605,207.845982790658,215.1497523049785,221.6140654524568,229.40164947724173,238.63739350715733,248.85812801854027,260.8001927611086,271.3000467455204,282.2226263902429,295.7657680308435
10.23045188612373,36222705313.47462,40444350465.415306,46164883983.72795,51925241308.561806,56712475509.207756,56712475509.207756,63788939165.52494,70700916937.26482,77219169699.30432,85586406895.84737,99135851177.65047,111505814604.5293,121787119187.91502,132047582275.96255,145296175112.64526,154102661171.1813,165851479408.8134,183819463105.8069,206750697631.33948,230836860074.02808,257729026210.35165,294167471106.511,326036926500.3847,356086564043.0109,394664197478.95807,424757155109.9592,460518657996.54395,506688288109.9474,545332475928.44916,578375376854.8594,586974822537.6334,574232423230.3323,537538616367.5549,485045705958.2928,437671367732.6024,394917232670.62933,351143350457.49677,307671301355.0813,277611475426.273,250488527688.21735,226015521898.2448,200959761376.5346,181325770753.85437,163610042698.42114,146544860264.11926,129345593806.55421,111677856662.57652,97851130730.79045,89599045428.91588,82044304939.63998,76239599440.34882,69811290008.91487,60276582015.767586,53595798145.164505,47306336174.47394,41755303639.12983,37127012969.43045,33499952951.298283,30227232356.753906,26485057750.48299,23359707997.849266,20717182755.686028,18621028305.896935,16961693521.03044,15867917719.734932,14262634004.950098,12905580341.546364,11834539008.651762,10998015390.632608,10152807050.90183,9435305037.996227,8827077217.281683,8313347013.943375,7573074298.5838785,7037938177.981694,6454008108.698094,6078388997.591051,5686647462.942353,5391545713.118448,5111677466.624574,4750433639.844554,4356329611.715773,3994921121.881525,3737455446.0739384,3382005658.012188,3122095184.564108,2901455752.7127314,2660704190.25003,2439929260.1292095,2252418287.8522606,2093206248.0702965,1881505491.6313877,1646671414.8826659,1509989468.5376744,1366317777.9320736,1244573897.092262,1141294993.8610826,1067757332.79557,1067916985.8683642,1068009427.505343,1060981571.3341223,1164949825.6949105,1349212548.5945868,1511308955.8895576,1670450272.878427,1738728695.044047,1762186011.9434836,1883816573.4945564,1883831397.275006,2096123718.2159412,2347936671.1425495,2595134311.9815536,2945972780.176301,3299906342.4996076,3873146603.436024,4252685986.7038302,3978607816.4072895,4427312599.9361925,4764809685.679262,4829244086.706113,4765672130.55889,4640553039.217699,4458918842.996307,4199511777.444158,3981677144.5764403,3775201316.6407304,3603454371.3081837,3485539607.6192927,3282709281.024682,3010299089.100224,2705782369.567112,2481208452.2331543,2275255766.4248533,2100367058.9316683,1913246829.12519,1766211921.5983675,1619633006.0734897,1525371409.2773752,1427063891.1148512,1308651655.7399669,1208109003.5627134,1093203489.1870759,1002493697.0886033,913196607.6868919,809962979.000492
10.693991461161229,36231552767.84731,40454229063.44599,46176159831.324974,51937924132.75434,56726327623.098404,56726327623.098404,63804519717.11171,70718185750.60431,77238030606.42595,85607311514.19048,99160065269.67924,111533050080.1368,121816865888.79977,132079835111.55559,145331663938.47177,154140300995.47446,165891988900.96793,183864361307.04736,206801196823.71027,230893242350.54123,257791976941.94882,294239321987.223,326116561547.134,356173538762.3433,394760594847.6667,424860902732.2527,460631140423.77106,506812047544.02136,545465674267.9153,578516645976.3324,587118192087.6263,574372680428.6802,537669911044.2145,485164179156.6637,437778269672.2211,395013691843.59296,351229117788.91394,307746450568.17755,277679282478.25635,250549709916.3371,226070726555.10876,201008846123.35675,181370059866.70374,163650004716.03305,146580654083.31412,129377186677.0924,111705134159.73505,97875031027.7717,89620930140.7122,82064344393.84999,76258221085.84998,69828341529.4379,60291304668.43836,53608889005.56694,47317890823.61514,41765502439.59401,37136081302.411064,33508135369.00173,30234615407.157635,26491526768.68518,23365413644.318283,20722242961.089664,18625576522.18512,16965836442.113008,15871793484.308558,14266117676.379412,12908732550.422997,11837429613.950142,11000701673.68399,10155286890.448883,9437609626.515877,8829233245.172153,8315377562.400583,7574924034.232771,7039657205.767405,6455584510.61972,6079873653.937125,5688036435.7848425,5392862606.881138,5112926002.115296,4751593940.946177,4357393652.270957,3995896887.8283935,3738368325.6129704,3382831718.365452,3122857761.363758,2902164437.9742084,2661354071.5528965,2440525216.7982316,2252968444.662955,2093717517.082706,1881965052.391555,1647073617.0396802,1510358285.9081748,1366651503.2597163,1244877886.2800565,1141573757.0096817,1068018134.251487,1068177826.3198023,1068270290.5358006,1061240717.7993408,1165234366.574453,1349542095.9422917,1511678095.5469782,1670858283.0599759,1739153382.3406682,1762616428.727706,1884276698.740207,1884291526.1413896,2096635699.8251536,2348510158.472889,2595768177.7355757,2946692338.793754,3300712349.96224,3874092625.7597585,4253724712.135935,3979579597.802904,4428393978.201083,4765973498.1533375,4830423637.38688,4766836153.6865225,4641686501.804858,4460007941.1371975,4200537514.989628,3982649675.660426,3776123415.6697145,3604334520.8679223,3486390956.3072424,3283511088.077228,3011034359.522697,2706443261.2882023,2481814491.4116273,2275811501.326635,2100880076.9837155,1913714142.75839,1766643321.717536,1620028604.0554106,1525743983.7117858,1427412453.7789118,1308971296.023974,1208404086.1412714,1093470505.9078574,1002738557.7959177,913419657.4356582,810160813.7684437
11.178533914665644,35980337825.75068,40173735790.721664,45855993003.4609,51577807560.12961,56333010196.144585,56333010196.144585,63362124967.18364,70227854434.90419,76702493321.8172,85013745018.63109,98472529457.60313,110759724992.54611,120972236979.11072,131164046921.56868,144323992923.78897,153071554451.88995,164741760903.47964,182589520143.72925,205367320913.9898,229292321935.14386,256004551573.3646,292199185460.1137,323855401125.69824,353703975409.92914,392023484445.24713,421915088961.50745,457437310283.20496,503298017659.80865,541683635759.79694,574505445389.5925,583047351856.8962,570390212424.0566,533941925207.2415,481800246841.77924,434742892100.3146,392274826568.90546,348793837052.99426,305612661071.07,275753966571.5334,248812499499.9837,224503243514.97574,199615132032.12402,180112513181.3762,162515321730.673,145564323075.80887,128480137558.9394,110930615910.69278,97196405123.71805,88999534835.9014,81495343400.23555,75729477404.41783,69344180033.89226,59873269131.616066,53237186637.91821,46989807694.53827,41475917327.29625,36878594725.066246,33275803502.343235,30024980804.757618,26307845229.947697,23203407310.410065,20578563304.329212,18496434303.039345,16848202189.815416,15761744883.668161,14167202182.776947,12819228616.628773,11755353661.696712,10924427254.762886,10084874235.91803,9372173056.047945,8768014910.626692,8257722095.458966,7522402572.7641115,6990847068.132443,6410824096.970697,6037718267.505989,5648597890.243751,5355470677.360386,5077475039.8616,4718648309.154188,4327181245.944865,3968190953.949933,3712447990.6918526,3359376530.5710726,3101205127.905741,2882042002.8163214,2642901318.1402106,2423603601.4053793,2237347272.1176314,2079200526.09999,1868916267.4086497,1635653474.3263736,1499886072.0405898,1357175694.136726,1236246406.1963005,1133658546.0027518,1060612928.201576,1060771513.0296371,1060863336.1361355,1053882503.6156768,1157155102.464421,1340184916.5340173,1501196730.6528249,1659273227.0862477,1727094795.7534106,1750395158.8605654,1871211885.735888,1871226610.3298633,2082098475.3428307,2332226538.301973,2577770170.4007974,2926261165.169764,3277826544.675716,3847231233.4011927,4224231104.337747,3951986801.418031,4397689284.313327,4732928164.323893,4796931432.342739,4733784838.552296,4609502923.771282,4429084048.808806,4171412685.718184,3955035592.596615,3749941302.214752,3579343522.172436,3462217730.615624,3260744549.3878627,2990157064.33402,2687677877.6589446,2464606592.877733,2260031944.2595696,2086313423.7057528,1900445222.4158652,1754394131.0020745,1608795980.5305414,1515165091.6345303,1417515352.7846012,1299895418.1436136,1200025500.644966,1085888823.400731,995785973.943141,907086374.7352751,804543486.1528189
11.685030882543929,35358048114.628265,39478920123.314995,45062901154.86429,50685755375.340225,55358715490.75897,55358715490.75897,62266259813.47427,69013244626.05,75375902875.59181,83543409217.85892,96769420325.9871,108844105478.26013,118879989297.387,128895529119.88048,141827870283.15323,150424140359.72006,161892507422.3449,179431584820.98468,201815437342.8998,225326648975.9119,251576883350.3443,287145521217.416,318254234038.6091,347586569126.9018,385243331849.9581,414617952950.735,449525807810.6233,494593341802.26685,532315070215.77203,564569217737.114,572963389612.9939,560525158842.9758,524707254649.0468,473467380767.03925,427223895751.5919,385490326943.3501,342761352945.9205,300327007126.0101,270984726854.2829,244509219770.16757,220620398967.22406,196162734129.42752,176997418366.53662,159704575119.49557,143046748588.45242,126258038698.34172,109012040791.5817,95515366908.91595,87460263718.12369,80085859310.67653,74419715532.65132,68144853613.715385,58837744686.784355,52316435041.46794,46177106213.03621,40758580076.680756,36240769416.999306,32700289446.607502,29505690610.153698,25852843904.288074,22802098081.40341,20222651465.035683,18176533450.10751,16556807958.766018,15489141226.694618,13922176574.72322,12597516577.36757,11552041628.616142,10735486319.481316,9910453598.030525,9210078778.559996,8616369712.288784,8114902549.900539,7392300577.985128,6869938470.119901,6299947153.716835,5933294290.868509,5550903856.174655,5262846358.0202265,4989658730.545976,4637038005.565256,4252341471.4948816,3899560014.063515,3648240194.7875233,3301275201.426121,3047568943.261731,2832196303.922086,2597191622.312578,2381686719.1265693,2198651743.6212263,2043240188.511766,1836592853.1652913,1607364403.4186938,1473945135.2154028,1333702972.0423195,1214865188.9683335,1114051613.668764,1042269339.6588664,1042425181.7192713,1042515416.7202135,1035655319.5934466,1137141790.8072674,1317006054.5511343,1475233125.6311042,1630575646.1419778,1697224222.3659303,1720121599.367251,1838848768.1503146,1838863238.0784397,2046088016.935678,2291890047.1378107,2533186935.4559984,2875650683.857413,3221135644.677111,3780692324.7214375,4151171880.5371475,3883636116.748975,4321630054.19729,4651070886.762914,4713967200.884907,4651912744.577955,4529780319.254805,4352481837.717349,4099266970.807466,3886632178.2563977,3685085049.3084455,3517437804.188141,3402337734.995189,3204349087.1354117,2938441486.098305,2641193759.0778933,2421980552.7293653,2220944078.1997304,2050230066.6223319,1867576506.3357522,1724051408.1998775,1580971417.2696939,1488959900.0173125,1392999039.9120576,1277413373.9737275,1179270733.8122475,1067108081.3883122,978563585.1744246,891398069.616219,790628688.1315188
12.214477119121335,35338144173.36571,39456696438.77517,45037534105.902794,50657223079.25397,55327552667.01015,55327552667.01015,62231208557.98786,68974395321.84288,75333471869.82521,83496380515.80627,96714946367.13237,108782834373.15866,118813068738.97276,128822970560.30473,141748031781.029,150339462799.3388,161801374027.53375,179330578235.06268,201701830319.18268,225199806895.38858,251435264347.7062,286983879727.2074,318075080665.65344,347390903839.23865,385026468616.3297,414384553998.531,449272758342.3478,494314922677.08875,532015416573.79504,564251407418.1718,572640854001.993,560209625027.2622,524411883639.23553,473200853980.6633,426983400594.74866,385273324669.92456,342568403894.71747,300157945443.3624,270832182684.73846,244371579334.45456,220496206154.08774,196052309155.58972,176897782034.59402,159614673367.22028,142966223948.84357,126186964848.95868,108950675151.43683,95461598888.50761,87411030119.41911,80040776951.08153,74377822788.97,68106493148.81429,58804623429.34191,52286984794.47592,46151111949.813324,40735636039.12639,36220368569.54734,32681881625.047226,29489081109.23013,25838290683.33898,22789262202.584427,20211267622.080658,18166301418.83206,16547487712.013756,15480421996.600693,13914339428.739033,12590425116.063,11545538691.652735,10729443042.193066,9904874752.567648,9204894191.830614,8611519339.437492,8110334465.622217,7388139264.667652,6866071207.669687,6296400753.822298,5929954289.161514,5547779111.733186,5259883768.4438925,4986849925.207768,4634427699.368608,4249947720.725536,3897364852.9160986,3646186507.934863,3299416829.960374,3045853389.477664,2830601988.8542814,2595729597.3351097,2380346007.3200345,2197414066.840541,2042089996.8336062,1835558988.5086756,1606459577.2651277,1473115414.148775,1332952196.8431015,1214181310.5685768,1113424485.7851765,1041682619.8362935,1041838374.1692538,1041928558.3746274,1035072322.970369,1136501664.8778598,1316264678.4698746,1474402679.5220335,1629657753.7917058,1696268811.843216,1719153299.3307993,1837813633.5819886,1837828095.3646247,2044936222.1427333,2290599884.153401,2531760940.338651,2874031907.218002,3219322385.798608,3778564077.208479,4148835080.694206,3881449919.5668697,4319197299.128958,4648452681.101843,4711313589.294814,4649294065.013788,4527230391.127708,4350031715.398283,4096959389.5534897,3884444294.5153494,3683010621.55352,3515457749.3157034,3400422472.8683558,3202545277.835523,2936787362.925184,2639706964.182618,2420617158.502843,2219693852.4990187,2049075940.1646588,1866525200.1956358,1723080895.974452,1580081448.3968337,1488121726.759101,1392214885.4536633,1276694285.61565,1178606892.4332678,1066507379.2086022,978012726.9353656,890896279.0546564,790183623.208307
12.767912450827689,35347042074.44061,39466631362.91642,45048874246.49326,50669978218.78471,55341483763.332924,55341483763.332924,62246877947.26887,68991762599.06221,75352440318.67862,83517404328.78008,96739298523.85622,108810225140.88408,118842985050.56113,128855407296.16153,141783722958.1933,150377317239.60257,161842114498.02414,179375732438.32285,201752617449.4859,225256510654.19415,251498574013.826,287056140289.60077,318155169778.09436,347478374473.8458,385123415626.6809,414488893172.3813,449385882125.5258,494439387766.71686,532149374387.872,564393482032.5022,572785041021.1348,560350681948.6515,524543926936.1398,473320002693.35815,427090912071.31287,385370333836.9282,342654660257.0858,300233523144.6786,270900376361.16943,244433110413.3864,220551725578.6542,196101673775.41284,176942323676.5431,159654863241.55997,143002221858.39728,126218737856.7505,108978108180.31313,95485635460.97716,87433039614.17476,80060930666.90132,74396550611.97328,68123641894.24993,58819430028.11106,52300150296.77066,46162732481.62766,40745892991.44175,36229488608.64298,32690110697.52525,29496506256.55005,25844796586.798912,22795000381.69349,20216356679.92754,18170875568.287354,16551654255.338083,15484319860.134438,13917842963.479063,12593595298.306417,11548445778.698135,10732144641.980251,9907368731.744236,9207211920.72781,8613687660.637695,8112376591.926459,7389999547.1992445,6867800037.063766,6297986144.123516,5931447410.769282,5549176004.266066,5261208170.914139,4988105579.638635,4635594616.312675,4251017828.2616596,3898346182.516882,3647104592.560051,3300247600.3713446,3046620314.362437,2831314714.9203615,2596383184.152261,2380945362.034116,2197967360.553177,2042604181.0162485,1836021169.6072862,1606864072.7114425,1473486334.4541173,1333287825.0166383,1214487033.051779,1113704838.3945353,1041944908.3384085,1042100701.8892361,1042190908.8023708,1035332947.0453057,1136787828.1618154,1316596104.841332,1474773923.951922,1630068090.3789377,1696695920.6356356,1719586170.279398,1838276382.3846846,1838290847.8086975,2045451122.9852862,2291176641.4123955,2532398420.2889824,2874755568.6381116,3220132988.980726,3779515493.5929737,4149879728.7646604,3882427241.8971562,4320284843.231503,4649623129.43962,4712499865.575898,4650464725.206234,4528370316.528599,4351127023.394266,4097990975.682555,3885422370.8086047,3683937978.2366457,3516342917.340741,3401278675.8038588,3203351656.6575203,2937526825.7363925,2640371624.197553,2421226653.215155,2220252756.1080823,2049591883.3596697,1866995178.372862,1723514755.864808,1580479302.0121553,1488496425.5505018,1392565435.563624,1277015748.4349926,1178903657.5232403,1066775918.4139801,978258983.7974006,891120600.5957124,790382585.9969532
13.34642381840474,34652316083.84013,38690937189.93518,44163464267.337975,49674088640.87843,54253778403.21221,54253778403.21221,61023450995.371994,67635768778.873085,73871430998.73863,81875917289.14325,94837942680.4042,106671622106.17291,116507193830.99342,126322827616.94743,138997044594.1109,147421736671.83936,158661199866.50488,175850204527.23322,197787284601.5873,220829222164.99405,246555512707.6381,281414215259.4765,311902011026.55695,340648884826.3049,377554034124.79407,406342349925.689,440553458426.1387,484721463060.74805,521690281361.3478,553300649425.244,561527277098.8663,549337308275.66943,514234314649.8636,464017167478.755,418696683316.88605,377796099298.17773,335919977966.5666,294332604155.7887,265575983674.3584,239628916772.2362,216216906961.90573,192247407008.61743,173464623029.44354,156516937788.38943,140191594592.0642,123737980414.4388,106836205500.02974,93608919651.3759,85714592991.98651,78487378649.48434,72934328760.07652,66784710492.33448,57663367613.983826,51272220614.65021,45255430252.926796,39945055659.37402,35517418633.74717,32047605180.67467,28916769217.021282,25336831822.08625,22346977625.289738,19819015697.58404,17813737352.79903,16226340913.010885,15179984367.762781,13644295682.791138,12346075351.646896,11321467650.89311,10521210448.336403,9712645039.11078,9026249411.649252,8444390533.026365,7952932447.998344,7244753312.870703,6732817336.843843,6174202811.6016655,5814868188.398622,5440110108.781482,5157802119.267836,4890067203.95967,4544484642.950327,4167466492.747368,3821726407.440681,3575422827.914687,3235383112.4584312,2986740726.3782,2775666835.930027,2545352750.6639404,2334149236.301127,2154767563.278712,2002457958.5947888,1799935218.6772873,1575282074.072807,1444525799.3353918,1307082811.7926314,1190616981.766259,1091815603.7745423,1021466074.2941886,1021618805.8114604,1021707239.7590679,1014984067.33643,1114444910.5179837,1290719157.8755765,1445788081.99458,1598030029.9819798,1663348328.1630046,1685788682.9803383,1802146106.5313303,1802160287.645669,2005248945.5400522,2246144868.7822075,2482625570.9109435,2818253884.3967447,3156843108.1492953,3705231268.0629716,4068316205.0229216,3806120344.536949,4235372103.9683623,4558237433.637521,4619878363.317744,4559062488.318421,4439367775.740866,4265608098.636998,4017447295.8448715,3809056605.8946247,3611532274.363285,3447231198.985473,3334428479.6154556,3140391603.360096,2879791408.1694193,2588476622.9606476,2373638821.634207,2176614952.0699906,2009308321.626413,1830300450.932591,1689640054.452422,1549415881.022032,1459240875.6358008,1365195354.6482117,1251916730.8432088,1155732977.2278278,1045809045.0018259,959031860.3466973,873606132.4631438,774848066.196012
13.951147411645517,33805517287.046425,37745446591.846794,43084241501.58282,48460202723.66738,52927978587.63286,52927978587.63286,59532220661.61722,65982953207.077095,72066234522.5258,79875115147.11383,92520387468.28354,104064887219.16014,113660107035.54817,123235876136.56732,135600373219.08945,143819191060.3739,154783995444.73584,171552952324.83188,192953955879.3024,215432817515.62598,240530434585.91776,274537294873.95856,304280060245.0911,332324446566.4751,368327744573.23987,396412560177.41113,429787651672.6749,472876322588.5548,508941733717.7524,539779639081.66766,547805232619.5388,535913150116.7674,501667968496.7817,452677977966.5171,408464990670.5294,368563894398.9431,327711100023.95447,287139997045.3937,259086102222.02945,233773103905.10324,210933213478.9416,187549456298.83716,169225667292.3375,152692132708.22186,136765731993.61838,120714194856.23495,104225448687.91524,91321398080.2879,83619985115.33942,76569382240.72855,71152032255.28989,65152692235.53755,56254247652.234245,50019281139.54035,44149523109.69744,38968918162.86799,34649479322.230225,31264457715.395416,28210130003.616604,24717675554.158962,21800884437.19556,19334698325.96176,17378422976.690586,15829817750.511225,14809031024.648052,13310869970.65892,12044374255.316006,11044804897.340944,10264103583.476091,9475297090.624332,8805674916.055609,8238034925.345712,7758586603.649797,7067713245.085245,6568287450.700679,6023323791.008211,5672770229.533866,5307170114.715984,5031760886.7531395,4770568610.718899,4433431052.235436,4065626096.186333,3728334862.827457,3488050204.9309425,3156320041.460007,2913753730.435055,2707837853.5532365,2483151954.5768085,2277109621.4005084,2102111499.0912604,1953523884.8703823,1755950194.0170355,1536786899.270981,1409225916.1802475,1275141623.5136783,1161521869.4752798,1065134901.181389,996504503.454735,996653502.671264,996739775.5581144,990180897.3288099,1087211215.4588647,1259177848.277592,1410457352.4326782,1558978963.284016,1622701077.9321864,1644593057.7025828,1758107054.395105,1758120888.9654915,1956246668.4556918,2191255816.9881735,2421957639.1845245,2749384202.133882,3079699319.5730977,3614686515.6704655,3968898744.468349,3713110165.34985,4131872297.6946163,4446847765.917609,4506982375.934808,4447652658.733733,4330882926.360907,4161369415.2318277,3919272919.042103,3715974673.276133,3523277244.6817718,3362991195.387793,3252945036.554926,3063649840.2770066,2809417933.1741376,2525222008.6212068,2315634199.5673995,2123425003.1489253,1960206845.5512161,1785573390.9614544,1648350313.193482,1511552798.4907496,1423581400.0979779,1331834069.9102032,1221323636.3210702,1127490325.5054014,1020252604.8827624,935595994.6613114,852257815.6565111,755913100.6784055
14.58327090085826,33285364786.466938,37164671913.45541,42421320838.00208,47714564211.13489,52113596125.17239,52113596125.17239,58616221264.854385,64967698868.122444,70957379072.2173,78646107452.15494,91096811828.61566,102463680799.2155,111911262656.42883,121339693078.95435,133513942397.44223,141606300447.69165,152402393601.56235,168913332987.67276,189985047526.41116,212118035558.9962,236829485242.26505,270313095042.3608,299598219915.03326,327211098043.5852,362660427142.603,390313112484.1079,423174674275.0066,465600356373.61035,501110842884.3207,531474257251.6489,539376364066.5714,527667260466.279,493948996292.9686,445712795916.58057,402180096861.8532,362892943421.7077,322668735291.0701,282721884279.61816,255099643952.75104,230176127011.30313,207687665200.09958,184663704903.64862,166621856995.42862,150342717552.9203,134661370244.43954,118856811939.21716,102621771770.36627,89916270829.4744,82333356545.60504,75391238587.3669,70057243283.87299,64150212803.02236,55388685166.20362,49249653686.68994,43470211367.47776,38369318397.68232,34116341102.211296,30783403521.731113,27776071576.45341,24337354181.205597,21465442608.024178,19037202754.549442,17111027862.13876,15586250429.333122,14581170156.458303,13106060730.754768,11859052098.17752,10874862729.706497,10106173766.877848,9329504336.335958,8670185380.782871,8111279448.42474,7639208213.767939,6958965058.018794,6467223736.366807,5930645223.0369,5585485494.46976,5225510728.091895,4954339116.05994,4697165705.18187,4365215552.724336,4003069870.159795,3670968407.3630853,3434380917.138774,3107754958.185163,2868920921.752096,2666173393.319427,2444944649.907435,2242072610.91468,2069767117.448913,1923465763.7350364,1728932063.3209262,1513140949.9507527,1387542698.6758833,1255521509.4822392,1143649978.926904,1048746079.8656366,981171671.6891547,981318378.3120103,981403323.7511119,974945364.4600679,1070482714.3808564,1239803362.7196722,1388755187.2920282,1534991553.204842,1597733200.1679587,1619288336.460307,1731055736.9173965,1731069358.6205661,1926146652.8958821,2157539805.990984,2384691907.9246707,2707080484.203742,3032313169.895018,3559068723.6404824,3907830825.023346,3655977966.45361,4068296766.8286977,4378425828.590099,4437635170.477063,4379218336.82984,4264245295.4459434,4097340023.556249,3858968573.0981236,3658798399.2974687,3469065931.9692674,3311246142.5062027,3202893221.6205626,3016510637.7678747,2766190499.2998056,2486367388.2008295,2280004426.205112,2090752678.81197,1930045896.2686217,1758099459.5203083,1622987780.5051534,1488295116.5799289,1401677300.2804272,1311341650.9970868,1202531598.9724014,1110142065.2432952,1004554370.2086297,921200338.7089704,839144452.2316003,744282156.3505894
15.24403576943748,32861193591.1162,36691064866.89068,41880725820.23234,47106514881.73997,51449487845.024376,51449487845.024376,57869246947.45212,64139784658.23274,70053135525.74864,77643882792.10776,89935921935.59889,101157937502.01988,110485124341.32503,119793403801.76073,131812510885.24387,139801744177.5283,150460257594.25107,166760790246.3299,187563977929.4569,209414914794.78894,233811454750.66724,266868367025.1484,295780297657.56165,323041291779.4939,358038873259.25696,385339167311.9413,417781958630.1304,459666990133.35144,494724949666.8944,524701428639.3503,532502835158.06226,520942946220.2043,487654369884.5156,440032866294.66095,397054925077.60016,358268426473.1022,318556814510.60834,279119025173.9412,251848788160.62885,227242883420.25543,205041002747.31653,182310447700.38904,164498515619.82062,148426828974.6876,132945316514.80232,117342163194.36299,101314013844.92078,88770425130.50444,81284143520.98506,74430492265.5006,69164470594.81477,63332716205.90753,54682840872.575615,48622041983.80162,42916249840.05628,37880359969.43775,33681580381.421406,30391116005.805027,27422107918.3017,24027211730.28334,21191898288.825962,18794602647.855858,16892973915.95175,15387627445.38631,14395355387.278063,12939043980.83578,11707926570.893053,10736279194.482323,9977385999.803059,9210614036.296871,8559697095.001056,8007913566.1057625,7541858159.161219,6870283664.679701,6384808835.99081,5855068197.230066,5514307002.84131,5158919565.697483,4891203622.172053,4637307494.08191,4309587539.907257,3952056851.5916896,3624187515.2973003,3390614971.7072606,3068151362.312705,2832360901.318097,2632197080.83159,2413787560.256451,2213500815.906999,2043391093.09292,1898954126.940494,1706899461.765145,1493858276.9323783,1369860583.7622192,1239521803.218477,1129075904.653231,1035381411.0038168,968668135.5706657,968812972.6414227,968896835.5804924,962521173.1286025,1056841045.2727007,1224003960.257408,1371057621.0606766,1515430427.5824208,1577372527.9711998,1598652976.9351757,1708996072.3814218,1709009520.4967654,1901600852.2588449,2130045252.6221082,2354302647.5510273,2672582873.2488456,2993670964.5232706,3513713822.333954,3858031482.7925363,3609388104.688384,4016452530.970154,4322629470.960192,4381084280.112267,4323411879.891438,4209903994.521595,4045125675.6979704,3809791905.725756,3612172595.4183903,3424857978.9378443,3269049361.9277773,3162077233.719839,2978069811.560363,2730939621.3784404,2454682428.943209,2250949248.0788503,2064109225.491158,1905450405.7233322,1735695163.9966066,1602305277.2093983,1469329065.804032,1383815061.4325092,1294630602.186746,1187207168.2787488,1095994998.2111547,991752857.2692417,909461045.7393901,828450836.3539177,734797415.7156957
15.934739752123306,32357595719.02104,36128774208.13424,41238903594.68264,46384607426.05106,50661024318.059105,50661024318.059105,56982400596.552536,63156842301.59053,68979571052.60979,76453990098.5605,88557653712.13643,99607691862.57591,108791939540.77347,117957569595.72899,129792483833.78358,137659282106.3384,148154453778.90097,164205180728.24893,184689559509.28995,206205630713.7581,230228293635.18842,262778608648.27353,291247463873.08563,318090683193.4745,352551926651.5277,379433843631.134,411379449093.08307,452622592386.15216,487143288604.16345,516660377963.1052,524342227907.85175,512959494296.2182,480181065474.22974,433289361543.2744,390970057380.40137,352777961961.8097,313674930549.6945,274841525430.99603,247989204866.55988,223760385676.46844,201898748879.10272,179516539643.82193,161977575465.91977,146152187457.90192,130907929214.30049,115543894256.63031,99761376335.1404,87410018148.42847,80038463822.87112,73289844789.62697,68104524913.91433,62362142175.26966,53844826202.56095,47876909071.56975,42258558206.37201,37299843360.32819,33165410079.759834,29925372078.741524,27001864047.43531,23658994651.795307,20867132395.757645,18506575316.344296,16634089049.404108,15151812017.179085,14174746530.786417,12740753100.207022,11528502567.580465,10571745689.58789,9824482534.97179,9069461353.680288,8428519716.100644,7885192271.134205,7426279164.4401045,6764996550.727816,6286961624.975061,5765339262.797987,5429800234.546044,5079859110.744998,4816245914.708381,4566240745.4017315,4243543100.3257375,3891491570.6823945,3568646832.7680154,3338653788.979335,3021131935.1868367,2788954963.583233,2591858654.134873,2376796259.996331,2179578910.4935265,2012076119.5973136,1869852650.3041713,1680741223.3420076,1470964895.187466,1348867466.9681845,1220526128.5548177,1111772813.6550083,1019514188.3497568,953823294.0256633,953965911.467957,954048489.2072804,947770533.7980474,1040644953.6710238,1205246096.5750515,1350046159.6671176,1492206452.5760756,1553199290.1250124,1574153616.1566074,1682805703.3954659,1682818945.4184089,1872458814.5505502,2097402303.919938,2318222953.7234964,2631625534.184633,2947792949.675553,3459866149.4193244,3798907140.889882,3554074223.1628504,3954900386.117004,4256385163.7534122,4313944152.81237,4257155582.2658744,4145387205.5167336,3983134114.831791,3751406835.459547,3556816041.5656147,3372372022.040421,3218951172.4668226,3113618392.3851066,2932430884.4199295,2689087965.0065207,2417064414.7205195,2216453445.3508215,2032476746.5659149,1876249373.5987856,1709095631.3663962,1577749944.9202008,1446811594.2796102,1362608092.2340734,1274790385.0442145,1169013215.5233955,1079198872.1850057,976554242.3077906,895523552.9907515,815754825.2620968,723536643.5240405
16.65673938373792,31812066022.328514,35519664699.29485,40543640362.97364,45602590707.62532,49806909770.4162,49806909770.4162,56021711428.41462,62092055741.92067,67816616771.30048,75165021585.83247,87064624675.34106,97928365796.39073,106957772555.82092,115968875573.99364,127604260241.59645,135338429003.82445,145656658363.70758,161436779663.5998,181575804078.99533,202729127201.06223,226346782404.02448,258348318588.46823,286337205953.77563,312727864663.00964,346608112182.59546,373036816131.6744,404443837806.07495,444991646388.65784,478930344330.25336,507949793229.5932,515502131782.1217,504311304246.2241,472085500115.16113,425984362246.18964,384378536221.9484,346830336672.8361,308386558965.8245,270207861814.3032,243808255302.54913,219987919502.22388,198494856816.32278,176489998232.22937,159246730492.69543,143688149054.45554,128700899880.63016,113595893356.44476,98079459240.7332,85936337560.33798,78689063228.5816,72054221872.95815,66956323386.75832,61310753784.074295,52937034660.759895,47069733040.594246,41546104208.20817,36670990326.50784,32606261116.449837,29420848216.854885,26546628781.13673,23260118162.6853,20515325033.25918,18194565533.330406,16353648264.10362,14896361535.4483,13935768788.34903,12525951628.71498,11334138914.495007,10393512384.813602,9658847639.721718,8916555663.640734,8286419918.445143,7752252649.000738,7301076542.610277,6650942757.964866,6180967214.940014,5668139093.580381,5338257052.513156,4994215726.607638,4735046891.274665,4489256659.485863,4171999503.560248,3825883351.991784,3508481583.1249986,3282366084.3958755,2970197459.0106053,2741934852.182363,2548161468.542405,2336724897.646825,2142832514.6152928,1978153720.5174289,1838328053.7909474,1652404932.2976944,1446165307.4775155,1326126368.818515,1199948788.5541074,1093028989.4509225,1002325789.3483679,937742404.1843264,937882617.1819046,937963802.7099686,931791689.8713636,1023100302.6138057,1184926368.7678974,1327285189.4640322,1467048744.9223533,1527013279.7365189,1547614328.3731039,1654434606.4531133,1654447625.2234755,1840890279.6680107,2062041356.4430199,2279139102.2596188,2587257902.7963667,2898094924.8991456,3401534876.9886,3734859840.270619,3494154658.99557,3888223132.750515,4184625057.4849467,4241213636.4393983,4185382487.2024107,4075498458.388056,3915980857.698025,3688160361.559277,3496850251.9811363,3315515848.229069,3164681582.3516445,3061124649.896827,2882991854.869009,2643751551.4278316,2376314155.384234,2179085366.885567,1998210405.1258137,1844616932.1594727,1680281301.9738772,1551150025.1862693,1422419216.766388,1339635335.3666565,1253298182.1581104,1149304352.404151,1061004225.1374834,960090122.2836686,880425561.8888699,802001687.1654025,711338248.775707
17.411452663404564,31241818492.387768,34882956569.59087,39816874903.74306,44785140979.85004,48914095476.2856,48914095476.2856,55017493640.65184,60979023932.2004,66600969281.582954,73817650186.96832,85503946813.9446,96172949827.2635,105040499859.19347,113890074253.77574,125316888708.99585,132912418546.30428,143045688375.3696,158542942942.01935,178320965059.72586,199095104061.78217,222289400733.644,253717293038.7283,281204465304.0276,307122057978.1325,340394984758.21454,366349940691.8102,397193975463.0636,437014943868.95074,470345273317.3772,498844533774.9014,506261492801.8804,495271266564.7434,463623126430.51715,418348375001.7971,377488354657.2253,340613225760.977,302858572402.68353,265364247895.54596,239437867812.8509,216044523696.84317,194936735136.14014,173326324880.09518,156392151520.96628,141112465600.80783,126393870522.44366,111559628954.36356,96321334844.4524,84395884821.69661,77278521583.53554,70762613147.63936,65756097095.3124,60211727210.96102,51988111279.408394,46225984037.227745,40801369072.59131,36013644096.9516,32021777233.849827,28893464487.277336,26070766902.814472,22843168665.62682,20147577354.81741,17868418654.14173,16060500767.126242,14629336647.321531,13685963015.790792,12301417548.73984,11130968686.083578,10207203367.326702,9485707862.985453,8756721849.66583,8137881609.514548,7613289561.175307,7170201016.908504,6531721212.377581,6070170220.9789715,5566534805.597134,5242566068.587507,4904691859.15149,4650168757.54994,4408784441.191552,4097214281.8098154,3757302439.020479,3445590258.958397,3223527996.0216637,2916955152.6716137,2692784269.644971,2502484372.867243,2294837910.4860773,2104421147.4416423,1942694304.8297966,1805375084.588656,1622784729.9995074,1420242055.7812498,1302354876.401856,1178439093.7028494,1073435886.6027601,984358587.6843631,920932892.6822609,921070592.2902502,921150322.526262,915088847.9624004,1004760707.1899294,1163685958.4632893,1303492924.59549,1440751146.9446726,1499640786.8482776,1519872551.1670516,1624778021.2091315,1624790806.6113863,1807891381.258339,2025078212.0398254,2238284369.8903756,2540879983.5705695,2846145093.30702,3340560627.1474056,3667910570.2328186,3431520152.26078,3818524747.37205,4109613516.232517,4165187716.009301,4110357368.635474,4002443067.1556263,3845784900.9239464,3622048203.526902,3434167425.365434,3256083533.408493,3107953048.7783046,3006252427.224488,2831312753.5203447,2596360954.6988873,2333717510.560224,2140024148.8205624,1962391463.1235843,1811551231.6006815,1650161401.5127227,1523344868.8091533,1396921625.8732984,1315621687.8255637,1230832172.1808505,1128702484.935103,1041985182.5447555,942880016.5216448,864643484.0567847,787625397.338977,698587147.3844298
18.20036183948184,30916170756.199245,34519355589.02639,39401845440.02394,44318325010.78198,48404241529.61336,48404241529.61336,54444021188.68139,60343411728.53354,65906756975.09402,73048215120.95256,84612700143.3345,95170495267.79373,103945614777.66109,112702946018.45482,124010653570.21169,131527011732.62946,141554657864.37936,156890377472.10873,176462244236.51892,197019844904.26108,219972376833.60266,251072681870.2051,278273342790.95514,303920784565.1105,336846892440.11053,362531308019.4464,393053841335.827,432459737609.5534,465442649818.68115,493644849474.4053,500984498151.56805,490108828059.5926,458790570937.5157,413987738911.08185,373553621211.35974,337062858617.27313,299701739246.11633,262598235199.65854,236942097612.08423,213792593000.9732,192904820556.2467,171519665471.5581,154762004731.88406,139641585953.3225,125076409510.57048,110396792014.25804,95317333600.20998,83516187987.06741,76473012275.0487,70025022127.32382,65070691277.309235,59584112891.29431,51446215462.716995,45744149503.22077,40376077776.7239,35638257444.12506,31687999631.644077,28592294716.919125,25799019397.954315,22605063890.60719,19937569958.580917,17682167969.48943,15893094835.933626,14476848393.083038,13543307975.568403,12173194257.972273,11014945518.127087,10100809026.990984,9386833999.657696,8665446540.34057,8053056754.51597,7533932768.575397,7095462738.477564,6463638100.418411,6006898065.7034235,5508512272.168133,5187920409.197664,4853568016.887822,4601697925.765302,4362829668.3294325,4054507146.9522285,3718138360.4716973,3409675298.7605314,3189927692.162893,2886550397.511077,2664716149.9333215,2476399835.8525376,2270917767.3403926,2082485805.1433506,1922444715.2411394,1786556835.9194655,1605869703.949586,1405438224.4864233,1288779836.9937727,1166155685.0659964,1062246974.3279871,974098168.7604375,911333588.7314807,911469853.0335956,911548752.2049601,905550459.1575705,994287627.6607301,1151556328.4899163,1289906022.79156,1425733540.0301495,1484009346.3336318,1504030225.737012,1607842218.1749854,1607854870.3091557,1789046904.0802584,2003969897.3776636,2214953710.115288,2514395231.57772,2816478423.7203784,3305740438.748445,3629678263.940235,3395751851.2080956,3778722520.7550383,4066777138.494231,4121772063.016849,4067513237.38402,3960723775.9319015,3805698529.2820697,3584293941.6188884,3398371530.5766873,3222143888.3217773,3075557435.355178,2974916885.806646,2801800688.1823344,2569297899.2166343,2309392107.59424,2117717700.1859546,1941936561.0621824,1792668606.1317437,1632961015.9180353,1507466349.8272002,1382360874.0652924,1301908362.3856468,1218002646.5693257,1116937503.6764405,1031124095.3157785,933051947.6801178,855630910.3084975,779415618.2676812,691305454.6388052
19.025016320682735,30634762436.085846,34205149992.728306,39043197947.03124,43914926236.403595,47963651509.502914,47963651509.502914,53948455270.646324,59794147776.721756,65306853775.220406,72383308212.96017,83842529801.23871,94304224686.97482,102999470409.77003,111677089777.68721,122881871161.40189,130329813162.56424,140266184631.7798,155462313889.63773,174856031613.8227,195226510793.74893,217970121847.87866,248787342518.55554,275740414811.4627,301154405827.3794,333780810327.7913,359231438602.15106,389476146605.23834,428523358514.0607,461206050298.40125,489151545018.3427,496424385997.3351,485647709538.00665,454614520647.53894,410219497524.61743,370153423371.6488,333994810715.6071,296973763532.6493,260207986781.9284,234785379104.51193,211846588273.43018,191148942639.7158,169958441692.9928,153353314240.67087,138370526078.8322,123937926269.42953,109391927083.48679,94449726452.5575,82755998429.66557,75776931829.38039,69387633234.6906,64478398199.83316,59041760306.73874,50977936477.46615,45327772443.842026,40008562526.87241,35313867265.3346,31399565892.083797,28332039018.115864,25564188934.42107,22399305774.387825,19756092177.47303,17521219538.213894,15748431088.45817,14345075748.308878,13420032697.519331,12062390168.63132,10914684158.502684,10008868413.695536,9301392202.616991,8586571029.748408,7979755400.640774,7465356637.948774,7030877694.443229,6404804114.993649,5952221465.9688635,5458372130.393816,5140698391.349882,4809389375.45906,4559811881.947949,4323117875.507895,4017601798.8058114,3684294742.5728116,3378639404.777318,3160892007.238855,2860276144.3154945,2640461099.033093,2453858896.8975863,2250247188.210059,2063530390.6223636,1904946043.0383923,1770295056.2201674,1591252593.0766673,1392645501.4517772,1277048973.8223784,1155540983.946864,1052578081.6650352,965231633.138737,903038355.2664368,903173379.2497343,903251560.2570206,897307865.4838909,985237321.4887267,1141074515.1220262,1278164908.737028,1412756082.9060726,1470501445.2265522,1490340088.541106,1593207152.8820662,1593219689.8526912,1772762459.0287848,1985729158.35387,2194792532.7299056,2491508447.059701,2790841986.7856436,3275650591.2399983,3596639836.546935,3364842692.6481276,3744327447.53831,4029760105.1803703,4084254449.296485,4030489503.875829,3924672072.342617,3771057912.291411,3551668616.029323,3367438526.9041996,3192814961.8539205,3047562783.0380883,2947838294.1559005,2776297852.4278173,2545911374.0421205,2288371323.403141,2098441594.31944,1924260468.193996,1776351195.2547705,1618097311.744451,1493744935.9924262,1369778208.0414546,1290057999.412507,1206916018.7534919,1106770801.3037603,1021738492.4938937,924559027.154941,847842699.4396359,772321141.9971079,685012983.678891
19.88703571909585,30325282589.71342,33859601219.92548,38648774033.095406,43471286934.37038,47479110996.692,47479110996.692,53403454809.68232,59190092703.4527,64647108000.60933,71652074368.64977,82995532103.88432,93351540394.76639,101958944623.24365,110548900562.58147,121640488510.29338,129013189583.73125,138849181403.44867,153891795655.01306,173089593309.8196,193254284937.76825,215768134482.57755,246274032069.26828,272954817848.1254,298112070524.6564,330408875124.5129,355602394940.961,385541563522.7486,424194310967.6136,456546834223.51984,484210016735.85815,491409385700.3845,480741577856.63605,450021893813.81683,406075360048.8409,366414043154.8678,330620713628.18536,293973662098.6501,257579302197.14798,232413519906.73453,209706462338.71246,189217909372.33496,168241480037.59943,151804101635.18967,136972673255.8279,122685875091.89536,108286823139.59906,93495572266.00424,81919977137.38875,75011414771.10197,68686662430.088455,63827021685.62461,58445306035.30742,50462944922.28942,44869860224.62401,39604386264.35918,34957117960.067635,31082359814.55285,28045821845.678593,25305933259.007668,22173022521.029186,19556511312.931973,17344215902.48285,15589336594.285704,14200158292.26365,13284460252.12478,11940532959.388693,10804421355.465633,9907756382.371813,9207427268.63321,8499827393.701071,7899141964.168654,7389939783.313523,6959850052.127435,6340101220.767223,5892090672.11316,5403230323.04727,5088765801.6416645,4760803750.283491,4513747549.519827,4279444683.6966834,3977015004.9609413,3647075097.9517374,3344507564.9721346,3128959904.7836447,2831380936.6711626,2613786516.620841,2429069415.470535,2227514641.954472,2042684103.0232012,1885701813.2201502,1752411103.531586,1575177371.0450773,1378576656.728736,1264147913.4321377,1143867426.9236941,1041944681.0082388,955480627.6213673,893915641.420056,894049301.3581223,894126692.5617934,888243042.4437876,975284213.6253687,1129547101.8973858,1265252574.8999417,1398484076.181305,1455646080.7591887,1475284309.2574687,1577112185.4103224,1577124595.729411,1754853580.0348752,1965668837.790042,2172620202.9373794,2466338620.688749,2762648219.945698,3242559169.563016,3560305703.178225,3330850230.595884,3706501337.881027,3989050485.157337,4042994314.110149,3989772515.289169,3885024077.2734585,3732961764.9557714,3515788792.9052567,3333419841.100802,3160560365.92057,3016775560.0631204,2918058512.3048263,2748251013.982569,2520191956.0260606,2265253637.829851,2077242625.2206457,1904821119.339254,1758406061.971695,1601750897.813575,1478654760.1089017,1355940374.2970798,1277025518.670975,1194723458.5909142,1095589932.567742,1011416640.893134,915218906.2291425,839277585.5786097,764518965.3399812,678092815.3441647
20.78811303108525,29852580955.912575,33331807661.22892,38046328249.58799,42793669230.511856,46739020503.77896,46739020503.77896,52571017378.490524,58267454853.56712,63639407792.63984,70535182794.13333,81701822028.54987,91896403891.6889,100369638421.01999,108825696640.03845,119744392159.49951,127002169725.37798,136684840981.98187,151492975363.08456,170391523364.07635,190241893677.80734,212404803922.00195,242435184501.15518,268700077996.35608,293465186777.543,325258558235.24384,350059368834.7804,379531854414.9709,417582094139.94806,449430315727.5879,476662292643.37384,483749439950.54877,473247918774.7611,443007084180.21747,399745576127.6693,360702488239.1147,325467094662.29126,289391286651.45184,253564231385.469,228790725947.52554,206437619350.26392,186268435953.90674,165618981063.3006,149437823706.91855,134837583294.42183,120773483560.87967,106598879818.18861,92038190636.25229,80643032498.23451,73842158781.1169,67615994829.383446,62832104743.229126,57534277702.12869,49676343299.020134,44170441969.448715,38987044676.94087,34412216631.48783,30597857082.44282,27608651779.13363,24911471774.23833,21827395932.357304,19251670135.550713,17073859338.785753,15346334575.881105,13978810378.847652,13077385971.884706,11754407424.641972,10636005196.048414,9753317174.249262,9063904585.864815,8367334570.785362,7776012450.006967,7274747563.787524,6851361945.514853,6241273577.639637,5800246486.359212,5319006349.405782,5009443608.967957,4686593734.125963,4443388573.147209,4212737951.8547206,3915022458.479834,3590225558.2221074,3292374359.434987,3080186593.1182733,2787246198.908454,2573043577.0238857,2391205792.010087,2192792795.3417597,2010843340.7819414,1856308044.989521,1725095031.891379,1550623966.9797943,1357087807.0856192,1244442745.5651119,1126037156.0941052,1025703152.1260061,940586875.1095644,879981545.9032435,880113122.3892957,880189307.2415236,874397369.7403831,960081768.608178,1111940052.1051104,1245530187.8931077,1376684915.507379,1432955895.4797919,1452288009.0171103,1552528622.024715,1552540838.8953798,1727499435.785445,1935028566.9735727,2138754034.7815187,2427894055.7599077,2719584867.664578,3192015105.790028,3504808699.3912373,3278929911.591745,3648725479.307636,3926870333.1317277,3979973301.459284,3927581108.469084,3824465458.4625754,3674773448.9857416,3460985705.692848,3281459467.759814,3111294475.5112376,2969750945.145401,2872572669.8493676,2705412081.1363153,2480907941.059969,2229943526.7894115,2044863174.8449502,1875129324.9579067,1730996542.6730592,1576783273.386712,1455605922.2666461,1334804372.402602,1257119618.4606366,1176100458.816868,1078512197.1973155,995650974.1696942,900952741.6524374,826195172.0927082,752601867.356844,667522902.9044853
21.73001796231618,29358461312.732414,32780099889.8828,37416585777.177795,42085348814.20419,45965396669.77867,45965396669.77867,51700862386.29602,57303012481.10425,62586048904.93979,69367685102.54826,80349494227.89719,90375335466.56476,98708321096.53271,107024414718.31714,117762384090.78148,124900030989.68582,134422434761.43106,148985465039.56323,167571204449.2756,187093011617.63232,208889081576.9662,238422399575.22397,264252556796.82828,288607753727.09863,319874881595.22925,344265189407.68286,373249846679.82776,410670279189.6904,441991349308.91785,468772582795.2968,475742423705.95764,465414723611.29834,435674435030.5614,393128991058.1653,354732143998.3228,320079966329.26984,284601284758.12006,249367238578.70056,225003783973.05847,203020665788.93,183185322529.13464,162877657224.40985,146964330234.55408,132605752865.98718,118774441980.82805,104834456147.85483,90514775358.24683,79308229772.07019,72619924053.65854,66496815509.92332,61792108328.11736,56581970871.078186,48854100925.34875,43439333223.53202,38341731474.947754,33842625940.883865,30091401635.726757,27151673630.881134,24499137324.417793,21466109077.275105,18933016669.974354,16791252977.32413,15092322188.276949,13747433239.072697,12860929200.535528,11559848581.9397,10459958136.66366,9591880358.816778,8913878921.20283,8228838526.554167,7647303964.035976,7154336009.565361,6737958266.120577,6137968075.25351,5704240860.298625,5230966205.629843,4926527344.801388,4609021278.094217,4369841646.684912,4143008752.3373938,3850221043.0483413,3530800178.0720654,3237879009.565504,3029203373.1893954,2741111725.6683064,2530454583.59502,2351626575.912715,2156497709.325497,1977559880.450463,1825582451.4411004,1696541274.9191132,1524958053.4561963,1334625302.2860641,1223844740.7793655,1107398999.5273907,1008725723.0626446,925018289.8741553,865416099.5149065,865545498.1481814,865620421.9894419,859924352.5841159,944190504.0763423,1093535230.6729093,1224914183.7720315,1353898039.5509374,1409237622.7846084,1428249751.3579104,1526831182.668474,1526843197.3256087,1698905881.1422184,1902999992.075193,2103353397.8289855,2387707575.861133,2674570324.1518025,3139180901.356315,3446797138.296553,3224657094.098302,3588331809.0062156,3861872811.7888546,3914096820.277039,3862571822.3794165,3761162941.655697,3613948632.931734,3403699502.3835196,3227144781.0761323,3059796358.201434,2920595655.0377774,2825025873.653379,2660632125.454742,2439843975.8232684,2193033522.2107,2011016618.5355031,1844092201.757966,1702345103.9490554,1550684371.266024,1431512746.5381043,1312710702.8073015,1236311786.1922672,1156633654.9276884,1060660673.309595,979170968.4772125,886040180.2265111,812519997.2649599,740144808.2267042,656474070.0050833
22.714600403437032,28850089708.935154,32212479135.642967,36768679556.291756,41356598215.011,45169459097.46256,45169459097.46256,50805609394.35452,56310752565.057495,61502307842.415535,68166513114.96893,78958161051.0723,88810394656.30072,96999086168.67169,105171178175.15343,115723208691.58385,122737259978.2154,132094773648.06189,146405630251.97525,164669538689.3207,183853305920.45175,205271954770.29105,234293873343.48032,259676755133.5419,283610217069.17645,314335922831.72955,338303887668.9283,366786646134.2524,403559105813.14197,434337819761.87573,460655308964.3118,467504459993.97986,457355594525.72455,428130289276.1006,386321562918.3002,348589596299.9985,314537456315.10864,279673124183.42065,245049191332.95578,221107614711.9934,199505156567.5273,180013282441.12543,160057265006.17044,144419493450.82492,130309549446.49843,116717741770.39397,103019140963.67708,88947420004.50203,77934927147.86,71362436242.37524,65345355547.901085,60722115153.810394,55602196523.52867,48008142502.15571,42687137007.81437,37677805415.7905,33256606467.894104,29570338425.120846,26681514799.24221,24074909855.525814,21094401575.895645,18605172238.799725,16500495361.830648,14830983286.549433,13509382456.731043,12638229136.851887,11359678051.861357,10278833327.807219,9425787199.182137,8759526045.724945,8086347821.929984,7514883121.556875,7030451408.375111,6621283668.852733,6031682918.097821,5605466130.8022175,5140386707.9157715,4841219515.458793,4529211389.07717,4294173396.1386266,4071268343.9578037,3783550551.5066214,3469660783.5345287,3181811842.8478665,2976749637.2577887,2693646589.4909844,2486637189.989299,2310905771.0587316,2119155759.16684,1943316420.7091408,1793970635.3851702,1667163938.0194836,1498551854.4697785,1311514908.3807366,1202652624.9173868,1088223260.0553408,991258611.6850294,909000657.800189,850430539.9593191,850557697.9237107,850631324.3824912,845033888.2096115,927840885.62276,1074599556.4526496,1203703549.417426,1330453918.6069703,1384835240.6980596,1403518154.937155,1500392548.5454993,1500404355.1566317,1669487598.681949,1870047612.599574,2066931695.451041,2346361991.8126616,2628257419.988534,3084822792.720011,3387112341.791238,3168818878.288538,3526196195.7917023,3795000558.026063,3846320254.7157154,3795687464.5376267,3696034581.6771345,3551369438.3685765,3344760985.2576175,3171263488.437334,3006812873.6331444,2870022572.1578884,2776107678.6955566,2614560575.3716545,2397595597.006957,2155058917.309186,1976193821.3617134,1812159870.558063,1672867267.8495293,1523832694.9330423,1406724648.0386035,1289979782.4705958,1214903790.7648149,1136605367.344835,1042294255.4707544,962215627.7209657,870697493.746712,798450387.4946485,727328448.432084,645106554.103456
23.74379406324371,28473044981.733147,31791491002.478256,36288145981.084656,40816104668.91458,44579134888.59223,44579134888.59223,50141625769.7735,55574821670.08851,60698527988.81058,67275638091.66578,77926248894.3259,87649722666.58704,95731395345.09744,103796685458.33237,114210810425.50337,121133194369.6542,130368413751.18018,144492240329.23618,162517455908.29675,181450508553.95013,202589234925.416,231231863122.67548,256283013474.92566,279903686586.7623,310227835007.06067,333882560098.567,361993074525.6969,398284951226.5765,428661415063.7333,454634958349.9838,461394597135.23236,451378368211.6289,422535011418.8872,381272687515.4042,344033843767.9124,310426734629.05383,276018047964.34,241846618778.43814,218217937032.91324,196897803588.9991,177660670728.11118,157965460494.30228,142532060549.916,128606520824.45378,115192345851.37111,101672773437.85254,87784957216.7162,76916387738.01987,70429793377.93576,64491350516.8926,59928531717.00719,54875525818.808,47380719254.054184,42129254516.268364,37185390383.1895,32821972529.49535,29183880694.928146,26332811395.87979,23760272434.62108,20818716717.792416,18362019369.533184,16284848726.580404,14637155672.70729,13332826977.200306,12473058847.771467,11211217275.642687,10144498220.112988,9302600637.232584,8645046917.873,7980666528.06434,7416670357.39882,6938569731.052049,6534749445.914891,5952854246.736051,5532207729.547616,5073206476.465792,4777949130.168938,4470018669.405802,4238052411.6619725,4018060528.051486,3734102948.3989606,3424315437.4087553,3140228423.5102425,2937846196.5318856,2658443051.0008183,2454139078.1841383,2280704310.8612423,2091460299.18128,1917919022.7424183,1770525052.5238547,1645375604.6536813,1478967129.4007385,1294374587.9921093,1186935036.672234,1074001160.7009885,978303753.0831971,897120836.6798902,839316177.6062651,839441673.7304169,839514337.9575946,833990055.2416408,915714839.6681036,1060555506.6523951,1187972226.5341692,1313066082.386806,1366736689.5040572,1385175434.8558567,1480783767.260252,1480795419.569595,1647668897.1609888,1845607772.0631685,2039918757.012407,2315697150.6961994,2593908459.1383595,3044506933.043935,3342845829.5620675,3127405265.3129478,3480111982.670823,3745403313.6303463,3796052308.0367937,3746081242.891548,3647730733.5907955,3504956233.6058707,3301047967.1711674,3129817926.605572,2967516533.444109,2832513958.191681,2739826447.92791,2580390619.962856,2366261178.7457113,2126894235.3349235,1950366745.3355732,1788476570.7508745,1651004397.0919337,1503917572.0145652,1388340021.9761138,1273120906.8107708,1199026090.799683,1121750957.3589225,1028672406.9017192,949640334.8007776,859318260.5340149,788015358.9878212,717822919.7078385,636675591.5947733
24.8196202664618,28078916439.020065,31351427987.52776,35785839532.91727,40251121476.47049,43962063216.75935,43962063216.75935,49447557189.94356,54805545904.520645,59858329042.880936,66344397712.62757,76847581019.65631,86436460878.6065,94406265722.90707,102359914772.07855,112629885719.20792,119456448893.30203,128563832858.6015,142492155120.54684,160267862719.24136,178938840955.46194,199784961621.25272,228031113877.21057,252735502111.53647,276029214005.23004,305933610606.4456,329260903126.7403,356982307218.35156,392771825829.8306,422727813689.35315,448341826943.9168,455007897704.19977,445130315058.5647,416686212725.15356,375995048653.6964,339271671068.25146,306129757027.3599,272197361027.74835,238498938350.1459,215197328679.58063,194172312007.69034,175201462684.27808,155778876769.8161,140559108470.1342,126826328341.75793,113597834571.2734,100265402288.95128,86569823489.98793,75851698526.54324,69454892665.86096,63598650701.57154,59098991185.33198,54115929820.71731,46724867593.5002,41546094488.99562,36670664131.34864,32367645420.809998,28779912648.083004,25968308316.29505,23431378859.833733,20530540638.050888,18107849296.046967,16059431188.658913,14434545771.362007,13148271806.85794,12300404728.410486,11056029773.578064,10004076417.57611,9173832518.65073,8525380765.355296,7870196837.4990015,7314007594.016109,6842524914.68741,6444294375.9437685,5870453865.225937,5455630005.885412,5002982323.175029,4711811977.327053,4408143940.334728,4179388597.446752,3962441877.4480863,3682414885.027541,3376915503.400936,3096760868.3843927,2897180049.272359,2621644447.7517147,2420168483.9213724,2249134428.9966273,2062509963.8593144,1891370874.1351964,1746017155.3447542,1622600046.5883653,1458495024.6502552,1276457643.372471,1170505287.8835518,1059134661.0831639,964761912.623886,884702743.4192281,827698225.8849899,827821984.8712783,827893643.2683457,822445828.576721,903039365.1787868,1045875123.9756775,1171528120.7938836,1294890407.046529,1347818096.8473067,1366001610.0720322,1460286516.3115778,1460298007.3277502,1624861594.9659355,1820060567.6075203,2011681868.1418922,2283642892.2228165,2558003154.2583504,3002364370.4353237,3296573611.182717,3084115210.4388814,3431939703.763233,3693558828.756286,3743506731.5033035,3694227374.009844,3597238248.5347643,3456440056.5159087,3255354321.6351233,3086494475.279529,2926439684.5312634,2793305836.9923935,2701901322.3959775,2544672431.2222795,2333507004.731098,2097453417.6768472,1923369450.048458,1763720185.7222009,1628150924.36163,1483100099.1591341,1369122392.4601016,1255498159.120076,1182428975.6634192,1106223497.2507918,1014433355.3032184,936495258.062525,847423436.7114034,777107521.5832638,707886697.5211352,627862623.9877883
25.94419192360557,27666930016.788765,30891425811.999557,35260773687.59777,39660539017.06889,43317032160.16881,43317032160.16881,48722040512.011765,54001414419.43743,58980060863.38489,65370963032.266045,75720038935.53867,85168226459.90843,93021094762.48682,100858044314.98904,110977329654.42712,117703730439.97824,126677486793.83127,140401446481.1436,157916340946.53503,176313370238.18704,196853627296.69968,224685339371.71228,249027253771.11737,271979189904.18253,301444815821.6548,324429839871.3462,351744503121.8095,387008901906.8826,416525362112.6423,441763555107.0954,448331818295.32227,438599163960.696,410572406220.3133,370478281110.05096,334293725347.61096,301638084294.5414,268203559587.64774,234999575241.52206,212039857211.30032,191323328988.91336,172630828452.79904,153493219406.9693,138496762355.87466,124965475720.47795,111931076327.953,98794263455.92986,85299632315.40002,74738768475.84189,68435819412.16153,62665502849.581535,58231864350.54828,53321916691.29417,46039299435.2387,40936511606.287994,36132615743.721924,31892732848.52713,28357640895.903286,25587289680.55588,23087583187.896976,20229307362.104717,17842162831.18699,15823800030.567253,14222755658.95535,12955354481.433504,12119927688.02824,10893810759.165909,9857292133.362133,9039229944.305809,8400292565.1996355,7754721789.009186,7206693202.900797,6742128328.346454,6349740806.20342,5784319940.148709,5375582562.031097,4929576328.599433,4642678164.311821,4343465680.594787,4118066738.424316,3904303157.7459006,3628384846.619595,3327367888.575949,3051323807.682912,2854671327.625219,2583178507.702446,2384658689.3374863,2216134122.5734105,2032247895.0692961,1863619834.6234083,1720398810.614566,1598792532.884692,1437095333.2357821,1257728885.8449187,1153331110.710254,1043594563.564499,950606494.2853568,871721989.0232718,815553867.2695101,815675810.408592,815746417.4016036,810378535.4840461,889789567.6660514,1030529576.316699,1154338936.1585925,1275891195.7650216,1328042306.8254716,1345959023.4103293,1438860539.3300815,1438871861.744924,1601020898.812832,1793355824.8115747,1982165571.9086218,2250136262.190848,2520470987.735188,2958312337.3771157,3248204808.538826,3038863692.487422,3381584749.2571507,3639365281.421052,3688580326.1963096,3640024017.479596,3544457959.8385835,3405725621.8747606,3207590306.8456535,3041208047.6900373,2883501652.427209,2752321204.2527533,2662257817.5814886,2507335859.0305905,2299268746.135234,2066678642.9015408,1895148913.1172936,1737842094.21141,1604261965.696253,1461339391.085145,1349034016.2832153,1237076928.521054,1165079848.809321,1089992491.2641358,999549135.3387086,922754580.7239369,834989660.9792131,765705452.4114915,697500267.243805,618650342.7136428
27.11971768071033,27373682495.627445,30564001192.10097,34887037444.65922,39240168750.19722,42857905965.201515,42857905965.201515,48205625514.128044,53429042244.13299,58354918983.326775,64678082656.54283,74917466560.98857,84265510789.03642,92035144914.12059,99789029015.2575,109801057953.64516,116456164224.21022,125334805875.9739,138913302472.28265,156242552943.8424,174444588311.94614,194767134931.93994,222303852926.62918,246387762334.02344,269096426142.59174,298249739788.53546,320991140808.0492,348016290285.76306,382906914404.73865,412110523535.82025,437081211695.81134,443579856502.1969,433950360586.5286,406220664255.8711,366551505081.2793,330750476919.3074,298440959768.8513,265360814513.72754,232508766074.34225,209792402850.55695,189295453401.26102,170801078549.6081,151866312985.51773,137028806488.52385,123640940762.55025,110744695668.65422,97747122596.93935,84395523846.65106,73946596790.1185,67710453988.92583,62001298206.64442,57614652760.28371,52756746653.13655,45551319365.632324,40502617041.685005,35749638666.26913,31554695167.974373,28057072387.0857,25316084698.018738,22842873112.173065,20014892743.816822,17653050052.167877,15656080296.881567,14072005726.146,12818037996.187716,11991466064.385427,10778345002.78501,9752812652.562586,8943421274.071478,8311256124.572508,7672527886.738761,7130307969.113079,6670667113.877071,6282438588.345994,5723010735.151141,5318605649.155073,4877326728.160927,4593469456.934165,4297428388.299951,4074418496.1984158,3862920639.982761,3589926844.179684,3292100427.2159586,3018982194.705955,2824414075.011777,2555798863.714433,2359383198.0184393,2192644858.0394955,2010707678.744147,1843866942.0343585,1702163947.3205376,1581846599.713387,1421863262.1715848,1244397956.904006,1141106715.4091206,1032533288.653368,940530819.1786543,862482427.1250861,806909642.9263979,807030293.5648936,807100152.1797633,801789165.5543562,880358503.7599751,1019606779.91121,1142103858.706808,1262367760.739791,1313966111.3734424,1331692924.9686055,1423609758.4809105,1423620960.8871336,1584051346.729553,1774347675.014431,1961156188.498869,2226286601.937171,2493755993.738244,2926956572.236915,3213776413.059086,3006654146.851953,3345742632.1623073,3600790895.078596,3649484299.4016814,3601442649.0572295,3506889515.853203,3369627630.671388,3173592392.8807573,3008973653.748252,2852938821.2303348,2723148781.7939873,2634039995.6104794,2480760086.9831157,2274898320.508729,2044773487.9493952,1875061837.2955098,1719422345.9419763,1587258060.8738408,1445850352.2307773,1334735325.3551905,1223964893.9529061,1152730926.1998727,1078439435.108151,988954707.0432978,912974113.817296,826139432.6333541,757589581.7412319,690107317.456659,612093139.6066738
28.348506257088303,27217886460.63676,30390047607.305054,34688479501.0096,39016835163.10594,42613982195.77632,42613982195.77632,47931265448.74237,53124953346.473145,58022794688.34903,64309970370.94521,74491077300.2958,83785917571.37221,91511331186.84064,99221084418.8872,109176130362.34671,115793359406.50787,124621468684.13199,138122683901.4674,155353305753.61288,173451745087.84122,193658626883.24246,221038620934.01535,244985457896.24823,267564876405.72763,296552265329.13525,319164234727.2536,346035571829.3643,380727617591.30096,409765015745.4427,434593584400.4335,441055242473.52844,431480552383.9618,403908678324.4036,364465294315.8606,328868026033.0031,296742396989.86725,263850525835.91666,231185453295.33472,208598379191.50027,188218087172.35153,169828972191.08612,151001972960.54752,136248913438.55412,122937244124.86182,110114397407.38878,97190799415.54846,83915190665.74382,73525733189.36638,67325083103.566185,61648420714.680626,57286741655.92824,52456484094.42237,45292066159.67826,40272098289.12592,35546171268.068535,31375103094.701237,27897386870.456627,25171999384.759556,22712863967.10315,19900978916.886574,17552578542.568863,15566974447.343805,13991915563.017603,12745084731.807413,11923217195.536488,10717000555.779613,9697304975.014309,8892520209.73809,8263952998.651936,7628860052.741626,7089726154.443908,6632701323.660473,6246682382.643925,5690438486.938353,5288335053.594911,4849567650.962493,4567325940.132746,4272969775.4092484,4051229133.6893044,3840935007.6408525,3569494943.2719727,3273363591.445567,3001799798.595464,2808339054.2640567,2541252653.891768,2345954878.780294,2180165522.2731137,1999263829.9333887,1833372659.4815733,1692476160.741622,1572843593.6969986,1413770793.8461912,1237315524.0721385,1134612159.8523233,1026656673.682263,935177831.9640924,857573648.6873771,802317154.3935246,802437118.3545485,802506579.3723755,797225819.9792107,875347984.4672916,1013803735.5606678,1135603627.9555197,1255183053.6089642,1306487734.6407244,1324113656.90453,1415507350.0533707,1415518488.701622,1575035792.4985306,1764249058.121861,1949994359.6797333,2213615795.7571807,2479562898.0113273,2910297935.657153,3195485354.7558722,2989541915.2498417,3326700494.2886963,3580297161.932776,3628713430.0201735,3580945206.484091,3486930218.0200524,3350449552.4447,3155530040.05094,2991848220.781011,2836701453.2222238,2707650107.731374,2619048480.0411534,2466640956.85231,2261950843.00369,2033135755.1771433,1864390010.4538112,1709636333.9936411,1578224255.7790883,1437621362.5030186,1327138741.6114595,1216998754.9441662,1146170211.9904575,1072301547.449292,983326117.5333797,907777964.303814,821437498.6508038,753277796.0322983,686179603.9020439,608609440.1003706
29.63297097962731,27055031340.802517,30208212222.988422,34480924939.630455,38783382379.20849,42359006292.81103,42359006292.81103,47644474187.791565,52807086246.25062,57675621912.98475,63925178996.84481,74045368433.89038,83284594088.14578,90963783572.2168,98627406374.98434,108522887436.26895,115100523045.04282,123875810337.52136,137296242573.22054,154423766964.4148,172413916350.74985,192499892573.22845,219716061551.88754,243519615345.94437,265963932479.62567,294777878666.999,317254551924.78894,343965107445.6333,378449577307.8753,407313233501.45337,431993243247.2331,438416238726.10565,428898837702.8362,401491936807.54333,362284557789.2727,326900281701.8365,294966872696.6207,262271806302.88165,229802181498.87115,207350254577.21063,187091905711.28342,168812819902.49808,150098469874.9107,135433683602.19592,122201663143.84036,109455540467.44266,96609269350.43867,83413093691.69891,73085800349.3653,66922251146.25979,61279554419.43756,56943972969.94734,52142616703.74032,45021066246.71138,40031134781.458374,35333484805.80843,31187373743.206997,27730466037.407333,25021385596.940247,22576964135.62685,19781903678.95377,17447554690.474976,15473831230.924513,13908196531.820187,12668825970.70567,11851875985.116014,10652876605.07171,9639282256.532507,8839312829.125353,8214506578.267811,7583213638.576267,7047305586.478655,6593015311.653198,6209306070.950393,5656390397.163271,5256692903.859208,4820550815.945417,4539997866.20687,4247402948.0279684,4026989066.151469,3817953211.0252504,3548137277.3277416,3253777793.6755285,2983838871.812054,2791535677.782977,2526047358.4300075,2331918125.2850504,2167120750.4866724,1987301462.793863,1822402883.242977,1682349422.6360457,1563432663.413984,1405311657.5211515,1229912187.731642,1127823337.379815,1020513790.5505047,929582302.0499272,852442454.554223,797516581.1927805,797635827.3631237,797704872.7688717,792455710.1973423,870110439.622902,1007737756.5184703,1128808873.146679,1247672808.943015,1298670514.2663724,1316190973.834292,1407037823.2422943,1407048895.243714,1565611745.443976,1753692875.0694623,1938326790.7970054,2200370878.073863,2464726716.16906,2892884499.8361816,3176365532.5341887,2971654332.1135974,3306795561.2427907,3558874862.1450243,3607001437.0134892,3559519029.1956663,3466066568.694063,3330402519.6175523,3136649285.898473,2973946838.128621,2819728373.5612955,2691449192.0797663,2603377702.1251073,2451882091.9714093,2248416718.0770802,2020970719.2355204,1853234645.4327486,1699406919.9482787,1568781130.9180918,1429019519.0202303,1319197958.2918444,1209716981.6749156,1139312233.2310083,1065885553.4204808,977442497.8431205,902346378.3732389,816522521.0505927,748770644.240085,682073926.4908719,604967894.91856
30.975634522537483,26884797290.50841,30018137916.509705,34263966125.707085,38539351899.87356,42092477486.511566,42092477486.511566,47344688476.47774,52474816656.07011,57312718813.82363,63522952808.32821,73579464594.59192,82760555745.69733,90391426692.91718,98006828906.57478,107840046213.6818,114376294417.02504,123096366371.56973,136432355366.10603,153452110972.56317,171329063816.75214,191288656260.7981,218333577288.55438,241987355784.8962,264290450128.49377,292923094926.75964,315258341805.19666,341800830765.9013,376068319509.0699,404750361531.2122,429275081195.5502,435657662286.3698,426200146084.6723,398965693252.24225,360005012559.6036,324843379298.1619,293110899779.4502,260621555327.28745,228356233954.7641,206045577705.0402,185914697210.38467,167750625972.22415,149154029258.75003,134581515877.25667,121432753146.74574,108766830861.22604,96001390283.12907,82888246811.72934,72625934246.98547,66501166959.5915,60893974871.67685,56585673508.512505,51814528049.07948,44737787385.96291,39779253269.07442,35111161565.678734,30991138415.165245,27555982057.306694,24863947530.78233,22434906712.009823,19657433167.595783,17337772230.226704,15376467715.398474,13820684209.321878,12589111941.536839,11777302319.79237,10585847211.946238,9578630541.153309,8783694633.538595,8162819751.208878,7535498995.200732,7002962951.700879,6551531134.975823,6170236246.611305,5620799595.76207,5223617055.123205,4790219234.373404,4511431563.127953,4220677693.1958494,4001650686.3660007,3793930114.1469264,3525811900.1322603,3233304567.6201944,2965064139.2983456,2773970943.9268827,2510153114.3005714,2317245369.5073543,2153484922.895693,1974797083.3715932,1810936068.801915,1671763844.2045262,1553595325.9035423,1396469239.5482492,1222173407.813547,1120726914.8209243,1014092574.7049923,923733239.8785958,847078767.1182909,792498495.0526103,792616990.9093314,792685601.8717061,787469467.7670063,864635582.747878,1001396929.2702788,1121706249.4585712,1239822276.7062304,1290499097.3178482,1307909315.6978095,1398184543.9926674,1398195546.327502,1555760696.8438952,1742658393.6329265,1926130566.877157,2186525836.0184584,2449218310.117844,2874682064.9826894,3156379395.2791047,2952956266.4319367,3285988739.960868,3536481922.5604696,3584305678.2725487,3537122036.421717,3444257591.903565,3309447160.043854,3116913048.835412,2955234347.6777062,2801986247.310766,2674514216.4237766,2586996884.631478,2436454506.096453,2234269364.8603797,2008254488.1313117,1841573833.2213955,1688714013.3522208,1558910140.1002622,1420027927.8589494,1310897379.7875776,1202105272.8246841,1132143520.928686,1059178852.0818988,971292292.6098899,896668688.4521401,811384846.8722167,744059274.3693699,677782221.719071,601161352.1076277
32.379133861854946,26633990547.957508,29738100417.73557,33944319537.41396,38179820481.22147,41699799161.64964,41699799161.64964,46903012574.45912,51985282080.4789,56778051724.57219,62930350799.88023,72893045960.51413,81988487235.23067,89548170222.04236,97092528782.22606,106834012565.18033,113309284481.34274,121948007381.3234,135159585694.15465,152020564970.01337,169730744739.39957,189504135282.444,216296755782.42523,239729869526.50644,261824899573.36865,290190432059.24207,312317314691.7775,338612190284.84204,372559999577.4198,400974468463.28186,425270398414.8122,431593436770.19073,422224149198.4337,395243765025.18854,356646546303.5106,321812933915.93976,290376484891.1593,258190231682.7806,226225911655.49173,204123390247.09476,184180309589.90833,166185689937.69348,147762579815.6874,133326012581.47192,120299913909.51347,107752151291.53777,95105798781.46764,82114987078.58102,71948411043.2069,65880781360.96705,60325898448.651924,56057788983.50143,51331153268.292496,44320431115.72725,39408154881.17449,34783611539.38281,30702023850.16178,27298913870.297367,24631993180.531246,22225612745.19761,19474050093.273052,17176029140.659582,15233021523.933243,13691751833.566582,12471668833.316704,11667432537.292385,10487092446.281437,9489272042.438745,8701752046.626196,8086669270.708373,7465200754.300507,6937632709.216928,6490412274.196307,6112674464.126583,5568363476.496918,5174886229.155945,4745531551.989351,4469344675.049055,4181303231.408055,3964319515.0490274,3758536756.2163124,3492919801.7480335,3203141253.479601,2937403224.8344507,2748092726.9978385,2486736038.8769083,2295627919.4467397,2133395184.7136366,1956374313.8663042,1794041949.3679364,1656168054.5264935,1539101923.6017983,1383441657.5561287,1210771821.707697,1110271717.2697563,1004632162.8388177,915115785.1001014,839176417.5498981,785105321.7333972,785222712.1490204,785290683.0436355,780123209.9568844,856569446.6465223,992054954.3572142,1111241915.7503524,1228256045.3077695,1278460104.74648,1295707904.1908696,1385140960.0230896,1385151859.7177691,1541247093.919989,1726401232.741467,1908161804.532174,2166127861.039908,2426369692.011523,2847864319.741874,3126933711.689583,2925408305.6243415,3255333938.177426,3503490284.14478,3550867894.763888,3504124426.4202776,3412126309.015428,3278573515.9956627,3087835544.5438395,2927665134.7799296,2775846677.2122197,2649563825.640501,2562862938.051459,2413724960.7908144,2213425993.22076,1989519596.4027705,1824393895.8282912,1672960096.5116997,1544367156.1996117,1406780568.2054937,1298668092.8009462,1190890901.207054,1121581818.5094347,1049297832.9022135,962231162.137454,888303717.3322918,803815483.8526549,737117987.780787,671459229.979487,595553152.0962836
33.84622545443301,26254626375.563133,29314522515.158733,33460829890.39263,37636002010.87456,41105843487.99697,41105843487.99697,46234944358.54256,51244824000.13084,55969327302.902336,62033995429.97436,71854785846.83258,80820675203.83961,88272681014.95013,95709580674.58809,105312310562.34366,111695351231.10512,120211027531.75644,133234425276.46568,149855243340.38632,167313166217.2475,186804912298.29193,213215909162.71802,236315250775.0513,258095567832.40994,286057072737.9381,307868788685.1643,333789130326.9752,367253400265.8204,395263144540.34406,419213012742.62146,425445988206.0579,416210153111.8478,389614067006.6798,351566612013.07367,317229156013.00024,286240475505.89014,254512670733.50098,223003638012.53854,201215936297.67667,181556917102.286,163818605793.33737,145657907265.7103,131426968863.98846,118586408860.49643,106217371678.81606,93751148881.00784,80945373232.76437,70923605940.81906,64942401209.006874,59466639882.13287,55259323703.366554,50600012343.59287,43689148182.73585,38846840494.76413,34288167344.463352,30264716198.20565,26910078789.462475,24281144677.730648,21909039786.674637,19196669319.877544,16931380481.337004,15016048307.20527,13496731861.11381,12294027247.20858,11501246179.28091,10337718392.117706,9354110552.893162,8577807684.717479,7971485907.937954,7358869346.665075,6838815775.03017,6397965373.441225,6025607913.396075,5489049879.157886,5101177168.246582,4677938051.625588,4405685072.82977,4121746379.1572876,3907853294.216462,3705001624.7320375,3443168014.555495,3157516958.896311,2895563999.076246,2708949966.127538,2451315940.7262707,2262929890.804797,2103007935.8640237,1928508481.2515054,1768488315.6329815,1632578242.7699661,1517179556.1508355,1363736454.2171972,1193526060.1582396,1094457440.0064034,990322574.1825528,902081232.8111974,827223515.9911376,773922587.772239,774038306.124572,774105308.868277,769011439.2525266,844368805.5657103,977924510.5526403,1095413819.3582816,1210761245.2973258,1260250217.6962059,1277252346.2130616,1365411552.482656,1365422296.926336,1519294171.499769,1701811046.9899058,1880982692.0943491,2135274380.716554,2391809428.558875,2807300451.2218714,3082394887.605703,2883739930.8165746,3208966231.351807,3453587935.1241508,3500290717.537917,3454213044.924432,3363525312.818709,3231874793.688532,3043853619.5019817,2885964614.577979,2736308599.900893,2611824472.008521,2526358518.0433702,2379344803.9574146,2181898816.751938,1961181655.3123167,1798407940.8071678,1649131105.4591124,1522369792.8293054,1386742934.5269501,1280170371.0512402,1173928315.734369,1105606444.5756912,1034352043.8640519,948525516.7960598,875651065.6782402,792366249.6404378,726618766.6863008,661895226.6199805,587070325.301889
35.379790651592224,25858073294.09479,28871752388.900944,32955433431.432796,37067543242.577156,40484975810.49338,40484975810.49338,45536606115.422005,50470815923.38787,55123959751.59206,61097026391.00734,70769482390.66415,79599949860.4287,86939399666.16159,94263971485.5776,103721660568.98026,110008291012.35411,118395345498.72005,131222036254.2314,147591811453.3445,164786047732.12488,183983388101.15997,209995470045.16708,232745916382.23615,254197260872.21167,281736431794.6099,303218700921.78784,328747538559.5524,361706360080.52606,389293041758.6023,412881168228.1841,419020000069.41144,409923664155.80853,383729288581.5442,346256506992.3093,312437688118.95917,281917064424.76825,250668480288.4202,219635363843.73022,198176746235.01974,178814659265.17523,161344269575.41043,143457872455.07562,129441879884.02998,116795265266.17496,104613051531.87589,92335120084.85768,79722764435.1037,69852367139.61275,63961503254.14757,58568448494.736984,54424680133.08812,49835743580.81726,43029261955.79962,38260093074.20871,33770274679.610775,29807594230.576588,26503625674.728775,23914399304.713467,21578122975.4758,18906720483.28653,16675646843.868963,14789244080.684568,13292875575.64565,12108336759.033363,11327529953.124102,10181576231.680723,9212824925.320953,8448247430.423266,7851083611.769058,7247720085.814839,6735521466.804681,6301329723.49241,5934596395.974473,5406142599.778755,5024128365.637571,4607281904.295427,4339141067.72308,4059491018.737947,3848828601.060282,3649040827.9522285,3391161984.583723,3109825437.336351,2851829046.995906,2668033655.1793356,2414290965.5450497,2228750321.516365,2071243847.3034081,1899380053.7531078,1741776852.248465,1607919581.7154257,1494263890.944784,1343138412.352321,1175498896.8614483,1077926621.2408981,975364621.1413596,888456087.7609903,814729031.0330623,762233166.5399991,762347137.0682137,762413127.7942994,757396196.606993,831615356.0611126,963153819.3778454,1078868555.3223078,1192473759.6604328,1241215244.579478,1257960570.8719015,1344788209.7291124,1344798791.8874035,1496346566.8853726,1676106685.2097344,1852572099.9164732,2103022935.8343801,2355683247.000913,2764898642.541948,3035838018.9800653,2840183570.906498,3160497613.7006783,3401424521.400234,3447421899.287789,3402040189.4657893,3312722215.935316,3183060162.315605,2997878882.894207,2842374652.7728214,2694979060.8087287,2572375156.3788223,2488200090.6145053,2343406889.6108904,2148943150.696814,1931559728.204752,1771244567.7519717,1624222427.94604,1499375733.6549315,1365797399.9752586,1260834521.5067446,1156197159.1614957,1088907229.884302,1018729064.3384647,934198871.6114638,862425125.098528,780398253.0880706,715643828.1417412,651897880.3248664,578203143.4495595
36.982841358061904,25445471159.893887,28411062742.062447,32429582877.423035,36476078160.182014,39838980757.71053,39838980757.71053,44810005155.876434,49665482667.19332,54244379004.007675,60122136916.62352,69640255199.65958,78329820070.74332,85552158573.58586,92759856489.42726,102066634766.13376,108252953128.6976,116506180297.71562,129128203059.58852,145236775341.27136,162156653259.94144,181047672909.82788,206644695293.78818,229032126080.31958,250141184027.23456,277240928524.9541,298380417662.7437,323501906586.8896,355934823492.09247,383081320644.1819,406293065191.8601,412333943288.0276,403382752280.183,377606345018.68024,340731494662.8484,307452302879.4441,277418678906.00354,246668710128.9196,216130770951.70642,195014555938.95337,175961418453.2982,158769793541.91946,141168799186.94458,127376451602.20494,114931631608.50449,102943802325.39389,90861782641.05792,78450674965.16504,68737773819.64674,62940906999.77056,57633906057.21968,53556257380.90875,49040543802.122604,42342669218.818436,37649599172.45506,33231422180.939106,29331971903.458385,26080722839.197243,23532811238.230927,21233813502.358013,18605037015.48054,16409563311.708344,14553260772.821407,13080768943.809664,11915131119.480112,11146783190.566545,10019114781.63603,9065821272.613588,8313443693.098954,7725808467.826085,7132072460.352317,6628046694.784668,6200783094.8768,5839901516.323123,5319879947.913949,4943961291.216185,4533766204.770682,4269903934.516013,3994716097.61174,3787415096.77829,3590815220.178769,3337051198.511361,3060203773.810079,2806324080.7989326,2625461404.4270635,2375767538.310688,2193187457.6943107,2038194222.0614903,1869072758.4289765,1713984338.9252248,1582262950.4771383,1470420797.0123384,1321706739.189327,1156742149.2847989,1060726777.3322829,959801299.0125263,874279514.2094842,801728876.9544348,750070658.231813,750182810.1990448,750247747.9497555,745310868.9957105,818345756.7819034,947785337.8626428,1061653681.5231107,1173446154.1378343,1221409899.722901,1237888030.6490047,1323330211.7154257,1323340625.0204139,1472470240.9124668,1649362032.2883632,1823011691.7030296,2069466230.285213,2318094988.813252,2720780773.9062166,2987396929.36472,2794864424.7524037,3110067403.9275637,3347149982.037182,3392413406.699831,3347755826.247924,3259863047.3203907,3132269935.1658807,2950043484.9861784,2797020544.8083878,2651976857.9968753,2531329272.278491,2448497338.7493505,2306014518.069606,2114653723.16795,1900738960.658401,1742981855.347443,1598305661.736682,1475451073.0416307,1344004170.6148741,1240716123.336427,1137748398.1110735,1071532174.8333263,1002473801.1818501,919292407.2430226,848663912.3756373,767945895.1305144,704224718.6257038,641495927.5713134,568977094.4599218
38.65852594732697,25077998313.56578,28000762063.11539,31961248412.310707,35949305903.53245,39263642869.02088,39263642869.02088,44162877813.05242,48948234550.021935,53461004382.070175,59253878174.57663,68634539776.41483,77198613587.95149,84316650100.46704,91420257459.21231,100592631138.65292,106689609280.21246,114823646796.18245,127263387587.26466,143139326609.00763,159814854731.2354,178433058180.66083,203660419078.93466,225724539958.5123,246528749724.0627,273237131052.17282,294071332534.0737,318830027427.76337,350794561719.22,377549020519.4301,400425550765.7666,406379189028.3948,397557267375.2816,372153112200.7997,335810793002.79285,303012205380.7852,273412314436.6023,243106423840.66147,213009500801.83813,192198237329.7994,173420257282.54807,156476906623.96237,139130098463.97617,125536934191.37341,113271837080.23975,101457131011.09042,89549594799.07437,77317723146.56212,67745091654.830864,62031940759.75323,56801581303.99466,52782820323.49388,48332320790.522484,41731174109.09166,37105879416.42944,32751507888.151,28908371839.77519,25704075953.950325,23192960226.10092,20927163653.468193,18336350856.550446,16172583265.268526,14343088670.841505,12891861952.63088,11743057781.975985,10985806012.321325,9874422918.65733,8934896475.567577,8193384418.208943,7614235574.951828,7029074054.437363,6532327218.056446,6111233980.261503,5755564102.44723,5243052467.915661,4872562671.147293,4468291450.48595,4208239768.7198896,3937026079.3983684,3732718832.8697324,3538958169.4169354,3288858901.5578504,3016009591.511798,2765796322.7861156,2587545589.500828,2341457697.709544,2161514362.2131658,2008759474.029355,1842080391.8023849,1689231694.3532753,1559412571.0757232,1449185595.18869,1302619203.5564058,1140036963.2265677,1045408205.0962496,945940250.3001148,861653535.324908,790150644.01284,739238451.667602,739348983.9830555,739412983.9299449,734547401.3158189,806527549.815504,934097818.6328403,1046321723.3246351,1156499735.8316388,1203770809.0743484,1220010969.7292185,1304219230.571657,1304229493.492052,1451205441.8776436,1625542636.0263746,1796684519.7269251,2039579864.996704,2284618031.0377264,2681488396.5342474,2944254193.0464473,2754502162.2966895,3065153111.949553,3298811842.678028,3343421591.9030786,3299408937.540207,3212785469.3454647,3087035003.522816,2907440191.4803305,2756627144.5690966,2613678117.9861026,2494772874.2132835,2413137164.8055024,2272712021.3972464,2084114779.0168328,1873289283.9905636,1717810440.7779102,1575223600.2126474,1454143226.0765862,1324594624.8081083,1222798220.2855206,1121317511.8589807,1056057555.5683163,987996494.0502658,906016370.9937956,836407863.2933879,756855541.8752604,694054599.93614,632231711.8320477,560760165.361504
40.41013544499791,24693875351.590706,27571870748.634964,31471693813.293262,35398665709.20948,38662236544.31349,38662236544.31349,43486429269.48121,48198488074.8962,52642135224.46702,58346278815.63512,67583255603.60863,76016152382.67531,83025161004.11093,90019961485.00131,99051840723.77585,105055430658.12883,113064878063.50136,125314077726.89365,140946842925.71356,157366949814.76645,175699975820.3534,200540925950.5151,222267087820.77844,242752636799.42023,269051922376.86337,289567003684.83545,313946466428.56287,345421395790.7638,371766053065.6736,394292180522.758,400154626133.7488,391467831002.0324,366452794576.5863,330667135408.6517,298370928019.2462,269224422454.60806,239382731126.70483,209746806572.667,189254311930.0767,170763956645.59427,154080129492.80756,136999024649.64558,123614068642.22092,111536837618.81609,99903098939.22481,88177952008.13918,76133437524.68452,66707431274.59033,61081789454.86183,55931544095.181404,51974338999.32492,47592008346.560715,41091972287.43708,36537523835.178024,32249848781.95586,28465578548.29609,25310363279.32579,22837710637.691757,20606619565.86616,18055490585.53662,15924865703.883932,14123393716.115618,12694395626.30373,11563187838.551632,10817534992.745825,9723175098.481133,8798039504.121054,8067885283.390822,7497607338.293709,6921408812.898845,6432270712.420871,6017627414.519336,5667405378.4842615,5162743951.319381,4797928994.956406,4399850049.164056,4143781612.8316045,3876722138.8652225,3675544293.0051837,3484751486.8362546,3238483021.992491,2969812980.316954,2723432260.7726946,2547911817.1535773,2305593285.6086392,2128406165.5866494,1977991043.893436,1813865006.8482926,1663357512.7784984,1535526845.8973007,1426988230.936761,1282666815.7884781,1122574868.780267,1029395551.6462575,931451160.4511788,848455476.0521209,778047803.8264071,727915440.153289,728024279.4308902,728087299.0822688,723296243.2298925,794173862.4328054,919790120.8500547,1030295077.3971206,1138785478.956092,1185332495.021562,1201323903.0233815,1284242334.9818273,1284252440.7037354,1428977139.3712654,1600643988.0418005,1769164469.2498927,2008339354.9236395,2249624239.504167,2640415689.992859,2899156668.622867,2712311094.408477,3018203763.060241,3248283512.6189876,3292209968.5129256,3248871461.701499,3163574816.435903,3039750486.8541765,2862906551.907005,2714403528.0510283,2573644070.3010783,2456560113.61271,2376174828.983995,2237900595.761923,2052192121.8732238,1844595868.375595,1691498514.827011,1551095695.4444504,1431869925.147526,1304305636.6546035,1204068460.900385,1104142145.6840498,1039881784.6320204,972863223.2457025,892138800.3969516,823596495.2627226,745262687.0988445,683423675.3557009,622547736.4697825,552170928.9725784
42.24110999234798,24292347860.809082,27123546460.922806,30959957600.666542,34823076126.08959,38033580628.35804,38033580628.35804,42779330987.862045,47414770748.20553,51786163281.41978,57397556324.90715,66484337970.997246,74780114114.46063,81675154814.51646,88556218401.31384,97441237426.52719,103347207754.087,111226419897.74231,123276445055.92233,138655018278.19388,154808130852.9217,172843058086.01343,197280089259.2524,218652979270.16293,238805429010.16504,264677082796.4491,284858584664.0341,308841632330.6334,339804772869.517,365721060600.13763,387880908592.93823,393648029632.85596,385102483576.1637,360494196786.5973,325290419794.99524,293519355378.50085,264846777987.4601,235490318696.60938,206336280369.57114,186176997903.54453,167987299597.98218,151574754905.23517,134771392339.04678,121604078468.52298,109723225704.8839,98278654008.35689,86744160377.3002,74895492175.94455,65622754725.65614,60088586998.66321,55022085687.52675,51129225560.21104,46818152504.95738,40423808368.69518,35943416184.757416,31725459609.534145,28002722387.99687,24898811568.076687,22466364766.823475,20271551694.583622,17761904596.03843,15665924113.06137,13893744430.233578,12487982143.193203,11375168026.669365,10641639649.457802,9565074272.096582,8654981572.72756,7936699809.761011,7375694701.311961,6808865282.418195,6327680668.030769,5919779555.412237,5575252201.695892,5078796673.105402,4719913682.94629,4328307582.66568,4076402871.7608895,3813685839.75408,3615779187.033996,3428088711.124269,3185824622.1566877,2921523210.6028395,2679148692.219274,2506482247.1039886,2268103864.7076073,2093797843.6904628,1945828502.8044002,1784371188.8692737,1636310977.600467,1510558863.6473517,1403785108.8838246,1261810389.6212816,1104321570.5895956,1012657368.3117543,916305573.0568736,834659415.5517509,765396586.5536816,716079385.4221257,716186454.9506932,716248449.8895825,711535297.5905046,781260432.1312933,904834144.3574116,1013542267.5889477,1120268592.9107292,1166058744.9239583,1181790129.3435085,1263360290.5485878,1263370231.94938,1405741677.2582238,1574617187.6711686,1740397491.2035668,1975683344.0570204,2213044886.801172,2597481987.950219,2852015785.0652785,2668208358.3068767,2969127149.268588,3195465754.790416,3238677957.479343,3196044143.6999516,3112134439.4251056,2990323518.9031878,2816355102.7009797,2670266768.548153,2531796088.5242352,2416615941.046471,2337537737.6746736,2201511871.916797,2018823055.9989803,1814602360.2692502,1663994401.1693068,1525874560.4995914,1408587425.7429464,1283097358.8107405,1184490060.1450946,1086188567.361067,1022973092.9929852,957044267.1951928,877632440.0605516,810204646.901502,733144562.5653983,672311065.8685611,612424982.2662634,543192516.1298717
44.15504560271173,23837199645.330963,26615352117.59038,30379883186.5357,34170621244.121662,37320972837.19563,37320972837.19563,41977805492.25997,46526394358.364426,50815883259.947556,56322139675.854774,65238668842.67219,73379013006.92392,80144866298.32495,86897004355.56595,95615551182.33286,101410865600.02927,109142450623.93861,120966703144.63475,136057139123.07863,151907602468.30704,169604622266.78387,193583794397.5864,214556235970.8319,234331103783.00925,259718019036.8235,279521394647.8058,303055089233.7673,333438095722.1005,358868808646.20197,380613463536.7556,386272530185.85016,377887095867.2359,353739876813.1729,319195687621.30206,288019894742.819,259884534771.33215,231078106302.34952,202470306181.456,182688733663.1176,164839842626.21863,148734807955.60538,132246277884.40079,119325670484.78496,107667420697.38814,96437277693.15683,85118897556.8805,73492229312.81755,64393228461.6952,58962750447.180046,53991176519.91335,50171254107.395966,45940954521.18441,39666416602.89045,35269970298.48833,31131042535.925625,27478055558.90095,24432300479.1663,22045428680.67443,19891738239.267216,17429112589.818977,15372402982.67369,13633427353.433771,12254003821.296755,11162039700.919718,10442254916.291441,9385860368.574152,8492819420.250804,7787995585.043973,7237501625.021075,6681292480.460948,6209123475.425441,5808864911.998269,5470792719.023318,4983638919.8991165,4631480061.695973,4247211202.703621,4000026248.83079,3742231556.52448,3548032938.134092,3363859083.411499,3126134122.0901966,2866784735.61463,2628951413.9137297,2459520095.547718,2225608037.1138434,2054567862.3980784,1909370916.417426,1750938711.818562,1605652598.0280406,1482256610.8102376,1377483398.9427278,1238168757.6802864,1083630693.1557708,993683936.9777892,899137415.874244,819021003.5836235,751055902.2979217,702662722.0233046,702767785.4672756,702828618.8516718,698203773.4906675,766622518.4332974,887880919.067387,994552256.5349324,1099278927.6119664,1144211142.545803,1159647779.3523772,1239689619.2308607,1239699374.3667905,1379403308.5055056,1545114720.18074,1707788917.6361742,1938666389.0245216,2171580659.597941,2548814839.829086,2798579620.618527,2618216061.1536484,2913496753.587591,3135594615.769693,3177997182.557906,3136162167.823049,3053824619.207294,2934295982.1196074,2763587086.760657,2620235904.4456363,2484359649.763808,2371337549.704242,2293740977.640959,2160263730.502135,1980997823.272653,1780603463.5462465,1632817337.239655,1497285348.4878833,1382195738.2516716,1259056888.2685926,1162297123.4962513,1065837434.9411047,1003806383.3597412,939112818.4590168,861188873.5009066,795024426.3101355,719408161.2405406,659714457.9313788,600950416.7203614,533015109.40927887
46.15570122401461,23350973349.613262,26072457639.132076,29760200577.592197,33473615939.928707,36559707309.14669,36559707309.14669,41121550849.49375,45577358535.4254,49779351324.622375,55173292254.641426,63907943893.3957,71882242991.62698,78510087799.13751,85124497133.01357,93665204834.77023,99342307620.90915,106916185363.67238,118499249213.37064,133281873582.4084,148809022436.31952,166145062064.73087,189635111974.2568,210179761997.7381,229551266123.42194,254420344301.26993,273819774729.542,296873433853.5643,326636694024.48627,351548676496.7509,372849788389.11676,378393422560.61536,370179032606.5819,346524363560.37366,312684799634.86145,282144924167.5217,254583463482.07373,226364622616.32175,198340358518.46692,178962286447.83932,161477473419.29147,145700945933.5325,129548745507.48917,116891690000.20177,105471242794.19115,94470169937.23267,83382659791.10068,71993149934.59843,63079748631.42634,57760040390.55325,52889875605.74073,49147871184.94228,45003860379.63551,38857309195.3013,34550540698.38987,30496037933.065804,26917563833.080856,23933935439.035675,21595750560.576427,19485990653.83892,17073597135.894655,15058839868.30806,13355335506.294548,12004049171.657078,10934358710.820898,10229255948.189795,9194409519.18592,8319584636.452834,7629137652.873929,7089872555.426311,6545008850.600198,6082471051.817397,5690376880.24498,5359200614.330302,4881983678.206674,4537008083.963893,4160577462.12387,3918434536.10108,3665898286.9072495,3475660891.993544,3295243777.6801524,3062367881.226481,2808308650.1953015,2575326603.6747684,2409351310.4934864,2180210542.118353,2012659209.7082422,1870423961.1687372,1715223424.0941908,1572900826.5714633,1452021845.3218129,1349385775.881046,1212912846.0179365,1061527017.1494178,973414976.4044136,880796995.7927535,802314781.6023238,735736018.4741199,688329952.3376157,688432872.7190653,688492465.2365984,683961956.5200658,750985109.9751854,869770106.6926153,974265584.1578193,1076856062.137582,1120871758.992503,1135993522.4563825,1214402685.347401,1214412241.5000744,1351266523.5234344,1513597787.9055374,1672953790.5388248,1899121870.7508557,2127285203.9370933,2496824638.9464436,2741494769.106997,2564810228.432324,2854067846.0330105,3071635401.701663,3113173049.653557,3072191376.944965,2991533332.7113347,2874442816.179252,2707216005.757771,2566788871.376268,2433684192.59148,2322967494.083433,2246953720.937644,2116199115.233407,1940589837.10959,1744283080.317347,1599511465.0196688,1466744029.8993022,1354001993.861963,1233374904.8146086,1138588825.823306,1044096702.1562371,983330947.2069715,919956988.3374288,843622519.9817898,778807681.5766327,704733821.5297688,646257738.1033758,588692353.718855,522142776.8339042
48.24700612130434,22842716244.993076,25504964728.59707,29112440282.89196,32745029475.284492,35763949003.721886,35763949003.721886,40226499492.98997,44585322103.42653,48695854350.20001,53972390803.81725,62516924082.8222,70317654648.79742,76801237837.68927,83271677989.36143,91626488713.59557,97180023724.57098,104589048503.19225,115919995475.0741,130380861356.87436,145570046409.39105,162528749933.85526,185507515599.4378,205604990930.02594,224554855047.3193,248882633062.64297,267859815638.83917,290411688997.367,319527122278.50415,343896870733.7053,364734342790.01337,370157314263.1784,362121718657.10425,338981916953.69025,305878904713.8351,276003759938.7921,249042201792.6239,221437571998.0521,194023283814.95807,175066994710.55966,157962755986.63123,142529620275.6312,126728988518.64813,114347426383.25726,103175556542.45915,92413932951.88792,81567753465.50821,70426147592.1093,61706755312.49438,56502835799.88751,51738674983.96706,48078119002.3371,44024306704.04266,38011541305.06207,33798513897.814724,29832261408.199715,26331676347.69014,23412989586.10351,21125697621.55408,19061858732.5655,16701973353.201893,14731069276.6581,13064643377.361397,11742769130.591648,10696361544.02047,10006606042.646059,8994284072.98087,8138500621.852813,7463081901.957545,6935554444.433875,6402550238.77644,5950080034.130592,5566520181.252224,5242552295.370043,4775722459.372753,4438255601.235716,4070018365.387884,3833145920.4128,3586106373.2581162,3400009684.005013,3223519527.2009273,2995712405.701313,2747183025.9201274,2519272064.815182,2356909388.576577,2132756096.386744,1968851684.9769275,1829712327.7527552,1677889884.3631258,1538665079.393021,1420417149.1106918,1320015055.56046,1186512594.4291131,1038421828.3363189,952227633.5860286,861625575.221234,784851604.295502,719721994.0085989,673347767.9395399,673448448.1567659,673506743.584025,669074845.8850397,734639173.9024531,850838697.3036317,953059727.0176783,1053417221.4502923,1096474872.9892266,1111267496.2669637,1187970005.9273002,1187979354.080829,1321854866.8642669,1480652830.206242,1636540291.3235254,1857785598.8577323,2080982730.705402,2442478773.2416096,2681823415.248818,2508984588.9146113,2791946227.456528,3004778209.397789,3045411749.2268786,3005322083.2882614,2926419641.4191556,2811877716.1607666,2648290763.196495,2510920164.7316003,2380712641.351757,2272405801.6437817,2198046543.6940784,2070137941.7223628,1898350973.7826788,1706317028.3345609,1564696510.8913803,1434818890.7329772,1324530796.976647,1206529276.212894,1113806310.280954,1021370901.4439429,961927773.4450902,899933211.6722378,825260238.7621325,761856159.6264504,689394590.6422235,632191297.1936547,575878880.5186837,510777821.2074897
50.43306759378293,22424634842.775547,25038157221.86818,28579606546.093536,32145709863.2098,35109375274.92596,35109375274.92596,39490249428.244774,43769294193.98704,47804592958.57918,52984555005.907776,61372700996.45423,69030657807.40115,75395574480.37021,81747588668.04745,89949484522.37791,95401375329.58392,102674795592.73128,113798356623.8323,127994550869.37444,142905734141.49033,159554049073.22955,182112243276.6595,201841882287.90945,220444914370.12344,244327430471.9165,262957281013.8441,285096396155.03723,313678940919.68646,337602659292.6258,358058751155.67944,363382468079.01904,355493944871.9805,332777662011.04736,300280521403.37585,270952169850.51547,244484078677.13745,217384685747.06235,190472150679.55484,171862811204.29022,155071624747.56445,139920955751.5324,124409516847.53722,112254569655.99492,101287174228.76208,90722516473.27928,80074850415.85146,69137165046.3255,60577360431.83973,55468686245.73097,50791722022.93663,47198163781.91165,43218546842.515015,37315830763.51238,33179912767.733948,29286253063.6976,25849737857.88407,22984470691.446747,20739042147.235046,18712976903.350883,16396283593.524685,14461452212.150774,12825526261.686657,11527845768.090458,10500590174.9334,9823459001.774117,8829665169.65763,7989544792.106503,7326487999.858944,6808615673.3969345,6285366837.604409,5841178020.145231,5464638314.932571,5146599887.988215,4688314257.957391,4357023925.227343,3995526393.1109247,3762989332.8983064,3520471255.0456915,3337780621.5329185,3164520695.8205667,2940883039.9733825,2696902397.3247147,2473162802.408342,2313771787.4477377,2093721086.2854035,1932816553.936243,1796223810.5625432,1647180114.6449597,1510503487.4423795,1394419803.3018632,1295855330.444672,1164796313.2343836,1019415995.1671001,934799379.4322698,845855575.5061634,770486768.8820046,706549200.6667445,661023744.1246437,661122581.6307865,661179810.0993834,656829027.71018,721193357.1854333,835266125.6438311,935616243.3796083,1034136933.399585,1076406517.3926759,1090928397.0068264,1166227050.2934964,1166236227.3513858,1297661468.3936355,1453553014.0192914,1606587327.216991,1823783267.4423418,2042895308.4955106,2397775028.7546883,2632739038.333143,2463063614.2010407,2740846315.2931995,2949782915.7705226,2989672755.6329975,2950316835.3474927,2872858514.360563,2760413005.667136,2599820121.444351,2464963763.9223332,2337139378.492025,2230814836.9892726,2157816547.7833056,2032249007.4915786,1863606189.9965537,1675086967.592983,1536058475.7163062,1408557955.4163494,1300288421.9919431,1184446637.4318705,1093420744.0896711,1002677144.7960893,944321981.3825083,883462082.1006603,810155819.7378986,747912200.9444566,676776868.0366616,620620544.3477283,565338792.0593048,501429252.26228595
52.71817904149604,22429895270.614,25044030736.429146,28586310822.83834,32153250685.53475,35117611321.41598,35117611321.41598,39499513151.32861,43779561706.26814,47815807081.50105,52996984257.4927,61387097960.64589,69046851194.56587,75413260965.86589,81766765225.1763,89970585101.08315,95423754826.69186,102698881307.2515,113825051731.57211,128024576156.44305,142939257331.8309,159591477667.60208,182154963629.56473,201889230869.68112,220496626898.44458,244384745421.56732,263018966201.1868,285163274792.2811,313752524522.9299,337681854982.5324,358142745487.6088,363467711261.9957,355577337545.13293,332855725840.82794,300350961971.3143,271015730499.20224,244541430373.72238,217435680399.17484,190516832120.78723,171903127219.3688,155108001843.44562,139953778764.9718,124438701148.21284,112280902618.26395,101310934431.5358,90743798391.78438,80093634577.78947,69153383418.22905,60591570823.020226,55481698231.136086,50803636874.18686,47209235647.1359,43228685159.082565,37324584405.939095,33187696196.00489,29293123107.378593,25855801755.093437,22989862447.00152,20743907164.45468,18717366641.035927,16400129875.404736,14464844616.367594,12828534906.235956,11530549999.451235,10503053430.066141,9825763413.755188,8831736454.955622,7991418999.830982,7328206666.035796,6810212855.76716,6286841274.932786,5842548258.531807,5465920223.678042,5147807190.471131,4689414054.632381,4358046006.974036,3996463673.84771,3763872064.500464,3521297096.140735,3338563606.5948052,3165263037.128702,2941572919.791786,2697535043.5438366,2473742963.2246056,2314314557.9145856,2094212236.6994667,1933269958.956134,1796645173.3095143,1647566514.3429158,1510857825.1897333,1394746909.84354,1296159315.481783,1165069554.1141224,1019655132.3623112,935018667.0466908,846053998.4569893,770667511.6266068,706714944.7740837,661178808.7546746,661277669.4463708,661334911.3397672,656983108.3329725,721362536.5562297,835462064.4945934,935835722.6160501,1034379523.8699033,1076659023.5694447,1091184309.7630255,1166500626.7991712,1166509806.0098383,1297965877.119177,1453893992.1798377,1606964204.5556967,1824211095.1567557,2043374536.0694354,2398337504.9153943,2633356632.948428,2463641405.924066,2741489269.9882913,2950474883.344412,2990374080.66691,2951008928.169594,2873532436.8128495,2761060550.366189,2600429993.8564415,2465542001.3873096,2337687630.5877743,2231338147.2038293,2158322733.873639,2032725737.6291542,1864043359.4733596,1675479913.7514348,1536418808.2177627,1408888378.521684,1300593446.9549365,1184724487.9346054,1093677241.5069838,1002912355.3492352,944543502.8330983,883669326.8813884,810345868.1492779,748087648.0895338,676935628.0745398,620766131.0924618,565471410.6700764,501546878.810772
55.106828397522186,22435394047.306625,25050170378.671856,28593318868.920784,32161133180.89769,35126220541.40142,35126220541.40142,39509196611.71335,43790294437.322815,47827529313.92108,53009976675.79421,61402147248.189224,69063778300.62088,75431748822.21613,81786810667.98499,89992641742.4721,95447148334.00134,102724058340.31734,113852956388.90323,128055961882.81224,142974299450.7171,159630602143.53714,182199619632.47375,201938724805.51117,220550682510.30383,244444657299.26202,263083446331.10345,285233183686.1972,313829442183.4132,337764639012.1188,358230545584.65625,363556816795.26276,355664508722.37335,332937326725.94934,300424594186.23865,271082171067.21317,244601380663.34692,217488985608.00885,190563538068.5137,171945269944.42123,155146027177.7188,139988088982.092,124469207783.27644,112308428721.39085,101335771203.98792,90766044589.44057,80113269846.06561,69170336641.076,60606425083.96935,55495299786.80188,50816091584.78511,47220809176.192604,43239282840.5937,37333734674.02181,33195832289.737064,29300304431.261463,25862140406.181416,22995498501.84106,20748992614.55838,18721955276.791527,16404150431.489681,14468390729.689987,12831679871.822817,11533376758.953463,10505628294.759264,9828172238.147589,8833901589.745066,7993378127.504435,7330003204.607548,6811882406.127131,6288382518.699454,5843980582.125028,5467260215.433114,5149069195.569933,4690563682.858219,4359114399.024888,3997443422.573131,3764794792.4816966,3522160355.918209,3339382068.541476,3166039013.76188,2942294057.916413,2698196354.827105,2474349411.0026994,2314881921.194572,2094725641.0331764,1933743907.6599782,1797085627.911942,1647970421.728096,1511228217.904224,1395088837.51228,1296477074.0155573,1165355175.4793656,1019905104.8124144,935247890.5357665,846261411.9090494,770856443.7861009,706888198.7112855,661340899.3297474,661439784.2575296,661497040.1840004,657144170.3156508,721539381.4079376,835666881.2925494,936065146.4094993,1034633106.0622661,1076922970.7467847,1091451817.8711774,1166786598.997489,1166795780.4584756,1298284078.538614,1454250419.9875157,1607358158.1255772,1824658307.6529114,2043875477.3416834,2398925466.74999,2634002210.642926,2464245377.2658153,2742161356.82236,2951198203.8202763,2991107182.5872993,2951732379.568639,2874236894.546531,2761737435.1763096,2601067499.456379,2466146438.667482,2338260723.868088,2231885168.491677,2158851855.146878,2033224068.3067486,1864500337.0051517,1675890664.2158284,1536795467.307376,1409233773.0268683,1300912292.533412,1185014927.783871,1093945360.7671185,1003158223.2419655,944775061.3729798,883885961.8785663,810544527.6133096,748271044.7070271,677101581.4955949,620918314.3412931,565610038.201584,501669834.9928759
57.60370694222252,22441141972.388763,25056588206.78433,28600644448.064243,32169372830.430508,35135219843.2931,35135219843.2931,39519318827.60582,43801513466.11365,47839782678.17135,53023557777.77511,61417878415.715,69081472370.21127,75451074359.36206,81807764365.49681,90015697765.53943,95471601796.09657,102750376139.33739,113882125400.25748,128088769689.69412,143010929320.47473,159671499341.06363,182246298989.27185,201990461300.9307,220607187370.31253,244507283771.25183,263150848041.84113,285306260137.0636,313909844966.5528,337851173968.2841,358322323885.2205,363649959681.0812,355755629606.90967,333022624929.62836,300501562660.9876,271151622043.0735,244664047287.7028,217544706064.39255,190612360252.68814,171989322147.28354,155185775431.71103,140023953787.77197,124501096667.4147,112337202026.33134,101361733325.25899,90789298757.52878,80133794784.12505,69188058010.8046,60621952388.28788,55509517626.030045,50829110615.64234,47232907099.36215,43250360700.77519,37343299538.78372,33204337028.12669,29307811139.385223,25868766260.187138,23001389925.113422,20754308485.312725,18726751822.646492,16408353158.106272,14472097516.64447,12834967335.12414,11536331598.320879,10508319826.01794,9830690205.855223,8836164826.326235,7995426022.831488,7331881143.955661,6813627603.454897,6289993595.889768,5845477803.992256,5468660921.926459,5150388381.848384,4691765400.491759,4360231199.68982,3998467563.502618,3765759329.069339,3523062729.810569,3340237614.822951,3166850149.729442,2943047870.6543946,2698887629.9824123,2474983336.79921,2315474991.58277,2095262307.6068451,1934239330.8776774,1797546039.4176922,1648392630.0700448,1511615393.032961,1395446257.8501637,1296809230.1201675,1165653738.2872488,1020166403.4604789,935487500.0918406,846478223.2200208,771053936.421114,707069302.7471259,661510334.1939217,661609244.4559215,661666515.0513022,657312529.9821302,721724239.061848,835880978.2955778,936304965.3456951,1034898178.0092354,1077198877.3139718,1091731446.714186,1167085528.5346186,1167094712.347886,1298616697.5959406,1454622997.4625146,1607769961.6469944,1825125783.2511013,2044399116.1552563,2399540069.0088773,2634677039.3239393,2464876714.4191837,2742863895.766356,2951954297.7913613,2991873501.1980577,2952488610.3950057,2874973271.1086426,2762444989.4916234,2601733890.297963,2466778262.8708434,2338859783.8816957,2232456975.1964474,2159404950.7912264,2033744978.2401857,1864978020.0906425,1676320025.6954374,1537189192.7393436,1409594817.2828102,1301245584.9364848,1185318527.4002519,1094225628.4532745,1003415231.3560448,945017111.7805095,884112412.5608816,810752188.2949376,748462750.9858221,677275054.230472,621077392.9804038,565754946.9167343,501798362.2931509
60.21371851686271,22446755738.008892,25062856239.561188,28607799044.50651,32177420162.39957,35144009096.95295,35144009096.95295,39529204785.88897,43812470637.13054,47851750042.73791,53036821890.00596,61433242409.87962,69098753451.31923,75469948828.75232,81828228993.1713,90038215649.43367,95495484502.08905,102776079667.69331,113910613592.21785,128120811745.8646,143046704230.65134,159711441977.43298,182291888826.40768,202040990240.5293,220662373378.47275,244568448509.89108,263216676562.75433,285377630946.8172,313988371108.3001,337935689155.0548,358411960034.09515,363740928565.10364,355844623684.17694,333105932230.33777,300576734652.82904,271219451998.23093,244725251241.53174,217599125977.30295,190660042902.5317,172032346149.57755,155224595941.46603,140058981490.85126,124532241248.96053,112365303747.86462,101387089477.56346,90812010161.6395,80153840659.80835,69205365754.85178,60637117277.51506,55523403613.740585,50841825775.77221,47244722650.92095,43261179998.1291,37352641154.79199,33212643261.64534,29315142637.16631,25875237463.428284,23007143839.603855,20759500280.970352,18731436414.709057,16412457790.97011,14475717785.327324,12838178067.378765,11539217470.251493,10510948535.583488,9833149402.930296,8838375237.827433,7997426119.251736,7333715251.25499,6815332066.999386,6291567069.72826,5846940079.948162,5470028935.225847,5151676777.655688,4692939069.431397,4361321933.665603,3999467800.4677787,3766701352.8879676,3523944041.8424835,3341073192.223969,3167642353.3756084,2943784089.0239863,2699562770.4279585,2475602466.4488335,2316054219.4098573,2095786448.1127994,1934723190.6683311,1797995704.687361,1648804983.8569663,1511993531.2994854,1395795335.8176172,1297133633.5342574,1165945332.4890513,1020421603.266692,935721517.0403783,846689974.0459611,771246819.4787085,707246179.723694,661675814.3631586,661774749.3680626,661832034.2899736,657476960.0493271,721904782.0451528,836090078.1668879,936539186.7873172,1035157063.0436598,1077468344.0831294,1092004548.8793752,1167377480.9060218,1167386667.0166671,1298941553.157198,1454986878.7918808,1608172153.4671292,1825582347.7337396,2044910532.9755867,2400140326.1419635,2635336117.1641717,2465493315.8458977,2743550037.0980983,2952692744.1489277,2992621933.547065,2953227190.4135838,2875692460.2714753,2763136029.1333933,2602384727.2421823,2467395339.9795585,2339444861.5333242,2233015435.6451716,2159945136.9050884,2034253729.873815,1865444553.812695,1676739365.66219,1537573728.4217281,1409947434.584252,1301571098.1272597,1185615040.8489082,1094499354.5506911,1003666240.7714939,945253512.6098021,884333577.7703915,810955002.0718256,748649982.7436624,677444478.024479,621232758.6440784,565896473.3895997,501923889.70160204
62.94198915470152,22452085550.938484,25068807225.832752,28614591750.722683,32185060448.239716,35152353776.971245,35152353776.971245,39538590697.56473,43822873577.99222,47863112080.04334,53049415083.53258,61447829270.16022,69115160429.40826,75487868599.1529,81847658489.26344,90059594544.96434,95518159184.96782,102800483073.00758,113937660808.67209,128151233066.74335,143080669592.17804,159749364255.30646,182335172661.15717,202088963350.5261,220714767995.51382,244626519444.2502,263279175378.28033,285445391713.896,314062925279.94104,338015929436.8332,358497062252.0283,363827296106.44086,355929116307.4483,333185025722.7447,300648104332.5006,271283851012.45322,244783359407.51743,217650793249.34158,190705313692.3812,172073193933.2625,155261452851.57346,140092237440.13712,124561810490.82811,112391984042.14604,101411163077.62834,90833572788.84367,80172872585.01353,69221798047.22856,60651515103.88475,55536587227.3518,50853897784.019035,47255940554.14843,43271452039.18458,37361510257.8421,33220529353.406116,29322103296.78607,25881381343.49712,23012606712.46355,20764429467.811462,18735884053.074177,16416354805.343218,14479154935.386684,12841226395.977097,11541957370.448572,10513444281.073885,9835484210.126402,8840473843.397387,7999325047.793184,7335456586.654381,6816950316.219635,6293060954.898438,5848328391.791548,5471327752.359355,5152900004.469358,4694053372.434556,4362357496.679852,4000417443.946026,3767595727.728005,3524780775.7890983,3341866504.8659587,3168394486.172365,2944483068.3634834,2700203761.256477,2476190279.5915527,2316604149.0241103,2096284076.8053014,1935182576.1045678,1798422625.2128053,1649196480.1704607,1512352542.7649567,1396126756.8975601,1297441628.1367786,1166222177.4184847,1020663894.6836878,935943697.0604321,846891014.1973174,771429946.2217596,707414109.9973197,661832924.2970729,661931882.7933481,661989181.3171319,657633072.9969386,722076192.8933923,836288601.4528776,936761560.9568883,1035402853.2844927,1077724180.8186712,1092263837.127161,1167654665.8883002,1167663854.1801178,1299249977.0366042,1455332354.4574728,1608554001.8213677,1826015818.4996061,2045396081.5655794,2400710221.368356,2635961857.8580613,2466078728.647016,2744201472.3714795,2953393838.781424,2993332509.0645676,2953928411.946316,2876375271.7670503,2763792114.952929,2603002643.8769464,2467981204.4019685,2340000345.0792136,2233545648.326228,2160457999.594568,2034736748.0862505,1865887489.5588841,1677137494.7840533,1537938813.7121634,1410282215.9733577,1301880146.3722956,1185896556.2023065,1094759235.171276,1003904553.7539799,945477955.9303448,884543556.1116664,811147557.2234832,748827744.0381823,677605332.1087036,621380265.6793021,566030841.241056,502043067.7453348
65.79387714846243,22457656856.545803,25075027850.0126,28621692232.99683,32193046913.78834,35161076552.64676,35161076552.64676,39548401882.880196,43833747873.86732,47874988928.81583,53062578871.9499,61463077057.9434,69132310804.1464,75506600310.49693,81867968331.6455,90081942113.65425,95541861252.85193,102825992191.36905,113965933528.68771,128183032771.1294,143116173916.93176,159789004783.43567,182380417677.15152,202139110111.82086,220769536601.3862,244687221560.15778,263344506001.69827,285516222706.75995,314140857485.06714,338099805388.52435,358586020433.15594,363917576942.5037,356017437273.31116,333267702924.28455,300722707757.0109,271351167932.16174,244844100442.0085,217704801554.36597,190752635691.98386,172115892521.2425,155299979740.35223,140127000209.33383,124592719508.6862,112419873214.82407,101436327447.33548,90856112414.0497,80192766842.65721,69238974883.23938,60666565292.67119,55550368187.660774,50866516772.363594,47267666738.15887,43282189504.211426,37370781218.044235,33228772762.28878,29329379342.39641,25887803601.45071,23018317106.91779,20769581995.04838,18740533212.97722,16420428392.599571,14482747821.976122,12844412843.688713,11544821414.934397,10516053108.255775,9837924806.934494,8842667536.334436,8001310016.378507,7337276821.5862665,6818641887.964068,6294622527.684436,5849779607.746018,5472685418.617888,5154178655.426916,4695218164.267171,4363439980.831592,4001410115.566065,3768530626.49972,3525655421.970906,3342695762.333165,3169180697.9444056,2945213718.306546,2700873795.2416,2476804726.4213667,2317178995.83093,2096804252.9468517,1935662776.196135,1798868889.4154537,1649605715.0977328,1512727820.9627275,1396473194.5953672,1297763577.9085097,1166511566.1321387,1020917164.2726864,936175944.009418,847101163.4347006,771621370.3981591,707589649.1555324,661997152.8483084,662096135.9003438,662153448.6422982,657796259.3886365,722255370.3303059,836496119.7862654,936994010.852264,1035659780.228284,1077991609.4616864,1092534873.6696978,1167944410.0625205,1167953600.6343396,1299572375.5356636,1455693483.5511825,1608953151.6424253,1826468929.7326624,2045903630.2577744,2401305938.424909,2636615950.728234,2466690666.376268,2744882424.0370145,2954126699.8609567,2994075280.6059685,2954661405.675908,2877089021.304661,2764477927.879865,2603648558.181558,2468593614.215376,2340580997.465118,2234099884.8298483,2160994099.982223,2035241651.7500248,1866350494.628486,1677553663.0508158,1538320440.9386015,1410632166.2352138,1302203197.526857,1186190826.9558313,1095030890.9268959,1004153664.6464561,945712568.7294776,884763048.5264314,811348837.0076562,749013559.6587319,677773474.4568951,621534456.2265725,566171297.2709676,502167645.7206014
68.77498357396004,22463480596.81216,25081530329.336376,28629114436.59596,32201395244.373592,35170194555.41241,35170194555.41241,39558657610.89255,43845114881.750145,47887403915.05223,53076339108.7897,61479015719.71221,69150238258.67596,75526180751.65392,81889198408.61848,90105302245.87596,95566637256.33508,102852657122.39804,113995487279.56758,128216273313.28307,143153286935.0053,159830441415.37027,182427712735.09128,202191529012.08652,220826786761.0134,244750674075.88394,263412796741.61484,285590263036.6793,314222320781.6492,338187481741.55023,358679009290.3412,364011948383.83496,356109760043.1449,333354126212.04755,300800691446.6433,271421534967.02667,244907593639.71085,217761256964.07718,190802101841.21255,172160525773.06204,155340252274.1769,140163338072.12762,124625029007.4969,112449026039.91895,101462632009.22273,90879673304.82693,80213562504.83672,69256929997.99622,60682297402.2752,55564773560.31795,50879707524.3565,47279924233.04527,43293413481.46969,37380472243.45953,33237389678.25528,29336985064.068745,25894516850.53116,23024286238.11681,20774967982.186424,18745393025.315723,16424686553.218534,14486503501.484322,12847743668.660942,11547815228.66,10518780140.836283,9840475986.659142,8844960625.026737,8003384923.463588,7339179530.971497,6820410104.460493,6296254854.997573,5851296577.983321,5474104600.442649,5155515241.784403,4696435732.567249,4364571512.107473,4002447764.923745,3769507885.333743,3526569698.18313,3343562593.27789,3170002532.8027744,2945977473.841413,2701574188.322506,2477447013.7049108,2317779888.822954,2097347998.157519,1936164734.0505908,1799335373.753161,1650033492.3715591,1513120102.9349408,1396835329.3107653,1298100115.1551666,1166814066.986179,1021181909.4523001,936418714.0177205,847320834.4888395,771821467.9628282,707773141.955256,662168822.5598853,662267831.2802968,662325158.8846444,657966839.720651,722442666.2583562,836713040.7307153,937236993.002414,1035928348.4766495,1078271155.2390091,1092818190.8196936,1168247282.482969,1168256475.4380953,1299909381.841388,1456070975.3264723,1609370386.856043,1826942571.3382523,2046434175.872071,2401928647.293193,2637299680.4056997,2467330330.8724437,2745594229.476085,2954892766.718412,2994851706.9661865,2955427611.193768,2877835110.6803374,2765194814.8430457,2604323738.724416,2469233772.185738,2341187959.085766,2234679233.670266,2161554490.963162,2035769432.4902315,1866834478.3582277,1677988687.8122542,1538719359.6126056,1410997972.6681821,1302540886.059764,1186498431.053919,1095314855.3463867,1004414062.6999022,945957811.7840889,884992486.0953106,811559236.7355677,749207794.5450913,677949235.2987262,621695633.1143829,566318117.3333915,502297868.29713845
71.89116329054963,22468896770.774292,25087577741.753822,28636017207.67375,32209159328.73777,35178674447.527664,35178674447.527664,39568195606.14691,43855686385.51003,47898950055.868706,53089136354.73061,61493838936.565155,69166911085.41437,75544390883.06625,81908942728.39516,90127027551.96872,95589679345.92245,102877455945.58315,114022972752.59317,128247187562.65988,143187802650.4996,159868978162.66635,182471697914.65543,202240279449.04926,220880030348.41925,244809685956.18588,263476308249.76495,285659121757.8304,314298082983.5397,338269022187.83295,358765490452.6219,364099715372.047,356195621733.26434,333434501287.0845,300873217557.002,271486977463.53183,244966643354.91782,217813761421.02664,190848106171.28323,172202035429.27853,155377706391.13855,140197132880.49847,124655077371.29482,112476138645.38895,101487095683.1957,90901585319.66895,80232902811.73065,69273628549.1996,60696928522.22726,55578170793.14979,50891975140.049736,47291323904.32324,43303851964.402885,37389485056.03702,33245403551.429066,29344058509.964478,25900760282.27912,23029837628.030857,20779977038.559692,18749912730.495697,16428646712.43172,14489996345.023367,12850841390.513548,11550599524.52597,10521316325.86187,9842848625.644636,8847093235.119234,8005314621.082999,7340949081.905857,6822054574.802462,6297772946.170382,5852707385.183647,5475424462.815495,5156758289.018049,4697568091.055505,4365623854.752143,4003412795.844744,3770416752.077283,3527419990.055425,3344368760.2732687,3170766852.6998653,2946687779.0150967,2702225565.3748064,2478044351.4126787,2318338729.1607056,2097853690.1213353,1936631563.087782,1799769211.8379786,1650431332.2521384,1513484931.6028657,1397172120.5354106,1298413100.3140626,1167095397.7417147,1021428126.8113928,936644494.1070818,847525132.1719859,772007561.979745,707943793.2684412,662328478.2071848,662427510.7996072,662484852.2262241,658125482.227091,722616854.5432597,836914780.7667462,937462970.3871728,1036178121.3523834,1078531137.3967142,1093081680.4158387,1168528958.8013582,1168538153.9729996,1300222803.232909,1456422048.8686867,1609758422.4477296,1827383065.7995872,2046927591.9947774,2402507776.7536654,2637935560.2195067,2467925229.344942,2746256220.208651,2955605221.4600096,2995573796.21526,2956140194.891816,2878528986.036233,2765861531.4763756,2604951667.7028236,2469829129.597324,2341752443.3476686,2235218037.5936813,2162075663.7663355,2036260277.2346885,1867284591.1646435,1678393267.9751775,1539090360.5220435,1411338178.6503873,1302854941.933754,1186784507.9101164,1095578946.9137774,1004656237.1603626,946185891.8470771,885205866.7973446,811754911.9332643,749388436.1750271,678112695.7642605,621845530.2634882,566454662.3994228,502418977.4290817
75.14853644000483,22474334802.01064,25093649558.843716,28642947835.27192,32216954745.500473,35187188560.72381,35187188560.72381,39577772092.516815,43866300551.16707,47910542791.784904,53101985244.67626,61508721973.34224,69183651196.28145,75562674502.48665,81928766727.4832,90148840531.75436,95612814423.1565,102902354845.81201,114050569144.7888,128278226568.22629,143222457656.10226,159907670427.17047,182515860598.8821,202289226621.13837,220933488803.31244,244868935982.2451,263540076062.17322,285728258362.2179,314374150928.0509,338350891695.1662,358852320614.49005,364187836548.8692,356281829923.0565,333515200720.2508,300946036350.5523,271552684056.90707,245025931368.56696,217866477762.66092,190894296154.41168,172243712600.04398,155415311656.29272,140231064069.71655,124685246996.95244,112503360665.30104,101511658081.69888,90923585761.67752,80252321167.51929,69290394488.34424,60711618686.885605,55591622091.26716,50904292262.3951,47302769579.61489,43314332572.42022,37398534240.32586,33253449765.038124,29351160501.14839,25907028909.74655,23035411420.89069,20785006309.261276,18754450675.199768,16432622853.089828,14493503284.128685,12853951613.396667,11553395056.574282,10523862745.804567,9845230839.548014,8849234451.479532,8007252106.105534,7342725773.962398,6823705681.496854,6299297163.685379,5854123885.775666,5476749651.567076,5158006352.63862,4698705019.240036,4366680444.184658,4004381721.202224,3771329286.603612,3528273713.3283267,3345178180.600834,3171534257.0528274,2947400950.665201,2702879571.095785,2478644099.7103148,2318899824.7300262,2098361422.8334725,1937100276.039771,1800204800.7007537,1650830777.6378999,1513851232.5573702,1397510270.8999584,1298727348.5421453,1167377863.823315,1021675337.7944663,936871185.3446743,847730254.3099066,772194406.989519,708115133.2545849,662488778.1538157,662587834.7145859,662645190.0192527,658284764.9442754,722791745.7747699,837117334.9360229,937689859.7163595,1036428902.2005851,1078792168.727018,1093346233.3390472,1168811771.8403502,1168820969.2374516,1300537489.4540582,1456774539.1878977,1610148023.9788392,1827825337.90106,2047422999.325959,2403089243.3236012,2638574006.162015,2468522528.563638,2746920882.4419985,2956320551.3527317,2996298799.4960527,2956855654.261399,2879225661.5650983,2766530938.682124,2605582130.723891,2470426889.607182,2342319205.6175137,2235759015.89059,2162598939.791628,2036753102.8106792,1867736520.4265695,1678799480.8440707,1539462858.6264882,1411679757.5529406,1303170265.1978617,1187071739.245534,1095844104.2375207,1004899388.9294595,946414892.3399695,885420108.6091857,811951376.7892108,749569806.7944062,678276815.8836837,621996032.3309575,566591758.500737,502540575.3037289
78.55350046640703,22480019229.27293,25099996488.660297,28650192488.116226,32225103370.920383,35196088446.55804,35196088446.55804,39587782487.42486,43877395642.387596,47922660792.072624,53115416315.06237,61524279357.315315,69201149797.97221,75581786548.77135,81949488947.70705,90171641852.96352,95636997745.76512,102928381909.85606,114079415923.58061,128310671944.46042,143258682872.55673,159948115829.85913,182562024284.83447,202340391579.0694,220989369449.3013,244930870614.24417,263606733180.44934,285800527531.2835,314453665494.7706,338436470692.2719,358943085032.32074,364279950477.26404,356371944187.39026,333599556627.3807,301022154547.9798,271621367801.8989,245087905709.3655,217921582670.39877,190942578995.74316,172287278154.4547,155454620807.92456,140266532673.82166,124716783601.86107,112531816109.0817,101537333397.19647,90946583038.9826,80272619364.83307,69307920088.58621,60726974459.74571,55605682864.80972,50917167470.905304,47314733855.992775,43325288054.53312,37407993441.20892,33261860550.855583,29358584282.025665,25913581567.376553,23041237761.106434,20790263455.13688,18759194233.202557,16436779151.826143,14497169121.890745,12857202759.809813,11556317253.578562,10526524543.487299,9847720991.05109,8851472685.892677,8009277378.15781,7344582967.553966,6825431599.480522,6300890443.1682205,5855604567.704911,5478134884.336027,5159310965.753461,4699893461.39613,4367784907.457156,4005394548.359297,3772283167.8731008,3529166118.6191425,3346024275.5893865,3172336432.3320026,2948146435.9694147,2703563209.675346,2479271022.4743495,2319486343.418937,2098892160.8056164,1937590226.2748241,1800660126.0012336,1651248321.8081946,1514234130.5293555,1397863742.7848094,1299055835.2898676,1167673128.3823316,1021933749.8540237,937108147.9134955,847944670.4877877,772389717.9065071,708294236.6186568,662656341.2565584,662755422.8716769,662812792.6832049,658451264.727124,722974561.290372,837329066.7911532,937927029.3522621,1036691045.8750921,1079065027.330767,1093622773.0983179,1169107399.0773237,1169116598.8007202,1300866434.040219,1457143000.7676742,1610555278.2715454,1828287649.2563465,2047940853.4567864,2403697056.018785,2639241379.95289,2469146891.281492,2747615660.378212,2957068292.6890707,2997056652.519596,2957603530.9411683,2879953903.3123655,2767230676.584419,2606241159.88887,2471051733.994546,2342911647.763931,2236324505.7978024,2163145925.3411026,2037268258.207543,1868208926.5061717,1679224099.1307032,1539852234.539945,1412036813.322117,1303499875.6912606,1187371984.970994,1096121275.7825842,1005153557.8529277,946654268.7959515,885644057.6714516,812156743.4255334,749759395.277548,678448372.2504264,622153353.6147405,566735066.3969209,502667682.7519284
82.11274268065318,22439655650.362095,25054928658.48636,28598750169.78409,32167242188.082592,35132892766.92465,35132892766.92465,39516701383.53258,43798612403.66566,47836614153.02084,53020045920.76024,61413810585.939095,69076896965.17418,75446077082.75758,81802346072.51163,90009735844.59532,95465278519.64096,102743570774.99843,113874582757.74693,128080286112.52177,143001457418.61853,159660923976.1025,182234228449.86707,201977083065.89355,220592576112.01593,244491089561.43863,263133419031.2202,285287363728.8813,313889054085.3429,337828797404.6394,358298591476.09033,363625874411.90295,355732067195.1106,333000568170.5106,300481659837.3175,271133663125.0779,244647842695.12613,217530297640.40033,190599735612.1976,171977930948.11136,155175497165.27817,140014679719.32074,124492850709.05177,112329761707.20714,101355019933.53018,90783285599.43304,80128487361.51639,69183475546.38588,60617937274.295685,55505841118.887985,50825744101.28237,47229778768.8034,43247496142.284805,37340826216.850235,33202137838.015663,29305870024.030952,25867052919.701054,22999866496.736572,20752933885.664993,18725511512.15979,16407266399.832104,14471139000.48083,12834117249.38941,11535567523.846298,10507623838.833334,9830039099.445028,8835579589.334784,7994896469.664141,7331395538.701944,6813176323.176869,6289576996.946601,5845090646.225189,5468298721.500356,5150047261.253574,4691454655.420617,4359942412.796469,3998202736.9434404,3765509915.245175,3522829390.270937,3340016384.158873,3166640402.86636,2942852946.666967,2698708877.2194347,2474819413.6684866,2315321633.010981,2095123534.1645992,1934111222.3114614,1797426984.323454,1648283453.7064846,1511515275.7012637,1395353834.6342404,1296723339.8332345,1165576534.6926718,1020098835.7850816,935425540.870747,846422159.2625886,771002867.9660922,707022472.12325,661466521.0322835,661565424.7432574,661622691.5454913,657268994.8495188,721676437.8120266,835825616.2150189,936242951.9822316,1034829634.6187418,1077127532.2629745,1091659139.1418505,1167008230.1096897,1167017413.3146946,1298530687.5967965,1454526654.8519518,1607663475.8045735,1825004901.4948864,2044263711.4846125,2399381142.637713,2634502539.357693,2464713460.670414,2742682230.3667326,2951758783.9133277,2991675343.3907895,2952293061.1283727,2874782855.8390365,2762262027.1967278,2601561572.2228208,2466614883.17869,2338704876.4880195,2232309115.075073,2159261929.0525465,2033610279.2145524,1864854498.840524,1676208999.644223,1537087381.6033893,1409501456.9793022,1301159400.820838,1185240021.367089,1094153155.6862593,1003348773.144511,944954521.3940423,884053856.0152986,810698490.5447468,748413178.7905077,677230196.9396775,621036257.7738894,565717475.8272357,501765127.17705303
85.83325339425912,22281683734.327106,24878545600.387283,28397419123.04613,31940789475.920277,34885562305.498726,34885562305.498726,39238509546.26887,43490276534.84099,47499851338.4695,52646792499.546074,60981466280.81986,68590605645.13943,74914947659.92732,81226469439.3502,89376080379.7021,94793216826.82626,102020270962.00237,113072922237.36208,127178619504.14053,141994747931.79758,158536934264.78918,180951325954.21674,200555193741.73355,219039636421.02975,242769907807.4361,261280997985.8675,283278982131.0961,311679320742.33276,335450531746.31836,355776221441.09375,361066001078.9171,353227765118.2205,330656292544.615,298366312602.1603,269224921523.47662,242925557421.83356,215998915945.006,189257941161.3574,170767231296.97086,154083084207.1281,139028996713.62234,123616439124.77464,111538976502.60645,100641495316.74731,90144184456.6371,79564394450.5238,68696433928.62174,60191195801.67622,55115088060.58324,50467938246.11749,46897287987.20373,42943040051.881195,37077952224.67691,32968399610.81411,29099560956.240345,25684952624.77796,22837950777.723305,20606836245.828304,18593686631.31482,16291761627.813192,14369264284.097752,12743766928.328625,11454358804.21679,10433651693.419924,9760837052.166147,8773378392.544834,7938613559.913081,7279783579.120007,6765212551.59203,6245299288.556668,5803942057.175096,5429802692.864858,5113791676.666748,4658427496.1604395,4329249051.5665455,3970055970.4826508,3739001272.4465313,3498029183.114617,3316503154.0088673,3144347714.4388285,2922135689.4221263,2679710358.7574053,2457397044.5060844,2299022105.054629,2080374168.8365874,1920495360.269105,1784773359.460811,1636679777.6337383,1500874427.7337577,1385530746.3374116,1287594595.8920395,1157371045.2083511,1012917488.1679479,928840280.9495667,840463470.2186673,765575119.776957,702045136.626602,656809892.8135353,656908100.2567515,656964963.9090166,652641916.6053349,716595940.5256687,829941525.294823,929651937.6055694,1027544584.3177195,1069544710.9070295,1083974017.3844423,1158792661.6976116,1158801780.2541873,1289389220.1898942,1444286998.4966543,1596345758.4755104,1812157132.1015208,2029872391.920009,2382489847.9446692,2615956024.1871424,2447362235.9490557,2723374145.8864274,2930978830.8679976,2970614383.565301,2931509346.849061,2854544802.1452804,2742816103.7910395,2583246956.675661,2449250272.719088,2322240733.8944044,2216593983.186002,2144061038.7417216,2019293958.265537,1851726194.0706801,1664408731.7847376,1526266509.7251182,1399578771.4763484,1291999427.6547039,1176896103.793038,1086450476.4146771,996285343.5351341,938302178.834225,877830245.2928853,804991290.9391254,743144458.73163,672462594.7324847,616664252.7352936,561734906.9775455,498232773.5716883
89.72233964825215,22116554144.74633,24694170663.85457,28186965809.87404,31704076240.06553,34627025354.05072,34627025354.05072,38947712896.6802,43167970034.10339,47147829873.207184,52256627046.07987,60529532548.20557,68082280569.96436,74359752877.16093,80624499959.77487,88713714121.95375,94090704163.22804,101264198590.01546,112234938651.18503,126236098575.62498,140942424654.60825,157362016821.35526,179610295422.35962,199068878918.0542,217416333366.584,240970739678.27698,259344644141.2883,281179601194.99115,309369464856.7246,332964507382.4331,353139563362.21356,358390140435.6804,350609993652.74347,328205798294.21533,296155119438.6553,267229695250.35626,241125235773.16263,214398147674.2967,187855350292.48468,169501675104.98206,152941174252.75314,137998652622.89374,122700317520.0746,110712360990.43309,99895641053.01198,89476125778.49126,78974742611.03482,68187324559.88854,59745118764.69743,54706630065.23295,50093920284.59646,46549732119.78748,42624789121.49063,36803167468.44576,32724070754.800335,28883904068.95216,25494601404.650146,22668698692.299374,20454118953.346966,18455888793.46595,16171023359.41187,14262773646.222157,12649322853.649204,11369470534.963724,10356327886.004559,9688499475.006039,8708358872.903873,7879780483.624091,7225833092.747876,6715075551.830648,6199015366.720919,5760929034.403597,5389562417.449942,5075893359.3385725,4623903883.416234,4297164980.739491,3940633880.08611,3711291528.7430115,3472105283.904998,3291924544.456972,3121044949.092393,2900479737.706493,2659851021.5092397,2439185271.543382,2281984048.99157,2064956512.9372177,1906262566.4455192,1771546401.5766356,1624550341.4933515,1489751445.2330172,1375262576.022178,1278052230.525884,1148793766.7599773,1005410755.2345351,921956644.3174301,834234794.2555025,759901441.4845368,696842279.1289108,651942273.7715416,652039753.3992577,652096195.6349156,647805186.4408987,711285246.9997592,823790827.480329,922762285.7848104,1019929449.9541109,1061618313.5460314,1075940684.412789,1150204847.6474307,1150213898.626371,1279833554.8605363,1433583385.5137997,1584515237.8079915,1798727233.039683,2014829004.760595,2364833212.3213315,2596569170.4023952,2429224830.9667225,2703191216.250266,2909257342.618636,2948599156.178999,2909783926.9450164,2833389766.5905843,2722489089.7774267,2564102509.836374,2431098875.493589,2305030604.5402675,2200166802.050367,2128171399.3596623,2004328967.892856,1838003048.6347816,1652073796.326029,1514955346.4689271,1389206491.226997,1282424418.0741425,1168174125.1079552,1078398790.4016583,988901871.4490526,931348420.0635206,871324644.1069442,799025499.3466306,737637014.0998524,667478973.4944934,612094153.0885404,557571888.7896744,494540369.78405017
93.7876395641172,21943942568.97058,24501441738.594944,27966976902.33731,31456637578.39625,34356774148.927547,34356774148.927547,38643740313.430626,42831059895.125114,46779858391.05138,51848783279.81701,60057121795.34888,67550923394.94171,73779402338.1747,79995255372.52553,88021336191.4999,93356360801.90822,100473868741.43716,111358986208.91553,125250872226.515,139842420836.01764,156133864121.20975,178208503085.47488,197515219489.32623,215719478799.81116,239090051628.07294,257320554520.39847,278985097760.11523,306954949897.6433,330365841789.20685,350383438872.7577,355593037122.107,347873611525.0827,325644272676.27625,293843737588.3997,265144065703.84778,239243341937.72574,212724848937.46548,186389208332.95187,168178776834.0753,151747524603.898,136921623862.97607,121742686642.4654,109848291707.15587,99115992292.97287,88777797505.29579,78358373773.49539,67655147555.13527,59278830073.09611,54279664925.946815,49702955649.66652,46186428570.7559,42292118309.87972,36515932273.998604,32468671410.860268,28658475814.47511,25295625411.670845,22491777831.2803,20294482073.18313,18311847365.21575,16044814466.032444,14151457940.44382,12550599538.255009,11280735996.484896,10275500553.502663,9612884297.780043,8640393332.809565,7818281693.299719,7169438121.439559,6662666855.391377,6150634330.339536,5715967100.819703,5347498863.809114,5036277877.401789,4587816013.202434,4263627187.5625196,3909878681.100532,3682326262.5108986,3445006778.396783,3266232283.391586,3096686340.45906,2877842559.4754486,2639091861.9608474,2420148327.0639405,2264174002.272103,2048840286.3644104,1891384887.7943604,1757720133.07501,1611871323.2097182,1478124482.7870183,1364529157.117995,1268077502.636947,1139827853.6695375,997563893.8461326,914761111.5897263,827723898.3238407,753970690.0487366,691403681.2768046,646854103.9574721,646950822.7925241,647006824.5172791,642749305.0727863,705733927.0921851,817361442.870486,915560465.3215814,1011969275.4900209,1053332772.8250729,1067543362.8516523,1141227921.5893316,1141236901.928708,1269844924.3899238,1422394794.1283622,1572148678.7930245,1784688828.1392756,1999104004.9638689,2346376558.334726,2576303902.441547,2410265624.064848,2682093802.412362,2886551658.407614,2925586423.5739055,2887074132.936882,2811276200.9240146,2701241063.1299124,2544090632.2275577,2412125042.3630204,2287040687.9259043,2182995308.869924,2111561803.8340583,1988685917.0244117,1823658110.4301634,1639179967.5941517,1503131676.8379138,1378364245.1899688,1272415566.8684652,1159056955.4441972,1069982284.2267978,981183855.8304685,924079587.978229,864524275.5302112,792789399.0199443,731880028.3361124,662269545.4498703,607316983.2095321,553220245.1429126,490680663.97479665
98.03713734498145,21799574274.401814,24340247762.300156,27782983312.901676,31249685655.06765,34130742346.521244,34130742346.521244,38389504737.153786,42549276115.74286,46472095628.96531,51507672269.61244,59662008464.04791,67106508651.4916,73294010688.22905,79468969881.41899,87442247445.17775,92742173148.35614,99812855296.23074,110626360024.11041,124426851895.63057,138922403307.67197,155106665858.3286,177036076681.82208,196215774993.4511,214300269231.53476,237517088023.49667,255627653187.97665,277149666289.8069,304935505921.8454,328192378519.65186,348078280656.26074,353253605173.2449,345584965359.3582,323501872415.4938,291910551738.4999,263399693813.5012,237669369842.5143,211325340915.74265,185162961406.33533,167072335586.4333,150749183888.08362,136020822137.64552,120941746520.08076,109125604319.2715,98463912261.0072,88193732031.1392,77842857259.0265,67210047125.22692,58888837090.987885,53922561245.489525,49375961951.0813,45882569959.02171,42013880204.99462,36275695459.19578,32255061358.62072,28469932882.170574,25129206533.693233,22343805351.07918,20160965511.295807,18191374475.432587,15939256292.342691,14058356081.372591,12468029660.692738,11206520498.874369,10207898458.478626,9549641527.817652,8583548540.861154,7766845539.975298,7122270683.256774,6618833444.500447,6110169560.3468,5678361988.631552,5312317888.979725,5003144412.626731,4557632960.565491,4235576959.8602376,3884155750.2558527,3658100389.658124,3422342220.6578174,3244743875.693807,3076313368.538389,2858909351.778471,2621729385.271707,2404226270.875381,2249278094.7437463,2035361050.4861474,1878941544.4997008,1746156164.6976938,1601266888.1468444,1468399962.6799502,1355551975.980954,1259734872.963117,1132328973.155289,991000962.0655152,908742935.9039782,822278336.8802108,749010347.9253895,686854964.9278272,642598477.443247,642694559.9690658,642750193.2607796,638520683.861399,701090932.6460693,811984055.5945855,909537030.7205464,1005311571.296743,1046402939.8860655,1060520039.0260135,1133719830.0858898,1133728751.3439832,1261490666.9211588,1413036917.348181,1561805577.372096,1772947433.82763,1985951982.0329344,2330939843.574913,2559354505.1526446,2394408585.772377,2664448417.727695,2867561153.907379,2906339110.960988,2868080191.098233,2792780930.5589232,2683469709.405417,2527353164.7169375,2396255771.034131,2271994341.41422,2168633472.62274,2097669925.6750662,1975602434.2650416,1811660338.814976,1628395870.0843687,1493242635.430914,1369296043.578194,1264044397.2486858,1151431567.4611757,1062942914.8378603,974728687.6454705,918000106.4200306,858836605.9202808,787573670.2087257,727065019.7665389,657912501.380833,603321469.7846754,549580631.9302381,487452496.0914155
102.47917895649856,21651385703.71306,24174788268.426414,27594120882.159477,31037257366.633812,33898729286.94437,33898729286.94437,38128541574.99111,42260035769.48356,46156188843.746376,51157534774.3999,59256439637.45436,66650333797.99206,72795774596.6789,78928757815.22906,86847834843.1881,92111732851.29207,99134350102.6646,109874347073.48491,123581026325.57037,137978040260.7759,154052285858.58545,175832625511.92328,194881944576.542,212843504516.9629,235902500630.85715,253889954273.41898,275265665602.5742,302862623387.2597,325961401030.2942,345712123306.16876,350852267138.73364,343235757002.19025,321302779924.7435,289926209893.71936,261609162326.29166,236053747272.54437,209888799090.36438,183904265513.93326,165936615672.79907,149724425064.27924,135096183382.65125,120119611907.3669,108383793166.16982,97794576876.80588,87594211007.06358,77313699138.30624,66753168440.623116,58488524108.34932,53556007881.72822,49040315340.01398,45570670635.84371,41728279358.92774,36029101493.957146,32035798753.7622,28276400723.775726,24958383876.704777,22191917220.74022,20023915832.012276,18067713630.11306,15830904836.5724,13962790559.417486,12383274817.70974,11130341109.57902,10138507475.734793,9484725226.664968,8525199521.118991,7714048282.338904,7073855099.570371,6573840113.189421,6068634010.963298,5639761769.363197,5276205954.631694,4969134169.576838,4526651203.506902,4206784466.5838456,3857752138.8037324,3633233451.370435,3399077913.0294523,3222686841.4078307,3055401286.7088947,2839475133.236586,2603907462.446712,2387882884.9812927,2233988011.47212,2021525126.852479,1866168925.255751,1734286190.4042156,1590381838.3537228,1458418112.1662688,1346337240.5330777,1251171480.4894211,1124631657.1449304,984264361.8791475,902565507.156975,816688674.9025594,743918745.1494359,682185880.3740681,638230238.4721352,638325667.8506957,638380922.9598874,634180164.8078805,696325075.2066574,806464371.8105807,903354203.8967562,998477690.8286153,1039289729.5969858,1053310863.8929657,1126013059.3449948,1126021919.958395,1252915338.957632,1403431412.2829669,1551188776.6359336,1760895338.5519102,1972451930.0608394,2315094642.222222,2541956592.6415844,2378131938.2789826,2646336100.5912714,2848068122.373313,2886582475.653854,2848583631.2668486,2773796238.0536056,2665228089.8344183,2510172790.073342,2379966566.793514,2256549838.240483,2153891593.2350707,2083410440.414035,1962172736.1756277,1799345081.9754078,1617326403.6137948,1483091910.0520308,1359987879.0703256,1255451709.6045341,1143604396.3393824,1055717269.5435609,968102702.6967125,911759749.5236001,852998429.1061603,782219922.6982812,722122596.363183,653440161.1419517,599220227.0196635,545844707.2145156,484138904.3778711
107.1224885182315,21496482740.752373,24001831840.465126,27396701135.292713,30815203998.13092,33656203765.529396,33656203765.529396,37855754228.0675,41957690005.33255,45825968390.02073,50791532624.5717,58832494574.54007,66173489759.974815,72274963534.95966,78364068856.48549,86226489534.02284,91452727439.93584,98425101984.68152,109088260577.77693,122696876580.81432,136990888327.29771,152950132127.7844,174574646228.30255,193487678590.26526,211320734106.43167,234214756630.65265,252073520594.7117,273296301249.3323,300695818990.7778,323629338430.63574,343238755875.35486,348342124994.2545,340780106519.52515,319004047026.12305,287851957946.65826,259737502242.42667,234364921191.34723,208387167863.78748,182588538381.31232,164749436534.09958,148653234638.52908,134129649444.4995,119260226552.14008,107608370709.23773,97094914050.27809,86967525814.30614,76760564976.92458,66275588681.06561,58070073030.54939,53172846063.877335,48689460653.17555,45244639221.40233,41429737999.94025,35771334409.180305,31806601407.427048,28074099664.900536,24779821281.86131,22033147071.877125,19880656461.23112,17938449738.483727,15717643999.640696,13862894984.212698,12294679751.016588,11050710048.53607,10065972402.484446,9416867581.866447,8464206719.839495,7658858792.312354,7023245816.198265,6526808143.711911,6025216494.768896,5599412582.4602585,5238457796.303745,4933582929.727805,4494265669.698204,4176687391.6285434,3830152185.394463,3607239797.4562364,3374759504.6251264,3199630407.6414294,3033541682.9485717,2819160354.431639,2585278032.1308846,2370798983.786772,2218005137.8153853,2007062300.4942007,1852817581.3804395,1721878390.1279802,1579003589.29516,1447983986.1522772,1336704987.4035647,1242220082.5441856,1116585577.401348,977222527.7869517,896108180.4418195,810845746.5426834,738596442.9465852,677305240.6032029,633664075.5325742,633758822.1699146,633813681.9612153,629642977.7694184,691343277.7915002,800694592.3412573,896891234.5191151,991334168.706012,1031854221.2793093,1045775042.5848764,1117957096.4790683,1117965893.699978,1243951464.7280886,1393390683.8487844,1540090930.9414172,1748297165.4308906,1958340193.6368957,2298531498.2035403,2523770384.4558377,2361117799.38774,2627403118.2602096,2827691865.772155,2865930671.4493546,2828203686.50198,2753951353.2132783,2646159946.4032755,2492213976.3490567,2362939302.2115316,2240405547.9490786,2138481762.462392,2068504860.9421399,1948134541.353661,1786471823.496671,1605755381.9977806,1472481257.4890087,1350257963.630203,1246469689.1309695,1135422577.7771895,1048164231.8147557,961176495.7947568,905236643.3980981,846895725.7560143,776623598.0393907,716956232.8182235,648765180.1285639,594933157.8268865,541939508.5532846,480675174.5363298
111.97618543772454,21395854923.713432,23889476160.13501,27268453632.547234,30670954041.180374,33498654721.083977,33498654721.083977,37678546544.546715,41761280629.708084,45611451102.779076,50553770888.67693,58557092055.375015,65863723092.52966,71936635079.33261,77997236511.00749,85822852180.07141,91024625390.1483,97964361347.52707,108577604315.59196,122122516626.36382,136349616254.42656,152234152769.79114,173757439721.9099,192581937732.31732,210331514408.27682,233118367050.91138,250893531830.1926,272016965902.65247,299288222956.4546,322114387624.5537,341632010849.04315,346711490436.79614,339184870748.96124,317510747807.55035,286504485687.6898,258521637388.2078,233267828671.8682,207411680568.77487,181733817808.8714,163978223105.5235,147957369613.63855,133501771201.04105,118701954001.12592,107104642003.00339,96640400194.95139,86560419573.64748,76401238840.57668,65965344075.36073,57798239505.27791,52923937091.66618,48461538988.15617,45032843211.21444,41235800035.962265,35603884164.52508,31657710590.931305,27942681171.992527,24663823732.2956,21930007059.66769,19787592536.07083,17854477534.285675,15644067674.445845,13798000979.136375,12237126764.3509,10998980244.999123,10018852283.27927,9372786006.311226,8424584673.039759,7623006683.361578,6990369093.827673,6496255310.317981,5997011676.782268,5573201007.679924,5213935897.579664,4910488189.7005005,4473227430.606307,4157135777.5462604,3812222747.4491334,3590353841.2404375,3358961818.7396092,3184652523.718028,3019341281.8349023,2805963500.0545554,2573176011.1654325,2359700966.9970603,2207622368.787948,1997666982.181172,1844144302.5545866,1713818054.5979898,1571612069.1937714,1441205785.7652147,1330447698.4075148,1236405089.6127427,1111358695.8437407,972648022.6961232,891913382.1059201,807050072.6915737,735138977.4336088,674134687.1385783,630697812.0081717,630792115.1242439,630846718.1097634,626695537.5239162,688107010.458481,796946437.3563752,892692770.605764,986693605.1982021,1027023978.1627035,1040879634.3025892,1112723794.6632035,1112732550.703184,1238128366.9726274,1386868041.7733767,1532881566.0285096,1740113160.1955056,1949172949.809992,2287771774.8641963,2511956288.7473397,2350065101.474804,2615103904.3162174,2814455074.2866344,2852514879.166919,2814964499.1174006,2741059750.6079865,2633772929.319888,2480547600.269842,2351878077.608201,2229917919.7035213,2128471252.6441405,2058821922.0538883,1939015071.505557,1778109117.7476394,1598238633.2934613,1465588382.2052314,1343937231.3988798,1240634803.2412574,1130107517.7835913,1043257639.4285573,956677104.2558048,900999113.5460111,842931297.2878687,772988122.4932688,713600067.9287838,645728226.379686,592148198.7394768,539402619.5947255,478425071.85200995
117.04980232091675,21400944549.14724,23895158965.795193,27274940226.125454,30678250018.290134,33506623348.91748,33506623348.91748,37687509481.035385,41771214763.06238,45622301110.99016,50565796571.175125,58571021560.23085,65879390691.763824,71953747297.0415,78015790418.76805,85843267637.77641,91046278240.67194,97987665015.77959,108603432651.89525,122151567013.40741,136382050970.27467,152270366083.93976,173798772974.90097,192627748938.82764,210381547867.051,233173821024.32162,250953214142.74023,272081673037.42328,299359417351.6788,322191011885.9209,341713277943.89026,346793965833.3723,339265555720.47003,317586276959.49634,286572639099.76215,258583134267.1842,233323318199.06546,207461019460.27774,181777048475.02615,164017230087.8518,147992565570.7148,133533528474.24118,118730190708.0152,107130119952.44553,96663388920.59564,86581010483.17615,76419413093.94322,65981035848.096756,57811988495.01749,52936526587.02588,48473066972.537964,45043555580.73563,41245609168.49727,35612353582.31802,31665241296.742043,27949328150.170723,24669690739.013046,21935223748.69893,19792299589.591457,17858724740.26505,15647789070.249283,13801283234.366161,12240037720.320581,11001596671.863134,10021235558.24446,9375015595.650537,8426588705.155981,7624820036.87496,6992031956.118455,6497800633.296182,5998438240.164092,5574526755.386551,5215176183.646716,4911656291.918048,4474291517.654158,4158124673.015061,3813129595.337377,3591207911.16622,3359760845.3531656,3185410085.8037844,3020059519.841103,2806630979.9588237,2573788115.8052697,2360262290.398281,2208147515.87819,1998142185.28556,1844582985.8312938,1714225735.991919,1571985922.7643797,1441548618.4142833,1330764184.0290666,1236699204.4687755,1111623064.783641,972879395.2742281,892125549.6052092,807242052.9882702,735313851.5879846,674295049.6509297,630847841.798357,630942167.347164,630996783.3215894,626844615.2568886,688270696.6936933,797136014.2099953,892905123.5052418,986928318.9259917,1027268285.6409054,1041127237.7509753,1112988488.331501,1112997246.4543598,1238422891.7602243,1387197948.612057,1533246206.4241977,1740527096.6439164,1949636617.2005036,2288315987.818229,2512553830.4983664,2350624132.7055826,2615725982.723036,2815124574.1584306,2853193432.6685705,2815634120.170687,2741711791.27063,2634399448.696456,2481137670.5521994,2352437540.1080027,2230448370.438016,2128977571.342842,2059311672.636678,1939476322.5497267,1778532092.6379645,1598618820.7655823,1465937014.962939,1344256925.8975928,1240929924.2575083,1130376346.67526,1043505808.5545201,956904677.6871598,901213442.350375,843131812.9758338,773172000.1659442,713769818.4280392,645881831.5904163,592289058.3846574,539530932.1721635,478538879.1489163
122.3533036940725,21406264784.415005,23901099258.157837,27281720725.863873,30685876574.553844,33514953033.564583,33514953033.564583,37696878526.249016,41781599009.86277,45633642730.74016,50578367134.76137,58585582207.95639,65895768186.5502,71971634865.65504,78035185000.09952,85864608115.48001,91068912177.19669,98012024568.22952,108630431264.56247,122181933667.24107,136415955296.12329,152308220215.56534,173841979028.69696,192675635841.2539,210433848331.0833,233231787605.34262,251015600648.0356,272149312038.55624,299433837549.6413,322271107976.09375,341798227233.3296,346880178172.4323,339349896510.68787,317665228321.0757,286643880528.28015,258647417556.5231,233381321944.8078,207512593886.34497,181822237913.36832,164058004468.16156,148029356249.0378,133566724662.66112,118759706814.02179,107156752302.29822,96687419260.45544,86602534362.38783,76438410818.8217,65997438611.68116,57826360448.525635,52949686509.71316,48485117287.41317,45054753325.41628,41255862750.71813,35621206747.60994,31673113217.213703,27956276301.50084,24675823578.54324,21940676804.788403,19797219918.694916,17863164386.234055,15651679081.696344,13804714207.874607,12243080571.079287,11004331648.46573,10023726818.885836,9377346207.203373,8428683539.536453,7626715553.046099,6993770162.342056,6499415974.526228,5999929440.825985,5575912572.436682,5216472666.808763,4912877320.59589,4475403818.257331,4159158375.124907,3814077532.3084345,3592100678.8166842,3360596075.6907644,3186201972.864744,3020810301.056918,2807328703.2340226,2574427954.7747145,2360849047.242107,2208696457.2701654,1998638919.7404227,1845041545.7529366,1714651889.342141,1572376715.5598805,1441906984.7369602,1331095009.5460756,1237006645.6056898,1111899412.22336,973121251.2940935,892347330.3682678,807442731.8709273,735496649.2526909,674462678.1542321,631004669.4060743,631099018.4040383,631153647.9558939,627000447.6698852,688441799.5170249,797334180.7500874,893127098.0689312,987173667.4823159,1027523662.6384101,1041386060.0583643,1113265175.2129908,1113273935.5131028,1238730761.402614,1387542803.4586563,1533627368.5978043,1740959788.4637938,1950121293.2607746,2288884858.944185,2513178446.7376394,2351208493.521217,2616376247.3686986,2815824408.925452,2853902731.2834697,2816334081.6099057,2742393375.755486,2635054355.5312524,2481754476.7921643,2353022351.733366,2231002855.7812247,2129506831.2329056,2059823613.71306,1939958472.779523,1778974232.4296165,1599016234.4503107,1466301444.19593,1344591105.6852968,1241238417.1435442,1130657356.1462028,1043765222.1702157,957142562.421753,901437482.3467765,843341413.9865028,773364209.2964284,713947260.2859135,646042396.6202142,592436300.3500712,539665058.5648935,478657843.029973
127.8971055739984,21411826078.398705,23907308703.890053,27288808448.587368,30693848688.44187,33523660134.431866,33523660134.431866,37706672080.886566,41792453764.65269,45645498236.842155,50591507267.880554,58600802595.49928,65912887742.10358,71990332916.15598,78055458345.74055,85886915525.63933,91092571652.51822,98037487846.76273,108658653178.56392,122213676227.62997,136451395819.68541,152347789509.75485,173887142739.49954,192725692488.93158,210488518517.89432,233292380639.68466,251080813872.47046,272220015748.2856,299511629710.7703,322354833202.8886,341887025556.80615,346970296774.0362,339438058763.97394,317747756951.8706,286718349890.6047,258714613507.87854,233441953827.79678,207566505138.5669,181869474875.4443,164100626326.87512,148067813905.08426,133601424963.23993,118790560288.44444,107184591358.19577,96712538409.8469,86625033483.93813,76458269326.52919,66014584580.956375,57841383592.15672,52963442705.66751,48497713599.464096,45066458437.50047,41266580920.54452,35630461047.91747,31681341812.70917,27963539272.073612,24682234295.713757,21946376937.676674,19802363186.852,17867805191.60722,15655745348.725573,13808300638.054937,12246261292.751545,11007190546.270067,10026330958.011158,9379782418.264498,8430873290.412236,7628696954.647345,6995587126.315868,6501104506.520048,6001488207.469206,5577361180.559351,5217827893.344089,4914153673.820557,4476566516.961647,4160238914.0550647,3815068420.099808,3593033897.5774136,3361469150.135353,3187029740.158151,3021595100.0081763,2808058040.200784,2575096784.7102747,2361462389.912352,2209270271.078569,1999158161.1266186,1845520882.9260216,1715097351.6090226,1572785215.0929108,1442281588.5606549,1331440824.6961203,1237328016.8344066,1112188280.9061477,973374065.7582113,892579159.9700093,807652503.4706043,735687729.4402769,674637901.8689728,631168602.8389732,631262976.3485706,631317620.093047,627163340.8160048,688620654.9724879,797541326.1734977,893359130.2523686,987430132.7289679,1027790610.7127558,1041656609.5488446,1113554398.7175827,1113563161.293599,1239052580.5522974,1387903283.6041985,1534025801.147533,1741412085.456985,1950627929.8891132,2289479505.4985285,2513831364.2043977,2351819331.5997477,2617055975.3656244,2816555953.055277,2854644168.0660844,2817065758.1514173,2743105842.6867847,2635738936.053904,2482399230.390225,2353633661.047718,2231582464.7361,2130060071.7747777,2060358750.7295265,1940462469.1325507,1779436405.4801507,1599431654.8636355,1466682385.639102,1344940427.0873203,1241560887.7759087,1130951098.0958464,1044036389.7610545,957391225.6625168,901671673.5472376,843560511.9738928,773565127.3812827,714132741.9962115,646210236.8169847,592590213.8172754,539805262.1956359,478782197.1388987
133.69209592498282,21177593785.909706,23645777356.472477,26990285560.403893,30358076740.861122,33156931778.93528,33156931778.93528,37294184130.94253,41335269859.917404,45146164380.18412,50038067094.93872,57959745626.16929,65191841029.699234,71202802667.4861,77201579331.281,84947365155.45044,90096074585.48788,96965017640.6192,107469993914.30534,120876733294.71565,134958700935.13217,150681197792.54944,171984923660.7015,190617391188.1493,208185902755.25284,230740304560.91537,248334143204.68073,269242095130.182,296235155513.8757,318828468319.3164,338146990425.04285,343174653761.55347,335724813832.3559,314271790667.09125,283581826356.9444,255884433737.10733,230888241509.75397,205295854416.64713,179879933961.09778,162305465757.07196,146448042505.49255,132139907018.23347,117491064152.03198,106012057429.44997,95654562340.86404,85677408554.35078,75621862583.8945,65292425367.28212,57208634202.64088,52384055008.53065,47967178249.733345,44573458922.39488,40815149743.36185,35240685577.8975,31334767293.80791,27657635241.010517,24412225735.880173,21706296985.452248,19585737434.850613,17672342321.86164,15484481061.867035,13657246267.354069,12112294677.923006,10886778608.209486,9916649024.440922,9277173330.612017,8338644688.73824,7545243671.8750925,6919059678.170913,6429986396.056365,5935835594.000643,5516348257.580329,5160748044.815708,4860395835.677856,4427595614.904617,4114728442.6654177,3773333902.9796686,3553728302.44794,3324696731.833227,3152165582.400912,2988540696.1167474,2777339601.2507334,2546926799.5322123,2335629434.4609838,2185102204.4023414,1977288592.5333452,1825332012.2682223,1696335234.6817567,1555579905.9719071,1426503909.3628936,1316875675.7200298,1223792404.4638026,1100021620.7734623,962725948.3096066,882814889.4168034,798817278.6406562,727639755.2604067,667257775.4950641,624264004.0322791,624357345.1533535,624411391.1286582,620302557.1282187,681087565.8245144,788816711.4442197,883586327.3009149,976628250.4973931,1016547209.5164055,1030261522.7987663,1101372794.0908778,1101381460.8096669,1225498102.508504,1372720469.8319724,1517244496.3291383,1722362101.4224076,1929289252.368659,2264433998.8137665,2486331585.287252,2326091865.3134274,2588426982.283136,2785744552.1316886,2823416105.3460608,2786248780.2716203,2713097941.0851226,2606905562.7986794,2455243299.808768,2327886347.105977,2207170316.2962837,2106758516.273426,2037819685.0857968,1919234995.5406404,1759970458.6212566,1581934849.975232,1450637776.632677,1330227600.7107034,1227978970.3839207,1118579184.2090998,1032615269.6697428,946917950.7174145,891807936.4519495,834332475.4743726,765102797.6148899,706320566.2066847,639141091.7265431,586107639.01115,533900122.5032643,473544612.4869337
139.7496560426345,20904950880.434505,23341358756.99128,26642809357.527157,29967243186.73117,32730065426.306183,32730065426.306183,36814054290.81157,40803114593.02832,44564947196.017334,49393870963.16647,57213564846.24347,64352553378.26452,70286129168.43369,76207676855.44077,83853742495.45523,88936166817.15392,95716678268.06111,106086412205.80675,119320551600.84685,133221226285.55257,148741309815.56985,169770768938.55447,188163359824.00922,205505692246.92136,227769725954.03055,245137059389.7543,265775839811.72543,292421388269.1315,314723832031.0984,333793645145.1595,338756581735.3893,331402651947.07715,310225817598.45215,279930959603.1698,252590146568.07214,227915758344.68536,202652850740.4028,177564137920.82852,160215925547.4587,144562652682.00754,130438721862.69215,115978469972.4658,104647245371.70808,94423093928.43639,84574387227.28264,74648297572.64958,64451842780.91188,56472123322.086845,51709656344.4293,47349642991.58918,43999614817.6049,40289690565.802246,34786992726.66864,30931359707.292717,27301567497.577858,24097939787.200996,21426847490.998405,19333588280.697655,17444826447.96711,15285131978.62548,13481421226.003094,11956359530.3163,10746620902.805656,9788980884.711079,9157737878.358797,8231291967.808463,7448105291.659909,6829982866.476284,6347205972.987091,5859416928.162967,5445330122.481316,5094307949.893302,4797822511.446826,4370594213.096636,4061754930.6984367,3724755545.634797,3507977174.182674,3281894183.7272186,3111584221.1937428,2950065861.498743,2741583795.089216,2514137355.6663504,2305560258.4458823,2156970934.164979,1951832739.8863869,1801832467.0265524,1674496409.5669177,1535553181.9941714,1408138925.3872733,1299922058.8923802,1208037152.9359598,1085859809.2945418,950331697.9345646,871449423.6853985,788533208.3164209,718272032.9866207,658667418.1366689,616227153.691133,616319293.1273178,616372643.3081954,612316706.9339602,672319162.0716301,778661389.6324171,872210929.9848249,964055020.201422,1003460057.7107238,1016997811.2640756,1087193587.443139,1087202142.5855417,1209720891.6175966,1355047900.366159,1497711307.05479,1700188203.2751775,1904451349.03623,2235281401.453807,2454322251.543278,2296145477.1178417,2555103260.0418673,2749880539.6152987,2787067104.6942873,2750378276.2611313,2678169189.831598,2573343945.0754333,2423634200.4145885,2297916856.534612,2178754938.5155463,2079635852.1587913,2011584547.8273797,1894526531.9274592,1737312385.9317951,1561568829.258719,1431962090.328959,1313102089.5847712,1212169820.4997315,1104178460.4125297,1019321255.7129669,934727214.4165797,880326693.1446066,823591178.2077777,755252771.5997664,697227309.7529885,630912711.9578813,578562018.3312628,527026627.7094552,467448141.8337632
146.0816829066193,20619954583.540443,23023147016.22875,26279589082.6182,29558701048.307137,32283857851.031376,32283857851.031376,36312169870.8698,40246847485.42938,43957395186.21896,48720486443.18941,56433574775.63544,63475237783.82092,69327921390.2576,75168740872.14568,82710568027.9046,87723703877.25945,94411776906.97118,104640140707.61687,117693859649.065,131405027033.22124,146713525931.50037,167456291342.07135,185598136826.46674,202704041976.80096,224664551069.25107,241795116394.6638,262152529210.16156,288434820050.6277,310433215555.3085,329243050726.77344,334138327815.7671,326884653836.1998,305996522360.1055,276114672861.85187,249146595955.80054,224808592606.60028,199890093135.93054,175143413659.9557,158031708720.27567,142591836251.0484,128660456373.57043,114397340475.88673,103220593973.11456,93135827947.0525,83421388241.07509,73630620540.09734,63573173578.309265,55702241291.91176,51004700821.87796,46704127343.691216,43399769959.82441,39740422945.900406,34312743149.911198,30509673809.779934,26929366401.25788,23769413609.770176,21134736200.042747,19070014302.591335,17207001878.750668,15076750431.289614,13297629589.83734,11793358994.703304,10600112681.909027,9655528129.023407,9032890831.446987,8119075118.178129,7346565592.32549,6736870003.598552,6260674786.749375,5779535749.009004,5371094170.952468,5024857468.557016,4732414003.350447,4311010090.030127,4006381200.2954793,3673976113.364758,3460153072.1338787,3237152261.370643,3069164127.2367563,2909847740.397697,2704207901.0393305,2479862229.149859,2274128654.531512,2127565042.1224158,1925223488.0299366,1777268162.4432454,1651668071.982273,1514619051.459485,1388941827.9368622,1282200277.3319192,1191568034.3493469,1071056329.1828197,937375866.7402478,859568991.1456959,777783168.9772469,708479861.2310131,649687833.5336066,607826155.3892471,607917038.6924584,607969661.5526128,603969019.5846505,663153463.8302311,768045932.3730882,860320115.8624703,950912099.5444459,989779929.8709443,1003133123.8119326,1072371923.991241,1072380362.501755,1193228818.6939013,1336574590.5780997,1477293073.174773,1677009610.5710979,1878488045.644869,2204807906.1763444,2420862581.770546,2264842224.5126853,2520269647.111668,2712391536.4038687,2749071138.63935,2712882487.4274,2641657824.369738,2538261657.6701255,2390592899.523974,2266589454.7899976,2149052066.077911,2051284265.9654896,1984160702.1412997,1868698533.1411908,1713627680.8410914,1540280028.5229828,1412440212.6947768,1295200625.2323356,1195644361.4338367,1089125242.9174204,1005424892.8425096,921984118.4754096,868325237.1718963,812363195.0718062,744956443.0240144,687722039.8047589,622311506.0713049,570674507.2009552,519841696.344592,461075441.4062622
152.700612546193,20358920583.591164,22731690304.589638,25946908124.109444,29184508858.08264,31875167108.55149,31875167108.55149,35852483555.37242,39737350942.07345,43400925740.74457,48103719640.71099,55719165745.51663,62671686294.44623,68450279077.54785,74217157927.50284,81663510900.64812,86613184005.80803,93216590774.60121,103315470744.18407,116203938862.42139,129741532592.38937,144856236752.44797,165336413465.1053,183248596053.1025,200137952576.9083,221820457200.13904,238734161718.6975,258833864126.81686,284783439806.43616,306503351226.7903,325075067226.20276,329908373579.3142,322746525967.52783,302122823420.6332,272619256942.7815,245992576762.76102,221962675273.78952,197359626332.51886,172926222266.6767,156031139374.74463,140786724739.967,127031706250.65302,112949151283.85928,101913894464.50117,91956794423.5251,82365332634.08205,72698509107.91837,62768382291.239105,54997090424.9853,50359017485.48601,46112886217.27303,42850359654.21032,39237337378.02408,33878368158.571346,30123442978.88995,26588459722.761547,23468509692.36,20867185429.946785,18828601447.2755,16989173439.345161,14885889464.289326,13129291030.815973,11644063434.485022,10465922773.679039,9533295991.269154,8918540840.263206,8016293385.783895,7253563282.6121,6651586007.600743,6181419084.446747,5706370925.667542,5303099928.294576,4961246336.976763,4672504998.618854,4256435759.952768,3955663255.8985744,3627466181.604033,3416349988.41725,3196172209.7508917,3030310686.2464952,2873011131.8667693,2669974547.0208783,2448468932.216274,2245339798.73231,2100631577.7034016,1900851524.1713006,1754769208.066528,1630759125.6666398,1495445048.539156,1371358809.52747,1265968531.2447965,1176483628.1758146,1057497515.7215741,925509353.1182222,848687457.3827538,767936985.7148734,699511008.6900735,641463246.364,600131507.3737904,600221240.1588435,600273196.8509123,596323200.172736,654758411.3318127,758323015.619811,849429073.3933628,938874226.8159391,977250017.9782203,990434169.9549118,1058796456.0328301,1058804787.7177861,1178123388.1685088,1319654504.2512527,1458591590.6653988,1655779858.3508773,1854707719.3388646,2176896601.884316,2390216178.526209,2236170928.330952,2488364820.926384,2678054583.366094,2714269847.8529496,2678539319.2978835,2608216309.957142,2506129065.392332,2360329688.9875546,2237896039.912209,2121846591.1756833,2025316462.0690923,1959042634.9543066,1845042135.1200926,1691934369.823286,1520781175.8335454,1394559721.4010067,1278804303.9615273,1180508351.8506243,1075337689.8240006,992696926.8150407,910312453.4695392,857332855.5447896,802079253.205589,735525822.8292555,679015966.560213,614433483.790212,563450172.7010791,513260869.1760606,455238553.3442133
159.6194444644227,20363700629.395245,22737027450.064224,25953000166.602474,29191361052.85095,31882651039.645283,31882651039.645283,35860901315.67956,39746680825.59335,43411115790.46398,48115013853.59841,55732247979.58377,62686400902.221054,68466350433.980995,74234583282.29439,81682684575.45197,86633519808.2434,93238476982.75128,103339728055.88188,116231222241.62097,129771994446.49098,144890247369.2604,165375232597.29852,183291620764.50952,200184942719.46155,221872538151.1573,238790213817.4976,258894635409.90598,284850303758.3303,306575314769.8452,325151391199.50604,329985832358.64307,322822303225.5066,302193758464.978,272683264881.21368,246050333055.8593,222014789616.01352,197405964155.28662,172966823400.6989,156067773733.13373,140819779881.08322,127061531867.97665,112975670475.50563,101937822701.83636,91978384845.64676,82384671088.74338,72715577901.03033,62783119602.14751,55010003123.88028,50370841216.96729,46123713004.841255,42860420437.19867,39246549863.977196,33886322418.764103,30130515624.840137,26594702394.36159,23474019834.748074,20872084810.626022,18833022191.340748,16993162306.381607,14889384503.880527,13132373640.831802,11646797329.748964,10468380054.753187,9535534302.05361,8920634813.445478,8018175521.401335,7255266337.771204,6653147725.2593775,6182870412.194531,5707710717.445195,5304345036.573121,4962411181.873068,4673602050.293156,4257435123.244705,3956592001.1859813,3628317869.905956,3417152109.009074,3196922635.0741596,3031022169.147634,2873685682.5999265,2670601427.0451946,2449043805.2110286,2245866979.2888427,2101124782.395551,1901297822.751571,1755181208.16033,1631142009.5864477,1495796162.2340178,1371680789.1676211,1266265766.4317522,1176759853.312965,1057745804.2564253,925726652.3154879,848886719.6620569,768117288.6907259,699675246.0153419,641613854.7268877,600272411.5087585,600362165.3620615,600414134.2529777,596463210.159963,654912141.2500529,758501061.3435059,849628509.7957724,939094663.9353838,977479465.3022468,990666712.769688,1059045049.5442717,1059053383.1854137,1178399998.3028812,1319964344.3014646,1458934051.5824304,1656168616.8575914,1855143183.8722234,2177407712.747244,2390777374.428914,2236695956.1397343,2488949061.0275455,2678683360.492158,2714907127.916208,2679168210.234498,2608828689.841299,2506717476.338498,2360883867.878315,2238421472.7578077,2122344776.9146283,2025791983.618317,1959502596.1535645,1845475330.2828777,1692331617.003069,1521138238.1664238,1394887148.354585,1279104552.8436964,1180785521.9476721,1075590167.0312824,992930000.8997037,910526184.605517,857534147.6664431,802267572.4022323,735698516.0282282,679175391.8798674,614577745.8685486,563582464.4708107,513381377.0612419,455345438.24156505
166.85176716906471,20368697258.046825,22742606420.452576,25959368238.230858,29198523719.090733,31890474066.04762,31890474066.04762,35869700482.89609,39756433444.12929,43421767549.144936,48126819804.84311,55745922966.86332,62701782225.70998,68483149980.118195,74252798176.16446,81702727005.33813,86654777021.51414,93261354850.28625,103365084461.15651,116259741824.86522,129803836520.6515,144925798999.80707,165415810616.02386,183336594916.3385,200234061975.26926,221926978878.8669,238848805624.84103,258958160226.76373,284920197301.50665,306650538965.5611,325231173395.6272,330066800778.6069,322901513934.7495,302267907560.9284,272750173005.57224,246110706274.1781,222069265247.87726,197454401534.8397,173009264163.3729,156106067986.42368,140854332743.5353,127092708877.60764,113003391246.02286,101962835122.45976,92000953525.152,82404885764.62692,72733420077.4878,62798524657.44413,55023500894.38548,50383200679.17944,46135030351.82605,42870937072.10078,39256179765.68784,33894637084.775726,30137908730.85745,26601227920.06943,23479779640.50286,20877206181.190296,18837643238.36897,16997331908.125725,14893037902.964046,13135595923.244572,11649655097.219429,10470948674.704401,9537874030.21839,8922823664.102356,8020142936.178872,7257046557.993349,6654780204.009296,6184387499.290477,5709111214.900188,5305646560.440022,4963628805.641141,4674748809.142914,4258479767.4725003,3957562827.7226467,3629208148.021694,3417990573.5124283,3197707062.007457,3031765889.1860275,2874390797.0817504,2671256710.86861,2449644725.5775566,2246418046.283029,2101640334.086244,1901764343.024543,1755611875.8897872,1631542241.8943286,1496163184.8148913,1372017357.6360302,1266576469.281112,1177048594.1516807,1058005342.6913993,925953797.2926544,849095010.4723866,768305761.1556424,699846924.8985009,641771287.1223115,600419699.9797827,600509475.8559333,600561457.4984242,596609563.9696039,655072836.637831,758687174.2806549,849836982.6186894,939325089.0133084,977719308.8351855,990909792.0493964,1059304906.7742602,1059313242.4602224,1178689141.5829608,1320288223.1377246,1459292029.3299708,1656574989.928648,1855598379.2099478,2177941981.9334626,2391363997.997293,2237244772.845632,2489559772.922057,2679340627.3745937,2715573283.0020933,2679825596.084216,2609468816.5263233,2507332548.0581055,2361463156.4954467,2238970712.8526525,2122865535.342276,2026289050.9466822,1959983398.0958526,1845928153.425335,1692746863.3671448,1521511478.916824,1395229410.9530206,1279418405.938152,1181075250.5622158,1075854083.926534,993173635.5210233,910749599.8533057,857744560.2908435,802464424.3011798,735879033.9189106,679342040.7264733,614728544.430633,563720750.3521813,513507345.13278717,455457166.0706316
174.4117848602391,20373920282.868145,22748438172.78954,25966024845.815346,29206010924.1976,31898651552.093998,31898651552.093998,35878898338.487045,39766627951.7139,43432901936.72121,48139160681.19996,55760217564.87588,62717860473.65862,68500710710.07832,74271838382.9589,81723677553.41258,86676997394.54712,93285269309.07967,103391589759.70157,116289553624.29346,129837121352.34499,144962961467.0889,165458227216.05188,183383606837.31577,200285406813.99512,221983886304.24225,238910052214.37576,259024563339.41312,284993257706.0945,306729171553.40894,325314570505.89856,330151437860.268,322984313664.195,302345416336.4715,272820112722.6577,246173814990.0364,222126209158.90637,197505033601.64447,173053627907.87732,156146097344.09552,140890451188.75494,127125298510.84077,113032368038.69124,101988980850.48302,92024544786.6725,82426016363.12785,72752070679.1238,62814627712.483574,55037610245.96975,50396120145.966705,46146860485.36906,42881930213.46883,39266245996.174194,33903328486.516384,30145636816.91861,26608049115.94386,23485800421.817833,20882559599.95354,18842473664.044346,17001690433.628248,14896856836.774422,13138964206.580555,11652642349.519453,10473633678.273254,9540319770.963188,8925111691.111813,8022199494.096911,7258907439.610945,6656486650.020331,6185973325.27651,5710575168.593706,5307007056.073457,4964901599.680309,4675947527.389557,4259571744.3056183,3958577642.2009254,3630138764.4474144,3418867028.662128,3198527031.1564198,3032543307.019433,2875127860.1491203,2671941685.461154,2450272873.516672,2246994082.004222,2102179245.3131802,1902252001.230764,1756062057.0814567,1631960608.6420145,1496546837.1099813,1372369175.949368,1266901250.0097637,1177350417.775709,1058276640.7570517,926191234.1598917,849312738.8945421,768502773.2674156,700026382.5149386,641935852.745718,600573662.0597564,600663460.956605,600715455.9284418,596762549.0388881,655240813.0990736,758881719.9549651,850054901.300383,939565954.6019639,977970019.6270262,991163885.1989973,1059576538.07946,1059584875.9028932,1178991385.882884,1320626776.85441,1459666226.9722738,1656999775.676168,1856074199.3505406,2178500458.741622,2391977201.3534093,2237818456.3184586,2490198156.041183,2680027674.878136,2716269621.431672,2680512767.945422,2610137947.213795,2507975488.5450644,2362068692.555252,2239544838.8980885,2123409889.2222981,2026808640.2888076,1960485985.070755,1846401493.8870037,1693180924.4546838,1521901631.1253638,1395587181.3961926,1279746479.6488273,1181378106.7179818,1076129958.8395576,993428309.1746442,910983137.997929,857964506.6660091,802670195.5173382,736067731.0364021,679516240.396483,614886175.6431382,563865301.9371,513639020.79056644,455573956.26360756
182.31434532731924,20306639567.213062,22673316096.181263,25880277345.57539,29109564030.859047,31793312762.35398,31793312762.35398,35760415595.666115,39635306774.90384,43289473637.95945,47980190922.965,55576080820.90314,62510747533.27025,68274501086.42867,74026570787.42276,81453801779.11783,86390764291.90549,92977213736.46269,103050160125.38626,115905531095.37294,129408360744.573,144484250857.86038,164911835172.51974,182778019884.18533,199624005114.24243,221250829802.24915,238121100502.23566,258169187557.44473,284052125608.3381,305716261034.0841,324240285497.7715,329061180084.3764,321917723853.93823,301346982274.5077,271919179953.00732,245360876183.06573,221392682664.71826,196852813517.2568,172482153602.9474,155630456709.88275,140425189213.9686,126705493144.81767,112659101700.73337,101652183045.972,91720652499.61539,82153821258.18422,72511821806.41193,62607195218.02855,54855859765.2629,50229697239.49684,45994469892.1212,42740321386.430305,39136577228.69932,33791369660.134785,30046087000.743767,26520181461.51844,23408243356.79677,20813599206.7112,18780250238.4479,16945545819.148603,14847663005.883062,13095575457.507626,11614161875.184448,10439046639.56888,9508814811.050861,8895638330.386805,7995707816.717351,7234936378.537261,6634504960.716363,6165545410.247423,5691717159.000523,5289481747.84795,4948506024.938397,4660506164.527599,4245505377.5307364,3945505247.0484114,3618150971.690385,3407576917.715175,3187964548.104041,3022528951.3569713,2865633336.8887467,2663118143.094709,2442181347.1834188,2239573842.413067,2095237227.1793966,1895970202.0373738,1750263020.3573105,1626571391.6358664,1491604796.461242,1367837206.695592,1262717567.066985,1173462458.188895,1054781898.0289642,923132676.5429691,846508056.8257775,765964949.6256975,697714688.1851711,639815990.5406175,598590390.0519166,598679892.4062264,598731715.6752751,594791862.45437,653077013.976487,756375667.8792111,847247768.391667,936463229.6990926,974740473.1334609,987890768.655799,1056077502.7056316,1056085812.9951038,1175098007.3336375,1316265676.318705,1454845977.0152335,1651527871.9286335,1849944892.9280431,2171306405.3692675,2384078184.585732,2230428517.3593936,2481974784.606757,2671177430.181103,2707299695.099147,2671660921.327489,2601518499.0855575,2499693411.0964456,2354268442.53684,2232149198.9127192,2116397761.2178473,2020115518.2032564,1954011880.0248928,1840304129.6011631,1687589539.8439062,1516875861.441517,1390978539.4156725,1275520377.9554658,1177476846.510045,1072576259.1704036,990147714.8331867,907974802.0162797,855131253.8990545,800019540.9334575,733637017.5052227,677272276.6271946,612855639.478801,562003251.8004214,511942832.7017074,454069516.20564747
190.57496910982212,20175581779.72362,22526983925.721504,25713247646.87524,28921692716.94523,31588120701.21544,31588120701.21544,35529620099.83045,39379502972.64543,43010086070.27278,47670529757.96172,55217396255.41342,62107307060.5665,67833861707.14014,73548807908.4039,80928104013.69283,85833203677.79483,92377144587.70465,102385080807.7688,115157484013.8817,128573167241.20264,143551758498.3134,163847504455.61325,181598381923.48602,198335644213.6878,219822890721.62927,236584281744.84946,256502979694.38428,282218870874.55096,303743187319.05334,322147658882.145,326937439715.23364,319840086906.56,299402107612.563,270164230495.09097,243777332364.1789,219963828074.55563,195582337714.73663,171368964522.21368,154626027431.7219,139518893785.55692,125887743780.65749,111932006872.43471,100996126185.388,91128693118.84735,81623605610.62407,72043835023.0093,62203132277.97212,54501823461.62583,49905517900.77939,45697624447.021385,42464478013.18517,38883992195.88155,33573282264.175613,29852171425.88959,26349021861.493973,23257168011.553062,20679269533.271397,18659043672.654366,16836180321.449795,14751837113.248333,13011057428.826353,11539204797.531704,10371673682.484936,9447445512.27258,8838226434.438787,7944104016.275501,7188242549.592321,6591686278.759595,6125753364.032285,5654983170.818711,5255343761.966819,4916568675.144011,4630427547.901633,4218105150.1463847,3920041201.828392,3594799650.582675,3385584628.441627,3167389623.391048,3003021737.6854777,2847138717.7448187,2645930544.4030714,2426419660.8172207,2225119772.2684536,2081714696.5632036,1883733728.39522,1738966931.7940912,1616073601.1434598,1481978071.9711654,1359009270.524178,1254568066.505058,1165889004.542706,1047974401.3290776,917174835.7221637,841044746.5300307,761021459.529262,693211681.0268584,635686657.9721698,594727124.9423457,594816049.6540332,594867538.4589299,590953112.80542,648862095.5884066,751494066.4101453,841779684.043528,930419354.3181685,968449558.8065261,981514983.1402912,1049261644.2538253,1049269900.9092064,1167513997.9550962,1307770579.5935357,1445456491.6572824,1640869013.8661907,1838005463.7653768,2157292929.0130506,2368691492.4134765,2216033470.573295,2465956273.872941,2653937817.352376,2689826951.4215856,2654418188.077005,2584728460.6612043,2483560545.4504137,2339074140.583834,2217743046.9550037,2102738661.83241,2007077818.4197693,1941400809.0066419,1828426921.3247812,1676697942.0219123,1507086039.0714169,1382001250.5236468,1267288248.849159,1169877484.2515643,1065653918.7715747,983757363.1275661,902114789.1739506,849612290.0262712,794856264.6249367,728902169.8699777,672901203.5203469,608900307.3375735,558376117.8032357,508638785.53265774,451138979.8181106
199.2098799795729,20038585792.065273,22374021476.085007,25538649868.444504,28725308994.197212,31373631431.910538,31373631431.910538,35288367309.708,39112108755.11391,42718039511.97282,47346837912.160675,54842459769.39173,61685586786.79904,67373257052.32968,73049397696.07326,80378586995.56076,85250380112.15485,91749886434.8533,101689866889.28658,114375543079.98567,127700131299.79189,142577015110.47543,162734949142.7939,180365294820.45297,196988907957.7739,218330252028.32584,234977830060.03854,254761276311.34436,280302551762.9931,301680714058.27783,319960215804.5562,324717473126.64716,317668312675.8643,297369111097.905,268329764654.61493,242122038515.37836,218470232390.16898,194254296926.80322,170205337083.6085,153576087678.95676,138571534306.17072,125032942368.65337,111171967533.8179,100310343529.52724,90509912185.8297,81069366006.08879,71554643859.085,61780761332.9901,54131745849.20177,49566650065.9351,45387328998.63675,42176136236.01475,38619962589.54188,33345313375.202324,29649469578.03774,26170107056.798008,23099247474.903114,20538853411.21385,18532345263.42859,16721859496.567854,14651669370.024412,12922709906.440012,11460851430.809034,10301248071.203178,9383295583.763308,8778213217.83103,7890162058.732347,7139433033.298776,6546927491.530954,6084158348.759889,5616584773.531539,5219658991.286334,4883184250.898145,4598986075.624351,4189463424.351304,3893423386.1951585,3570390286.1369667,3362595873.2702436,3145882453.2636743,2982630656.3572965,2827806111.3845015,2627964179.3106813,2409943815.8311114,2210010791.313743,2067579462.9926312,1870942822.7636313,1727159019.8871458,1605100158.0212526,1471915162.664543,1349781342.463168,1246049313.825112,1157972399.3403788,1040858458.4175811,910947046.414922,835333894.819596,755853980.9595886,688504643.5825146,631370226.2330041,590688816.121404,590777137.0176061,590828276.2038522,586940430.2353482,644456200.1545243,746391280.6282398,836063841.9694136,924101632.24339,961873604.5042156,974850312.1541041,1042136960.7212275,1042145161.3123686,1159586358.742454,1298890571.8625069,1435641570.7368472,1629727205.2369843,1825525061.6347656,2142644505.0565464,2352607632.5276003,2200986187.3127813,2449211967.8623433,2635917081.3735294,2671562521.4852757,2636394190.290762,2567177669.2063184,2466696703.1311193,2323191388.0766706,2202684155.3499355,2088460671.5910263,1993449383.2626765,1928218333.072398,1816011559.295432,1665312848.2446983,1496852641.9548988,1372617202.6023703,1258683123.7432554,1161933796.5232937,1058417928.6178324,977077465.960324,895989260.4098535,843843263.0871919,789459041.3771713,723952787.3065462,668332078.030969,604765759.9475688,554584639.1446044,505185032.69686985,448075661.4570275
208.23603680400907,19895382545.66529,22214128330.748024,25356141102.218,28520027167.201183,31149423699.936504,31149423699.936504,35036183407.54329,38832598963.0856,42412760386.91702,47008479658.43201,54450534991.81352,61244758458.11252,66891782499.65669,72527359314.41345,79804171479.50346,84641148936.08417,91094207349.9798,100963152977.65445,113558172570.52087,126787538287.6106,141558106309.34018,161571984187.99097,179076336805.9405,195581151371.7023,216769982196.801,233298590394.83493,252940656722.54916,278299404644.5695,299524790577.5641,317673660151.5023,322396920329.30615,315398135821.7871,295243999948.33685,266412179561.38452,240391743658.23764,216908962206.50067,192866082896.34607,168988985935.98273,152478575381.76944,137581250172.4906,124139410088.48505,110377490976.20474,99593488208.9979,89863094421.79765,80490013924.25389,71043287548.71739,61339252851.316216,53744900099.73905,49212428202.363045,45062974130.21073,41874729754.92481,38343969858.515015,33107015264.89134,29437583353.048065,25983085660.77451,22934171592.696274,20392075064.860493,18399906176.5256,16602358819.693686,14546963047.89476,12830359376.812307,11378947889.889017,10227631490.618336,9316239035.787872,8715480815.28382,7833776002.69241,7088411968.317808,6500140693.277769,6040678672.289957,5576446553.120351,5182357351.319854,4848287185.568575,4566119996.999257,4159523948.119471,3865599523.059391,3544874938.6371336,3338565502.5454717,3123400797.88266,2961315659.518967,2807597548.787219,2609183762.079383,2392721453.8515935,2194217225.6809616,2052803765.0285702,1857572363.948389,1714816094.0308318,1593629510.5508718,1461396305.1011322,1340135298.966057,1237144578.2930827,1149697094.458695,1033420093.6629535,904437077.3133726,829364285.6462047,750452365.0471214,683584331.2837536,626858217.8999281,586467532.3961703,586555222.1181371,586605995.8445866,582745933.8809006,639850674.5459623,741057288.7198422,830089016.3200374,917497655.5399452,954999695.126539,967883666.3586816,1034689459.3098363,1034697601.2964787,1151299519.901821,1289608212.890713,1425381937.8600752,1618080563.6546867,1812479175.1673615,2127332364.1605217,2335795016.4089155,2185257114.883453,2431708980.9470463,2617079829.722601,2652470534.1560755,2617553529.040646,2548831655.164676,2449068763.742683,2306588991.4687824,2186942948.604457,2073535748.6820986,1979203446.63923,1914438561.9882894,1803033659.882292,1653411898.316651,1486155571.8155873,1362807965.4876955,1249688102.269221,1153630182.0122397,1050854077.3062278,970094904.0888575,889586185.2546688,837812842.7780555,783817271.1046506,718779149.2834646,663555926.4481972,600443877.1044024,550621369.403258,501574791.0627762,444873544.79972965
217.67116685320545,19602817147.076473,21887465332.714622,24983274206.534157,28100634722.909935,30691365477.649673,30691365477.649673,34520969641.72947,38261558181.74862,41789072648.34907,46317210990.60135,53649829479.53246,60344142592.665016,65908126067.59716,71460830649.39722,78630635902.37337,83396484682.02104,89754649639.9781,99478470538.10384,111888277963.32465,124923103331.9082,139476467331.00882,159196037314.57715,176442985085.4997,192705093202.1152,213582338224.74197,229867890083.72458,249221116076.1959,274206958768.74954,295120221349.4318,313002208331.45966,317656012066.6248,310760146021.43634,290902380563.65894,262494537599.8192,236856737174.22528,213719274506.86618,190029950327.0265,166503970635.8747,150236348820.88626,135558091622.87868,122313916363.50856,108754368899.08124,98128946951.35495,88541640462.43832,79306392903.03862,69998582442.34189,60437247427.776596,52954571083.2597,48488750050.435036,44400314492.5917,41258953859.51647,37780114461.445595,32620170284.91535,29004698069.872017,25600999425.666252,22596920221.031475,20092205707.95266,18129332043.44843,16358217963.670965,14333047179.094772,12641686492.714752,11211618288.797626,10077232216.977617,9179241962.190622,8587318006.010657,7718578831.015882,6984175517.065231,6404554883.432332,5951849339.179671,5494443841.949645,5106149797.097735,4776992196.911623,4498974330.719142,4098357354.3619432,3808755144.085889,3492746875.9075303,3289471259.460415,3077470592.8570585,2917768947.3969007,2766311290.829998,2570815216.7351494,2357536028.074967,2161950842.4762983,2022616893.760239,1830256407.7048366,1689599395.990213,1570194884.3562226,1439906193.4374437,1320428353.5476906,1218952131.0843122,1132790579.1944284,1018223453.8939903,891137157.4241548,817168325.4907023,739416819.7492117,673532093.1882023,617640148.1313462,577843415.3689624,577929815.5968269,577979842.6859355,574176543.6703553,630441548.2219929,730159899.812952,817882398.861617,904005677.3544927,940956242.2893995,953650752.264877,1019474153.2766991,1019482175.5338739,1134369440.6654916,1270644277.9192796,1404421424.3422194,1594286380.0561616,1785826322.8736367,2096049535.6135979,2301446704.7627873,2153122491.8186545,2395950236.1413183,2578595171.196225,2613465448.564517,2579061904.675364,2511350599.0745273,2413054740.016765,2272670159.9951615,2154783535.032946,2043044009.6361701,1950098882.1039517,1886286377.4461563,1776519705.6940906,1629098160.6967683,1464301370.4080377,1342767614.1796584,1231311200.1456802,1136665829.944627,1035401067.4794444,955829473.3220801,876504650.5683783,825492644.9770039,772291088.4934248,708209364.6701365,653798209.8694031,591614235.2600168,542524377.0463011,494199038.00386566,438331594.39203
227.53380061603147,19276433975.58206,21523043204.11609,24567307449.885647,27632764507.468113,30180360088.63173,30180360088.63173,33946202072.854286,37624510526.20083,41093292548.8641,45546038250.25149,52756570038.081436,59339424113.033516,64810768322.95258,70271021431.16176,77321450792.40225,82007949097.68222,88260251820.21193,97822172952.60695,110025359448.0558,122843157457.16574,137154210717.85051,156545453617.43628,173505242993.2242,189496590107.354,210026232977.1154,226040633499.76755,245071631965.9257,269641465137.02786,290206525879.3639,307790781184.3564,312367099973.80176,305586048784.7201,286058911339.24695,258124053549.54248,232913117617.4683,210160889296.2263,186865987851.56616,163731711240.97165,147734942230.49655,133301075218.87657,120277412954.78407,106943629372.7755,96495118676.51608,87067439014.4205,77985956567.72668,68833119378.22043,59430978770.37538,52072887561.67167,47681421598.38033,43661057713.7974,40572000136.88692,37151082752.13399,32077050663.26106,28521775371.91202,25174747661.785378,22220685803.6816,19757674310.13988,17827482118.255486,16085856750.539103,14094404673.765396,12431204820.638058,11024946979.912401,9909448220.106874,9026409332.010159,8444340796.94911,7590065963.737909,6867890325.0731535,6297920264.582335,5852752181.408749,5402962398.579609,5021133375.611048,4697456186.769092,4424067265.091023,4030120485.079429,3745340096.440157,3434593305.7327504,3234702189.578919,3026231293.6919756,2869188650.2082725,2720252734.7730927,2528011633.0732346,2318283502.2781734,2125954772.7640598,1988940707.7533667,1799782987.149375,1661467887.8870227,1544051438.627203,1415932029.594435,1298443472.9803424,1198656810.2914786,1113929831.8282464,1001270227.340965,876299893.4995668,803562628.5279974,727105670.5467588,662317912.1330667,607356557.3149389,568222432.5724458,568307394.252974,568356588.4005783,564616613.5891435,619944816.5325259,718002876.5641515,804264812.7133054,888954155.0242995,925289500.0914966,937772648.8939712,1002500102.8171889,1002507991.5053097,1115482405.556563,1249488292.728122,1381038075.1453986,1567741815.5127597,1756092654.7674363,2061150710.1075413,2263128055.515076,2117273412.4632149,2356058121.0974755,2535662052.7744823,2569951746.666789,2536121015.2300987,2469537089.96966,2372877838.241514,2234830634.736387,2118906799.6243892,2009027716.0409834,1917630107.177705,1854880068.5672612,1746940990.991177,1601973986.6367545,1439921031.5153358,1320410789.1780384,1210810103.207168,1117740560.391624,1018161836.9322656,939915094.6605815,861911015.0956947,811748349.6804941,759432588.9783719,696417813.650259,642912594.2125552,581763970.935422,533491449.5101786,485970718.15764177,431033456.840142
237.8433081938228,18935262452.771603,21142109187.234898,24132493328.941525,27143695193.173893,29646201155.322304,29646201155.322304,33345391909.02949,36958598378.36881,40365986802.68973,44739923838.86682,51822837203.421844,58289182055.14127,63663689534.87038,69027302213.10074,75952946786.62122,80556499264.60312,86698143156.58258,96090828879.676,108078032495.45602,120668969682.10345,134726733156.92046,153774772542.95078,170434392438.4701,186142710427.3152,206309001365.412,222039964742.99207,240734135622.91064,264869109970.60162,285070191924.17206,302343225393.866,306838548411.36316,300177514314.8291,280995985565.80054,253555543806.76233,228790813506.61765,206441274416.8757,183558666916.71082,160833841369.0231,145120197445.39053,130941793886.95053,118148636014.53328,105050845627.90831,94787261993.8773,85526441815.80045,76605691546.00406,67614849433.280975,58379116296.49202,51151255149.31482,46837513267.76827,42888305369.32329,39853920688.80529,36493549751.33838,31509322408.34027,28016971550.353565,24729182522.142845,21827404285.78582,19407985366.628746,17511955437.86087,15801154909.407896,13844949327.836449,12211186269.26086,10829817634.162773,9734061966.417639,8866651888.220848,8294885321.290334,7455730206.078558,6746336276.0375,6186454054.082603,5749164952.728753,5307335950.682344,4932264878.348452,4614316417.110165,4345766176.427065,3958791817.923156,3679051726.6221623,3373804809.798504,3177451544.9184546,2972670352.900053,2818407190.200575,2672107275.445529,2483268628.23994,2277252452.978261,2088327728.8736365,1953738661.0001402,1767928822.4614499,1632061747.200985,1516723438.9940023,1390871601.5430245,1275462462.2020445,1177441912.8777616,1094214508.054656,983548853.7383884,860790356.3371124,789340460.3616371,714236705.8212919,650595618.9457834,596607019.2099898,558165525.1142836,558248983.0672052,558297306.5329046,554623525.1316881,608972480.1873921,705295021.2061543,790030216.6648949,873220651.4539554,908912901.1735314,921175112.0737051,984756961.7814023,984764710.8484842,1095739602.9482546,1227373734.3972669,1356595231.4247487,1539994522.4579523,1725011760.5531745,2024670626.322334,2223073196.5098677,2079800019.0310483,2314358502.899266,2490783643.989248,2524466448.293119,2491234483.317936,2425829019.7586904,2330880529.686336,2195276608.725025,2081404497.0492854,1973470151.497751,1883690179.0415287,1822050746.5865731,1716022071.0855844,1573620822.0827749,1414436024.710074,1297040981.2431338,1189380105.9748611,1097957790.9448023,1000141500.5560617,923279638.9241062,846656145.1379111,797381303.3196275,745991473.6153414,684091989.9892873,631533753.6511024,571467393.2524481,524049241.9698055,477369574.9085763,423404642.2451455
248.6199373430412,18578632521.627014,20743915131.963623,23677977873.678425,26632466253.416874,29087839595.60842,29087839595.60842,32717359165.87805,36262513894.31409,39605726989.55365,43897284556.84653,50846797134.81067,57191353755.44655,62464636853.56422,67727230344.71469,74522436158.61685,79039284551.70222,85065255685.3149,94281037979.10309,106042472577.38075,118396269926.48329,132189267109.70145,150878552504.7785,167224402305.42575,182636867180.18103,202423342788.72363,217858026545.13782,236200108253.3145,259880520417.81625,279701131781.97095,296648842021.9331,301059499366.4721,294523920311.1408,275703659714.27423,248780035869.9341,224481728682.95114,202553124587.19556,180101491981.49265,157804669636.325,142386979136.33752,128475614025.20708,115923404648.88493,103072300258.57922,93002022692.20007,83915622365.4819,75162887012.95485,66341379939.10908,57279594160.106064,50187863770.53889,45955367632.16748,42080539782.29118,39103305215.34455,35806224071.67046,30915870508.271446,27489295176.191658,24263428921.835976,21416303266.884144,19042452092.283085,17182132311.427395,15503553289.07639,13584191213.825518,11981198724.632828,10625847019.7172,9550728999.288229,8699655869.007158,8138658050.167876,7315307724.126783,6619274639.178627,6069937333.55446,5640884208.992325,5207376688.994053,4839369768.584878,4527409602.366095,4263917282.2733507,3884231264.1963143,3609759845.0221467,3310262000.185235,3117606885.8594146,2916682577.398418,2765324833.1598077,2621780355.7088757,2436498327.4790382,2234362295.6577525,2048995811.715734,1916941617.078258,1734631352.4213302,1601323220.6038625,1488157213.573945,1364675690.8855171,1251440186.7671428,1155265773.0242105,1073605887.2004026,965024528.5086253,844578085.3809472,774473888.8139474,700784651.0714141,638342191.1749078,585370421.8450509,547652941.3417963,547734827.4335369,547782240.7669216,544177651.9851062,597502989.6419156,692011375.6545419,775150654.1304919,856774266.2201202,891794282.0801634,903825544.4291927,966209882.8407111,966217485.9605548,1075102258.1991913,1204257170.1838825,1331044887.711225,1510990005.5215185,1692522597.7055984,1986537637.785377,2181203460.456399,2040628714.200626,2270769483.9674444,2443871804.1524596,2476920220.831147,2444314152.2970862,2380140546.285302,2286980332.111486,2153930398.3006563,2042202973.2088761,1936301481.3512468,1848212440.0598335,1787733935.0864499,1683702221.5677724,1543982981.7398262,1387796297.726678,1272612292.336065,1166979120.1761942,1077278668.4683666,981304666.6136861,905890434.2654449,830710080.3026975,782363289.1775928,731941344.2055453,671207685.9087417,619639340.2706789,560704279.8488011,514179210.0361994,468378715.7084573,415430167.70132494
259.88485324163975,18112305332.459644,20223238939.86206,23083656151.98302,25963986314.75112,28357729321.788143,28357729321.788143,31896147264.569237,35352317938.99857,38611615753.40809,42795454414.308044,49570532912.541466,55755839962.3615,60896762657.636475,66027264057.10033,72651908920.22627,77055383564.59302,82930101683.35272,91914566099.03348,103380786465.02542,115424501164.79173,128871291510.71138,147091472308.57507,163027038188.5293,178052647280.71725,197342478610.23022,212389748885.94614,230271440875.10052,253357470216.7469,272680580487.9516,289202899996.3933,293502849007.61096,287131314222.3252,268783445725.00186,242535609929.91217,218847194847.68127,197469002861.02115,175580910478.90833,153843742590.51962,138813039037.28085,125250851820.8207,113013705273.23404,100485166033.03026,90667654337.66977,81809324377.22186,73276284337.02301,64676198758.714005,55841865516.17945,48928138900.30498,44801879215.29314,41024310277.10675,38121804860.73027,34907481077.17924,30139876312.896618,26799308669.553818,23654412268.133892,20878750005.459957,18564482944.19258,16750857541.588305,15114411170.086445,13243225445.840107,11680468371.222275,10359136250.37188,9311003895.540533,8481292861.751649,7934376194.239504,7131692117.062305,6453129594.153286,5917580758.76977,5499296948.760127,5076670549.482037,4717900672.358408,4413770765.297593,4156892152.2606835,3786736325.028959,3519154190.373513,3227173798.071491,3039354363.542754,2843473293.2151847,2695914656.975904,2555973173.050586,2375341758.76271,2178279379.5603104,1997565629.414597,1868826020.0315185,1691091777.4889667,1561129704.9862103,1450804186.130335,1330422073.0094502,1220028801.455179,1126268383.6819906,1046658176.432729,940802230.3748343,823379015.7438475,755034447.7660817,683194823.824153,622319681.477759,570677513.5740597,533906748.96311224,533986579.69846696,534032802.9482188,530518690.0263879,582505551.6251798,674641759.2791077,755694226.1452172,835269070.1378858,869410076.9782073,881139352.3673873,941957832.0890566,941965244.3691545,1048116988.2365121,1174030087.509591,1297635409.3537939,1473063870.6827674,1650039960.4785833,1936675167.4595733,2126454841.1738591,1989408547.6291811,2213772740.559505,2382530159.777441,2414749054.948652,2382961404.8999977,2320398568.533147,2229576693.3499603,2099866338.0350556,1990943292.4386609,1887699948.0506644,1801821958.3516684,1742861475.288479,1641440977.4495862,1505228716.959636,1352962348.2472203,1240669483.171069,1137687723.605683,1050238770.1964122,956673733.9351864,883152413.0783175,809859100.2152442,762725822.6888603,713569478.0694653,654360246.0795187,604086275.667588,546630496.4058254,501273214.642547,456622321.38245445,405002791.9418888
271.6601800572333,17553645456.482204,19599468969.63314,22371658852.563522,25163147486.770245,27483057365.06486,27483057365.06486,30912335576.99525,34261903373.166275,37420670698.532616,41475462131.8983,48041568638.76531,54036094735.752014,59018449695.85278,63990704796.85181,70411017676.29614,74678670593.19437,80372187631.50702,89079533277.15508,100192087054.05109,111864322804.17639,124896357430.76292,142554551018.38562,157998596846.3799,172560752791.227,191255604377.3906,205838753383.52057,223168898584.70062,245542857427.75055,264269961492.70703,280282662992.9483,284449983443.791,278274973660.022,260493030800.04944,235054788947.9065,212097024480.77014,191378226086.7349,170165254775.69073,149098552810.5363,134531459539.30054,121387587368.28917,109527886024.23167,97385779766.99928,87871081532.73412,79285979823.81099,71016134722.25005,62681312049.70506,54119466898.72078,47418988766.83936,43420000330.935074,39758947548.79655,36945967639.3157,33830787156.040848,29210235427.660305,25972704977.599556,22924810443.215874,20234761309.680267,17991876003.837982,16234190456.701618,14648218992.185152,12834748526.457827,11320193470.161999,10039616803.971277,9023813270.933184,8219694024.314697,7689646573.174187,6911720657.852906,6254087864.646042,5735057613.753207,5329675440.345536,4920084621.43514,4572380720.253245,4277631462.040875,4028676068.6861815,3669937408.1120334,3410608634.8822308,3127634149.159034,2945607858.0250216,2755768585.9361014,2612761280.292661,2477136181.8643193,2302076202.1150846,2111092057.6986084,1935952281.6766033,1811183544.741354,1638931375.7434556,1512977881.606262,1406055266.9942055,1289386245.8928933,1182397968.3613722,1091529517.259643,1014374824.5178971,911783922.2305597,797982534.712053,731746001.419511,662122214.4273789,603124718.181197,553075412.5104785,517438813.3423105,517516181.76114094,517560979.29094714,514155256.4306265,564538623.9893092,653832962.4611442,732385429.4511508,809505849.6882637,842593803.9051305,853961298.9789975,912903880.314747,912911063.9688691,1015788640.4138473,1137818048.7302723,1257610861.2056162,1427628369.006034,1599145769.885033,1876939938.3431246,2060866006.619882,1928046798.6918333,2145490653.7692165,2309042882.5290613,2340268011.10623,2309460826.233479,2248827691.5674305,2160807146.0104046,2035097605.041498,1929534205.4993758,1829475321.229105,1746246170.8795898,1689104277.7502074,1590812015.7545292,1458801115.7846863,1311231283.9900734,1202402004.4114661,1102596636.5847745,1017844977.6705577,927165881.6910387,855912268.4085329,784879630.3917854,739200141.9051715,691559986.2459614,634177016.6556965,585453707.4964164,529770106.7578945,485811834.8356846,442538163.4163845,392510797.9431301
283.9690443987135,17019780225.039757,19003383383.675365,21691261674.62776,24397851777.10418,26647205415.26214,26647205415.26214,29972187775.32338,33219883980.708992,36282582597.53213,40214054224.05819,46580463410.00946,52392675863.36645,57223500698.82747,62044532845.77592,68269582477.49116,72407441755.92017,77927799845.6306,86370325906.65804,97144909652.84294,108462153566.33582,121097840311.83194,138218989008.70062,153193329605.33365,167312601547.93344,185438879996.7637,199578506531.2442,216381583893.34225,238075075608.03186,256232625629.6034,271758327172.27808,275798905431.44904,269811698405.5484,252570564066.74435,227905984466.55646,205646442614.8326,185557772368.6663,164989958661.3022,144563965758.44696,130439906650.11328,117695783715.0098,106196775665.03642,94423951582.4547,85198627232.80704,76874627260.39522,68856295884.57765,60774963123.63771,52473512399.23772,45976818280.05727,42099452494.682304,38549744606.44089,35822316850.45094,32801879453.66554,28321854200.19752,25182787909.4653,22227590070.195175,19619354352.95688,17444682711.670532,15740454277.118063,14202717524.021757,12444400777.349525,10975908419.97662,9734278385.126413,8749368844.427967,7969705561.031912,7455778630.604897,6701512051.451576,6063880077.1184845,5560635276.929065,5167582135.0245905,4770448346.642491,4433319287.25845,4147534342.546837,3906150517.674693,3558322302.9409585,3306880587.4669504,3032512304.921745,2856022043.798467,2671956420.67505,2533298446.8279343,2401798162.515347,2232062343.883348,2046886667.8396387,1877073479.807152,1756099378.623539,1589085975.8008208,1466963149.8553278,1363292410.5610118,1250171685.6872172,1146437280.5030437,1058332443.7627022,983524283.99609,884053515.1265831,773713209.4805944,709491151.3159586,641984857.197236,584781672.6833993,536254534.25832045,501701763.59232324,501776778.9780513,501820214.0647299,498518070.65903383,547369111.0296547,633947709.1845881,710111132.196581,784886061.8003724,816967700.3559291,827989471.7791975,885139411.5292068,885146376.7043139,984895101.0088524,1103213185.744364,1219362697.019633,1384209402.186708,1550510383.6533587,1819855899.7557383,1998188159.4271953,1869408429.0741205,2080239087.234407,2238817144.1804094,2269092611.871696,2239222376.8150363,2180433299.1314435,2095089753.5766098,1973203461.365363,1870850598.8520372,1773834840.839572,1693136968.0941446,1637732951.5828252,1542430086.936513,1414434081.185654,1271352342.9098644,1165832926.7253869,1069062974.871183,986888898.1528435,898967657.6103684,829881105.6850308,761008808.4264919,716718586.3890344,670527327.6435742,614889566.6150926,567648096.7002845,513658021.017257,471036667.5756978,429079093.6396756,380573228.1370709
296.8356207366487,16732026449.271105,18682092788.336956,21324527065.512363,23985356793.2279,26196680562.970364,26196680562.970364,29465447377.600285,32658234716.16785,35669152224.22345,39534154378.76445,45792926553.125496,51506871810.49587,56256021790.69432,60995544647.56712,67115347236.59506,71183247642.74583,76610272924.2234,84910061022.77634,95502478659.04059,106628381695.95671,119050436624.68605,135882117706.93938,150603286817.845,164483843938.11057,182303661022.85046,196204228599.49146,212723215985.60013,234049935387.84088,251900495336.19583,267163703522.24133,271135967641.33575,265249986448.27383,248300348323.81137,224052773280.31332,202169573962.3955,182420543278.96582,162200470022.7324,142119819803.73703,128234556454.44746,115705898669.00795,104401304585.6207,92827523882.9434,83758172282.60283,75574906349.6374,67692141067.990746,59747439566.94112,51586341641.38567,45199487263.85228,41387676181.88862,37897983278.22464,35216668199.63388,32247297400.296024,27843016026.312874,24757021994.188168,21851787745.819298,19287649523.719383,17149745100.785044,15474330091.57242,13962591885.519081,12234003036.396774,10790338509.63826,9569700739.430243,8601443084.677397,7834961584.515845,7329723627.315524,6588209448.793569,5961357931.419328,5466621501.46006,5080213717.143362,4689794277.923311,4358365066.508892,4077411893.7597394,3840109150.1999297,3498161674.27628,3250971089.078733,2981241556.752957,2807735220.119486,2626781598.2876625,2490467917.668038,2361190911.3781557,2194324819.737265,2012279912.672799,1845337759.7174735,1726408970.1610098,1562219266.3890882,1442161173.5840182,1340243197.6200285,1229035007.17792,1127054441.7245882,1040439195.2786154,966895818.6141657,869106804.0882726,760632024.2686623,697495769.7677733,631130805.957901,574894756.8660382,527188067.7725271,493219481.513787,493293228.6128393,493335929.3416102,490089615.3426724,538114730.1648427,623229542.1726913,698105268.6188426,771615976.9435208,803155210.5734471,813990636.6796331,870174341.2179904,870181188.632738,968243459.1953824,1084561137.6286862,1198746906.7180266,1360806545.2363174,1524295872.574752,1789087558.4736853,1964404750.947839,1837802302.155489,2045068442.0240436,2200965416.4862,2230729016.2199607,2201363797.844304,2143568668.3112588,2059668027.843693,1939842469.6921391,1839220089.139186,1743844578.551072,1664511066.4067783,1610043766.7468557,1516352189.601378,1390520214.963208,1249857562.5914667,1146122165.3556783,1050988305.0760313,970203547.1698827,883768792.8570676,815850288.6919534,748142416.7855613,704601010.4468026,659190708.2669247,604493616.01322,558050858.605924,504973594.24750876,463072840.9088306,421824644.5418807,374138868.7091042
310.2851788816694,16431234611.800007,18346244585.213047,20941175790.119358,23554171750.333755,25725742526.500637,25725742526.500637,28935746681.424156,32071137244.22556,35027927452.610214,38823448417.68389,44969706570.60546,50580932166.470116,55244706621.27715,59899027019.66848,65908813845.13695,69903585557.55026,75233049141.32391,83383631851.01653,93785629470.092,104711522016.45903,116910265516.74258,133439363269.00847,147895889748.60956,161526915929.27344,179026385951.41638,192677062860.24463,208899088214.6416,229842416929.8261,247372077150.7611,262360898462.63428,266261753142.65536,260481584303.1508,243836650023.8194,220024973923.8034,198535169138.97098,179141167013.83047,159284590253.7915,139564930121.40033,125929282315.64732,113625852359.47012,102524481097.68889,91158762387.65787,82252450628.3556,74216295363.9009,66475238647.00032,58673359138.8459,50658973367.269646,44386935546.45777,40643649437.42029,37216690784.37954,34583577738.685,31667587353.343853,27342481797.737305,24311964716.845135,21458957898.93726,18940915219.997864,16841443930.172752,15196147876.40618,13711586205.971684,12014072219.044697,10596360466.566816,9397666115.997816,8446814840.561998,7694112387.398742,7197957098.933566,6469773129.573346,5854190529.344569,5368347982.040969,4988886655.035354,4605485790.694052,4280014686.135081,4004112211.897001,3771075462.5662045,3435275180.4635487,3192528343.341141,2927647742.0097356,2757260530.843051,2579559914.412149,2445696746.4420433,2318743754.423988,2154877416.4870777,1976105132.871073,1812164100.9748769,1695373295.6755722,1534135232.1512392,1416235425.1011913,1316149629.7971168,1206940630.3105292,1106793370.689103,1021735207.5534205,949513921.0415173,853482860.7869079,746958133.3677131,684956880.061087,619784959.9909313,564559867.0190425,517710801.6398857,484352869.0582742,484425290.40485436,484467223.5021189,481279268.52835405,528441035.29307795,612025737.3182853,685555421.9440984,757744627.3953608,788716879.8491136,799357517.3719715,854531206.7890124,854537931.1077042,950837335.0720584,1065063969.2237624,1177197019.3910065,1336343309.8699784,1496893587.6362567,1756925110.2644653,1929090623.494957,1804764108.4226527,2008304222.4421792,2161398635.149677,2190627174.298827,2161789854.801392,2105033708.9958613,2022641351.3347898,1904969898.6600394,1806156407.8329666,1712495463.9272873,1634588131.269577,1581099990.9001613,1489092708.345693,1365522816.6045825,1227388858.39901,1125518313.6268454,1032094675.8791791,952762186.5218474,867881270.8101089,801183738.3980608,734693051.706127,691934389.7443521,647340429.1041088,593626627.1250876,548018771.7172667,495895677.9682938,454748174.96820295,414241497.9154378,367412969.8390799
324.344133614092,15644668971.929995,17468007133.65742,19938718596.601063,22426630052.334724,24494247413.10505,24494247413.10505,27550588192.648994,30535887143.801132,33351135366.013348,36964964179.0932,42817000041.90231,48159615435.57944,52600134314.95818,57031651705.005165,62753749143.06372,66557290540.63189,71631631911.56073,79392045017.09233,89296097466.10135,99698965914.46712,111313753752.64722,127051601141.98244,140816091553.12167,153794598487.16855,170456366281.78268,183453583260.71985,198899057853.4531,218839826314.27682,235530339098.38556,249801643309.1637,253515763496.62094,248012292197.45438,232164153392.79868,209492345762.22427,189031261122.32382,170565652757.7013,151659613274.61603,132883936199.88957,119901028878.6326,108186565940.7418,97616618969.11627,86794978900.82762,78315013607.46933,70663550288.38683,63293059105.58352,55864656727.57203,48233920792.5125,42262126353.18535,38698031905.82965,35435122272.19742,32928056738.851677,30151655246.097668,26033593135.44369,23148147357.054688,20431714399.011833,18034210796.88396,16035241509.341995,14468706021.892036,13055210538.985119,11438956798.586206,10089111118.140322,8947798444.06365,8042464560.324454,7325794085.323014,6853389824.164469,6160064129.506966,5573949559.726375,5111364367.279206,4750067910.32345,4385020502.269041,4075129747.797261,3812434765.955093,3590553520.4060373,3270828047.652821,3039701537.656076,2787500810.0284863,2625270059.952116,2456075998.407108,2328620880.157978,2207745146.712348,2051723114.696305,1881508686.8334203,1725415536.4690099,1614215524.355459,1460695950.8657303,1348440025.0798614,1253145351.653428,1149164203.1829195,1053811007.7451295,972824591.5045307,904060548.6982633,812626509.5526044,711201136.6471773,652167892.5396193,590115761.9571463,537534302.3832687,492927908.71794695,461166825.3205686,461235779.8465378,461275705.600212,458240358.50425166,503144484.4933971,582727974.4255955,652737782.1338453,721471279.6046066,750960885.7359701,761092154.3611445,813624671.0759751,813631073.5005327,905320610.7027187,1014079198.922122,1120844423.3331668,1272372357.2637126,1425237069.4017177,1672820844.4434154,1836744768.9998314,1718369782.658693,1912166401.2072213,2057932161.653536,2085761526.2950194,2058304653.5624523,2004265432.8813436,1925817209.6115818,1813778706.8431695,1719695432.4895663,1630518051.871401,1556340154.7923462,1505412499.642033,1417809619.360733,1300155036.6796126,1168633571.5575314,1071639584.8849679,982688150.5438068,907153319.2278872,826335665.5507381,762830953.9156362,699523186.2653233,658811387.798626,616352146.6736248,565209632.3684549,521785031.76889956,472157078.25468564,432979312.33102083,394411695.9214611,349824856.4352046
339.0400965622494,13821707569.65306,15432585173.85182,17615402297.759552,19813415222.29242,21640107917.278843,21640107917.278843,24340315161.283604,26977758573.14805,29464966051.50498,32657701235.023167,37827841205.897316,42547919832.10698,46471016800.0529,50386161157.850426,55441503499.437195,58801845416.58363,63284910073.52271,70141057733.5859,78891061773.3212,88081758350.97745,98343158018.23317,112247186590.61816,124407799362.25352,135874013690.91512,150594304830.58823,162077049056.4021,175722772943.45273,193339986249.41537,208085672930.509,220694044113.87195,223975384435.0821,219113193291.78973,205111724774.0318,185081700763.4585,167004800002.05267,150690856934.96158,133987803038.17578,117399921350.50761,105929819380.29094,95580359039.93,86242052404.5723,76681380669.28061,69189525092.41275,62429632079.26971,55917971528.56096,49355147760.106094,42613566917.14469,37337622980.29593,34188826972.50814,31306120865.834606,29091185751.385433,26638298470.890923,23000084690.25727,20450859274.971107,18050952824.665173,15932813173.052376,14166769482.21458,12782771173.022736,11533980211.013983,10106056961.360474,8913499145.483545,7905175475.9364195,7105333675.742818,6472171686.374613,6054813315.666567,5442275906.324348,4924457076.130145,4515773628.2714405,4196576463.8600955,3874065419.859053,3600284019.0168147,3368199004.9105783,3172171994.261014,2889701844.5318656,2685506853.9889994,2462693273.696783,2319366112.8355184,2169887025.3973074,2057283340.6625383,1950492392.0684552,1812650491.7496934,1662269933.9841197,1524365202.2295675,1426122532.350579,1290491496.9608207,1191315951.4790456,1107125284.9070022,1015260316.1119003,931017946.6800005,859468298.4004391,798716837.7795318,717936953.3824252,628329953.9018292,576175431.5909648,521353792.05843705,474899273.9654273,435490544.37932324,407430352.9108059,407491272.65894896,407526546.1500514,404844886.34580547,444516655.6370837,514826850.5788165,576678916.025983,637403390.540905,663456783.7461733,672407528.0858592,718818806.2812026,718824462.6770095,799830073.7691501,895915801.4220669,990240437.6969246,1124111905.0433726,1259164385.391894,1477898993.5678158,1622722035.3946414,1518140439.727485,1689355324.1313264,1818136042.865097,1842722650.649127,1818465130.955509,1770722714.2328312,1701415501.4475076,1602432044.2337291,1519311621.0631187,1440525442.9123726,1374990965.7433083,1329997546.0705285,1252602402.9914422,1148657267.4973164,1032461058.2127758,946769087.2156031,868182527.4379144,801449229.8753442,730048679.4645132,673943717.7621987,618012751.5704467,582044807.8542223,544533038.4769278,499349795.65017635,460985153.23473555,417139990.2604,382527329.2446387,348453721.38320464,309062267.4675088
354.40193043141625,9285458335.654974,10367650011.484413,11834072112.824545,13310702791.713478,14537879595.003891,14537879595.003891,16351885696.311478,18123726895.389153,19794639211.832584,21939526836.891926,25412840032.611732,28583800871.120163,31219347402.474724,33849551350.08407,37245743206.17141,39503229461.612526,42514963712.12236,47120941166.05088,52999216157.64183,59173549518.22065,66067183940.42531,75407945735.30661,83577476356.47054,91280508335.69144,101169637401.49881,108883774207.7121,118051006257.33655,129886295010.08282,139792484865.27408,148262820727.43903,150467233509.5904,147200801120.2843,137794578922.01727,124338357794.84612,112194249839.15909,101234501351.04056,90013347216.84863,78869566065.97285,71163922359.25723,64211128552.65613,57937630379.495125,51514746766.05217,46481699115.08836,41940385778.02718,37565835641.234505,33156913924.497356,28627902749.987377,25083510180.54667,22968141005.613087,21031531703.718624,19543532654.55966,17895676734.42016,15451515453.620646,13738939329.249163,12126676065.720663,10703704454.938492,9517271807.048786,8587498219.2445135,7748557271.518629,6789274796.878375,5988111419.894639,5310717011.479327,4773381253.694997,4348021417.193516,4067639001.148545,3656134810.019143,3308262801.5168996,3033708220.7286534,2819270752.9943285,2602607012.5144367,2418679970.375339,2262764667.005378,2131073222.162053,1941309056.3989902,1804130341.867495,1654443611.33906,1558156059.7584555,1457735628.2405236,1382088186.1443245,1310345754.9867883,1217743215.4042282,1116717173.8252106,1024072423.9241163,958072748.1714805,866955473.2771341,800329089.3194252,743769585.1650951,682054465.2383772,625460226.9711589,577392991.0900201,536580005.1703811,482311873.16509765,422113662.7727028,387076121.89773875,350246804.88272387,319038541.3536469,292563656.48223674,273712748.4118413,273753674.4537468,273777371.2748765,271975825.39082104,298627421.0058719,345861988.9789827,387414364.02306604,428209220.607997,445711956.49579054,451725089.33197737,482904304.18771243,482908104.1688169,537327879.9425292,601878516.4160693,665246047.2180529,755181239.8210055,845909839.9656355,992856306.6411942,1090148794.8630064,1019890612.6268393,1134913207.8860846,1221428422.6098864,1237945768.3172252,1221649504.8268902,1189576027.719385,1143015265.7125638,1076517927.1423557,1020677415.2299707,967748660.1570109,923722431.5426576,893495737.6522787,841501483.482065,771670876.810581,693609967.5752013,636041883.2857162,583247232.3440089,538415633.1370765,490448561.5837571,452757105.46771383,415182539.97866297,391019183.81495214,365818681.6415214,335464464.0730106,309690999.6211202,280235707.5042422,256982833.70928112,234092097.19583794,207628818.16379225
370.4598056898368,5164649611.48563,5766573675.552979,6582209916.887322,7403524254.462618,8086090259.416961,8086090259.416961,9095055629.535112,10080568528.267563,11009943938.074667,12202948379.967052,14134834238.305445,15898549185.983742,17364462216.571102,18827403657.381565,20716393981.39392,21972026723.541775,23647178510.83332,26209061705.828617,29478607435.73085,32912823307.385708,36747120447.42579,41942530305.62001,46486491586.08793,50770982419.02626,56271398741.13027,60562066171.7484,65660957333.82392,72243843956.01451,77753749631.90999,82465021304.05814,83691134136.3321,81874317113.3538,76642497631.13321,69158034861.03484,62403380414.4857,56307476612.5385,50066176803.23977,43867912494.58927,39581968996.9678,35714766912.37957,32225394742.321106,28652933140.57017,25853509928.974304,23327593456.78186,20894432071.774464,18442152926.438026,15923079019.980492,13951658219.305145,12775072186.333755,11697913890.31054,10870276370.079533,9953725120.79406,8594262167.757286,7641712999.407499,6744958683.508922,5953489968.543993,5293586203.702511,4776438355.374546,4309812381.393882,3776251443.326705,3330637670.252389,2953865232.9876757,2654994588.980588,2418405889.2183595,2262454843.642759,2033572769.7573602,1840083448.216927,1687373893.368702,1568101979.7605813,1447591794.6256475,1345290034.9938343,1258568638.8208218,1185320755.425082,1079772338.7983255,1003472390.0937246,920215378.2454554,866659436.4830402,810804752.3224521,768729012.1371986,728825271.7066333,677318964.4475511,621127434.9042548,569597649.9128584,532888078.0842768,482207887.4709912,445149735.29550135,413690865.8894736,379364399.85726887,347886211.0470558,321150812.30368286,298450288.08033407,268265899.0339781,234783150.7757273,215294977.40549693,194810203.15558258,177451905.8821266,162726353.41906554,152241320.63742292,152264084.04433143,152277264.41449913,151275229.52146292,166099069.97855708,192371331.86511165,215483110.50544873,238173551.0411569,247908719.17558506,251253273.9669166,268595414.125229,268597527.7065112,298866262.2855688,334769866.34397876,370015417.12961835,420038123.68274206,470502130.1484547,552234984.3158066,606349880.2456918,567271691.482906,631248221.2829105,679368707.5269921,688555793.3989534,679491675.3057362,661652139.0012975,635754653.6304752,598768277.5791492,567709317.6734167,538269901.2824867,513782144.5892939,496969804.5610159,468050165.39053446,429209797.73406315,385791666.9341385,353771816.8188249,324406990.2676567,299471279.71287644,272791593.2066444,251827289.97579917,230928002.2896325,217488141.43280214,203471411.2882614,186588141.52330142,172252724.96589085,155869445.0578346,142936002.11189744,130203982.95169997,115484885.75359167
387.2452598231836,1340482676.5996928,1496711819.1762536,1708409869.2209427,1921581666.80315,2098741391.877696,2098741391.877696,2360617937.5633054,2616407403.973281,2857626408.285521,3167270219.1467214,3668690396.9089108,4126461884.1681614,4506939006.669191,4886644854.269202,5376931513.788514,5702830474.151173,6137615429.658231,6802551156.319312,7651160402.053551,8542509715.164617,9537699956.479164,10886166442.425594,12065549718.700726,13177587547.333199,14605218335.1933,15718859297.206148,17042274395.382265,18750859903.185577,20180953648.90856,21403762268.340305,21721999348.270123,21250445239.2677,19892528650.421677,17949939425.26682,16196771649.493612,14614582331.837675,12994655540.439474,11385898595.485338,10273483728.333483,9269753022.23248,8364087914.618922,7436856979.278239,6710267839.277337,6054667260.6859455,5423141226.718365,4786653185.942136,4132828592.465155,3621147136.724844,3315764717.1276283,3036188725.648233,2821375748.6156135,2583485249.8776813,2230637201.101599,1983403457.3171804,1750651244.4749491,1545225865.9320047,1373948115.932142,1239722605.1864026,1118610026.0907202,980124504.6724347,864465633.6559126,766674502.9564747,689102750.5679419,627696251.1211603,587219221.5610527,527812973.6821512,477592900.0773188,437957198.0986103,407000222.1130524,375721853.2634119,349169473.7433878,326660971.13327116,307649513.2076018,280254465.2035621,260450844.9857441,238841521.8982952,224941099.30198887,210444039.06430933,199523298.05256468,189166298.6813495,175797857.87505051,161213369.55721447,147838835.1151763,138310880.88723192,125156858.31563336,115538430.20241427,107373293.62269151,98463873.52133015,90293722.59821899,83354560.88088275,77462649.18111159,69628303.4531065,60937869.95199953,55879722.59128231,50562907.88327216,46057568.985045895,42235557.916532144,39514171.98240895,39520080.21528372,39523501.17492476,39263423.43170741,43110945.108535446,49929899.84569646,55928552.459782876,61817846.942585744,64344605.816791825,65212683.63348396,69713828.95913844,69714377.53828853,77570615.11451963,86889380.74012202,96037348.9101784,109020721.76512872,122118633.83038577,143332362.42036238,157377861.3403055,147235133.56397942,163840215.48766893,176329867.8459419,178714372.1949708,176361784.08219922,171731539.79195923,165009858.1448871,155410059.4950921,147348719.26123586,139707730.87869677,133351943.72848761,128988307.8080776,121482227.38873374,111401225.98246676,100132068.04032773,91821329.14887562,84199700.52848355,77727647.13824941,70802945.50908563,65361669.25184748,59937267.752416216,56448957.41004063,52810920.88195857,48428875.177646376,44708123.72254009,40455850.179375954,37098980.39691027,33794390.07495992,29974054.46780231
404.7912592738234,418071717.00970936,466796692.7398077,532821393.25611347,599305728.3310783,654558565.0441644,654558565.0441644,736233008.8923105,816009005.4656335,891240744.8000067,987812913.8611889,1144196579.4764018,1286967027.0304327,1405630793.943417,1524054014.5011332,1676965342.003059,1778607191.0988708,1914208565.1799684,2121589701.6907785,2386255206.607538,2664250546.862914,2974631949.1747084,3395193668.4352007,3763021466.5352163,4109845466.958284,4555097065.621677,4902421053.65117,5315169709.0941,5848045880.770694,6294065630.370038,6675436988.63099,6774689239.141161,6627620247.161563,6204111215.851376,5598253619.19436,5051473063.937341,4558017522.725321,4052792362.4660344,3551050870.4130797,3204109278.6597176,2891064263.5764465,2608604092.1878586,2319417938.595989,2092808244.473475,1888338567.7302282,1691377295.5212598,1492868465.3001525,1288952685.417437,1129368717.2709677,1034125597.2110773,946931024.0674908,879934835.5215842,805741195.4217771,695694424.829012,618586799.66456,545995695.7589183,481927325.29502666,428508967.6556416,386646517.11930084,348873747.0731819,305682678.11644584,269610818.6009336,239111576.32535142,214918383.62047425,195766833.878412,183142798.11647847,164615089.78768706,148952379.05905285,136590737.78580853,126935830.39339063,117180686.51984,108899491.17848092,101879506.14040561,95950184.5634913,87406176.5307545,81229794.20817725,74490246.60767873,70154962.2780523,65633597.71962778,62227620.883448295,58997464.62273783,54828095.559491746,50279463.80230074,46108194.24694028,43136601.809975,39034105.82245322,36034296.25652266,33487741.400504272,30709058.300484408,28160939.56364408,25996743.558415778,24159165.435406193,21715778.118784513,19005392.883085214,17427850.41357169,15769634.389744569,14364502.639985617,13172488.183001455,12323738.318504164,12325580.986899337,12326647.920844788,12245534.490167193,13445505.233350417,15572210.908061448,17443079.545079134,19279841.406595133,20067890.696190182,20338628.087771486,21742451.93992303,21742623.031598583,24192838.010178253,27099188.396883085,29952270.22089218,34001543.72274385,38086539.88267517,44702708.887027,49083239.8347404,45919910.91551333,51098728.39082254,54994019.61496783,55737702.353147164,55003973.69787058,53559886.26997082,51463518.270264626,48469518.888901636,45955336.19053457,43572253.4483968,41590001.16478173,40229063.949032955,37888056.50170943,34743978.89394343,31229337.270916622,28637371.75086811,26260326.95994224,24241813.389668237,22082127.218096044,20385093.942471664,18693323.59123534,17605384.209579907,16470748.003987592,15104069.117644986,13943635.658446178,12617430.305389998,11570484.79969098,10539844.289351862,9348352.377730036
423.13226418653767,222206365.09907803,248103835.09290326,283196160.43224883,318532782.9110518,347899830.49619764,347899830.49619764,391310041.11459213,433711221.3415313,473697115.2860962,525025511.3094048,608143896.2261704,684026815.1221477,747096961.3240876,810039256.4204227,891312083.2686653,945335029.3580914,1017407564.3109909,1127631257.1830745,1268301762.797066,1416057115.6691997,1581025757.162967,1804555565.888398,2000057138.1612332,2184395129.2943215,2421047682.5959563,2605651418.6338024,2825028560.626345,3108253835.9525356,3345314663.7687573,3548014678.680545,3600767545.9912405,3522599937.9063993,3297503624.0319,2975488503.555113,2684873006.86583,2422599914.261064,2154071234.012627,1887394133.8109756,1702993642.5349474,1536609282.905032,1386480858.9627275,1232777555.4093316,1112333826.7894201,1003657583.4714699,898972079.5682521,793464043.9637345,685082198.4799616,600262843.218265,549640840.7049695,503296664.89421475,467687990.7682569,428253849.6645085,369763662.7195194,328780729.8587032,290198341.52405405,256145811.44517317,227753794.96170795,205503777.58585128,185427437.5939822,162471255.563144,143298954.59373784,127088516.31580988,114229762.20169832,104050656.36637339,97340943.68931404,87493411.4266591,79168633.93752006,72598384.71417314,67466772.6252655,62281884.547534354,57880404.512863465,54149261.51778638,50997809.40681025,46456643.642450064,43173878.00793522,39591788.347743705,37287571.790241174,34884453.0358769,33074166.1841559,31357328.49293788,29141296.394600682,26723685.042727835,24506642.827160865,22927232.579806983,20746743.720763702,19152335.98516605,17798834.480379708,16321956.121245664,14967623.409135908,13817346.774487218,12840668.518851804,11542000.869102405,10101423.028652698,9262954.498785887,8381607.734074911,7634776.016223993,7001216.775415914,6550103.689801711,6551083.073552191,6551650.152127883,6508538.121683678,7146326.15234778,8276676.564456968,9271048.827625183,10247293.23784107,10666143.78676677,10810041.518261218,11556178.08463109,11556269.020367175,12858565.592820698,14403299.495781617,15919720.9987186,18071921.947814554,20243109.59627476,23759623.164457764,26087888.434487514,24406569.6746779,27159126.616178244,29229485.52519662,29624755.119656943,29234776.149962004,28467239.37293714,27353013.525619365,25761693.920456726,24425398.314059217,23158782.725594338,22105209.721895494,21381867.530745614,20137615.087025415,18466528.456702456,16598485.946520947,15220848.538299078,13957442.138920316,12884596.153160097,11736716.508556787,10834738.25868652,9935557.26883285,9357314.241117638,8754251.71213861,8027857.805935209,7411083.9596864125,6706201.8571960665,6149747.196875689,5601958.690242519,4968677.183853773
442.3042960878576,139668650.21733493,155946602.81544667,178004016.4766106,200214984.02766755,218673752.72791025,218673752.72791025,245959404.60389492,272610826.6154919,297744111.3100178,330006768.5349799,382251143.37272716,429947638.70951456,469590617.3663463,509153234.727764,560237577.0695322,594193903.9178187,639495368.032606,708776886.5820395,797195864.3000532,890068049.5267696,993759712.3436666,1134260218.0519502,1257143469.8550148,1373009810.5597632,1521758666.9455264,1637792042.6140714,1775682373.9597697,1953704690.712955,2102710169.5872107,2230118029.704717,2263276043.738626,2214143498.381253,2072658359.9436984,1870254539.4837778,1687587071.1746042,1522734328.022533,1353949611.6251485,1186328712.8609293,1070423087.4552279,965841569.6556627,871477781.642983,774866989.5458432,699161628.9186387,630852765.6322929,565052296.680989,498734822.3215353,430611003.90601546,377297477.73216546,345478826.81648177,316349020.03512853,293967053.3935163,269180575.0314555,232416347.06740195,206656369.79552856,182405263.85417202,161001417.43203267,143155508.21414965,129170175.73813124,116551116.3933713,102121921.45576908,90071099.25378808,79881967.03563538,71799548.56038706,65401433.13374159,61184017.88313357,54994314.27818325,49761743.93867352,45631988.9687509,42406494.80445406,39147513.81612024,36380946.91275126,34035722.88796726,32054865.758297063,29200498.86183777,27137104.120881066,24885568.132821754,23437244.110909447,21926754.73953448,20788892.100121234,19709767.28356727,18316871.936599866,16797273.188311856,15403742.928343737,14410998.650793524,13040444.141156867,12038273.135714658,11187524.651726136,10259227.17985367,9407956.237361947,8684945.513225911,8071050.7060254235,7254768.248767543,6349287.605047457,5822265.043097018,5268291.204653143,4798867.307073875,4400641.252852033,4117092.418708513,4117708.014064719,4118064.4534457363,4090966.22384468,4491850.299905728,5202336.321588792,5827352.764067097,6440974.876090191,6704244.970919194,6794692.433655938,7263679.391145702,7263736.549146152,8082299.979478777,9053248.30976314,10006400.774056023,11359174.811031379,12723883.009618644,14934200.897317631,16397640.828338325,15340841.570301827,17070971.634282183,18372303.547790136,18620751.74460759,18375628.989972934,17893190.849231884,17192839.98366262,16192610.034271441,15352676.382714361,14556540.369660702,13894313.078077815,13439653.611243432,12657574.037300829,11607206.22290733,10433041.046183795,9567121.848912096,8773002.983781949,8098661.586516379,7377157.499528532,6810215.663147729,6245032.055117634,5881575.215604698,5502517.984811166,5045940.350951354,4658264.819890337,4215208.5115200225,3865446.832643547,3521132.2974055014,3123080.8142021354
462.34500863193546,94651228.6318741,105682538.88385405,120630498.21633083,135682518.58410054,148191733.3133248,148191733.3133248,166682786.74632347,184744032.66127214,201776460.99926937,223640352.00501674,259045536.0588625,291368694.3197638,318234112.08285874,345045070.2708554,379664118.7042419,402675782.74634844,433375866.34145135,480326852.4215901,540246990.9950035,603184997.6540288,673455192.6421607,768670156.5441899,851946186.9442921,930466968.0051705,1031271708.3143972,1109905686.320497,1203351776.4632564,1323994676.486717,1424973325.7854886,1511315611.4645925,1533786271.5763552,1500489924.9971464,1404607691.1141186,1267441832.8022797,1143650987.2572477,1031932898.3489772,917550173.5468439,803956149.4925956,725408745.8130704,654535510.2193146,590586668.0141416,525115066.7860667,473810744.8338333,427518911.79586446,382926977.8070772,337984677.45465344,291818246.3902014,255688515.43625987,234125520.46285838,214384712.50506815,199216808.76625705,182419405.578242,157504871.4928537,140047743.53666645,123613153.745333,109108106.56294112,97014216.98287365,87536579.01887403,78984842.6821838,69206406.16913901,61039755.12993396,54134741.860026464,48657415.0740312,44321513.74529208,41463438.332522705,37268774.38922518,33722744.47652377,30924075.045384318,28738208.817561753,26529649.10030438,24654790.59706346,23065469.4787067,21723074.0250688,19788714.859317444,18390384.97583827,16864554.753758527,15883048.5394596,14859413.853983965,14088302.393629896,13356996.624045666,12413053.543469364,11383245.577765504,10438872.226720499,9766105.178129606,8837302.12861059,8158146.736067299,7581607.984236335,6952515.51350745,6375622.699836838,5885649.801502039,5469623.02912444,4916441.356860278,4302811.488617667,3945656.658756387,3570237.3763545286,3252116.2476266287,2982244.7679018066,2790088.2210528376,2790505.4002602994,2790746.9535744726,2772382.9132440374,3044055.6922040107,3525540.7983708624,3949104.5265492294,4364946.4977309825,4543360.464636366,4604655.275328293,4922480.296688893,4922519.031759077,5477246.483291994,6135242.764178764,6781179.068986146,7697932.574241442,8622773.671504684,10120671.040829672,11112421.06694156,10396244.974205235,11568726.672810197,12450618.667038893,12618988.068787627,12452872.266453339,12125931.591584913,11651314.919938296,10973474.950289028,10404265.23883678,9864736.492218608,9415955.56189285,9107840.053666608,8577837.132851008,7866019.527446947,7070306.413439558,6483486.709875759,5945324.952406515,5488334.484830571,4999382.610590705,4615175.121703598,4232159.156278277,3985850.2218035334,3728969.149633261,3419553.730042549,3156832.1724965936,2856579.940695845,2619551.9993325477,2386215.500802766,2116462.325087875
483.2937615518966,52037539.55407106,58102355.10763615,66320473.73387933,74595803.24178107,81473144.03990321,81473144.03990321,91639191.94360763,101568939.4205299,110933061.53655215,122953434.74736899,142418566.81434706,160189256.64929888,174959379.1262185,189699560.7103019,208732489.5820777,221383887.7213816,238262240.35858625,264075046.28369713,297018058.4999103,331620240.19700557,370253526.8856455,422600997.9307574,468384658.51804346,511553968.7249269,566974598.0913033,610206141.9384627,661581118.0720487,727908410.0959641,783424651.4903411,830894083.9653277,843248047.8945202,824942316.6624361,772227992.608321,696816675.9192235,628758700.1845883,567338108.4553477,504452547.9377633,442000600.87620705,398816654.03342485,359851826.48872364,324693905.62716484,288698799.30028296,260492607.775104,235042192.3123241,210526350.70863023,185817883.993042,160436412.27511755,140572937.38134792,128717991.38591103,117864850.96944426,109525810.87276953,100290901.34822844,86593339.55553292,76995725.24400926,67960283.98579139,59985670.47683161,53336667.96009725,48126033.427829705,43424442.922256,38048434.76917023,33558557.21956367,29762305.37637107,26750969.830106243,24367169.42774327,22795851.078364547,20489700.444923386,18540157.110839516,17001499.09945639,15799749.244389847,14585522.917848468,13554759.504304871,12680979.398583567,11942954.57285655,10879478.767475732,10110702.20035695,9271828.245079698,8732213.818649027,8169437.91806849,7745494.735303933,7343436.003886214,6824473.111356581,6258303.252570766,5739103.805092425,5369228.607403393,4858589.431072497,4485202.037018842,4168231.422516376,3822367.720566514,3505202.4492460485,3235824.1807749113,3007100.1595860147,2702970.8464527293,2365608.2046593907,2169250.9163866937,1962852.1612968002,1787954.898382781,1639584.4228624357,1533940.2167410625,1534169.5743502898,1534302.3760087828,1524206.1576196451,1673566.954993735,1938278.7883107744,2171146.4919565055,2399768.9127786923,2497857.6961366627,2531556.4783072127,2706290.946727586,2706312.2425710307,3011291.3972859043,3373045.893112347,3728170.031453488,4232184.58552332,4740645.551912295,5564162.52819314,6109408.817729092,5715668.109952411,6360277.415605246,6845125.739239582,6937692.201712786,6846364.727579864,6666618.637156996,6405682.945345857,6033018.747090793,5720077.506893483,5423454.326206668,5176722.659322894,5007326.306224247,4715940.252874833,4324595.762878172,3887127.0343432673,3564504.137876965,3268632.5031862813,3017387.3806870645,2748570.4528608792,2537340.1002397574,2326764.825742487,2191348.612920773,2050120.0293411282,1880009.0084032654,1735569.4312301385,1570496.165786356,1440182.4757012066,1311898.2743531533,1163592.840245214
505.19169796191005,28661398.44665012,32001796.485753234,36528197.511763416,41086109.32573074,44874032.55495191,44874032.55495191,50473320.147960514,55942457.4544038,61100057.85923318,67720676.53231007,78441742.72354735,88229538.73381324,96364672.88974199,104483316.10726777,114966332.0737296,121934508.62637042,131230820.36984415,145448078.17998543,163592533.26477396,182650830.8945712,203929393.11283708,232761496.59343016,257978364.0641701,281755291.472909,312280038.6851273,336091243.33249086,364387713.0305216,400919665.9413512,431497074.6447603,457642436.8171635,464446791.62725616,454364303.8463941,425330143.9205406,383794863.55304974,346309679.2665028,312480254.05796474,277843948.7679617,243446470.45059323,219661481.42985258,198200312.1041341,178835922.7228515,159010425.71809185,143474931.5173013,129457272.25703652,115954360.50371824,102345354.09008074,88365667.88078336,77425201.18416333,70895697.02907778,64917970.47744914,60324967.946554355,55238535.65613817,47694149.821367405,42407945.85636209,37431377.320219144,33039094.802694663,29376936.44474836,26507006.894485623,23917450.20199029,20956435.65271619,18483486.88287231,16392575.444438223,14733982.653778413,13421025.628236936,12555570.003624247,11285381.16015729,10211605.598014725,9364138.736297358,8702235.200418679,8033459.834641568,7465732.744679817,6984469.410951059,6577977.794034733,5992233.270800312,5568804.113782924,5106766.49853911,4809555.98059332,4499588.51362746,4266087.764282262,4044640.6013520467,3758804.59970246,3446967.7978436295,3161001.5057210973,2957280.489943951,2676029.0506809256,2470373.576428379,2295791.512095862,2105295.62288269,1930606.3448604238,1782237.3414124905,1656260.0111660582,1488750.7188798285,1302937.0701117844,1194786.79003869,1081105.8395322359,984775.3792037162,903055.4256269548,844868.3800600044,844994.7063598481,845067.8512717916,839507.0245967569,921772.4307349541,1067571.240464599,1195830.8410671912,1321752.211546549,1375777.8577831222,1394338.5782021459,1490579.374071368,1490591.1034624854,1658568.4741474087,1857816.744407672,2053413.1256785935,2331015.8348169816,2611067.552809921,3064646.8032324035,3364959.256316571,3148093.520408221,3503133.445624843,3770179.718545464,3821163.7636497603,3770862.1324104522,3671861.0197332413,3528142.045007691,3322884.8947942117,3150522.1418173136,2987147.100586864,2851251.463042088,2757950.810990219,2597460.2910999283,2381914.3514991417,2140963.9598408295,1963268.714007293,1800307.611626196,1661926.0389108865,1513866.212415344,1397524.0995410483,1281542.7926403296,1206957.828303447,1129171.50825989,1035477.2292250331,955922.34810843,865002.7797676215,793228.1988287434,722571.4260305916,640887.2961659518
528.081825161801,24195461.172085535,27015367.925933283,30836478.067435045,34684189.07588117,37881888.92245561,37881888.92245561,42608711.50929327,47225663.455625094,51579621.290880926,57168634.06490135,66219174.33202355,74481863.91318601,81349404.6916258,88203024.10260117,97052606.45131332,102935021.62841935,110782808.61800048,122784773.90797426,138102011.8058327,154190699.91245592,172153697.31846812,196493264.75348896,217780911.93182215,237852986.3974307,263621454.6504959,283722465.37327176,307609859.95243675,338449508.26337755,364262432.4444305,386333898.93096656,392078018.60171944,383566555.28027827,359056415.2584044,323993043.6900583,292348693.7947858,263790473.03557435,234551097.94546184,205513336.4909849,185434456.5507399,167317305.35539535,150970219.84007815,134233875.17466196,121119077.32472241,109285609.70845883,97886683.11226913,86398193.22281945,74596781.80513869,65361027.39297031,59848931.932889625,54802637.66547993,50925303.67543018,46631424.74219234,40262583.56815803,35800060.8122958,31598926.976813238,27891037.380727783,24799506.08225848,22376760.76055842,20190701.398423284,17691063.682200287,15603442.729137277,13838331.141261693,12438175.543780692,11329799.733324777,10599196.933169827,9526925.288765362,8620462.36897049,7905045.374036373,7346277.757312127,6781709.0596044045,6302443.583878251,5896169.328752239,5553016.075006285,5058540.591018285,4701088.956311308,4311044.723107422,4060144.699499771,3798475.4782458884,3601358.1489937655,3414416.250735735,3173118.3987704874,2909871.1170495045,2668463.276100813,2496485.4873565277,2259057.8443561895,2085447.0189330527,1938067.8334141532,1777254.4697718108,1629784.7762941918,1504534.2073539637,1398186.3050276276,1256777.8324082918,1099917.1358732204,1008618.5236603689,912651.0142904219,831330.4912564091,762343.9075266728,713223.4012696564,713330.0437661336,713391.7914467349,708697.4369074422,778144.4823378175,901225.3378067601,1009499.8936384878,1115800.5556888839,1161408.0799779373,1177076.721934133,1258321.551768894,1258331.4535197762,1400135.0698981357,1568337.043561806,1733456.1551519157,1967803.602738119,2204218.4616113426,2587122.2882508105,2840640.912319937,2657566.5762056946,2957285.1939524487,3182721.0790725704,3225760.9358336776,3183297.1611574814,3099722.119198749,2978397.024781717,2805122.4576831395,2659616.7767607993,2521698.368001466,2406977.600702174,2328214.7898695744,2192731.444570797,2010771.257871635,1807365.068302093,1657357.7883351923,1519788.8196555455,1402969.4685063786,1277979.9014485537,1179765.8844330155,1081856.4536343915,1018893.1054923423,953227.2277496154,874132.1237666699,806973.2570878662,730220.5163007213,669629.6456395478,609982.4094460758,541026.067479919
552.0090991029012,19336299.629819736,21589886.016652495,24643604.649627496,27718581.9116483,30274089.406207964,30274089.406207964,34051626.737942755,37741358.691212915,41220913.5002462,45687487.824443445,52920412.92440919,59523710.97081612,65012047.203279465,70489257.88906965,77561583.34203032,82262636.2214335,88534356.34209041,98125973.35418417,110367058.54729985,123224664.01585345,137580162.24843326,157031627.35738283,174044087.72449628,190085098.19743726,210678498.73644495,226742634.21348372,245832736.09967366,270478874.3144972,291107802.72122264,308746668.38357943,313337199.56929463,306535088.87997717,286947307.1856745,258925693.79896826,233636461.78913248,210813573.24953565,187446326.2394482,164240202.9062512,148193753.6985096,133715060.29976198,120650951.23606962,107275757.72945508,96794797.72595173,87337839.08976638,78228152.83272009,69046890.23075555,59615549.963915676,52234607.17671423,47829502.903386496,43796653.218031034,40698002.141977824,37266460.62116369,32176670.417952396,28610353.72332403,25252931.3518263,22289695.242612697,19819034.523356173,17882847.850411743,16135813.622207606,14138176.813257296,12469811.66101594,11059186.490432044,9940223.393646885,9054442.105123816,8470565.87504476,7613637.972191438,6889219.516357388,6317479.334348741,5870928.719604291,5419742.051871408,5036727.205617488,4712044.792121616,4437806.823017124,4042636.5863355827,3756971.7724804464,3445259.9142739614,3244748.008379662,3035629.677049649,2878099.315733525,2728700.859040543,2535862.7257870683,2325483.255030581,2132557.2218224513,1995117.640523216,1805372.4642356462,1666627.8081414248,1548846.7057220992,1420329.4039954848,1302475.9702824408,1202379.4061951323,1117389.2962832246,1004379.8116813259,879021.365038297,806058.2043455327,729363.7986176637,664374.8327841271,609242.787813031,569987.1265880279,570072.3521289048,570121.6990557957,566370.1092309615,621870.1416253304,720232.7346387568,806762.5692617631,891714.9261371124,928163.1156861858,940685.0326483187,1005613.5067073749,1005621.4198949169,1118946.6917457955,1253368.7528900607,1385327.0815041706,1572610.6563772224,1761546.445432909,2067551.9011109886,2270156.51533491,2123848.900346384,2363375.188197135,2543536.904933719,2577933.0902528674,2543997.292761253,2477206.581834312,2380247.141318647,2241771.2129692887,2125487.360219199,2015267.0318166488,1923585.5749316204,1860640.6573243863,1752366.35988839,1606949.140283079,1444392.9071076496,1324511.5090444183,1214570.4428570177,1121211.8595956464,1021323.8805221224,942834.1320790689,864587.799965693,814269.3473967488,761791.1128031722,698580.636301469,644909.2489423113,583570.7200870584,535148.2816138545,487479.96800228173,432372.0913575403
577.0205126810297,13966291.635851225,15594020.069297304,17799670.882454436,20020676.454211503,21866477.544901185,21866477.544901185,24594930.715897854,27259963.50417858,29773188.793206662,32999322.066852335,38223545.07023427,42992998.79406579,46957133.91224437,50913233.23079117,56021457.74689125,59416951.029796876,63946911.4638216,70874778.8952771,79716313.67800778,89003150.9297229,99371891.52293149,113421365.29283641,125709185.99685813,137295344.39778307,152169619.37323546,163772480.58480635,177560947.6340795,195362448.46906278,210262384.63984445,223002647.60030073,226318312.87910601,221405260.04867497,207257327.04808515,187017775.93654394,168751779.01584134,152267181.4755255,135389402.7527257,118628001.01538704,107037914.30564348,96580191.86731632,87144200.46052636,77483517.86998338,69913292.60274157,63082686.70452413,56502909.94202467,49871434.76118801,43059332.59038292,37728198.84260964,34546464.37709944,31633603.286430128,29395498.507625215,26916952.42808924,23240680.56096726,20664788.58698418,18239777.551638234,16099480.779274447,14314963.120830396,12916487.28763177,11654633.15855709,10211772.901401913,9006740.153804213,7987868.761737833,7179660.095207026,6539874.818916879,6118150.607736899,5499205.658016991,4975970.105493353,4563011.562507544,4240475.387795413,3914590.6681540417,3637945.335486902,3403432.5609267545,3205354.980031686,2919930.0085034487,2713599.0053238515,2488454.649815876,2343628.19347252,2192585.457392165,2078803.864752327,1970895.813260278,1831611.9968584178,1679658.3604837558,1540311.055388351,1441040.70317607,1303990.8787907772,1203777.8924891243,1118706.5366934394,1025880.6004735363,940757.0009723954,868458.8967563172,807071.9362769602,725447.0416599303,634902.6945846587,582202.601991083,526807.4923920443,479867.02977406804,440046.0592012009,411692.3398483487,411753.8968567473,411789.53933154774,409079.82761861366,449166.5894633448,520212.27485216095,582711.3532013181,644071.0452824394,670396.9739547543,679441.348911758,726338.1193145671,726343.8348799595,808196.8174403174,905287.6644055668,1000598.9978295683,1135870.8479434368,1272336.0652248252,1493358.7799106673,1639696.7651090687,1534021.177814984,1707027.0814583811,1837154.9304123956,1861998.7301323365,1837487.460978638,1789245.6274722451,1719213.4160866498,1619194.5274214242,1535204.6104704281,1455594.277566021,1389374.2670692164,1343910.1869128698,1265705.4402132488,1160672.9708802667,1043261.2735432908,956672.9087000703,877264.2823069565,809832.9109742835,737685.4642877816,680993.6081329592,624477.5675951004,588133.3757540281,550229.2088296486,504573.3198454677,465807.35827530525,421503.54633057263,386528.81432999426,352098.7743309375,312295.2601432465
603.1651880300116,7162946.2755150255,7997765.6838376485,9128986.389313603,10268082.149513645,11214745.329162434,11214745.329162434,12614097.711933767,13980923.436518986,15269891.058916532,16924490.570318397,19603858.127592932,22049986.396865472,24083087.782741338,26112067.81682647,28731942.779065408,30473402.616685543,32796701.031551432,36349823.32838378,40884415.63771424,45647391.95511609,50965248.24441578,58170856.46433555,64472958.82915592,70415196.92136328,78043824.1414127,83994628.66903661,91066373.35766406,100196298.28184378,107838086.45888177,114372234.64231402,116072752.78119543,113552976.27997965,106296870.89172676,95916533.64598559,86548380.80891779,78093861.19601895,69437689.2218414,60841203.96453183,54896951.14531209,49533458.39125147,44693984.80260344,39739272.973213434,35856702.11642246,32353462.720178425,28978867.037693724,25577756.586454798,22084007.268809095,19349807.98251747,17717979.460413508,16224049.071122255,15076183.574142324,13805002.012708278,11919538.171269808,10598430.44258628,9354705.607346194,8257003.282790256,7341770.775233961,6624529.039060139,5977357.00730213,5237351.65910016,4619321.830113813,4096769.299111486,3682260.1789592793,3354131.0175884813,3137839.68224132,2820398.9801608613,2552045.1286241063,2340249.4755941224,2174829.094034668,2007691.3312222175,1865807.1641910796,1745531.685997263,1643942.8671949066,1497555.8526563435,1391734.0690874872,1276263.4083861655,1201985.7008093214,1124519.8256823025,1066164.2180183772,1010820.9962322206,939385.9639453256,861452.911843875,789985.3178639536,739072.1464804547,668782.8703621854,617386.2465694363,573755.3696668306,526147.3709615234,482489.69962663954,445409.8899087901,413926.1208886684,372062.843926478,325625.0127138674,298596.5113904779,270185.8062204939,246111.2687092419,225688.13275523414,211146.2505053914,211177.82148754882,211196.10158213504,209806.36120380464,230365.81456049188,266803.29136649705,298857.4366010872,330327.2203718189,343829.1017337098,348467.72547161963,372519.8543866558,372522.7857508938,414503.0430631118,464298.4031192563,513181.09714888124,582558.4966919277,652547.9430925645,765904.7218454293,840957.6531011768,786759.4039053808,875489.6141469808,942228.7898214497,954970.525946792,942399.3360654397,917657.3594084718,881739.6669536731,830442.5907701382,787366.355611149,746536.2947447178,712573.7805770301,689256.4410772832,649147.2686709387,595278.8578835266,535061.4643140752,490652.5530849435,449925.942220953,415342.1527130516,378339.61130797234,349263.8386917242,320278.237314309,301638.2503820337,282198.1929654654,258782.47972666385,238900.43034048626,216178.16210816466,198240.5353671053,180582.2669299772,160168.0839000842
630.4944729969907,2507923.6850414546,2800214.4947633324,3196282.689490713,3595108.1345874076,3926558.1997810276,3926558.1997810276,4416505.890226197,4895065.197550438,5346364.468147012,5925680.456888584,6863792.945710418,7720242.622588242,8432081.427963348,9142477.246699607,10059759.914602023,10669487.840140874,11482931.763625067,12726967.279364575,14314639.588655908,15982274.756957483,17844187.052344956,20367047.733520016,22573568.790409047,24654092.51352337,27325062.552055214,29408585.594925847,31884577.36102347,35081188.65465687,37756766.667963326,40044532.67380595,40639925.90353343,39757690.1690548,37217149.187118165,33582737.78209329,30302717.03623319,27342581.755683146,24311843.023209404,21302002.0784836,19220772.949884035,17342882.20561907,15648463.460976137,13913696.973621907,12554313.413272968,11327743.128047839,10146214.171384891,8955401.741971435,7732154.16670031,6774843.740800018,6203500.435531897,5680438.658576529,5278542.712915417,4833470.779763274,4173323.5102805356,3710771.197891663,3275312.539959927,2890979.9548769896,2570534.541113883,2319410.566584108,2092819.7191432463,1833725.6441036246,1617338.198692339,1434379.7038535844,1289249.8648027296,1174363.774093436,1098634.8572592265,987491.0590619507,893533.7746772183,819378.9068069399,761461.1622163286,702942.1202049396,653264.983263942,611153.5798149093,575584.8354728341,524331.1408585499,487280.3314293555,446851.2127732326,420844.76026927936,393722.05188353965,373290.3182105376,353913.2949319393,328902.13297105697,301615.85443496046,276593.2918243979,258767.3381620453,234157.3336190821,216162.11137630005,200885.8681414163,184217.13673425818,168931.51210954497,155948.95863904044,144925.71666808758,130268.35365172483,114009.32666751227,104545.98350775514,94598.69678188769,86169.6090142921,79018.96674897718,73927.49607243044,73938.54984986603,73944.950160634,73458.36786937946,80656.73821050471,93414.3951284827,104637.33984222164,115655.68523335422,120383.0260171117,122007.1222885113,130428.36425536555,130429.39059809093,145127.7113124783,162562.2917332274,179677.32532835458,203968.05945201378,228473.08623562954,268162.08282437926,294439.9602072503,275463.819996546,306530.4491857502,329897.4762380519,334358.6714764591,329957.1886731652,321294.41404300224,308718.74641202483,290758.3782358984,275676.3287185192,261380.72007230684,249489.6084530765,241325.6343348477,227282.42647090903,208421.77080033728,187338.18008564477,171789.52789497413,157530.13963927695,145421.50424132156,132466.00430776205,122285.86110964413,112137.28908027161,105610.97114932284,98804.52886170821,90606.11167764147,83644.91712935852,75689.29209940435,69408.8877480397,63226.29361053038,56078.78598417187
659.0620419890232,1355258.8792743997,1513210.1429307065,1727241.7503931131,1942763.3505804506,2121875.9155157376,2121875.9155157376,2386639.1385022565,2645248.1840561535,2889126.1566332807,3202183.185573404,3709130.541195583,4171948.06477632,4556619.204233559,4940510.566990797,5436201.679082477,5765693.038790428,6205270.6490140585,6877535.993009485,7735499.497791969,8636674.195694951,9642834.465165967,11006165.159687577,12198548.832480779,13322844.705640538,14766212.333845036,15892129.01179872,17230132.175941512,18957551.50098923,20403409.23635528,21639696.93187545,21961441.953887425,21484689.882085223,20111804.915741753,18147802.439520195,16375309.414096393,14775679.550258432,13137896.230756035,11511405.883432778,10386728.81564056,9371933.939443905,8456285.643372102,7518833.798454572,6784235.432686481,6121408.138530593,5482920.763819744,4839416.68586921,4178384.9535939638,3661063.2094509066,3352314.5452881837,3069656.774696536,2852475.9042616356,2611963.1275300365,2255225.618358006,2005266.6055567192,1769948.7542844056,1562258.9622724424,1389093.2096957127,1253388.124923753,1130940.5162552055,990928.4625156074,873994.6784031527,775125.5915374558,696698.7621269414,634615.3759906043,593692.1662575703,533631.0805548566,482857.4287510084,442784.8205922983,411486.6044256148,379863.4526664114,353018.3850362517,330261.77015860844,311040.74805105507,283343.72316312324,263321.8067217585,241474.28306433785,227420.63546547643,212763.77346086706,201722.65261478038,191251.4875594557,177735.68581052986,162990.43200198424,149468.46944689003,139835.4881378762,126536.46816579007,116812.01567367071,108556.8744149806,99549.2453628958,91289.03448747774,84273.38206890541,78316.52355338116,70395.81946929917,61609.59091691324,56495.68736339681,51120.26516042919,46565.26370270808,42701.12242903823,39949.73853162863,39955.71189122823,39959.17056026595,39696.225968030674,43586.15905463265,50480.279445915745,56545.055485801095,62499.26793465308,65053.879389043264,65931.52606774367,70482.28772694815,70482.84235311163,78425.67960027732,87847.16641128977,97095.9730584874,110222.46223418918,123464.75319122175,144912.32169468893,159112.64480022684,148858.11326551312,165646.2337768828,178273.56015198876,180684.34900297728,178305.82820239762,173624.54451473732,166828.7694593237,157123.15178406725,148972.95102317506,141247.7356715401,134821.8883849874,130410.15190357485,122821.33161186635,112629.20685984984,101235.82846739607,92833.47991594588,85127.8377300134,78584.442595283,71583.40965910528,66082.1539614838,60597.95903290663,57071.196883946,53393.058110594124,48962.70891337817,45200.94344252771,40901.79689100701,37507.92417734036,34166.90720310542,30304.4598594799
688.9240013890094,657449.9068331877,734073.6760355863,837902.5920732771,942454.3187806995,1029343.6510921799,1029343.6510921799,1157782.9913151616,1283236.8772890787,1401544.5694957094,1553411.72761413,1799337.0610098985,2023854.5627301836,2210462.456369649,2396692.0723777288,2637156.8872160534,2796996.5068305084,3010240.089519455,3336362.86542306,3752569.7133630775,4189738.751867332,4677837.362058425,5339202.988805652,5917640.471544758,6463047.868143087,7163240.227847193,7709433.893384292,8358512.876787935,9196501.612137536,9897901.948226377,10497637.720239118,10653719.512419716,10422442.219215997,9756441.717748376,8803684.082466666,7943829.635284397,7167832.871100926,6373327.476385273,5584300.417669175,5038708.099666212,4546420.753674065,4102230.4250582675,3647462.9724874278,3291101.811885683,2969557.5302333143,2659820.7917862954,2347650.3994241613,2026977.1631559576,1776019.1080633907,1626241.9816465308,1489121.8138446049,1383765.1582144848,1267089.9568396444,1094032.9521922183,972775.285342394,858620.1952993764,757867.7586272217,673863.2856521223,608031.364751606,548630.7807434907,480709.5052629671,423983.7337915079,376021.331225781,337975.6762755098,307858.3923709936,288006.1258868935,258869.8805514706,234239.0641380833,214799.43315436144,199616.34923031597,184275.63573579068,171252.8195917426,160213.35358274254,150889.039691794,137452.93039149817,127740.09448958936,117141.6379048243,110324.07009852832,103213.87683083584,97857.71648198787,92778.04750114788,86221.39420302329,79068.32116958905,72508.67920154806,67835.62170604747,61384.131459178956,56666.70035968998,52662.04712744081,48292.35439076476,44285.24183572755,40881.87728338913,37992.14445378636,34149.730106410134,29887.441010563056,27406.634231703683,24798.962088340017,22589.284417305596,20714.750068764984,19380.025674276785,19382.923411950596,19384.6012475814,19257.044143687035,21144.090363773812,24488.498489970745,27430.58321146805,30319.032407136565,31558.30048231274,31984.055838701166,34191.67674022654,34191.94579503599,38045.09716559635,42615.55652273893,47102.24697096812,53470.04076858741,59894.01119158161,70298.44545136848,77187.16704213608,72212.5891919433,80356.67770144907,86482.32253272324,87651.82079590784,86497.97609313112,84227.03762419462,80930.33782361254,76222.0436859108,72268.29815960281,68520.7173904453,65403.47332403471,63263.29495440089,59581.88082012951,54637.57713681178,49110.53305897153,45034.46806739701,41296.382440580426,38122.114713956515,34725.84222165566,32057.12696645422,29396.68806434681,27685.81977068296,25901.51713238967,23752.30954445814,21927.438742163107,19841.878896008267,18195.476622961756,16574.715208275516,14701.002602478566
720.1389997479912,230912.61758548315,257824.77459074854,294292.04994380404,331013.19422593183,361530.87010627775,361530.87010627775,406641.93323609,450704.43122326833,492257.0097604226,545596.5001792578,631971.5408854511,710827.6232685284,776368.9165815952,841777.349463579,926234.5214160187,982374.1368839492,1057270.5409296872,1171812.9008197044,1317995.0079520394,1471539.5532613436,1642971.819883687,1875259.7348502856,2078421.2409370672,2269981.766370313,2515906.5872763335,2707743.2697473858,2935715.8126281137,3230038.1182145397,3476387.2102111517,3687029.200628605,3741848.9744475097,3660618.6866237624,3426702.8893763334,3092070.916353216,2790068.8336428227,2517519.6368247983,2238469.7526088622,1961343.995071662,1769718.5206816248,1596815.0667670746,1440804.4712513094,1281078.929009414,1155916.1028456434,1042981.8230255516,934194.6435099292,824552.7047343303,711924.3575299449,623781.7008753598,571176.281122636,523016.29730969894,486012.4421433218,445033.23463753454,384251.3476537412,341662.665286332,301568.583016992,266181.84307182103,236677.4009204727,213555.60712626393,192692.65742186838,168837.03078333306,148913.54119288726,132067.96283470103,118705.390749722,108127.45806059087,101154.85258722631,90921.48483237714,82270.53480231529,75442.85709076299,70110.18365742268,64722.14683236222,60148.212707644765,56270.88005250308,52995.95111058766,48276.858239101144,44865.47078740731,41143.03151573341,38748.53360592117,36251.258418994825,34370.04284119132,32585.937849096226,30283.079547749494,27770.743929836746,25466.835933925733,23825.54292103115,21559.620476221055,19902.742359515276,18496.209404274556,16961.465574542508,15554.068844500738,14358.723299220268,13343.777879240786,11994.227220583867,10497.206197691192,9625.885689350811,8710.006936961496,7933.913656339563,7275.530973983754,6806.742857226643,6807.760614145277,6808.349911388094,6763.548711409607,7426.325871549337,8600.96446631948,9634.297161538147,10648.791737630207,11084.053241441874,11233.58902017252,12008.959912630477,12009.05441131346,13362.376177248298,14967.634194257398,16543.470505021764,18779.996693207766,21036.253497335187,24690.547344597144,27110.036217907425,25362.84182205784,28223.246509977253,30374.724010676637,30785.480636248943,30380.221927051316,29582.612343739376,28424.730089237673,26771.06109879556,25382.40818507887,24066.165417340908,22971.312441401074,22219.629029029136,20926.62561488996,19190.064252896915,17248.83009610471,15817.215570236604,14504.307730604194,13389.42663920292,12196.572000271859,11259.253401905655,10324.841662810615,9723.942534332731,9097.251453399125,8342.396756933606,7701.457136540315,6968.957096306858,6390.700023765635,5821.448652890152,5163.354586847083
752.7683429702477,88798.62262444933,99147.82960546587,113171.5059904043,127292.80896441563,139028.5365838511,139028.5365838511,156376.22556221095,173320.6834769264,189299.93908961545,209811.911671318,243027.87329368922,273352.3812153282,298556.6192170512,323709.76506363414,356188.20049324667,377776.9754174796,406578.7688765298,450626.61648547294,506841.68996834836,565888.0265329411,631813.1773914295,721140.6776251629,799267.4690471878,872933.044300523,967504.6861361397,1041276.4589842258,1128944.460913604,1242127.601865404,1336862.3993087905,1417865.8490618898,1438947.0721609285,1407709.5514504544,1317756.0407983905,1189071.612025007,1072935.1736839092,968124.9925517283,860814.9389869248,754244.8181317899,680554.2664264778,614063.3630052382,554068.6942795612,492645.4238782677,444513.4218969911,401083.9696653658,359249.30596791836,317085.94024563103,273774.1359588201,239878.42862490026,219648.74665486423,201128.57970633687,186898.55882256053,171139.79595890583,147765.81189033185,131388.11727511196,115969.73382713627,102361.58283409885,91015.4994033284,82123.89589113752,74100.94237302733,64927.139704748035,57265.46035606891,50787.407440812305,45648.762319236026,41580.96445339938,38899.61352241675,34964.31985617239,31637.55298178083,29011.93475940262,26961.228042991544,24889.23105245005,23130.30139976653,21639.253388473164,20379.86279182299,18565.111604094025,17253.2451928244,15821.762220676146,14900.945859527172,13940.605973244516,13217.174945891635,12531.088288644334,11645.51240545048,10679.38095376223,9793.401405179886,9162.2338215626,8290.86181003329,7653.700895404628,7112.8114870766685,6522.617934266043,5981.396356941028,5521.720142227976,5131.41771408194,4612.441137991251,4036.754082590295,3701.683345382018,3349.4775085872284,3051.0268865816756,2797.8424743814926,2617.567617571944,2617.9590011762107,2618.185618430936,2600.957088904872,2855.831419908307,3307.5446713874876,3704.918019832853,4095.0470736668217,4262.429100790629,4319.933845759534,4618.106669719091,4618.143009668706,5138.569784261106,5755.879926763358,6361.875802348922,7221.943333742724,8089.598373941582,9494.875676216907,10425.30243960327,9753.40994004696,10853.39312455931,11680.754750213537,11838.713301660751,11682.86900194426,11376.144176203885,10930.874660678253,10294.947831891333,9760.934284555313,9254.766427481605,8833.735141896937,8544.67145899289,8047.440413652699,7379.636901396665,6633.125423950579,6082.590769952383,5577.705376459148,5148.972177114481,4690.253853118824,4329.803214407469,3970.4704232271033,3739.3916043084496,3498.394358771055,3208.1111424244177,2961.6345485012125,2679.947929011893,2457.576227970057,2238.667715350085,1985.5942920222567
786.8761147173979,46903.720380373146,52370.20506278932,59777.556398021516,67236.47441413491,73435.32379325428,73435.32379325428,82598.42935771648,91548.5469669731,99988.84159084166,110823.33201408794,128368.11063852519,144385.6140433285,157698.57427507537,170984.54746482213,188139.76236297662,199543.02327484378,214756.22396343877,238022.4398860077,267715.42396476003,298903.89038302784,333725.7688143841,380908.84406275116,422175.66860092204,461086.06429427187,511039.1121397374,550005.6017469573,596312.1246104031,656095.8266327578,706135.0537992436,748921.3385948244,760056.5089869982,743556.7492668873,696043.0132858561,628071.480776601,566727.8374977977,511366.7599996595,454685.2417773195,398394.5584112968,359470.9700750321,324350.2593057015,292660.8807651892,260216.91018768738,234793.43068367336,211853.85320441565,189756.64819966408,167485.82171964765,144608.3862662886,126704.56375308438,116019.18014618602,106236.7679163776,98720.42474783224,90396.59510890316,78050.38093884426,69399.62954198742,61255.589414025926,54067.71993804618,48074.68188271585,43378.10807849428,39140.35801755401,34294.72570411742,30247.801830823235,26826.073277313022,24111.82426316197,21963.200241480943,20546.901986041168,18468.2671122007,16711.0580628321,15324.198004778318,14241.008068201361,13146.572539799652,12217.500194306993,11429.923800344326,10764.709603894764,9806.152142601964,9113.22005072904,8357.106103569451,7870.7279160646285,7363.473274437802,6981.354660222911,6618.9614633787505,6151.197410589379,5640.883645337429,5172.906375181058,4839.521611091374,4379.260089368165,4042.7096284062045,3757.010089211608,3445.267941043346,3159.392949107519,2916.5904820963588,2710.4314740792465,2436.306363919948,2132.226594717624,1955.241144930531,1769.2048799850238,1611.5622937807348,1477.8294663614402,1382.607702492788,1382.8144325815376,1382.9341325502403,1373.8339673948294,1508.4594154051938,1747.0558194180544,1956.949710463187,2163.017141606537,2251.4288710329965,2281.803063772148,2439.298916147842,2439.3181110270534,2714.2092207369074,3040.2744394999045,3360.363425793468,3814.653884456794,4272.952089871792,5015.224117238339,5506.678550364579,5151.7827536342575,5732.797438148905,6169.81253135883,6253.246750379352,6170.929285977997,6008.916238533677,5773.723436743888,5437.824823924789,5155.757136799611,4888.397633554557,4666.007543406751,4513.3231688709775,4250.684118559226,3897.9481381785567,3503.6383553911173,3212.8441661608986,2946.162064337158,2719.7037983695473,2477.4072923410654,2287.016096291259,2097.215350931698,1975.1587695562657,1847.8632430824819,1694.534707028261,1564.3449709715023,1415.5571852499043,1298.0997317679346,1182.471545639026,1048.7973429019667
822.5293022679883,18748.458615299278,20933.533935728083,23894.416757630956,26875.911927010515,29353.729680152435,29353.729680152435,33016.42645707646,36593.987218534196,39967.760411219984,44298.546832228254,51311.58446095532,57714.136268573384,63035.62211080254,68346.3206330497,75203.64098943668,79761.77760529166,85842.83175629066,95142.8549276174,107011.80004861424,119478.52267052008,133397.6007603352,152257.72371993575,168752.9898899614,184306.33912208228,204273.68164083632,219849.45285599466,238359.1983619612,262256.0716621125,282257.8619692412,299360.4901464299,303811.46502814384,297216.1446619512,278223.8492646041,251054.11829372155,226533.70183213986,204404.64976644178,181747.78822058125,159247.15204596324,143688.52942150354,129650.00141010465,116983.0530893066,104014.47757428602,93852.14824363936,84682.68971168283,75849.94616414269,66947.8022573702,57803.18327313792,50646.62782887228,46375.442713536286,42465.19530968416,39460.74603165145,36133.52647975497,31198.470506672056,27740.573068261598,24485.21937643985,21612.06832765929,19216.51793103678,17339.193085841925,15645.27027982147,13708.363438388096,12090.71809719951,10722.977208885699,9638.031603276087,8779.178867850407,8213.053003767685,7382.176484965495,6679.781006028125,6125.422243167318,5692.447171387732,5254.97698682773,4883.6061386555875,4568.794364475421,4302.893477908159,3919.7367741820613,3642.756429289665,3340.5208937754273,3146.1047313501927,2943.343786614162,2790.6024908993513,2645.745882545063,2458.7702031250583,2254.7864587428685,2067.7255516064097,1934.464258007144,1750.4875068611273,1615.960813922169,1501.7603636474107,1377.1501042441325,1262.8795216124688,1165.825983694053,1083.4196500677476,973.8457561088678,852.2983197348202,781.5533051830118,707.1904788231823,644.1772363875862,590.7212554964248,552.6590019120745,552.7416365193513,552.7894832549892,549.151945157265,602.9647263208807,698.3370074558801,782.2362567681049,864.6059850843427,899.9461166734059,912.087356023396,975.0419456892209,975.0496183086976,1084.929699298296,1215.2652080871605,1343.2118840452827,1524.8018686883502,1707.9938387070972,2004.6964514959825,2201.141702023023,2059.281970987138,2291.526442836374,2466.2110802779694,2499.561590423443,2466.657471898743,2401.8972590517596,2307.885473308271,2173.6193385474444,2060.870620196469,1954.0010895633643,1865.1068319698127,1804.0754968438969,1699.0928360741584,1558.0964315957344,1400.4820550762245,1284.2451600466004,1177.6464018044799,1087.1260039947824,990.2747099168934,914.1711208858022,838.3035481075942,789.5148220516592,738.6319732999609,677.343152510387,625.3034239173805,565.8296418710703,518.8792893658427,472.6601356437192,419.227588339911
