eps2,cos_theta,m(GeV),Energy,flux_differential
1.0,1.0,0.01,0.1,2.3354348069952923e-05
1.0,1.0,0.01,0.11234493440205148,2.1551995240583872e-05
1.0,1.0,0.01,0.12621384285801251,1.9883629158865932e-05
1.0,1.0,0.01,0.14179485896514246,1.832220305538e-05
1.0,1.0,0.01,0.15929934128987072,1.684176869245569e-05
1.0,1.0,0.01,0.1789647404750054,1.546109411249343e-05
1.0,1.0,0.01,0.20105782028944644,1.4175577434509244e-05
1.0,1.0,0.01,0.22587827631437318,1.2994827982169858e-05
1.0,1.0,0.01,0.25376280135386714,1.192454994021239e-05
1.0,1.0,0.01,0.2850896527178103,1.0954666641621639e-05
1.0,1.0,0.01,0.32028378333286034,1.0093630485497067e-05
1.0,1.0,0.01,0.35982260628571056,9.341179752133533e-06
1.0,1.0,0.01,0.40424247099543353,8.698320052432225e-06
1.0,1.0,0.01,0.45414593886505183,8.154842178562033e-06
1.0,1.0,0.01,0.5102099571075231,7.700712651711319e-06
1.0,1.0,0.01,0.573195041625182,7.318178032528079e-06
1.0,1.0,0.01,0.6439555935096224,6.978764142112742e-06
1.0,1.0,0.01,0.7234514891067266,6.642329355789745e-06
1.0,1.0,0.01,0.8127611008676167,6.276961005774902e-06
1.0,1.0,0.01,0.9130959256151152,5.862814918186169e-06
1.0,1.0,0.01,1.0258170186601063,5.39067426099607e-06
1.0,1.0,0.01,1.1524534566987765,4.862846748880998e-06
1.0,1.0,0.01,1.294723079942415,4.295908345519302e-06
1.0,1.0,0.01,1.4545557948495271,3.715301955704458e-06
1.0,1.0,0.01,1.6341197535649394,3.1611099460606077e-06
1.0,1.0,0.01,1.835850765193496,2.6687176441476163e-06
1.0,1.0,0.01,2.062485337876194,2.2416043310600407e-06
1.0,1.0,0.01,2.3170977998889395,1.8453443156271562e-06
1.0,1.0,0.01,2.6031420033166066,1.4856384761309577e-06
1.0,1.0,0.01,2.9244981760182913,1.1824354737923188e-06
1.0,1.0,0.01,3.285525557436941,9.46755206887284e-07
1.0,1.0,0.01,3.6911215322651687,7.565666504365082e-07
1.0,1.0,0.01,4.1467880641233,5.916831837962091e-07
1.0,1.0,0.01,4.658706330431421,4.578272005177675e-07
1.0,1.0,0.01,5.233820570907402,3.595822467913954e-07
1.0,1.0,0.01,5.879932287106996,2.8148041419544853e-07
1.0,1.0,0.01,6.605806070835402,2.1553444814553377e-07
1.0,1.0,0.01,7.421288497006765,1.656277822242718e-07
1.0,1.0,0.01,8.337441693749241,1.2979538896635065e-07
1.0,1.0,0.01,9.366693401651878,9.953951272651467e-08
1.0,1.0,0.01,10.523005557727089,7.5586449287339e-08
1.0,1.0,0.01,11.822063690952728,5.9200249410606306e-08
1.0,1.0,0.01,13.281489698569585,4.566057050504628e-08
1.0,1.0,0.01,14.921080889473224,3.46102354587755e-08
1.0,1.0,0.01,16.763078537355728,2.72334672991068e-08
1.0,1.0,0.01,18.83246958655666,2.1230784130392544e-08
1.0,1.0,0.01,21.157325603303395,1.6218679201706912e-08
1.0,1.0,0.01,23.769183570259635,1.2936984074559677e-08
1.0,1.0,0.01,26.70347368991138,1.0255067133924629e-08
1.0,1.0,0.01,30.0,8.018402136559764e-09
1.0,1.0,0.010690906962518643,0.1,2.3097805798186347e-05
1.0,1.0,0.010690906962518643,0.11234493440205148,2.135063778802851e-05
1.0,1.0,0.010690906962518643,0.12621384285801251,1.972675174904632e-05
1.0,1.0,0.010690906962518643,0.14179485896514246,1.8199480564436708e-05
1.0,1.0,0.010690906962518643,0.15929934128987072,1.674753712993492e-05
1.0,1.0,0.010690906962518643,0.1789647404750054,1.5387883822950793e-05
1.0,1.0,0.010690906962518643,0.20105782028944644,1.4119334867871516e-05
1.0,1.0,0.010690906962518643,0.22587827631437318,1.2951635388245665e-05
1.0,1.0,0.010690906962518643,0.25376280135386714,1.1892379670970472e-05
1.0,1.0,0.010690906962518643,0.2850896527178103,1.0932266118116182e-05
1.0,1.0,0.010690906962518643,0.32028378333286034,1.0079364217344765e-05
1.0,1.0,0.010690906962518643,0.35982260628571056,9.332924478578071e-06
1.0,1.0,0.010690906962518643,0.40424247099543353,8.69457963280715e-06
1.0,1.0,0.010690906962518643,0.45414593886505183,8.154169010405904e-06
1.0,1.0,0.010690906962518643,0.5102099571075231,7.70228391989759e-06
1.0,1.0,0.010690906962518643,0.573195041625182,7.321147205258202e-06
1.0,1.0,0.010690906962518643,0.6439555935096224,6.982826937981861e-06
1.0,1.0,0.010690906962518643,0.7234514891067266,6.647442971064323e-06
1.0,1.0,0.010690906962518643,0.8127611008676167,6.283185236659462e-06
1.0,1.0,0.010690906962518643,0.9130959256151152,5.870096412514262e-06
1.0,1.0,0.010690906962518643,1.0258170186601063,5.398912326817504e-06
1.0,1.0,0.010690906962518643,1.1524534566987765,4.871860053020287e-06
1.0,1.0,0.010690906962518643,1.294723079942415,4.3051370129297395e-06
1.0,1.0,0.010690906962518643,1.4545557948495271,3.723858956786069e-06
1.0,1.0,0.010690906962518643,1.6341197535649394,3.1678364597610686e-06
1.0,1.0,0.010690906962518643,1.835850765193496,2.672870325569133e-06
1.0,1.0,0.010690906962518643,2.062485337876194,2.244597137244636e-06
1.0,1.0,0.010690906962518643,2.3170977998889395,1.8484093198695566e-06
1.0,1.0,0.010690906962518643,2.6031420033166066,1.4882684652157097e-06
1.0,1.0,0.010690906962518643,2.9244981760182913,1.1841415801837844e-06
1.0,1.0,0.010690906962518643,3.285525557436941,9.475780178371335e-07
1.0,1.0,0.010690906962518643,3.6911215322651687,7.574607840443154e-07
1.0,1.0,0.010690906962518643,4.1467880641233,5.926602047036705e-07
1.0,1.0,0.010690906962518643,4.658706330431421,4.584913766962489e-07
1.0,1.0,0.010690906962518643,5.233820570907402,3.5991341619886184e-07
1.0,1.0,0.010690906962518643,5.879932287106996,2.81832380174556e-07
1.0,1.0,0.010690906962518643,6.605806070835402,2.158502034644869e-07
1.0,1.0,0.010690906962518643,7.421288497006765,1.6571106461455116e-07
1.0,1.0,0.010690906962518643,8.337441693749241,1.298574647968604e-07
1.0,1.0,0.010690906962518643,9.366693401651878,9.959831980965006e-08
1.0,1.0,0.010690906962518643,10.523005557727089,7.5592389732256e-08
1.0,1.0,0.010690906962518643,11.822063690952728,5.917944704485398e-08
1.0,1.0,0.010690906962518643,13.281489698569585,4.5672896270952924e-08
1.0,1.0,0.010690906962518643,14.921080889473224,3.461658420388563e-08
1.0,1.0,0.010690906962518643,16.763078537355728,2.722318282904959e-08
1.0,1.0,0.010690906962518643,18.83246958655666,2.123535031771361e-08
1.0,1.0,0.010690906962518643,21.157325603303395,1.6220150222626927e-08
1.0,1.0,0.010690906962518643,23.769183570259635,1.2931730466469898e-08
1.0,1.0,0.010690906962518643,26.70347368991138,1.0256942155651028e-08
1.0,1.0,0.010690906962518643,30.0,8.01978938553713e-09
1.0,1.0,0.01142954916812296,0.1,2.2812898216917675e-05
1.0,1.0,0.01142954916812296,0.11234493440205148,2.112916610274545e-05
1.0,1.0,0.01142954916812296,0.12621384285801251,1.9558553124079675e-05
1.0,1.0,0.01142954916812296,0.14179485896514246,1.8075051865861323e-05
1.0,1.0,0.01142954916812296,0.15929934128987072,1.665924222620856e-05
1.0,1.0,0.01142954916812296,0.1789647404750054,1.532611305385613e-05
1.0,1.0,0.01142954916812296,0.20105782028944644,1.4078601513897485e-05
1.0,1.0,0.01142954916812296,0.22587827631437318,1.2926357360210538e-05
1.0,1.0,0.01142954916812296,0.25376280135386714,1.1879839428827878e-05
1.0,1.0,0.01142954916812296,0.2850896527178103,1.093036777862655e-05
1.0,1.0,0.01142954916812296,0.32028378333286034,1.0086261152124e-05
1.0,1.0,0.01142954916812296,0.35982260628571056,9.346506831518128e-06
1.0,1.0,0.01142954916812296,0.40424247099543353,8.71318239616941e-06
1.0,1.0,0.01142954916812296,0.45414593886505183,8.17618590268499e-06
1.0,1.0,0.01142954916812296,0.5102099571075231,7.726856597230124e-06
1.0,1.0,0.01142954916812296,0.573195041625182,7.3472671592008145e-06
1.0,1.0,0.01142954916812296,0.6439555935096224,7.00981756866258e-06
1.0,1.0,0.01142954916812296,0.7234514891067266,6.674361617922622e-06
1.0,1.0,0.01142954916812296,0.8127611008676167,6.3088358397064955e-06
1.0,1.0,0.01142954916812296,0.9130959256151152,5.892903929761271e-06
1.0,1.0,0.01142954916812296,1.0258170186601063,5.4175021914007315e-06
1.0,1.0,0.01142954916812296,1.1524534566987765,4.885196685699281e-06
1.0,1.0,0.01142954916812296,1.294723079942415,4.312520681288586e-06
1.0,1.0,0.01142954916812296,1.4545557948495271,3.725474564917227e-06
1.0,1.0,0.01142954916812296,1.6341197535649394,3.1645083385183074e-06
1.0,1.0,0.01142954916812296,1.835850765193496,2.666597370181326e-06
1.0,1.0,0.01142954916812296,2.062485337876194,2.2390863466410884e-06
1.0,1.0,0.01142954916812296,2.3170977998889395,1.8453726984668013e-06
1.0,1.0,0.01142954916812296,2.6031420033166066,1.4867955654304327e-06
1.0,1.0,0.01142954916812296,2.9244981760182913,1.1831586415744613e-06
1.0,1.0,0.01142954916812296,3.285525557436941,9.464219619354679e-07
1.0,1.0,0.01142954916812296,3.6911215322651687,7.569213457449986e-07
1.0,1.0,0.01142954916812296,4.1467880641233,5.925779692159145e-07
1.0,1.0,0.01142954916812296,4.658706330431421,4.5842748953889454e-07
1.0,1.0,0.01142954916812296,5.233820570907402,3.596898378226703e-07
1.0,1.0,0.01142954916812296,5.879932287106996,2.8179601261079904e-07
1.0,1.0,0.01142954916812296,6.605806070835402,2.1592125895009028e-07
1.0,1.0,0.01142954916812296,7.421288497006765,1.65637146406254e-07
1.0,1.0,0.01142954916812296,8.337441693749241,1.2982668551785774e-07
1.0,1.0,0.01142954916812296,9.366693401651878,9.962595405676958e-08
1.0,1.0,0.01142954916812296,10.523005557727089,7.558953503956211e-08
1.0,1.0,0.01142954916812296,11.822063690952728,5.916040839903368e-08
1.0,1.0,0.01142954916812296,13.281489698569585,4.568772624868353e-08
1.0,1.0,0.01142954916812296,14.921080889473224,3.4623965008419175e-08
1.0,1.0,0.01142954916812296,16.763078537355728,2.7209931654042788e-08
1.0,1.0,0.01142954916812296,18.83246958655666,2.1241691855831257e-08
1.0,1.0,0.01142954916812296,21.157325603303395,1.6222018897350195e-08
1.0,1.0,0.01142954916812296,23.769183570259635,1.2926388029099239e-08
1.0,1.0,0.01142954916812296,26.70347368991138,1.0258862222953609e-08
1.0,1.0,0.01142954916812296,30.0,8.021278862422818e-09
1.0,1.0,0.012219224677993494,0.1,2.2508450314474923e-05
1.0,1.0,0.012219224677993494,0.11234493440205148,2.0880768386659543e-05
1.0,1.0,0.012219224677993494,0.12621384285801251,1.9354352523569175e-05
1.0,1.0,0.012219224677993494,0.14179485896514246,1.7903004460744174e-05
1.0,1.0,0.012219224677993494,0.15929934128987072,1.651462650209295e-05
1.0,1.0,0.012219224677993494,0.1789647404750054,1.5202138961097564e-05
1.0,1.0,0.012219224677993494,0.20105782028944644,1.3971619032768573e-05
1.0,1.0,0.012219224677993494,0.22587827631437318,1.283398551434592e-05
1.0,1.0,0.012219224677993494,0.25376280135386714,1.1799947952202949e-05
1.0,1.0,0.012219224677993494,0.2850896527178103,1.0862155352874206e-05
1.0,1.0,0.012219224677993494,0.32028378333286034,1.0027507266572647e-05
1.0,1.0,0.012219224677993494,0.35982260628571056,9.295320561932418e-06
1.0,1.0,0.012219224677993494,0.40424247099543353,8.667397502029966e-06
1.0,1.0,0.012219224677993494,0.45414593886505183,8.134320522523874e-06
1.0,1.0,0.012219224677993494,0.5102099571075231,7.687747577659173e-06
1.0,1.0,0.012219224677993494,0.573195041625182,7.310003690700311e-06
1.0,1.0,0.012219224677993494,0.6439555935096224,6.974235808166324e-06
1.0,1.0,0.012219224677993494,0.7234514891067266,6.641355353695625e-06
1.0,1.0,0.012219224677993494,0.8127611008676167,6.279668509042213e-06
1.0,1.0,0.012219224677993494,0.9130959256151152,5.869028223250145e-06
1.0,1.0,0.012219224677993494,1.0258170186601063,5.40030112436644e-06
1.0,1.0,0.012219224677993494,1.1524534566987765,4.875498951902863e-06
1.0,1.0,0.012219224677993494,1.294723079942415,4.3101374360436725e-06
1.0,1.0,0.012219224677993494,1.4545557948495271,3.728713008612886e-06
1.0,1.0,0.012219224677993494,1.6341197535649394,3.1704224150651337e-06
1.0,1.0,0.012219224677993494,1.835850765193496,2.6717752293126973e-06
1.0,1.0,0.012219224677993494,2.062485337876194,2.242807101375461e-06
1.0,1.0,0.012219224677993494,2.3170977998889395,1.8487647373561812e-06
1.0,1.0,0.012219224677993494,2.6031420033166066,1.4894243476553524e-06
1.0,1.0,0.012219224677993494,2.9244981760182913,1.1845557258583314e-06
1.0,1.0,0.012219224677993494,3.285525557436941,9.465614702346572e-07
1.0,1.0,0.012219224677993494,3.6911215322651687,7.571438433030492e-07
1.0,1.0,0.012219224677993494,4.1467880641233,5.928850785538974e-07
1.0,1.0,0.012219224677993494,4.658706330431421,4.585017355312092e-07
1.0,1.0,0.012219224677993494,5.233820570907402,3.594822327125504e-07
1.0,1.0,0.012219224677993494,5.879932287106996,2.8177413296398646e-07
1.0,1.0,0.012219224677993494,6.605806070835402,2.15985712345582e-07
1.0,1.0,0.012219224677993494,7.421288497006765,1.6557380583404177e-07
1.0,1.0,0.012219224677993494,8.337441693749241,1.2978620323353007e-07
1.0,1.0,0.012219224677993494,9.366693401651878,9.965650163404088e-08
1.0,1.0,0.012219224677993494,10.523005557727089,7.558780759266079e-08
1.0,1.0,0.012219224677993494,11.822063690952728,5.913868295161423e-08
1.0,1.0,0.012219224677993494,13.281489698569585,4.570261266444379e-08
1.0,1.0,0.012219224677993494,14.921080889473224,3.463116346748113e-08
1.0,1.0,0.012219224677993494,16.763078537355728,2.7193978087294403e-08
1.0,1.0,0.012219224677993494,18.83246958655666,2.124807999844606e-08
1.0,1.0,0.012219224677993494,21.157325603303395,1.6224362646450125e-08
1.0,1.0,0.012219224677993494,23.769183570259635,1.2920751913605036e-08
1.0,1.0,0.012219224677993494,26.70347368991138,1.0260679840419157e-08
1.0,1.0,0.012219224677993494,30.0,8.022193360029702e-09
1.0,1.0,0.013063459418654033,0.1,2.2204707017649968e-05
1.0,1.0,0.013063459418654033,0.11234493440205148,2.0647436955271056e-05
1.0,1.0,0.013063459418654033,0.12621384285801251,1.9179740044871033e-05
1.0,1.0,0.013063459418654033,0.14179485896514246,1.777311789677363e-05
1.0,1.0,0.013063459418654033,0.15929934128987072,1.642356653240223e-05
1.0,1.0,0.013063459418654033,0.1789647404750054,1.5139957048802643e-05
1.0,1.0,0.013063459418654033,0.20105782028944644,1.3932152966882257e-05
1.0,1.0,0.013063459418654033,0.22587827631437318,1.2812320130466068e-05
1.0,1.0,0.013063459418654033,0.25376280135386714,1.179283314891627e-05
1.0,1.0,0.013063459418654033,0.2850896527178103,1.0867952163504471e-05
1.0,1.0,0.013063459418654033,0.32028378333286034,1.004375974140448e-05
1.0,1.0,0.013063459418654033,0.35982260628571056,9.319685290931964e-06
1.0,1.0,0.013063459418654033,0.40424247099543353,8.697785904559514e-06
1.0,1.0,0.013063459418654033,0.45414593886505183,8.169106296352709e-06
1.0,1.0,0.013063459418654033,0.5102099571075231,7.72548613826336e-06
1.0,1.0,0.013063459418654033,0.573195041625182,7.349756061572041e-06
1.0,1.0,0.013063459418654033,0.6439555935096224,7.015162170902131e-06
1.0,1.0,0.013063459418654033,0.7234514891067266,6.6830963442013676e-06
1.0,1.0,0.013063459418654033,0.8127611008676167,6.321722175473578e-06
1.0,1.0,0.013063459418654033,0.9130959256151152,5.910521942885802e-06
1.0,1.0,0.013063459418654033,1.0258170186601063,5.440368728660033e-06
1.0,1.0,0.013063459418654033,1.1524534566987765,4.913055401469858e-06
1.0,1.0,0.013063459418654033,1.294723079942415,4.343933836976375e-06
1.0,1.0,0.013063459418654033,1.4545557948495271,3.757106771038693e-06
1.0,1.0,0.013063459418654033,1.6341197535649394,3.191937009016063e-06
1.0,1.0,0.013063459418654033,1.835850765193496,2.685672272444875e-06
1.0,1.0,0.013063459418654033,2.062485337876194,2.251044363105853e-06
1.0,1.0,0.013063459418654033,2.3170977998889395,1.8538133553618002e-06
1.0,1.0,0.013063459418654033,2.6031420033166066,1.491706525562882e-06
1.0,1.0,0.013063459418654033,2.9244981760182913,1.1846804498835386e-06
1.0,1.0,0.013063459418654033,3.285525557436941,9.454819764077651e-07
1.0,1.0,0.013063459418654033,3.6911215322651687,7.567918556348582e-07
1.0,1.0,0.013063459418654033,4.1467880641233,5.931829653355014e-07
1.0,1.0,0.013063459418654033,4.658706330431421,4.5887995971136733e-07
1.0,1.0,0.013063459418654033,5.233820570907402,3.595680302310797e-07
1.0,1.0,0.013063459418654033,5.879932287106996,2.8198085551114184e-07
1.0,1.0,0.013063459418654033,6.605806070835402,2.16215958393605e-07
1.0,1.0,0.013063459418654033,7.421288497006765,1.656316247021371e-07
1.0,1.0,0.013063459418654033,8.337441693749241,1.2979326381010557e-07
1.0,1.0,0.013063459418654033,9.366693401651878,9.97098056618235e-08
1.0,1.0,0.013063459418654033,10.523005557727089,7.55871389149891e-08
1.0,1.0,0.013063459418654033,11.822063690952728,5.910594044116808e-08
1.0,1.0,0.013063459418654033,13.281489698569585,4.571296380811754e-08
1.0,1.0,0.013063459418654033,14.921080889473224,3.463505437779465e-08
1.0,1.0,0.013063459418654033,16.763078537355728,2.717243788558711e-08
1.0,1.0,0.013063459418654033,18.83246958655666,2.1251179352280007e-08
1.0,1.0,0.013063459418654033,21.157325603303395,1.62265258331445e-08
1.0,1.0,0.013063459418654033,23.769183570259635,1.2913672511559462e-08
1.0,1.0,0.013063459418654033,26.70347368991138,1.0261993528240372e-08
1.0,1.0,0.013063459418654033,30.0,8.022384306458541e-09
1.0,1.0,0.013966022925346815,0.1,2.1833824226548262e-05
1.0,1.0,0.013966022925346815,0.11234493440205148,2.0345171499174222e-05
1.0,1.0,0.013966022925346815,0.12621384285801251,1.8935516106331836e-05
1.0,1.0,0.013966022925346815,0.14179485896514246,1.757494297190886e-05
1.0,1.0,0.013966022925346815,0.15929934128987072,1.6264924326639902e-05
1.0,1.0,0.013966022925346815,0.1789647404750054,1.5011682873213807e-05
1.0,1.0,0.013966022925346815,0.20105782028944644,1.3828075667140202e-05
1.0,1.0,0.013966022925346815,0.22587827631437318,1.2726933040326e-05
1.0,1.0,0.013966022925346815,0.25376280135386714,1.1723327665296669e-05
1.0,1.0,0.013966022925346815,0.2850896527178103,1.0811762558725646e-05
1.0,1.0,0.013966022925346815,0.32028378333286034,9.99912668313673e-06
1.0,1.0,0.013966022925346815,0.35982260628571056,9.283845148570975e-06
1.0,1.0,0.013966022925346815,0.40424247099543353,8.668600139855699e-06
1.0,1.0,0.013966022925346815,0.45414593886505183,8.144834306725258e-06
1.0,1.0,0.013966022925346815,0.5102099571075231,7.704501998324185e-06
1.0,1.0,0.013966022925346815,0.573195041625182,7.331181067416578e-06
1.0,1.0,0.013966022925346815,0.6439555935096224,6.998250930075421e-06
1.0,1.0,0.013966022925346815,0.7234514891067266,6.6673971730089274e-06
1.0,1.0,0.013966022925346815,0.8127611008676167,6.306777162874933e-06
1.0,1.0,0.013966022925346815,0.9130959256151152,5.895736681023534e-06
1.0,1.0,0.013966022925346815,1.0258170186601063,5.425333768693076e-06
1.0,1.0,0.013966022925346815,1.1524534566987765,4.8976682004980244e-06
1.0,1.0,0.013966022925346815,1.294723079942415,4.3280256609528725e-06
1.0,1.0,0.013966022925346815,1.4545557948495271,3.7411266749614786e-06
1.0,1.0,0.013966022925346815,1.6341197535649394,3.1762757935983523e-06
1.0,1.0,0.013966022925346815,1.835850765193496,2.671227637586374e-06
1.0,1.0,0.013966022925346815,2.062485337876194,2.240563648147102e-06
1.0,1.0,0.013966022925346815,2.3170977998889395,1.8490471009445613e-06
1.0,1.0,0.013966022925346815,2.6031420033166066,1.490885958805798e-06
1.0,1.0,0.013966022925346815,2.9244981760182913,1.1854630229554458e-06
1.0,1.0,0.013966022925346815,3.285525557436941,9.459148257841487e-07
1.0,1.0,0.013966022925346815,3.6911215322651687,7.571077826999939e-07
1.0,1.0,0.013966022925346815,4.1467880641233,5.935394247082918e-07
1.0,1.0,0.013966022925346815,4.658706330431421,4.5895928051374963e-07
1.0,1.0,0.013966022925346815,5.233820570907402,3.5926832670789903e-07
1.0,1.0,0.013966022925346815,5.879932287106996,2.818984908442461e-07
1.0,1.0,0.013966022925346815,6.605806070835402,2.1624622746004325e-07
1.0,1.0,0.013966022925346815,7.421288497006765,1.6557369510488235e-07
1.0,1.0,0.013966022925346815,8.337441693749241,1.2971725483690213e-07
1.0,1.0,0.013966022925346815,9.366693401651878,9.973501826110817e-08
1.0,1.0,0.013966022925346815,10.523005557727089,7.558530656448496e-08
1.0,1.0,0.013966022925346815,11.822063690952728,5.906880157694079e-08
1.0,1.0,0.013966022925346815,13.281489698569585,4.5721153061544556e-08
1.0,1.0,0.013966022925346815,14.921080889473224,3.4638437698548514e-08
1.0,1.0,0.013966022925346815,16.763078537355728,2.7152728840475722e-08
1.0,1.0,0.013966022925346815,18.83246958655666,2.1253692823456487e-08
1.0,1.0,0.013966022925346815,21.157325603303395,1.6230605823422703e-08
1.0,1.0,0.013966022925346815,23.769183570259635,1.2904652460767499e-08
1.0,1.0,0.013966022925346815,26.70347368991138,1.0264404196853107e-08
1.0,1.0,0.013966022925346815,30.0,8.023032766768974e-09
1.0,1.0,0.014930945173128526,0.1,2.1467602423576735e-05
1.0,1.0,0.014930945173128526,0.11234493440205148,2.004411670902759e-05
1.0,1.0,0.014930945173128526,0.12621384285801251,1.8687312040457545e-05
1.0,1.0,0.014930945173128526,0.14179485896514246,1.7367760573207155e-05
1.0,1.0,0.014930945173128526,0.15929934128987072,1.609135942286667e-05
1.0,1.0,0.014930945173128526,0.1789647404750054,1.4864989821696861e-05
1.0,1.0,0.014930945173128526,0.20105782028944644,1.3703496586535704e-05
1.0,1.0,0.014930945173128526,0.22587827631437318,1.2621050374676156e-05
1.0,1.0,0.014930945173128526,0.25376280135386714,1.1633539176434142e-05
1.0,1.0,0.014930945173128526,0.2850896527178103,1.0736785927999957e-05
1.0,1.0,0.014930945173128526,0.32028378333286034,9.9364754096421e-06
1.0,1.0,0.014930945173128526,0.35982260628571056,9.23101288659198e-06
1.0,1.0,0.014930945173128526,0.40424247099543353,8.622942571735245e-06
1.0,1.0,0.014930945173128526,0.45414593886505183,8.104475722740878e-06
1.0,1.0,0.014930945173128526,0.5102099571075231,7.667904748489467e-06
1.0,1.0,0.014930945173128526,0.573195041625182,7.297170016360314e-06
1.0,1.0,0.014930945173128526,0.6439555935096224,6.966512840761346e-06
1.0,1.0,0.014930945173128526,0.7234514891067266,6.638752150352382e-06
1.0,1.0,0.014930945173128526,0.8127611008676167,6.2824988860458024e-06
1.0,1.0,0.014930945173128526,0.9130959256151152,5.8773089574413065e-06
1.0,1.0,0.014930945173128526,1.0258170186601063,5.414178420130951e-06
1.0,1.0,0.014930945173128526,1.1524534566987765,4.894693272273924e-06
1.0,1.0,0.014930945173128526,1.294723079942415,4.333055604467174e-06
1.0,1.0,0.014930945173128526,1.4545557948495271,3.7527309661572847e-06
1.0,1.0,0.014930945173128526,1.6341197535649394,3.191344690267199e-06
1.0,1.0,0.014930945173128526,1.835850765193496,2.6860401993775226e-06
1.0,1.0,0.014930945173128526,2.062485337876194,2.253730762038164e-06
1.0,1.0,0.014930945173128526,2.3170977998889395,1.8618045791335143e-06
1.0,1.0,0.014930945173128526,2.6031420033166066,1.502154838033007e-06
1.0,1.0,0.014930945173128526,2.9244981760182913,1.1940510379809405e-06
1.0,1.0,0.014930945173128526,3.285525557436941,9.511871817738026e-07
1.0,1.0,0.014930945173128526,3.6911215322651687,7.602574753059844e-07
1.0,1.0,0.014930945173128526,4.1467880641233,5.953391111252097e-07
1.0,1.0,0.014930945173128526,4.658706330431421,4.5955983665682985e-07
1.0,1.0,0.014930945173128526,5.233820570907402,3.591024965751536e-07
1.0,1.0,0.014930945173128526,5.879932287106996,2.819002733012307e-07
1.0,1.0,0.014930945173128526,6.605806070835402,2.1634847743061208e-07
1.0,1.0,0.014930945173128526,7.421288497006765,1.6554764705577634e-07
1.0,1.0,0.014930945173128526,8.337441693749241,1.2965422376628862e-07
1.0,1.0,0.014930945173128526,9.366693401651878,9.97643894521842e-08
1.0,1.0,0.014930945173128526,10.523005557727089,7.558492959816721e-08
1.0,1.0,0.014930945173128526,11.822063690952728,5.902461196692361e-08
1.0,1.0,0.014930945173128526,13.281489698569585,4.572115559236679e-08
1.0,1.0,0.014930945173128526,14.921080889473224,3.464309065758162e-08
1.0,1.0,0.014930945173128526,16.763078537355728,2.713185728940322e-08
1.0,1.0,0.014930945173128526,18.83246958655666,2.1254145804215282e-08
1.0,1.0,0.014930945173128526,21.157325603303395,1.623645381073443e-08
1.0,1.0,0.014930945173128526,23.769183570259635,1.2894115018102146e-08
1.0,1.0,0.014930945173128526,26.70347368991138,1.026641491477581e-08
1.0,1.0,0.014930945173128526,30.0,8.02521978205419e-09
1.0,1.0,0.01596253457083839,0.1,2.1054563183305155e-05
1.0,1.0,0.01596253457083839,0.11234493440205148,1.9713611337929036e-05
1.0,1.0,0.01596253457083839,0.12621384285801251,1.8426826777538423e-05
1.0,1.0,0.01596253457083839,0.14179485896514246,1.7163670968413644e-05
1.0,1.0,0.01596253457083839,0.15929934128987072,1.5936047612779348e-05
1.0,1.0,0.01596253457083839,0.1789647404750054,1.474686115741037e-05
1.0,1.0,0.01596253457083839,0.20105782028944644,1.3615084196304689e-05
1.0,1.0,0.01596253457083839,0.22587827631437318,1.2555779218975706e-05
1.0,1.0,0.01596253457083839,0.25376280135386714,1.1586491860931029e-05
1.0,1.0,0.01596253457083839,0.2850896527178103,1.0706024366688987e-05
1.0,1.0,0.01596253457083839,0.32028378333286034,9.918878007668707e-06
1.0,1.0,0.01596253457083839,0.35982260628571056,9.224107528502427e-06
1.0,1.0,0.01596253457083839,0.40424247099543353,8.623811696622341e-06
1.0,1.0,0.01596253457083839,0.45414593886505183,8.111343289349113e-06
1.0,1.0,0.01596253457083839,0.5102099571075231,7.678824592125508e-06
1.0,1.0,0.01596253457083839,0.573195041625182,7.310927851875659e-06
1.0,1.0,0.01596253457083839,0.6439555935096224,6.981848798305403e-06
1.0,1.0,0.01596253457083839,0.7234514891067266,6.654724498568346e-06
1.0,1.0,0.01596253457083839,0.8127611008676167,6.2977979092489735e-06
1.0,1.0,0.01596253457083839,0.9130959256151152,5.890332604009578e-06
1.0,1.0,0.01596253457083839,1.0258170186601063,5.423371566131475e-06
1.0,1.0,0.01596253457083839,1.1524534566987765,4.898868781841589e-06
1.0,1.0,0.01596253457083839,1.294723079942415,4.3313141891951e-06
1.0,1.0,0.01596253457083839,1.4545557948495271,3.7448591461298783e-06
1.0,1.0,0.01596253457083839,1.6341197535649394,3.1778391678283345e-06
1.0,1.0,0.01596253457083839,1.835850765193496,2.6685690906966347e-06
1.0,1.0,0.01596253457083839,2.062485337876194,2.2363248649757964e-06
1.0,1.0,0.01596253457083839,2.3170977998889395,1.848186014379362e-06
1.0,1.0,0.01596253457083839,2.6031420033166066,1.4919114474832795e-06
1.0,1.0,0.01596253457083839,2.9244981760182913,1.1862377631510514e-06
1.0,1.0,0.01596253457083839,3.285525557436941,9.450745018492579e-07
1.0,1.0,0.01596253457083839,3.6911215322651687,7.566832607044623e-07
1.0,1.0,0.01596253457083839,4.1467880641233,5.940099227324512e-07
1.0,1.0,0.01596253457083839,4.658706330431421,4.592606121434024e-07
1.0,1.0,0.01596253457083839,5.233820570907402,3.588359930544927e-07
1.0,1.0,0.01596253457083839,5.879932287106996,2.8185310956297113e-07
1.0,1.0,0.01596253457083839,6.605806070835402,2.1643709735174793e-07
1.0,1.0,0.01596253457083839,7.421288497006765,1.6549024005365727e-07
1.0,1.0,0.01596253457083839,8.337441693749241,1.2958858562482e-07
1.0,1.0,0.01596253457083839,9.366693401651878,9.978789928989391e-08
1.0,1.0,0.01596253457083839,10.523005557727089,7.559012409976872e-08
1.0,1.0,0.01596253457083839,11.822063690952728,5.896820839372208e-08
1.0,1.0,0.01596253457083839,13.281489698569585,4.572158628014726e-08
1.0,1.0,0.01596253457083839,14.921080889473224,3.465006403861485e-08
1.0,1.0,0.01596253457083839,16.763078537355728,2.7109931653107054e-08
1.0,1.0,0.01596253457083839,18.83246958655666,2.1253710691249235e-08
1.0,1.0,0.01596253457083839,21.157325603303395,1.6242983732030334e-08
1.0,1.0,0.01596253457083839,23.769183570259635,1.2882295924272767e-08
1.0,1.0,0.01596253457083839,26.70347368991138,1.0267963719870334e-08
1.0,1.0,0.01596253457083839,30.0,8.02830719864008e-09
1.0,1.0,0.017065397198282067,0.1,2.0611712544233957e-05
1.0,1.0,0.017065397198282067,0.11234493440205148,1.9340155085163415e-05
1.0,1.0,0.017065397198282067,0.12621384285801251,1.8109952760229847e-05
1.0,1.0,0.017065397198282067,0.14179485896514246,1.6891574442310944e-05
1.0,1.0,0.017065397198282067,0.15929934128987072,1.570077134711795e-05
1.0,1.0,0.017065397198282067,0.1789647404750054,1.4541477667613896e-05
1.0,1.0,0.017065397198282067,0.20105782028944644,1.3435172359053483e-05
1.0,1.0,0.017065397198282067,0.22587827631437318,1.2397696080988697e-05
1.0,1.0,0.017065397198282067,0.25376280135386714,1.1446481336269249e-05
1.0,1.0,0.017065397198282067,0.2850896527178103,1.0583125110342556e-05
1.0,1.0,0.017065397198282067,0.32028378333286034,9.810479447681473e-06
1.0,1.0,0.017065397198282067,0.35982260628571056,9.127139225871452e-06
1.0,1.0,0.017065397198282067,0.40424247099543353,8.53533928255688e-06
1.0,1.0,0.017065397198282067,0.45414593886505183,8.029375791678419e-06
1.0,1.0,0.017065397198282067,0.5102099571075231,7.6013272081111485e-06
1.0,1.0,0.017065397198282067,0.573195041625182,7.236672119222363e-06
1.0,1.0,0.017065397198282067,0.6439555935096224,6.91040551379958e-06
1.0,1.0,0.017065397198282067,0.7234514891067266,6.587089916616119e-06
1.0,1.0,0.017065397198282067,0.8127611008676167,6.2354874612136395e-06
1.0,1.0,0.017065397198282067,0.9130959256151152,5.835223476508809e-06
1.0,1.0,0.017065397198282067,1.0258170186601063,5.377244311373458e-06
1.0,1.0,0.017065397198282067,1.1524534566987765,4.863118854803144e-06
1.0,1.0,0.017065397198282067,1.294723079942415,4.306173627469553e-06
1.0,1.0,0.017065397198282067,1.4545557948495271,3.728988800297874e-06
1.0,1.0,0.017065397198282067,1.6341197535649394,3.1682883274725003e-06
1.0,1.0,0.017065397198282067,1.835850765193496,2.6615285478444954e-06
1.0,1.0,0.017065397198282067,2.062485337876194,2.2300463251969543e-06
1.0,1.0,0.017065397198282067,2.3170977998889395,1.8443789726807392e-06
1.0,1.0,0.017065397198282067,2.6031420033166066,1.4900207197541835e-06
1.0,1.0,0.017065397198282067,2.9244981760182913,1.1849920520369154e-06
1.0,1.0,0.017065397198282067,3.285525557436941,9.434618718408657e-07
1.0,1.0,0.017065397198282067,3.6911215322651687,7.557642949052317e-07
1.0,1.0,0.017065397198282067,4.1467880641233,5.939322128947016e-07
1.0,1.0,0.017065397198282067,4.658706330431421,4.59339510059811e-07
1.0,1.0,0.017065397198282067,5.233820570907402,3.5862144757655217e-07
1.0,1.0,0.017065397198282067,5.879932287106996,2.818163163711793e-07
1.0,1.0,0.017065397198282067,6.605806070835402,2.1655351198596027e-07
1.0,1.0,0.017065397198282067,7.421288497006765,1.6542264280646918e-07
1.0,1.0,0.017065397198282067,8.337441693749241,1.2950759659787282e-07
1.0,1.0,0.017065397198282067,9.366693401651878,9.980963970678842e-08
1.0,1.0,0.017065397198282067,10.523005557727089,7.55984186093351e-08
1.0,1.0,0.017065397198282067,11.822063690952728,5.890764104681839e-08
1.0,1.0,0.017065397198282067,13.281489698569585,4.5723268592526484e-08
1.0,1.0,0.017065397198282067,14.921080889473224,3.4658112292263426e-08
1.0,1.0,0.017065397198282067,16.763078537355728,2.7086124720236557e-08
1.0,1.0,0.017065397198282067,18.83246958655666,2.1253348761198715e-08
1.0,1.0,0.017065397198282067,21.157325603303395,1.6248870494136278e-08
1.0,1.0,0.017065397198282067,23.769183570259635,1.2869876065118157e-08
1.0,1.0,0.017065397198282067,26.70347368991138,1.0268590621436618e-08
1.0,1.0,0.017065397198282067,30.0,8.031900111477973e-09
1.0,1.0,0.01824445737252599,0.1,2.0205184762468407e-05
1.0,1.0,0.01824445737252599,0.11234493440205148,1.9028682056303564e-05
1.0,1.0,0.01824445737252599,0.12621384285801251,1.78798252340614e-05
1.0,1.0,0.01824445737252599,0.14179485896514246,1.672915057990119e-05
1.0,1.0,0.01824445737252599,0.15929934128987072,1.559448184559632e-05
1.0,1.0,0.01824445737252599,0.1789647404750054,1.4478719660573588e-05
1.0,1.0,0.01824445737252599,0.20105782028944644,1.3407704429357103e-05
1.0,1.0,0.01824445737252599,0.22587827631437318,1.2397509222370929e-05
1.0,1.0,0.01824445737252599,0.25376280135386714,1.1467574155568715e-05
1.0,1.0,0.01824445737252599,0.2850896527178103,1.062273542520838e-05
1.0,1.0,0.01824445737252599,0.32028378333286034,9.865518836839034e-06
1.0,1.0,0.01824445737252599,0.35982260628571056,9.194645239511449e-06
1.0,1.0,0.01824445737252599,0.40424247099543353,8.612123654891798e-06
1.0,1.0,0.01824445737252599,0.45414593886505183,8.11318824946691e-06
1.0,1.0,0.01824445737252599,0.5102099571075231,7.690042821273472e-06
1.0,1.0,0.01824445737252599,0.573195041625182,7.328666130569318e-06
1.0,1.0,0.01824445737252599,0.6439555935096224,7.004076636073168e-06
1.0,1.0,0.01824445737252599,0.7234514891067266,6.6810977273212925e-06
1.0,1.0,0.01824445737252599,0.8127611008676167,6.32801599995509e-06
1.0,1.0,0.01824445737252599,0.9130959256151152,5.923811699544406e-06
1.0,1.0,0.01824445737252599,1.0258170186601063,5.459423728430547e-06
1.0,1.0,0.01824445737252599,1.1524534566987765,4.936479241555758e-06
1.0,1.0,0.01824445737252599,1.294723079942415,4.368564077225121e-06
1.0,1.0,0.01824445737252599,1.4545557948495271,3.7788015933912093e-06
1.0,1.0,0.01824445737252599,1.6341197535649394,3.2047200272494964e-06
1.0,1.0,0.01824445737252599,1.835850765193496,2.6851635589159597e-06
1.0,1.0,0.01824445737252599,2.062485337876194,2.24429795679004e-06
1.0,1.0,0.01824445737252599,2.3170977998889395,1.8541512238230009e-06
1.0,1.0,0.01824445737252599,2.6031420033166066,1.4960614322122027e-06
1.0,1.0,0.01824445737252599,2.9244981760182913,1.187609812148671e-06
1.0,1.0,0.01824445737252599,3.285525557436941,9.434457230638488e-07
1.0,1.0,0.01824445737252599,3.6911215322651687,7.555252746739059e-07
1.0,1.0,0.01824445737252599,4.1467880641233,5.940804622517387e-07
1.0,1.0,0.01824445737252599,4.658706330431421,4.5942765958293073e-07
1.0,1.0,0.01824445737252599,5.233820570907402,3.5830187160156776e-07
1.0,1.0,0.01824445737252599,5.879932287106996,2.8171170800896934e-07
1.0,1.0,0.01824445737252599,6.605806070835402,2.1663902939952843e-07
1.0,1.0,0.01824445737252599,7.421288497006765,1.6537445939593193e-07
1.0,1.0,0.01824445737252599,8.337441693749241,1.294106086499425e-07
1.0,1.0,0.01824445737252599,9.366693401651878,9.982947664637887e-08
1.0,1.0,0.01824445737252599,10.523005557727089,7.560423337974579e-08
1.0,1.0,0.01824445737252599,11.822063690952728,5.885322025382157e-08
1.0,1.0,0.01824445737252599,13.281489698569585,4.57272398161032e-08
1.0,1.0,0.01824445737252599,14.921080889473224,3.46703032820863e-08
1.0,1.0,0.01824445737252599,16.763078537355728,2.705622580521937e-08
1.0,1.0,0.01824445737252599,18.83246958655666,2.1256421981569365e-08
1.0,1.0,0.01824445737252599,21.157325603303395,1.625358965390633e-08
1.0,1.0,0.01824445737252599,23.769183570259635,1.2858924948031469e-08
1.0,1.0,0.01824445737252599,26.70347368991138,1.0269307044835705e-08
1.0,1.0,0.01824445737252599,30.0,8.03620979487215e-09
1.0,1.0,0.019504979635131283,0.1,1.9689116791493056e-05
1.0,1.0,0.019504979635131283,0.11234493440205148,1.8583555197583435e-05
1.0,1.0,0.019504979635131283,0.12621384285801251,1.7492074807555944e-05
1.0,1.0,0.019504979635131283,0.14179485896514246,1.6388025622665075e-05
1.0,1.0,0.019504979635131283,0.15929934128987072,1.5293124283277277e-05
1.0,1.0,0.019504979635131283,0.1789647404750054,1.420989566867531e-05
1.0,1.0,0.019504979635131283,0.20105782028944644,1.3167243412719147e-05
1.0,1.0,0.019504979635131283,0.22587827631437318,1.2181250413557402e-05
1.0,1.0,0.019504979635131283,0.25376280135386714,1.1272094481686833e-05
1.0,1.0,0.019504979635131283,0.2850896527178103,1.0446558292284252e-05
1.0,1.0,0.019504979635131283,0.32028378333286034,9.705766062728002e-06
1.0,1.0,0.019504979635131283,0.35982260628571056,9.048176307497644e-06
1.0,1.0,0.019504979635131283,0.40424247099543353,8.47570361747008e-06
1.0,1.0,0.019504979635131283,0.45414593886505183,7.984367028493088e-06
1.0,1.0,0.019504979635131283,0.5102099571075231,7.566705515486215e-06
1.0,1.0,0.019504979635131283,0.573195041625182,7.209336402556897e-06
1.0,1.0,0.019504979635131283,0.6439555935096224,6.888321334160531e-06
1.0,1.0,0.019504979635131283,0.7234514891067266,6.570141222040727e-06
1.0,1.0,0.019504979635131283,0.8127611008676167,6.223879415434637e-06
1.0,1.0,0.019504979635131283,0.9130959256151152,5.828855157017265e-06
1.0,1.0,0.019504979635131283,1.0258170186601063,5.376302601801657e-06
1.0,1.0,0.019504979635131283,1.1524534566987765,4.867292958369917e-06
1.0,1.0,0.019504979635131283,1.294723079942415,4.314279583322455e-06
1.0,1.0,0.019504979635131283,1.4545557948495271,3.7389994843771587e-06
1.0,1.0,0.019504979635131283,1.6341197535649394,3.176740638591163e-06
1.0,1.0,0.019504979635131283,1.835850765193496,2.665102708315529e-06
1.0,1.0,0.019504979635131283,2.062485337876194,2.229580265244298e-06
1.0,1.0,0.019504979635131283,2.3170977998889395,1.8461690028131953e-06
1.0,1.0,0.019504979635131283,2.6031420033166066,1.4932656958139545e-06
1.0,1.0,0.019504979635131283,2.9244981760182913,1.1874292245746132e-06
1.0,1.0,0.019504979635131283,3.285525557436941,9.434059163638196e-07
1.0,1.0,0.019504979635131283,3.6911215322651687,7.553795027593793e-07
1.0,1.0,0.019504979635131283,4.1467880641233,5.943661942209217e-07
1.0,1.0,0.019504979635131283,4.658706330431421,4.596556022980866e-07
1.0,1.0,0.019504979635131283,5.233820570907402,3.580260030231186e-07
1.0,1.0,0.019504979635131283,5.879932287106996,2.815958777279607e-07
1.0,1.0,0.019504979635131283,6.605806070835402,2.1672843339137447e-07
1.0,1.0,0.019504979635131283,7.421288497006765,1.653644953304069e-07
1.0,1.0,0.019504979635131283,8.337441693749241,1.293054396117752e-07
1.0,1.0,0.019504979635131283,9.366693401651878,9.984521013691913e-08
1.0,1.0,0.019504979635131283,10.523005557727089,7.5616946836941e-08
1.0,1.0,0.019504979635131283,11.822063690952728,5.8796286505498904e-08
1.0,1.0,0.019504979635131283,13.281489698569585,4.5728152911441994e-08
1.0,1.0,0.019504979635131283,14.921080889473224,3.468725255133539e-08
1.0,1.0,0.019504979635131283,16.763078537355728,2.7022420197062722e-08
1.0,1.0,0.019504979635131283,18.83246958655666,2.1256544690254514e-08
1.0,1.0,0.019504979635131283,21.157325603303395,1.626000010066761e-08
1.0,1.0,0.019504979635131283,23.769183570259635,1.2849036895221255e-08
1.0,1.0,0.019504979635131283,26.70347368991138,1.0269222079459349e-08
1.0,1.0,0.019504979635131283,30.0,8.041359809473022e-09
1.0,1.0,0.02085259225850094,0.1,1.9197340854701343e-05
1.0,1.0,0.02085259225850094,0.11234493440205148,1.8186500456650484e-05
1.0,1.0,0.02085259225850094,0.12621384285801251,1.7175518876721267e-05
1.0,1.0,0.02085259225850094,0.14179485896514246,1.614014753239155e-05
1.0,1.0,0.02085259225850094,0.15929934128987072,1.5102734980884771e-05
1.0,1.0,0.02085259225850094,0.1789647404750054,1.4065583770820273e-05
1.0,1.0,0.02085259225850094,0.20105782028944644,1.3060072741997725e-05
1.0,1.0,0.02085259225850094,0.22587827631437318,1.2104196722887476e-05
1.0,1.0,0.02085259225850094,0.25376280135386714,1.1218531051826283e-05
1.0,1.0,0.02085259225850094,0.2850896527178103,1.0413712489579305e-05
1.0,1.0,0.02085259225850094,0.32028378333286034,9.690477988899053e-06
1.0,1.0,0.02085259225850094,0.35982260628571056,9.047228955447029e-06
1.0,1.0,0.02085259225850094,0.40424247099543353,8.48541618083218e-06
1.0,1.0,0.02085259225850094,0.45414593886505183,8.002469751233203e-06
1.0,1.0,0.02085259225850094,0.5102099571075231,7.590745349695607e-06
1.0,1.0,0.02085259225850094,0.573195041625182,7.23738987599274e-06
1.0,1.0,0.02085259225850094,0.6439555935096224,6.918890431626583e-06
1.0,1.0,0.02085259225850094,0.7234514891067266,6.602220614512767e-06
1.0,1.0,0.02085259225850094,0.8127611008676167,6.2563056021536614e-06
1.0,1.0,0.02085259225850094,0.9130959256151152,5.86002608746171e-06
1.0,1.0,0.02085259225850094,1.0258170186601063,5.404622415773976e-06
1.0,1.0,0.02085259225850094,1.1524534566987765,4.8914920988813806e-06
1.0,1.0,0.02085259225850094,1.294723079942415,4.333051238555777e-06
1.0,1.0,0.02085259225850094,1.4545557948495271,3.7516368952045202e-06
1.0,1.0,0.02085259225850094,1.6341197535649394,3.182804022582081e-06
1.0,1.0,0.02085259225850094,1.835850765193496,2.6650497044570698e-06
1.0,1.0,0.02085259225850094,2.062485337876194,2.2261762633868035e-06
1.0,1.0,0.02085259225850094,2.3170977998889395,1.8441987383015142e-06
1.0,1.0,0.02085259225850094,2.6031420033166066,1.4928783675119473e-06
1.0,1.0,0.02085259225850094,2.9244981760182913,1.187236250010393e-06
1.0,1.0,0.02085259225850094,3.285525557436941,9.42368693630272e-07
1.0,1.0,0.02085259225850094,3.6911215322651687,7.544623814686496e-07
1.0,1.0,0.02085259225850094,4.1467880641233,5.942605722896812e-07
1.0,1.0,0.02085259225850094,4.658706330431421,4.5971863361557755e-07
1.0,1.0,0.02085259225850094,5.233820570907402,3.576522224307646e-07
1.0,1.0,0.02085259225850094,5.879932287106996,2.814196906846661e-07
1.0,1.0,0.02085259225850094,6.605806070835402,2.16797080568225e-07
1.0,1.0,0.02085259225850094,7.421288497006765,1.6536138460807393e-07
1.0,1.0,0.02085259225850094,8.337441693749241,1.2918156269301427e-07
1.0,1.0,0.02085259225850094,9.366693401651878,9.985743939586157e-08
1.0,1.0,0.02085259225850094,10.523005557727089,7.563324461945995e-08
1.0,1.0,0.02085259225850094,11.822063690952728,5.8732352391615776e-08
1.0,1.0,0.02085259225850094,13.281489698569585,4.572181816069532e-08
1.0,1.0,0.02085259225850094,14.921080889473224,3.470159648790109e-08
1.0,1.0,0.02085259225850094,16.763078537355728,2.6990171161320125e-08
1.0,1.0,0.02085259225850094,18.83246958655666,2.1251819718093942e-08
1.0,1.0,0.02085259225850094,21.157325603303395,1.626895111942943e-08
1.0,1.0,0.02085259225850094,23.769183570259635,1.2835477166674313e-08
1.0,1.0,0.02085259225850094,26.70347368991138,1.0268819572631961e-08
1.0,1.0,0.02085259225850094,30.0,8.047109486243298e-09
1.0,1.0,0.022293312376297003,0.1,1.8657373814498356e-05
1.0,1.0,0.022293312376297003,0.11234493440205148,1.7729617623769537e-05
1.0,1.0,0.022293312376297003,0.12621384285801251,1.6785779912665018e-05
1.0,1.0,0.022293312376297003,0.14179485896514246,1.5807381196964324e-05
1.0,1.0,0.022293312376297003,0.15929934128987072,1.4816667911351081e-05
1.0,1.0,0.022293312376297003,0.1789647404750054,1.3819720010160173e-05
1.0,1.0,0.022293312376297003,0.20105782028944644,1.2847690889645977e-05
1.0,1.0,0.022293312376297003,0.22587827631437318,1.1920379813634433e-05
1.0,1.0,0.022293312376297003,0.25376280135386714,1.1058886244556349e-05
1.0,1.0,0.022293312376297003,0.2850896527178103,1.0275357520004782e-05
1.0,1.0,0.022293312376297003,0.32028378333286034,9.570807567644572e-06
1.0,1.0,0.022293312376297003,0.35982260628571056,8.94282790884979e-06
1.0,1.0,0.022293312376297003,0.40424247099543353,8.392544924587645e-06
1.0,1.0,0.022293312376297003,0.45414593886505183,7.918572327197903e-06
1.0,1.0,0.022293312376297003,0.5102099571075231,7.513216698886019e-06
1.0,1.0,0.022293312376297003,0.573195041625182,7.1644953906063496e-06
1.0,1.0,0.022293312376297003,0.6439555935096224,6.849696834194102e-06
1.0,1.0,0.022293312376297003,0.7234514891067266,6.537517317029463e-06
1.0,1.0,0.022293312376297003,0.8127611008676167,6.19732127392299e-06
1.0,1.0,0.022293312376297003,0.9130959256151152,5.8083084567626745e-06
1.0,1.0,0.022293312376297003,1.0258170186601063,5.3616707513526615e-06
1.0,1.0,0.022293312376297003,1.1524534566987765,4.858494204157786e-06
1.0,1.0,0.022293312376297003,1.294723079942415,4.3101416984969465e-06
1.0,1.0,0.022293312376297003,1.4545557948495271,3.7375983634015645e-06
1.0,1.0,0.022293312376297003,1.6341197535649394,3.1747321077842026e-06
1.0,1.0,0.022293312376297003,1.835850765193496,2.6591447474211646e-06
1.0,1.0,0.022293312376297003,2.062485337876194,2.2199032437179076e-06
1.0,1.0,0.022293312376297003,2.3170977998889395,1.840060530840938e-06
1.0,1.0,0.022293312376297003,2.6031420033166066,1.4909159493081198e-06
1.0,1.0,0.022293312376297003,2.9244981760182913,1.186021625561442e-06
1.0,1.0,0.022293312376297003,3.285525557436941,9.405022233901098e-07
1.0,1.0,0.022293312376297003,3.6911215322651687,7.528460702220001e-07
1.0,1.0,0.022293312376297003,4.1467880641233,5.936575551544329e-07
1.0,1.0,0.022293312376297003,4.658706330431421,4.594396900600468e-07
1.0,1.0,0.022293312376297003,5.233820570907402,3.5708831796046587e-07
1.0,1.0,0.022293312376297003,5.879932287106996,2.8114358382688226e-07
1.0,1.0,0.022293312376297003,6.605806070835402,2.168285416273421e-07
1.0,1.0,0.022293312376297003,7.421288497006765,1.6533914543777272e-07
1.0,1.0,0.022293312376297003,8.337441693749241,1.2906677440093466e-07
1.0,1.0,0.022293312376297003,9.366693401651878,9.988411183335118e-08
1.0,1.0,0.022293312376297003,10.523005557727089,7.566539680945325e-08
1.0,1.0,0.022293312376297003,11.822063690952728,5.8659518588743434e-08
1.0,1.0,0.022293312376297003,13.281489698569585,4.572351925851878e-08
1.0,1.0,0.022293312376297003,14.921080889473224,3.471389804674821e-08
1.0,1.0,0.022293312376297003,16.763078537355728,2.6965866534019232e-08
1.0,1.0,0.022293312376297003,18.83246958655666,2.12479404930246e-08
1.0,1.0,0.022293312376297003,21.157325603303395,1.6282688786771153e-08
1.0,1.0,0.022293312376297003,23.769183570259635,1.2820159068292765e-08
1.0,1.0,0.022293312376297003,26.70347368991138,1.0269921047241704e-08
1.0,1.0,0.022293312376297003,30.0,8.054160100559897e-09
1.0,1.0,0.023833572850135668,0.1,1.815470317907493e-05
1.0,1.0,0.023833572850135668,0.11234493440205148,1.732724179475957e-05
1.0,1.0,0.023833572850135668,0.12621384285801251,1.6466687954236832e-05
1.0,1.0,0.023833572850135668,0.14179485896514246,1.555902039730356e-05
1.0,1.0,0.023833572850135668,0.15929934128987072,1.4626473977071469e-05
1.0,1.0,0.023833572850135668,0.1789647404750054,1.3678319352385706e-05
1.0,1.0,0.023833572850135668,0.20105782028944644,1.2745736917265154e-05
1.0,1.0,0.023833572850135668,0.22587827631437318,1.1850817332773807e-05
1.0,1.0,0.023833572850135668,0.25376280135386714,1.1015832501081676e-05
1.0,1.0,0.023833572850135668,0.2850896527178103,1.0255238380330279e-05
1.0,1.0,0.023833572850135668,0.32028378333286034,9.570218489938283e-06
1.0,1.0,0.023833572850135668,0.35982260628571056,8.958538107416319e-06
1.0,1.0,0.023833572850135668,0.40424247099543353,8.420625916659413e-06
1.0,1.0,0.023833572850135668,0.45414593886505183,7.956202993876133e-06
1.0,1.0,0.023833572850135668,0.5102099571075231,7.557724782132188e-06
1.0,1.0,0.023833572850135668,0.573195041625182,7.2138451250371e-06
1.0,1.0,0.023833572850135668,0.6439555935096224,6.902242919620701e-06
1.0,1.0,0.023833572850135668,0.7234514891067266,6.592643542372416e-06
1.0,1.0,0.023833572850135668,0.8127611008676167,6.2546921852264275e-06
1.0,1.0,0.023833572850135668,0.9130959256151152,5.866956702713728e-06
1.0,1.0,0.023833572850135668,1.0258170186601063,5.420628642515857e-06
1.0,1.0,0.023833572850135668,1.1524534566987765,4.916621767740262e-06
1.0,1.0,0.023833572850135668,1.294723079942415,4.365781432953662e-06
1.0,1.0,0.023833572850135668,1.4545557948495271,3.7886337866824248e-06
1.0,1.0,0.023833572850135668,1.6341197535649394,3.2184894611338303e-06
1.0,1.0,0.023833572850135668,1.835850765193496,2.6932697398475972e-06
1.0,1.0,0.023833572850135668,2.062485337876194,2.2440738889823168e-06
1.0,1.0,0.023833572850135668,2.3170977998889395,1.8586221665570385e-06
1.0,1.0,0.023833572850135668,2.6031420033166066,1.5052747239885964e-06
1.0,1.0,0.023833572850135668,2.9244981760182913,1.196135611533119e-06
1.0,1.0,0.023833572850135668,3.285525557436941,9.46644838550597e-07
1.0,1.0,0.023833572850135668,3.6911215322651687,7.570990160223666e-07
1.0,1.0,0.023833572850135668,4.1467880641233,5.975612687142116e-07
1.0,1.0,0.023833572850135668,4.658706330431421,4.6242881384015216e-07
1.0,1.0,0.023833572850135668,5.233820570907402,3.586639456164119e-07
1.0,1.0,0.023833572850135668,5.879932287106996,2.8201535241466006e-07
1.0,1.0,0.023833572850135668,6.605806070835402,2.173688684689591e-07
1.0,1.0,0.023833572850135668,7.421288497006765,1.6540460735743247e-07
1.0,1.0,0.023833572850135668,8.337441693749241,1.2892531030332124e-07
1.0,1.0,0.023833572850135668,9.366693401651878,9.989654598663736e-08
1.0,1.0,0.023833572850135668,10.523005557727089,7.569297364822628e-08
1.0,1.0,0.023833572850135668,11.822063690952728,5.857310731370172e-08
1.0,1.0,0.023833572850135668,13.281489698569585,4.571672448441374e-08
1.0,1.0,0.023833572850135668,14.921080889473224,3.472723572171478e-08
1.0,1.0,0.023833572850135668,16.763078537355728,2.6932060361870033e-08
1.0,1.0,0.023833572850135668,18.83246958655666,2.1239821344123774e-08
1.0,1.0,0.023833572850135668,21.157325603303395,1.6294661744117904e-08
1.0,1.0,0.023833572850135668,23.769183570259635,1.2799970290099395e-08
1.0,1.0,0.023833572850135668,26.70347368991138,1.0268080502411629e-08
1.0,1.0,0.023833572850135668,30.0,8.058996237877459e-09
1.0,1.0,0.02548025099252107,0.1,1.7553767452412292e-05
1.0,1.0,0.02548025099252107,0.11234493440205148,1.6822242781202886e-05
1.0,1.0,0.02548025099252107,0.12621384285801251,1.6043122605566252e-05
1.0,1.0,0.02548025099252107,0.14179485896514246,1.5206157552754597e-05
1.0,1.0,0.02548025099252107,0.15929934128987072,1.4330670201921902e-05
1.0,1.0,0.02548025099252107,0.1789647404750054,1.3433011675670525e-05
1.0,1.0,0.02548025099252107,0.20105782028944644,1.2540628647380163e-05
1.0,1.0,0.02548025099252107,0.22587827631437318,1.1679582834696692e-05
1.0,1.0,0.02548025099252107,0.25376280135386714,1.0872111480839e-05
1.0,1.0,0.02548025099252107,0.2850896527178103,1.0135318588455205e-05
1.0,1.0,0.02548025099252107,0.32028378333286034,9.470530673935677e-06
1.0,1.0,0.02548025099252107,0.35982260628571056,8.876186697155131e-06
1.0,1.0,0.02548025099252107,0.40424247099543353,8.351493469906188e-06
1.0,1.0,0.02548025099252107,0.45414593886505183,7.897218704349243e-06
1.0,1.0,0.02548025099252107,0.5102099571075231,7.506362361528896e-06
1.0,1.0,0.02548025099252107,0.573195041625182,7.167824764642594e-06
1.0,1.0,0.02548025099252107,0.6439555935096224,6.860027919849344e-06
1.0,1.0,0.02548025099252107,0.7234514891067266,6.55373134017566e-06
1.0,1.0,0.02548025099252107,0.8127611008676167,6.2188453857687115e-06
1.0,1.0,0.02548025099252107,0.9130959256151152,5.8337251808090545e-06
1.0,1.0,0.02548025099252107,1.0258170186601063,5.38971751317036e-06
1.0,1.0,0.02548025099252107,1.1524534566987765,4.8880744091527155e-06
1.0,1.0,0.02548025099252107,1.294723079942415,4.3392346980780644e-06
1.0,1.0,0.02548025099252107,1.4545557948495271,3.76411777631792e-06
1.0,1.0,0.02548025099252107,1.6341197535649394,3.1954519564662064e-06
1.0,1.0,0.02548025099252107,1.835850765193496,2.6711643350236723e-06
1.0,1.0,0.02548025099252107,2.062485337876194,2.223824453689357e-06
1.0,1.0,0.02548025099252107,2.3170977998889395,1.8446037024922593e-06
1.0,1.0,0.02548025099252107,2.6031420033166066,1.497837235725865e-06
1.0,1.0,0.02548025099252107,2.9244981760182913,1.1923522241591494e-06
1.0,1.0,0.02548025099252107,3.285525557436941,9.436220811476921e-07
1.0,1.0,0.02548025099252107,3.6911215322651687,7.539936575414948e-07
1.0,1.0,0.02548025099252107,4.1467880641233,5.954745723108397e-07
1.0,1.0,0.02548025099252107,4.658706330431421,4.6091048385849915e-07
1.0,1.0,0.02548025099252107,5.233820570907402,3.5710471864725435e-07
1.0,1.0,0.02548025099252107,5.879932287106996,2.810357508557563e-07
1.0,1.0,0.02548025099252107,6.605806070835402,2.171493273528019e-07
1.0,1.0,0.02548025099252107,7.421288497006765,1.6537254809950645e-07
1.0,1.0,0.02548025099252107,8.337441693749241,1.2877199308338545e-07
1.0,1.0,0.02548025099252107,9.366693401651878,9.990518380048018e-08
1.0,1.0,0.02548025099252107,10.523005557727089,7.572603671479608e-08
1.0,1.0,0.02548025099252107,11.822063690952728,5.8509816264697995e-08
1.0,1.0,0.02548025099252107,13.281489698569585,4.570644223562984e-08
1.0,1.0,0.02548025099252107,14.921080889473224,3.475924900870924e-08
1.0,1.0,0.02548025099252107,16.763078537355728,2.689599051136617e-08
1.0,1.0,0.02548025099252107,18.83246958655666,2.1239530466050103e-08
1.0,1.0,0.02548025099252107,21.157325603303395,1.6311529636548886e-08
1.0,1.0,0.02548025099252107,23.769183570259635,1.2785009188025238e-08
1.0,1.0,0.02548025099252107,26.70347368991138,1.0268798278004284e-08
1.0,1.0,0.02548025099252107,30.0,8.065913699185521e-09
1.0,1.0,0.02724069927426661,0.1,1.694125020034523e-05
1.0,1.0,0.02724069927426661,0.11234493440205148,1.6300080062043566e-05
1.0,1.0,0.02724069927426661,0.12621384285801251,1.5596082646524435e-05
1.0,1.0,0.02724069927426661,0.14179485896514246,1.4823541436732744e-05
1.0,1.0,0.02724069927426661,0.15929934128987072,1.4000177013738247e-05
1.0,1.0,0.02724069927426661,0.1789647404750054,1.3148642026577834e-05
1.0,1.0,0.02724069927426661,0.20105782028944644,1.229459350950326e-05
1.0,1.0,0.02724069927426661,0.22587827631437318,1.1466536590257562e-05
1.0,1.0,0.02724069927426661,0.25376280135386714,1.0687616343283505e-05
1.0,1.0,0.02724069927426661,0.2850896527178103,9.97540147603636e-06
1.0,1.0,0.02724069927426661,0.32028378333286034,9.331956032621488e-06
1.0,1.0,0.02724069927426661,0.35982260628571056,8.755676331098771e-06
1.0,1.0,0.02724069927426661,0.40424247099543353,8.245231856082458e-06
1.0,1.0,0.02724069927426661,0.45414593886505183,7.801743077469479e-06
1.0,1.0,0.02724069927426661,0.5102099571075231,7.418817797040473e-06
1.0,1.0,0.02724069927426661,0.573195041625182,7.086290829589375e-06
1.0,1.0,0.02724069927426661,0.6439555935096224,6.783126503467994e-06
1.0,1.0,0.02724069927426661,0.7234514891067266,6.482069779159133e-06
1.0,1.0,0.02724069927426661,0.8127611008676167,6.153863303751117e-06
1.0,1.0,0.02724069927426661,0.9130959256151152,5.7769182128319135e-06
1.0,1.0,0.02724069927426661,1.0258170186601063,5.342640167436442e-06
1.0,1.0,0.02724069927426661,1.1524534566987765,4.851974965720255e-06
1.0,1.0,0.02724069927426661,1.294723079942415,4.314341041156485e-06
1.0,1.0,0.02724069927426661,1.4545557948495271,3.7492435357204643e-06
1.0,1.0,0.02724069927426661,1.6341197535649394,3.187454990537012e-06
1.0,1.0,0.02724069927426661,1.835850765193496,2.6658682630111634e-06
1.0,1.0,0.02724069927426661,2.062485337876194,2.217492076296434e-06
1.0,1.0,0.02724069927426661,2.3170977998889395,1.8393312342384052e-06
1.0,1.0,0.02724069927426661,2.6031420033166066,1.4949217811913094e-06
1.0,1.0,0.02724069927426661,2.9244981760182913,1.1904781276714494e-06
1.0,1.0,0.02724069927426661,3.285525557436941,9.412967440550266e-07
1.0,1.0,0.02724069927426661,3.6911215322651687,7.51791256001086e-07
1.0,1.0,0.02724069927426661,4.1467880641233,5.946246510181795e-07
1.0,1.0,0.02724069927426661,4.658706330431421,4.60770931060349e-07
1.0,1.0,0.02724069927426661,5.233820570907402,3.566434833175644e-07
1.0,1.0,0.02724069927426661,5.879932287106996,2.807059539315454e-07
1.0,1.0,0.02724069927426661,6.605806070835402,2.1715620508760943e-07
1.0,1.0,0.02724069927426661,7.421288497006765,1.6540282028825772e-07
1.0,1.0,0.02724069927426661,8.337441693749241,1.2857695624040277e-07
1.0,1.0,0.02724069927426661,9.366693401651878,9.987940060358133e-08
1.0,1.0,0.02724069927426661,10.523005557727089,7.575499841421152e-08
1.0,1.0,0.02724069927426661,11.822063690952728,5.8419181983807774e-08
1.0,1.0,0.02724069927426661,13.281489698569585,4.5675734763303945e-08
1.0,1.0,0.02724069927426661,14.921080889473224,3.477691696623393e-08
1.0,1.0,0.02724069927426661,16.763078537355728,2.684304815320582e-08
1.0,1.0,0.02724069927426661,18.83246958655666,2.1223681657874972e-08
1.0,1.0,0.02724069927426661,21.157325603303395,1.6314335819505194e-08
1.0,1.0,0.02724069927426661,23.769183570259635,1.2766128819397507e-08
1.0,1.0,0.02724069927426661,26.70347368991138,1.0261714254489243e-08
1.0,1.0,0.02724069927426661,30.0,8.069656844499639e-09
1.0,1.0,0.029122778153513346,0.1,1.6335126893150157e-05
1.0,1.0,0.029122778153513346,0.11234493440205148,1.5798317477510535e-05
1.0,1.0,0.029122778153513346,0.12621384285801251,1.5182033661193595e-05
1.0,1.0,0.029122778153513346,0.14179485896514246,1.4485436442291285e-05
1.0,1.0,0.029122778153513346,0.15929934128987072,1.372447896062724e-05
1.0,1.0,0.029122778153513346,0.1789647404750054,1.2926147831276144e-05
1.0,1.0,0.029122778153513346,0.20105782028944644,1.2115660954610428e-05
1.0,1.0,0.029122778153513346,0.22587827631437318,1.1324060907299709e-05
1.0,1.0,0.029122778153513346,0.25376280135386714,1.0575429227209176e-05
1.0,1.0,0.029122778153513346,0.2850896527178103,9.889027694630661e-06
1.0,1.0,0.029122778153513346,0.32028378333286034,9.267696353126896e-06
1.0,1.0,0.029122778153513346,0.35982260628571056,8.710625794211301e-06
1.0,1.0,0.029122778153513346,0.40424247099543353,8.215037800713774e-06
1.0,1.0,0.029122778153513346,0.45414593886505183,7.783114475048938e-06
1.0,1.0,0.029122778153513346,0.5102099571075231,7.408714129177606e-06
1.0,1.0,0.029122778153513346,0.573195041625182,7.082335698018447e-06
1.0,1.0,0.029122778153513346,0.6439555935096224,6.783561064782912e-06
1.0,1.0,0.029122778153513346,0.7234514891067266,6.486343010680694e-06
1.0,1.0,0.029122778153513346,0.8127611008676167,6.161805518089923e-06
1.0,1.0,0.029122778153513346,0.9130959256151152,5.788155474607493e-06
1.0,1.0,0.029122778153513346,1.0258170186601063,5.3566476715692e-06
1.0,1.0,0.029122778153513346,1.1524534566987765,4.868361641774376e-06
1.0,1.0,0.029122778153513346,1.294723079942415,4.332111520356424e-06
1.0,1.0,0.029122778153513346,1.4545557948495271,3.7669486796339965e-06
1.0,1.0,0.029122778153513346,1.6341197535649394,3.202800970352248e-06
1.0,1.0,0.029122778153513346,1.835850765193496,2.6764042094438243e-06
1.0,1.0,0.029122778153513346,2.062485337876194,2.222099512855152e-06
1.0,1.0,0.029122778153513346,2.3170977998889395,1.841542785035341e-06
1.0,1.0,0.029122778153513346,2.6031420033166066,1.497635465266896e-06
1.0,1.0,0.029122778153513346,2.9244981760182913,1.1925022315304793e-06
1.0,1.0,0.029122778153513346,3.285525557436941,9.415941369062894e-07
1.0,1.0,0.029122778153513346,3.6911215322651687,7.509585358226715e-07
1.0,1.0,0.029122778153513346,4.1467880641233,5.947752242912397e-07
1.0,1.0,0.029122778153513346,4.658706330431421,4.6118162165338624e-07
1.0,1.0,0.029122778153513346,5.233820570907402,3.565635831603676e-07
1.0,1.0,0.029122778153513346,5.879932287106996,2.8050034899601503e-07
1.0,1.0,0.029122778153513346,6.605806070835402,2.1728759773411575e-07
1.0,1.0,0.029122778153513346,7.421288497006765,1.6548128273472995e-07
1.0,1.0,0.029122778153513346,8.337441693749241,1.284290950926438e-07
1.0,1.0,0.029122778153513346,9.366693401651878,9.990966997876133e-08
1.0,1.0,0.029122778153513346,10.523005557727089,7.583383021659491e-08
1.0,1.0,0.029122778153513346,11.822063690952728,5.834855627191357e-08
1.0,1.0,0.029122778153513346,13.281489698569585,4.568869944940236e-08
1.0,1.0,0.029122778153513346,14.921080889473224,3.48184820709784e-08
1.0,1.0,0.029122778153513346,16.763078537355728,2.6824871299747588e-08
1.0,1.0,0.029122778153513346,18.83246958655666,2.1226598128482517e-08
1.0,1.0,0.029122778153513346,21.157325603303395,1.633734015177513e-08
1.0,1.0,0.029122778153513346,23.769183570259635,1.2757175191493208e-08
1.0,1.0,0.029122778153513346,26.70347368991138,1.0265555486069444e-08
1.0,1.0,0.029122778153513346,30.0,8.084636439176252e-09
1.0,1.0,0.03113489117292817,0.1,1.5687264464595945e-05
1.0,1.0,0.03113489117292817,0.11234493440205148,1.525670344614542e-05
1.0,1.0,0.03113489117292817,0.12621384285801251,1.4730952712061695e-05
1.0,1.0,0.03113489117292817,0.14179485896514246,1.4113213256834487e-05
1.0,1.0,0.03113489117292817,0.15929934128987072,1.3419123782215978e-05
1.0,1.0,0.03113489117292817,0.1789647404750054,1.267647744371502e-05
1.0,1.0,0.03113489117292817,0.20105782028944644,1.1911449512918328e-05
1.0,1.0,0.03113489117292817,0.22587827631437318,1.1158368783188168e-05
1.0,1.0,0.03113489117292817,0.25376280135386714,1.0441300221883448e-05
1.0,1.0,0.03113489117292817,0.2850896527178103,9.781502109172665e-06
1.0,1.0,0.03113489117292817,0.32028378333286034,9.183177028302606e-06
1.0,1.0,0.03113489117292817,0.35982260628571056,8.6459004187737e-06
1.0,1.0,0.03113489117292817,0.40424247099543353,8.166280934146688e-06
1.0,1.0,0.03113489117292817,0.45414593886505183,7.746423458580646e-06
1.0,1.0,0.03113489117292817,0.5102099571075231,7.381094653375971e-06
1.0,1.0,0.03113489117292817,0.573195041625182,7.061456671640477e-06
1.0,1.0,0.03113489117292817,0.6439555935096224,6.767351354215819e-06
1.0,1.0,0.03113489117292817,0.7234514891067266,6.4738706248921655e-06
1.0,1.0,0.03113489117292817,0.8127611008676167,6.152626677210905e-06
1.0,1.0,0.03113489117292817,0.9130959256151152,5.781506597402341e-06
1.0,1.0,0.03113489117292817,1.0258170186601063,5.351755679807949e-06
1.0,1.0,0.03113489117292817,1.1524534566987765,4.864929595379607e-06
1.0,1.0,0.03113489117292817,1.294723079942415,4.32927958706698e-06
1.0,1.0,0.03113489117292817,1.4545557948495271,3.7641139143248197e-06
1.0,1.0,0.03113489117292817,1.6341197535649394,3.1987595713588165e-06
1.0,1.0,0.03113489117292817,1.835850765193496,2.669991641035752e-06
1.0,1.0,0.03113489117292817,2.062485337876194,2.2131597631324528e-06
1.0,1.0,0.03113489117292817,2.3170977998889395,1.8343606366608738e-06
1.0,1.0,0.03113489117292817,2.6031420033166066,1.4950557084331082e-06
1.0,1.0,0.03113489117292817,2.9244981760182913,1.192467309313811e-06
1.0,1.0,0.03113489117292817,3.285525557436941,9.416407138351059e-07
1.0,1.0,0.03113489117292817,3.6911215322651687,7.502153451992015e-07
1.0,1.0,0.03113489117292817,4.1467880641233,5.948319630287846e-07
1.0,1.0,0.03113489117292817,4.658706330431421,4.6162066263645224e-07
1.0,1.0,0.03113489117292817,5.233820570907402,3.564850984235231e-07
1.0,1.0,0.03113489117292817,5.879932287106996,2.8017480107198726e-07
1.0,1.0,0.03113489117292817,6.605806070835402,2.1735222699832126e-07
1.0,1.0,0.03113489117292817,7.421288497006765,1.6551052721798733e-07
1.0,1.0,0.03113489117292817,8.337441693749241,1.2820482698688802e-07
1.0,1.0,0.03113489117292817,9.366693401651878,9.985208022434528e-08
1.0,1.0,0.03113489117292817,10.523005557727089,7.585078373614945e-08
1.0,1.0,0.03113489117292817,11.822063690952728,5.8226437966926284e-08
1.0,1.0,0.03113489117292817,13.281489698569585,4.5634731144113744e-08
1.0,1.0,0.03113489117292817,14.921080889473224,3.481215041662299e-08
1.0,1.0,0.03113489117292817,16.763078537355728,2.6768183557981843e-08
1.0,1.0,0.03113489117292817,18.83246958655666,2.1192043261777834e-08
1.0,1.0,0.03113489117292817,21.157325603303395,1.6332475626742236e-08
1.0,1.0,0.03113489117292817,23.769183570259635,1.272561145968118e-08
1.0,1.0,0.03113489117292817,26.70347368991138,1.0248943268051747e-08
1.0,1.0,0.03113489117292817,30.0,8.085681000969614e-09
1.0,1.0,0.0332860224817918,0.1,1.5027404249744514e-05
1.0,1.0,0.0332860224817918,0.11234493440205148,1.4699492599091093e-05
1.0,1.0,0.0332860224817918,0.12621384285801251,1.4259334635111132e-05
1.0,1.0,0.0332860224817918,0.14179485896514246,1.3716651045703031e-05
1.0,1.0,0.0332860224817918,0.15929934128987072,1.3086835523304289e-05
1.0,1.0,0.0332860224817918,0.1789647404750054,1.2398794690549395e-05
1.0,1.0,0.0332860224817918,0.20105782028944644,1.1678458843592198e-05
1.0,1.0,0.0332860224817918,0.22587827631437318,1.0963958272537647e-05
1.0,1.0,0.0332860224817918,0.25376280135386714,1.027927589727635e-05
1.0,1.0,0.0332860224817918,0.2850896527178103,9.646445583763655e-06
1.0,1.0,0.0332860224817918,0.32028378333286034,9.072065486291385e-06
1.0,1.0,0.0332860224817918,0.35982260628571056,8.555424007353266e-06
1.0,1.0,0.0332860224817918,0.40424247099543353,8.09231821810242e-06
1.0,1.0,0.0332860224817918,0.45414593886505183,7.685358284715498e-06
1.0,1.0,0.0332860224817918,0.5102099571075231,7.329690288548362e-06
1.0,1.0,0.0332860224817918,0.573195041625182,7.017160681053063e-06
1.0,1.0,0.0332860224817918,0.6439555935096224,6.728418443057129e-06
1.0,1.0,0.0332860224817918,0.7234514891067266,6.44000694494158e-06
1.0,1.0,0.0332860224817918,0.8127611008676167,6.124192624333704e-06
1.0,1.0,0.0332860224817918,0.9130959256151152,5.758904331978874e-06
1.0,1.0,0.0332860224817918,1.0258170186601063,5.335252116524908e-06
1.0,1.0,0.0332860224817918,1.1524534566987765,4.855091573843627e-06
1.0,1.0,0.0332860224817918,1.294723079942415,4.325826823650407e-06
1.0,1.0,0.0332860224817918,1.4545557948495271,3.765869181625907e-06
1.0,1.0,0.0332860224817918,1.6341197535649394,3.2032297983516254e-06
1.0,1.0,0.0332860224817918,1.835850765193496,2.6738208486868416e-06
1.0,1.0,0.0332860224817918,2.062485337876194,2.2134766642456066e-06
1.0,1.0,0.0332860224817918,2.3170977998889395,1.8328748889856444e-06
1.0,1.0,0.0332860224817918,2.6031420033166066,1.4957941502355316e-06
1.0,1.0,0.0332860224817918,2.9244981760182913,1.1939109552760264e-06
1.0,1.0,0.0332860224817918,3.285525557436941,9.420909264370826e-07
1.0,1.0,0.0332860224817918,3.6911215322651687,7.49466918732692e-07
1.0,1.0,0.0332860224817918,4.1467880641233,5.949705600894179e-07
1.0,1.0,0.0332860224817918,4.658706330431421,4.6223640268624265e-07
1.0,1.0,0.0332860224817918,5.233820570907402,3.56604728305571e-07
1.0,1.0,0.0332860224817918,5.879932287106996,2.801098262729525e-07
1.0,1.0,0.0332860224817918,6.605806070835402,2.1763564097939436e-07
1.0,1.0,0.0332860224817918,7.421288497006765,1.6584880006443833e-07
1.0,1.0,0.0332860224817918,8.337441693749241,1.282110453545943e-07
1.0,1.0,0.0332860224817918,9.366693401651878,1.0003306245856433e-07
1.0,1.0,0.0332860224817918,10.523005557727089,7.609718567902341e-08
1.0,1.0,0.0332860224817918,11.822063690952728,5.834414718457037e-08
1.0,1.0,0.0332860224817918,13.281489698569585,4.5761846236180626e-08
1.0,1.0,0.0332860224817918,14.921080889473224,3.498966245376877e-08
1.0,1.0,0.0332860224817918,16.763078537355728,2.6855384191516602e-08
1.0,1.0,0.0332860224817918,18.83246958655666,2.128642099756015e-08
1.0,1.0,0.0332860224817918,21.157325603303395,1.643975434916054e-08
1.0,1.0,0.0332860224817918,23.769183570259635,1.2779367483428088e-08
1.0,1.0,0.0332860224817918,26.70347368991138,1.0297395516360122e-08
1.0,1.0,0.0332860224817918,30.0,8.133942249618386e-09
1.0,1.0,0.03558577695051401,0.1,1.4368448173167925e-05
1.0,1.0,0.03558577695051401,0.11234493440205148,1.414326954960818e-05
1.0,1.0,0.03558577695051401,0.12621384285801251,1.3789590748194001e-05
1.0,1.0,0.03558577695051401,0.14179485896514246,1.3322472902344499e-05
1.0,1.0,0.03558577695051401,0.15929934128987072,1.2758417107486554e-05
1.0,1.0,0.03558577695051401,0.1789647404750054,1.2125775735610659e-05
1.0,1.0,0.03558577695051401,0.20105782028944644,1.145223454170438e-05
1.0,1.0,0.03558577695051401,0.22587827631437318,1.0776853406789992e-05
1.0,1.0,0.03558577695051401,0.25376280135386714,1.012558220859529e-05
1.0,1.0,0.03558577695051401,0.2850896527178103,9.520471422608304e-06
1.0,1.0,0.03558577695051401,0.32028378333286034,8.970755064016572e-06
1.0,1.0,0.03558577695051401,0.35982260628571056,8.475198281855274e-06
1.0,1.0,0.03558577695051401,0.40424247099543353,8.029646158851598e-06
1.0,1.0,0.03558577695051401,0.45414593886505183,7.636006054005026e-06
1.0,1.0,0.03558577695051401,0.5102099571075231,7.290620502347024e-06
1.0,1.0,0.03558577695051401,0.573195041625182,6.985608203236163e-06
1.0,1.0,0.03558577695051401,0.6439555935096224,6.702700303467184e-06
1.0,1.0,0.03558577695051401,0.7234514891067266,6.419841482591334e-06
1.0,1.0,0.03558577695051401,0.8127611008676167,6.10999703945718e-06
1.0,1.0,0.03558577695051401,0.9130959256151152,5.751149610639364e-06
1.0,1.0,0.03558577695051401,1.0258170186601063,5.334206855124444e-06
1.0,1.0,0.03558577695051401,1.1524534566987765,4.861553826408769e-06
1.0,1.0,0.03558577695051401,1.294723079942415,4.339473449726874e-06
1.0,1.0,0.03558577695051401,1.4545557948495271,3.7850725534982204e-06
1.0,1.0,0.03558577695051401,1.6341197535649394,3.2245490760747574e-06
1.0,1.0,0.03558577695051401,1.835850765193496,2.692891861828121e-06
1.0,1.0,0.03558577695051401,2.062485337876194,2.2260893432520153e-06
1.0,1.0,0.03558577695051401,2.3170977998889395,1.8394764985155407e-06
1.0,1.0,0.03558577695051401,2.6031420033166066,1.500921879174169e-06
1.0,1.0,0.03558577695051401,2.9244981760182913,1.1973203739377602e-06
1.0,1.0,0.03558577695051401,3.285525557436941,9.430374814857554e-07
1.0,1.0,0.03558577695051401,3.6911215322651687,7.482868678973895e-07
1.0,1.0,0.03558577695051401,4.1467880641233,5.946122254893068e-07
1.0,1.0,0.03558577695051401,4.658706330431421,4.624487537919777e-07
1.0,1.0,0.03558577695051401,5.233820570907402,3.5645356472829714e-07
1.0,1.0,0.03558577695051401,5.879932287106996,2.795732623322527e-07
1.0,1.0,0.03558577695051401,6.605806070835402,2.1756040055828033e-07
1.0,1.0,0.03558577695051401,7.421288497006765,1.6583865226288042e-07
1.0,1.0,0.03558577695051401,8.337441693749241,1.2792270866211152e-07
1.0,1.0,0.03558577695051401,9.366693401651878,9.9894456177395e-08
1.0,1.0,0.03558577695051401,10.523005557727089,7.607358478279039e-08
1.0,1.0,0.03558577695051401,11.822063690952728,5.8175685849265613e-08
1.0,1.0,0.03558577695051401,13.281489698569585,4.56531243521118e-08
1.0,1.0,0.03558577695051401,14.921080889473224,3.495533589545578e-08
1.0,1.0,0.03558577695051401,16.763078537355728,2.6759079072024555e-08
1.0,1.0,0.03558577695051401,18.83246958655666,2.121835439274816e-08
1.0,1.0,0.03558577695051401,21.157325603303395,1.64127241677846e-08
1.0,1.0,0.03558577695051401,23.769183570259635,1.2730939303434535e-08
1.0,1.0,0.03558577695051401,26.70347368991138,1.0263929026523175e-08
1.0,1.0,0.03558577695051401,30.0,8.125142069891452e-09
1.0,1.0,0.038044423056688585,0.1,1.3660010724972622e-05
1.0,1.0,0.038044423056688585,0.11234493440205148,1.3532217760210082e-05
1.0,1.0,0.038044423056688585,0.12621384285801251,1.3262109811467747e-05
1.0,1.0,0.038044423056688585,0.14179485896514246,1.28683327364363e-05
1.0,1.0,0.038044423056688585,0.15929934128987072,1.2371665323482704e-05
1.0,1.0,0.038044423056688585,0.1789647404750054,1.179553785135993e-05
1.0,1.0,0.038044423056688585,0.20105782028944644,1.1170449463920555e-05
1.0,1.0,0.038044423056688585,0.22587827631437318,1.0534785341845872e-05
1.0,1.0,0.038044423056688585,0.25376280135386714,9.917770813404111e-06
1.0,1.0,0.038044423056688585,0.2850896527178103,9.340899532366892e-06
1.0,1.0,0.038044423056688585,0.32028378333286034,8.816241541618422e-06
1.0,1.0,0.038044423056688585,0.35982260628571056,8.342440729316877e-06
1.0,1.0,0.038044423056688585,0.40424247099543353,7.915051028648724e-06
1.0,1.0,0.038044423056688585,0.45414593886505183,7.535438291229813e-06
1.0,1.0,0.038044423056688585,0.5102099571075231,7.200961018338493e-06
1.0,1.0,0.038044423056688585,0.573195041625182,6.903982267137748e-06
1.0,1.0,0.038044423056688585,0.6439555935096224,6.6275206969914395e-06
1.0,1.0,0.038044423056688585,0.7234514891067266,6.350803979478268e-06
1.0,1.0,0.038044423056688585,0.8127611008676167,6.047622179529407e-06
1.0,1.0,0.038044423056688585,0.9130959256151152,5.695145909807379e-06
1.0,1.0,0.038044423056688585,1.0258170186601063,5.285042488066795e-06
1.0,1.0,0.038044423056688585,1.1524534566987765,4.822167050570903e-06
1.0,1.0,0.038044423056688585,1.294723079942415,4.310817788412047e-06
1.0,1.0,0.038044423056688585,1.4545557948495271,3.7668380712888325e-06
1.0,1.0,0.038044423056688585,1.6341197535649394,3.214773178364359e-06
1.0,1.0,0.038044423056688585,1.835850765193496,2.687998965935922e-06
1.0,1.0,0.038044423056688585,2.062485337876194,2.222381646166091e-06
1.0,1.0,0.038044423056688585,2.3170977998889395,1.8363283528977247e-06
1.0,1.0,0.038044423056688585,2.6031420033166066,1.5025923325285104e-06
1.0,1.0,0.038044423056688585,2.9244981760182913,1.201722377731397e-06
1.0,1.0,0.038044423056688585,3.285525557436941,9.471332870019503e-07
1.0,1.0,0.038044423056688585,3.6911215322651687,7.500429907671915e-07
1.0,1.0,0.038044423056688585,4.1467880641233,5.958224918384007e-07
1.0,1.0,0.038044423056688585,4.658706330431421,4.6340930459490746e-07
1.0,1.0,0.038044423056688585,5.233820570907402,3.5650750254204126e-07
1.0,1.0,0.038044423056688585,5.879932287106996,2.7902626834818173e-07
1.0,1.0,0.038044423056688585,6.605806070835402,2.1747776707132432e-07
1.0,1.0,0.038044423056688585,7.421288497006765,1.6586998449533204e-07
1.0,1.0,0.038044423056688585,8.337441693749241,1.2764691691111286e-07
1.0,1.0,0.038044423056688585,9.366693401651878,9.97497971651834e-08
1.0,1.0,0.038044423056688585,10.523005557727089,7.608041593800798e-08
1.0,1.0,0.038044423056688585,11.822063690952728,5.802182486763393e-08
1.0,1.0,0.038044423056688585,13.281489698569585,4.555196092807999e-08
1.0,1.0,0.038044423056688585,14.921080889473224,3.492480256698551e-08
1.0,1.0,0.038044423056688585,16.763078537355728,2.668565418291912e-08
1.0,1.0,0.038044423056688585,18.83246958655666,2.1154443339321595e-08
1.0,1.0,0.038044423056688585,21.157325603303395,1.6391853616280342e-08
1.0,1.0,0.038044423056688585,23.769183570259635,1.2689507864777189e-08
1.0,1.0,0.038044423056688585,26.70347368991138,1.023656026839468e-08
1.0,1.0,0.038044423056688585,30.0,8.118435816160692e-09
1.0,1.0,0.040672938734175684,0.1,1.2932278171084145e-05
1.0,1.0,0.040672938734175684,0.11234493440205148,1.2905156261703512e-05
1.0,1.0,0.040672938734175684,0.12621384285801251,1.2724320904171383e-05
1.0,1.0,0.040672938734175684,0.14179485896514246,1.2408604073827015e-05
1.0,1.0,0.040672938734175684,0.15929934128987072,1.1985565414084349e-05
1.0,1.0,0.040672938734175684,0.1789647404750054,1.1472810655161482e-05
1.0,1.0,0.040672938734175684,0.20105782028944644,1.0899314748228029e-05
1.0,1.0,0.040672938734175684,0.22587827631437318,1.0305367571083663e-05
1.0,1.0,0.040672938734175684,0.25376280135386714,9.723736892256079e-06
1.0,1.0,0.040672938734175684,0.2850896527178103,9.176226044968084e-06
1.0,1.0,0.040672938734175684,0.32028378333286034,8.677002139672535e-06
1.0,1.0,0.040672938734175684,0.35982260628571056,8.225228499337629e-06
1.0,1.0,0.040672938734175684,0.40424247099543353,7.816720393908709e-06
1.0,1.0,0.040672938734175684,0.45414593886505183,7.451568455162339e-06
1.0,1.0,0.040672938734175684,0.5102099571075231,7.128668850516626e-06
1.0,1.0,0.040672938734175684,0.573195041625182,6.840019341915061e-06
1.0,1.0,0.040672938734175684,0.6439555935096224,6.570159130649792e-06
1.0,1.0,0.040672938734175684,0.7234514891067266,6.299120909563439e-06
1.0,1.0,0.040672938734175684,0.8127611008676167,6.001000477869788e-06
1.0,1.0,0.040672938734175684,0.9130959256151152,5.650820482962595e-06
1.0,1.0,0.040672938734175684,1.0258170186601063,5.241575780601955e-06
1.0,1.0,0.040672938734175684,1.1524534566987765,4.783762592082468e-06
1.0,1.0,0.040672938734175684,1.294723079942415,4.279565526650845e-06
1.0,1.0,0.040672938734175684,1.4545557948495271,3.742322984278154e-06
1.0,1.0,0.040672938734175684,1.6341197535649394,3.195258224764203e-06
1.0,1.0,0.040672938734175684,1.835850765193496,2.6707890799331684e-06
1.0,1.0,0.040672938734175684,2.062485337876194,2.204713802565078e-06
1.0,1.0,0.040672938734175684,2.3170977998889395,1.8184265115577515e-06
1.0,1.0,0.040672938734175684,2.6031420033166066,1.4899778001860134e-06
1.0,1.0,0.040672938734175684,2.9244981760182913,1.1938208295742515e-06
1.0,1.0,0.040672938734175684,3.285525557436941,9.416326201423056e-07
1.0,1.0,0.040672938734175684,3.6911215322651687,7.450442130966976e-07
1.0,1.0,0.040672938734175684,4.1467880641233,5.930977521497467e-07
1.0,1.0,0.040672938734175684,4.658706330431421,4.6271471483333986e-07
1.0,1.0,0.040672938734175684,5.233820570907402,3.563410617441066e-07
1.0,1.0,0.040672938734175684,5.879932287106996,2.7852490623567706e-07
1.0,1.0,0.040672938734175684,6.605806070835402,2.1746699011886304e-07
1.0,1.0,0.040672938734175684,7.421288497006765,1.6604162261455e-07
1.0,1.0,0.040672938734175684,8.337441693749241,1.2744414564057431e-07
1.0,1.0,0.040672938734175684,9.366693401651878,9.972077480616257e-08
1.0,1.0,0.040672938734175684,10.523005557727089,7.616087485255184e-08
1.0,1.0,0.040672938734175684,11.822063690952728,5.7999458928184794e-08
1.0,1.0,0.040672938734175684,13.281489698569585,4.552481638788641e-08
1.0,1.0,0.040672938734175684,14.921080889473224,3.496946127097758e-08
1.0,1.0,0.040672938734175684,16.763078537355728,2.6674724663866662e-08
1.0,1.0,0.040672938734175684,18.83246958655666,2.1147567161890445e-08
1.0,1.0,0.040672938734175684,21.157325603303395,1.6421843230311398e-08
1.0,1.0,0.040672938734175684,23.769183570259635,1.2686012616762667e-08
1.0,1.0,0.040672938734175684,26.70347368991138,1.0235148018909084e-08
1.0,1.0,0.040672938734175684,30.0,8.131979640595663e-09
1.0,1.0,0.0434830603899293,0.1,1.222458181613777e-05
1.0,1.0,0.0434830603899293,0.11234493440205148,1.2302950050251352e-05
1.0,1.0,0.0434830603899293,0.12621384285801251,1.2213234323665062e-05
1.0,1.0,0.0434830603899293,0.14179485896514246,1.1981349855077525e-05
1.0,1.0,0.0434830603899293,0.15929934128987072,1.1636642550163401e-05
1.0,1.0,0.0434830603899293,0.1789647404750054,1.1191572656389068e-05
1.0,1.0,0.0434830603899293,0.20105782028944644,1.067288836817569e-05
1.0,1.0,0.0434830603899293,0.22587827631437318,1.0122304797771473e-05
1.0,1.0,0.0434830603899293,0.25376280135386714,9.57706046712877e-06
1.0,1.0,0.0434830603899293,0.2850896527178103,9.059891977957324e-06
1.0,1.0,0.0434830603899293,0.32028378333286034,8.586352426570215e-06
1.0,1.0,0.0434830603899293,0.35982260628571056,8.156964631717572e-06
1.0,1.0,0.0434830603899293,0.40424247099543353,7.76781615471988e-06
1.0,1.0,0.0434830603899293,0.45414593886505183,7.41778362903903e-06
1.0,1.0,0.0434830603899293,0.5102099571075231,7.106796532399722e-06
1.0,1.0,0.0434830603899293,0.573195041625182,6.827031716610424e-06
1.0,1.0,0.0434830603899293,0.6439555935096224,6.5638943587727e-06
1.0,1.0,0.0434830603899293,0.7234514891067266,6.298481791045562e-06
1.0,1.0,0.0434830603899293,0.8127611008676167,6.00397491029655e-06
1.0,1.0,0.0434830603899293,0.9130959256151152,5.6531116826414775e-06
1.0,1.0,0.0434830603899293,1.0258170186601063,5.2406815356706384e-06
1.0,1.0,0.0434830603899293,1.1524534566987765,4.782902160945289e-06
1.0,1.0,0.0434830603899293,1.294723079942415,4.2833658054284385e-06
1.0,1.0,0.0434830603899293,1.4545557948495271,3.75037876603979e-06
1.0,1.0,0.0434830603899293,1.6341197535649394,3.2053726173806332e-06
1.0,1.0,0.0434830603899293,1.835850765193496,2.679754725276267e-06
1.0,1.0,0.0434830603899293,2.062485337876194,2.2093049351320677e-06
1.0,1.0,0.0434830603899293,2.3170977998889395,1.8179541091917948e-06
1.0,1.0,0.0434830603899293,2.6031420033166066,1.4903957375713445e-06
1.0,1.0,0.0434830603899293,2.9244981760182913,1.1956193028942486e-06
1.0,1.0,0.0434830603899293,3.285525557436941,9.427549038419609e-07
1.0,1.0,0.0434830603899293,3.6911215322651687,7.440804381570626e-07
1.0,1.0,0.0434830603899293,4.1467880641233,5.922886517420775e-07
1.0,1.0,0.0434830603899293,4.658706330431421,4.6271179231156115e-07
1.0,1.0,0.0434830603899293,5.233820570907402,3.561779368106967e-07
1.0,1.0,0.0434830603899293,5.879932287106996,2.7775079312225653e-07
1.0,1.0,0.0434830603899293,6.605806070835402,2.172447915647359e-07
1.0,1.0,0.0434830603899293,7.421288497006765,1.6610860842048516e-07
1.0,1.0,0.0434830603899293,8.337441693749241,1.2727697589017458e-07
1.0,1.0,0.0434830603899293,9.366693401651878,9.961141939388676e-08
1.0,1.0,0.0434830603899293,10.523005557727089,7.625776516241031e-08
1.0,1.0,0.0434830603899293,11.822063690952728,5.79661068020883e-08
1.0,1.0,0.0434830603899293,13.281489698569585,4.5490119434346446e-08
1.0,1.0,0.0434830603899293,14.921080889473224,3.502624417819812e-08
1.0,1.0,0.0434830603899293,16.763078537355728,2.6670682973117453e-08
1.0,1.0,0.0434830603899293,18.83246958655666,2.1134624130375284e-08
1.0,1.0,0.0434830603899293,21.157325603303395,1.6449076053008323e-08
1.0,1.0,0.0434830603899293,23.769183570259635,1.268625834457265e-08
1.0,1.0,0.0434830603899293,26.70347368991138,1.0227722358404998e-08
1.0,1.0,0.0434830603899293,30.0,8.146594647337071e-09
1.0,1.0,0.046487335307431384,0.1,1.1504137183103295e-05
1.0,1.0,0.046487335307431384,0.11234493440205148,1.1686163529040338e-05
1.0,1.0,0.046487335307431384,0.12621384285801251,1.1686410627695501e-05
1.0,1.0,0.046487335307431384,0.14179485896514246,1.1539732646870342e-05
1.0,1.0,0.046487335307431384,0.15929934128987072,1.1275558894748327e-05
1.0,1.0,0.046487335307431384,0.1789647404750054,1.090018394215837e-05
1.0,1.0,0.046487335307431384,0.20105782028944644,1.0437735475848523e-05
1.0,1.0,0.046487335307431384,0.22587827631437318,9.931452186265801e-06
1.0,1.0,0.046487335307431384,0.25376280135386714,9.423488343686557e-06
1.0,1.0,0.046487335307431384,0.2850896527178103,8.937397654568607e-06
1.0,1.0,0.046487335307431384,0.32028378333286034,8.489784065322914e-06
1.0,1.0,0.046487335307431384,0.35982260628571056,8.082954790153704e-06
1.0,1.0,0.046487335307431384,0.40424247099543353,7.713630350174056e-06
1.0,1.0,0.046487335307431384,0.45414593886505183,7.379311262002875e-06
1.0,1.0,0.046487335307431384,0.5102099571075231,7.080710814844629e-06
1.0,1.0,0.046487335307431384,0.573195041625182,6.810200167820882e-06
1.0,1.0,0.046487335307431384,0.6439555935096224,6.554294549173617e-06
1.0,1.0,0.046487335307431384,0.7234514891067266,6.2947123768034066e-06
1.0,1.0,0.046487335307431384,0.8127611008676167,6.002961396361504e-06
1.0,1.0,0.046487335307431384,0.9130959256151152,5.650625546215394e-06
1.0,1.0,0.046487335307431384,1.0258170186601063,5.23407502306571e-06
1.0,1.0,0.046487335307431384,1.1524534566987765,4.7736654172013685e-06
1.0,1.0,0.046487335307431384,1.294723079942415,4.278921315002543e-06
1.0,1.0,0.046487335307431384,1.4545557948495271,3.752086548950205e-06
1.0,1.0,0.046487335307431384,1.6341197535649394,3.211143199993598e-06
1.0,1.0,0.046487335307431384,1.835850765193496,2.6862261506086647e-06
1.0,1.0,0.046487335307431384,2.062485337876194,2.2127191679182703e-06
1.0,1.0,0.046487335307431384,2.3170977998889395,1.816590734111354e-06
1.0,1.0,0.046487335307431384,2.6031420033166066,1.4897911721932623e-06
1.0,1.0,0.046487335307431384,2.9244981760182913,1.197053141161831e-06
1.0,1.0,0.046487335307431384,3.285525557436941,9.44181110322904e-07
1.0,1.0,0.046487335307431384,3.6911215322651687,7.437087300881747e-07
1.0,1.0,0.046487335307431384,4.1467880641233,5.918357872581248e-07
1.0,1.0,0.046487335307431384,4.658706330431421,4.632946860420327e-07
1.0,1.0,0.046487335307431384,5.233820570907402,3.566795980236155e-07
1.0,1.0,0.046487335307431384,5.879932287106996,2.774724247972808e-07
1.0,1.0,0.046487335307431384,6.605806070835402,2.173486035455355e-07
1.0,1.0,0.046487335307431384,7.421288497006765,1.6642717385181567e-07
1.0,1.0,0.046487335307431384,8.337441693749241,1.2718876347173054e-07
1.0,1.0,0.046487335307431384,9.366693401651878,9.95649137912794e-08
1.0,1.0,0.046487335307431384,10.523005557727089,7.637090565789543e-08
1.0,1.0,0.046487335307431384,11.822063690952728,5.7942684119600804e-08
1.0,1.0,0.046487335307431384,13.281489698569585,4.543309249861964e-08
1.0,1.0,0.046487335307431384,14.921080889473224,3.506262221065189e-08
1.0,1.0,0.046487335307431384,16.763078537355728,2.6669029006554763e-08
1.0,1.0,0.046487335307431384,18.83246958655666,2.1104335291166536e-08
1.0,1.0,0.046487335307431384,21.157325603303395,1.6472642933506822e-08
1.0,1.0,0.046487335307431384,23.769183570259635,1.2681973973084609e-08
1.0,1.0,0.046487335307431384,26.70347368991138,1.0222541178233057e-08
1.0,1.0,0.046487335307431384,30.0,8.158179672051725e-09
1.0,1.0,0.049699177670715716,0.1,1.077895717965197e-05
1.0,1.0,0.049699177670715716,0.11234493440205148,1.1064624136418307e-05
1.0,1.0,0.049699177670715716,0.12621384285801251,1.1155169867138956e-05
1.0,1.0,0.049699177670715716,0.14179485896514246,1.1098011099177498e-05
1.0,1.0,0.049699177670715716,0.15929934128987072,1.0915115588157189e-05
1.0,1.0,0.049699177670715716,0.1789647404750054,1.0611062216622685e-05
1.0,1.0,0.049699177670715716,0.20105782028944644,1.020650651802452e-05
1.0,1.0,0.049699177670715716,0.22587827631437318,9.745517085503878e-06
1.0,1.0,0.049699177670715716,0.25376280135386714,9.275639559077353e-06
1.0,1.0,0.049699177670715716,0.2850896527178103,8.821335519995343e-06
1.0,1.0,0.049699177670715716,0.32028378333286034,8.399889050629333e-06
1.0,1.0,0.049699177670715716,0.35982260628571056,8.015900175023637e-06
1.0,1.0,0.049699177670715716,0.40424247099543353,7.666644511546718e-06
1.0,1.0,0.049699177670715716,0.45414593886505183,7.34858173440596e-06
1.0,1.0,0.049699177670715716,0.5102099571075231,7.062729286582937e-06
1.0,1.0,0.049699177670715716,0.573195041625182,6.80184604648893e-06
1.0,1.0,0.049699177670715716,0.6439555935096224,6.5536095879665675e-06
1.0,1.0,0.049699177670715716,0.7234514891067266,6.299705996487422e-06
1.0,1.0,0.049699177670715716,0.8127611008676167,6.0096627642315604e-06
1.0,1.0,0.049699177670715716,0.9130959256151152,5.655268637336137e-06
1.0,1.0,0.049699177670715716,1.0258170186601063,5.233942303829587e-06
1.0,1.0,0.049699177670715716,1.1524534566987765,4.768166531384417e-06
1.0,1.0,0.049699177670715716,1.294723079942415,4.275241957724352e-06
1.0,1.0,0.049699177670715716,1.4545557948495271,3.754766870036321e-06
1.0,1.0,0.049699177670715716,1.6341197535649394,3.218063960134197e-06
1.0,1.0,0.049699177670715716,1.835850765193496,2.6939094298813403e-06
1.0,1.0,0.049699177670715716,2.062485337876194,2.216967281027288e-06
1.0,1.0,0.049699177670715716,2.3170977998889395,1.8149122834487339e-06
1.0,1.0,0.049699177670715716,2.6031420033166066,1.4869434767131889e-06
1.0,1.0,0.049699177670715716,2.9244981760182913,1.196004346002529e-06
1.0,1.0,0.049699177670715716,3.285525557436941,9.431690365080106e-07
1.0,1.0,0.049699177670715716,3.6911215322651687,7.410628236204537e-07
1.0,1.0,0.049699177670715716,4.1467880641233,5.893801570975792e-07
1.0,1.0,0.049699177670715716,4.658706330431421,4.623972524268299e-07
1.0,1.0,0.049699177670715716,5.233820570907402,3.5627844548390784e-07
1.0,1.0,0.049699177670715716,5.879932287106996,2.764712981865875e-07
1.0,1.0,0.049699177670715716,6.605806070835402,2.1687370292488297e-07
1.0,1.0,0.049699177670715716,7.421288497006765,1.6638917470835136e-07
1.0,1.0,0.049699177670715716,8.337441693749241,1.2696818219514758e-07
1.0,1.0,0.049699177670715716,9.366693401651878,9.936291298491102e-08
1.0,1.0,0.049699177670715716,10.523005557727089,7.641044532545065e-08
1.0,1.0,0.049699177670715716,11.822063690952728,5.7934762042031356e-08
1.0,1.0,0.049699177670715716,13.281489698569585,4.5364436667846305e-08
1.0,1.0,0.049699177670715716,14.921080889473224,3.509398158179863e-08
1.0,1.0,0.049699177670715716,16.763078537355728,2.6672723372932302e-08
1.0,1.0,0.049699177670715716,18.83246958655666,2.1076806654216e-08
1.0,1.0,0.049699177670715716,21.157325603303395,1.6485009716856366e-08
1.0,1.0,0.049699177670715716,23.769183570259635,1.2683942842784196e-08
1.0,1.0,0.049699177670715716,26.70347368991138,1.0211539419382606e-08
1.0,1.0,0.049699177670715716,30.0,8.169115455232587e-09
1.0,1.0,0.05313292845913058,0.1,1.0028979746485538e-05
1.0,1.0,0.05313292845913058,0.11234493440205148,1.041429141086171e-05
1.0,1.0,0.05313292845913058,0.12621384285801251,1.0594121856514197e-05
1.0,1.0,0.05313292845913058,0.14179485896514246,1.0625534889982434e-05
1.0,1.0,0.05313292845913058,0.15929934128987072,1.0523583347600955e-05
1.0,1.0,0.05313292845913058,0.1789647404750054,1.0289949285063433e-05
1.0,1.0,0.05313292845913058,0.20105782028944644,9.944131565745996e-06
1.0,1.0,0.05313292845913058,0.22587827631437318,9.529546750448064e-06
1.0,1.0,0.05313292845913058,0.25376280135386714,9.09717175823065e-06
1.0,1.0,0.05313292845913058,0.2850896527178103,8.675321414583002e-06
1.0,1.0,0.05313292845913058,0.32028378333286034,8.280420393502179e-06
1.0,1.0,0.05313292845913058,0.35982260628571056,7.919521453286331e-06
1.0,1.0,0.05313292845913058,0.40424247099543353,7.590319087567738e-06
1.0,1.0,0.05313292845913058,0.45414593886505183,7.289055657683681e-06
1.0,1.0,0.05313292845913058,0.5102099571075231,7.016290317155339e-06
1.0,1.0,0.05313292845913058,0.573195041625182,6.76558916598266e-06
1.0,1.0,0.05313292845913058,0.6439555935096224,6.525540952848601e-06
1.0,1.0,0.05313292845913058,0.7234514891067266,6.27737485120007e-06
1.0,1.0,0.05313292845913058,0.8127611008676167,5.988822825958787e-06
1.0,1.0,0.05313292845913058,0.9130959256151152,5.63307854587285e-06
1.0,1.0,0.05313292845913058,1.0258170186601063,5.2080471481956564e-06
1.0,1.0,0.05313292845913058,1.1524534566987765,4.737459270605988e-06
1.0,1.0,0.05313292845913058,1.294723079942415,4.245229420280744e-06
1.0,1.0,0.05313292845913058,1.4545557948495271,3.734650668786272e-06
1.0,1.0,0.05313292845913058,1.6341197535649394,3.207181006444751e-06
1.0,1.0,0.05313292845913058,1.835850765193496,2.6891672046286383e-06
1.0,1.0,0.05313292845913058,2.062485337876194,2.213946355418951e-06
1.0,1.0,0.05313292845913058,2.3170977998889395,1.8101741683151784e-06
1.0,1.0,0.05313292845913058,2.6031420033166066,1.4833549162198489e-06
1.0,1.0,0.05313292845913058,2.9244981760182913,1.1970791111675358e-06
1.0,1.0,0.05313292845913058,3.285525557436941,9.460434230258655e-07
1.0,1.0,0.05313292845913058,3.6911215322651687,7.427781948115909e-07
1.0,1.0,0.05313292845913058,4.1467880641233,5.898757672592552e-07
1.0,1.0,0.05313292845913058,4.658706330431421,4.6374674999271353e-07
1.0,1.0,0.05313292845913058,5.233820570907402,3.5743816366768543e-07
1.0,1.0,0.05313292845913058,5.879932287106996,2.7656806685800564e-07
1.0,1.0,0.05313292845913058,6.605806070835402,2.1702669696711796e-07
1.0,1.0,0.05313292845913058,7.421288497006765,1.6674836254607557e-07
1.0,1.0,0.05313292845913058,8.337441693749241,1.269668911197e-07
1.0,1.0,0.05313292845913058,9.366693401651878,9.923981874956272e-08
1.0,1.0,0.05313292845913058,10.523005557727089,7.648428504247198e-08
1.0,1.0,0.05313292845913058,11.822063690952728,5.792992422688248e-08
1.0,1.0,0.05313292845913058,13.281489698569585,4.526797101844016e-08
1.0,1.0,0.05313292845913058,14.921080889473224,3.5114759945699236e-08
1.0,1.0,0.05313292845913058,16.763078537355728,2.668251939903741e-08
1.0,1.0,0.05313292845913058,18.83246958655666,2.103279592153336e-08
1.0,1.0,0.05313292845913058,21.157325603303395,1.6502755775360586e-08
1.0,1.0,0.05313292845913058,23.769183570259635,1.2686327762744955e-08
1.0,1.0,0.05313292845913058,26.70347368991138,1.0195068389269929e-08
1.0,1.0,0.05313292845913058,30.0,8.179816893677942e-09
1.0,1.0,0.056803919480272407,0.1,9.304752554202758e-06
1.0,1.0,0.056803919480272407,0.11234493440205148,9.796149095836547e-06
1.0,1.0,0.056803919480272407,0.12621384285801251,1.0071924120488222e-05
1.0,1.0,0.056803919480272407,0.14179485896514246,1.0196606760676017e-05
1.0,1.0,0.056803919480272407,0.15929934128987072,1.0178129082371323e-05
1.0,1.0,0.056803919480272407,0.1789647404750054,1.0016745731847446e-05
1.0,1.0,0.056803919480272407,0.20105782028944644,9.731531869773564e-06
1.0,1.0,0.056803919480272407,0.22587827631437318,9.364950984788513e-06
1.0,1.0,0.056803919480272407,0.25376280135386714,8.970492264885346e-06
1.0,1.0,0.056803919480272407,0.2850896527178103,8.581277444355831e-06
1.0,1.0,0.056803919480272407,0.32028378333286034,8.213487458120093e-06
1.0,1.0,0.056803919480272407,0.35982260628571056,7.875859744359222e-06
1.0,1.0,0.056803919480272407,0.40424247099543353,7.566642899911005e-06
1.0,1.0,0.056803919480272407,0.45414593886505183,7.282632143645539e-06
1.0,1.0,0.056803919480272407,0.5102099571075231,7.02328257903374e-06
1.0,1.0,0.056803919480272407,0.573195041625182,6.782962332749637e-06
1.0,1.0,0.056803919480272407,0.6439555935096224,6.551208020573043e-06
1.0,1.0,0.056803919480272407,0.7234514891067266,6.307955678804976e-06
1.0,1.0,0.056803919480272407,0.8127611008676167,6.01963665766292e-06
1.0,1.0,0.056803919480272407,0.9130959256151152,5.661208353132959e-06
1.0,1.0,0.056803919480272407,1.0258170186601063,5.230601110864269e-06
1.0,1.0,0.056803919480272407,1.1524534566987765,4.751631055598962e-06
1.0,1.0,0.056803919480272407,1.294723079942415,4.253014920433076e-06
1.0,1.0,0.056803919480272407,1.4545557948495271,3.7466788114099474e-06
1.0,1.0,0.056803919480272407,1.6341197535649394,3.2242901577651888e-06
1.0,1.0,0.056803919480272407,1.835850765193496,2.707787272204041e-06
1.0,1.0,0.056803919480272407,2.062485337876194,2.2293233298452705e-06
1.0,1.0,0.056803919480272407,2.3170977998889395,1.8183723628456853e-06
1.0,1.0,0.056803919480272407,2.6031420033166066,1.4864223327035125e-06
1.0,1.0,0.056803919480272407,2.9244981760182913,1.2007217995325628e-06
1.0,1.0,0.056803919480272407,3.285525557436941,9.489474541019313e-07
1.0,1.0,0.056803919480272407,3.6911215322651687,7.43230659149636e-07
1.0,1.0,0.056803919480272407,4.1467880641233,5.888303338712968e-07
1.0,1.0,0.056803919480272407,4.658706330431421,4.6382007639591764e-07
1.0,1.0,0.056803919480272407,5.233820570907402,3.578699688982643e-07
1.0,1.0,0.056803919480272407,5.879932287106996,2.761056524567458e-07
1.0,1.0,0.056803919480272407,6.605806070835402,2.1673771614910143e-07
1.0,1.0,0.056803919480272407,7.421288497006765,1.6688362069226952e-07
1.0,1.0,0.056803919480272407,8.337441693749241,1.2692974244702045e-07
1.0,1.0,0.056803919480272407,9.366693401651878,9.899547947605004e-08
1.0,1.0,0.056803919480272407,10.523005557727089,7.649944771414468e-08
1.0,1.0,0.056803919480272407,11.822063690952728,5.793684407834845e-08
1.0,1.0,0.056803919480272407,13.281489698569585,4.5140062580644764e-08
1.0,1.0,0.056803919480272407,14.921080889473224,3.5126273288168474e-08
1.0,1.0,0.056803919480272407,16.763078537355728,2.6694706870690744e-08
1.0,1.0,0.056803919480272407,18.83246958655666,2.0986613496903405e-08
1.0,1.0,0.056803919480272407,21.157325603303395,1.651135726481285e-08
1.0,1.0,0.056803919480272407,23.769183570259635,1.269681114633647e-08
1.0,1.0,0.056803919480272407,26.70347368991138,1.0179024205878009e-08
1.0,1.0,0.056803919480272407,30.0,8.18791123314337e-09
1.0,1.0,0.060728541826999265,0.1,8.536269372418017e-06
1.0,1.0,0.060728541826999265,0.11234493440205148,9.12975906218213e-06
1.0,1.0,0.060728541826999265,0.12621384285801251,9.50041850364399e-06
1.0,1.0,0.060728541826999265,0.14179485896514246,9.716696119154947e-06
1.0,1.0,0.060728541826999265,0.15929934128987072,9.78164809067e-06
1.0,1.0,0.060728541826999265,0.1789647404750054,9.691735096871606e-06
1.0,1.0,0.060728541826999265,0.20105782028944644,9.46707241932172e-06
1.0,1.0,0.060728541826999265,0.22587827631437318,9.14913894046665e-06
1.0,1.0,0.060728541826999265,0.25376280135386714,8.792603625879835e-06
1.0,1.0,0.060728541826999265,0.2850896527178103,8.435736836831424e-06
1.0,1.0,0.060728541826999265,0.32028378333286034,8.095315669660495e-06
1.0,1.0,0.060728541826999265,0.35982260628571056,7.780934427743334e-06
1.0,1.0,0.060728541826999265,0.40424247099543353,7.491925196715513e-06
1.0,1.0,0.060728541826999265,0.45414593886505183,7.225313226746529e-06
1.0,1.0,0.060728541826999265,0.5102099571075231,6.979648292039414e-06
1.0,1.0,0.060728541826999265,0.573195041625182,6.750345384454088e-06
1.0,1.0,0.060728541826999265,0.6439555935096224,6.5271981893847165e-06
1.0,1.0,0.060728541826999265,0.7234514891067266,6.288703143477548e-06
1.0,1.0,0.060728541826999265,0.8127611008676167,6.000709309710315e-06
1.0,1.0,0.060728541826999265,0.9130959256151152,5.639903491760708e-06
1.0,1.0,0.060728541826999265,1.0258170186601063,5.204563006592552e-06
1.0,1.0,0.060728541826999265,1.1524534566987765,4.7183522072337595e-06
1.0,1.0,0.060728541826999265,1.294723079942415,4.213540218956115e-06
1.0,1.0,0.060728541826999265,1.4545557948495271,3.7125894445036776e-06
1.0,1.0,0.060728541826999265,1.6341197535649394,3.2019080781947795e-06
1.0,1.0,0.060728541826999265,1.835850765193496,2.694455935541732e-06
1.0,1.0,0.060728541826999265,2.062485337876194,2.2204952450978113e-06
1.0,1.0,0.060728541826999265,2.3170977998889395,1.8094507383690385e-06
1.0,1.0,0.060728541826999265,2.6031420033166066,1.4774596309433136e-06
1.0,1.0,0.060728541826999265,2.9244981760182913,1.1972766331923167e-06
1.0,1.0,0.060728541826999265,3.285525557436941,9.48979499307504e-07
1.0,1.0,0.060728541826999265,3.6911215322651687,7.434936199093299e-07
1.0,1.0,0.060728541826999265,4.1467880641233,5.878896596313483e-07
1.0,1.0,0.060728541826999265,4.658706330431421,4.641397414567973e-07
1.0,1.0,0.060728541826999265,5.233820570907402,3.587345112862871e-07
1.0,1.0,0.060728541826999265,5.879932287106996,2.762761605118018e-07
1.0,1.0,0.060728541826999265,6.605806070835402,2.1679127064256486e-07
1.0,1.0,0.060728541826999265,7.421288497006765,1.6742383991261217e-07
1.0,1.0,0.060728541826999265,8.337441693749241,1.2731348549429617e-07
1.0,1.0,0.060728541826999265,9.366693401651878,9.90920458685867e-08
1.0,1.0,0.060728541826999265,10.523005557727089,7.681486993284263e-08
1.0,1.0,0.060728541826999265,11.822063690952728,5.821959542616363e-08
1.0,1.0,0.060728541826999265,13.281489698569585,4.5218126764562685e-08
1.0,1.0,0.060728541826999265,14.921080889473224,3.528277417771003e-08
1.0,1.0,0.060728541826999265,16.763078537355728,2.6841582919855734e-08
1.0,1.0,0.060728541826999265,18.83246958655666,2.1001380694479398e-08
1.0,1.0,0.060728541826999265,21.157325603303395,1.655704480343576e-08
1.0,1.0,0.060728541826999265,23.769183570259635,1.2719297025730328e-08
1.0,1.0,0.060728541826999265,26.70347368991138,1.0155165392240522e-08
1.0,1.0,0.060728541826999265,30.0,8.195828730145338e-09
1.0,1.0,0.06492431906418711,0.1,7.782997034353605e-06
1.0,1.0,0.06492431906418711,0.11234493440205148,8.487877629279283e-06
1.0,1.0,0.06492431906418711,0.12621384285801251,8.961506514438598e-06
1.0,1.0,0.06492431906418711,0.14179485896514246,9.273202401698848e-06
1.0,1.0,0.06492431906418711,0.15929934128987072,9.421162417171736e-06
1.0,1.0,0.06492431906418711,0.1789647404750054,9.402848992436512e-06
1.0,1.0,0.06492431906418711,0.20105782028944644,9.238779911000634e-06
1.0,1.0,0.06492431906418711,0.22587827631437318,8.970087784195696e-06
1.0,1.0,0.06492431906418711,0.25376280135386714,8.65256284207695e-06
1.0,1.0,0.06492431906418711,0.2850896527178103,8.327947576574035e-06
1.0,1.0,0.06492431906418711,0.32028378333286034,8.014838944320313e-06
1.0,1.0,0.06492431906418711,0.35982260628571056,7.723610502913218e-06
1.0,1.0,0.06492431906418711,0.40424247099543353,7.454764586013239e-06
1.0,1.0,0.06492431906418711,0.45414593886505183,7.205849927362239e-06
1.0,1.0,0.06492431906418711,0.5102099571075231,6.9740821362659525e-06
1.0,1.0,0.06492431906418711,0.573195041625182,6.755988425171797e-06
1.0,1.0,0.06492431906418711,0.6439555935096224,6.54134112941312e-06
1.0,1.0,0.06492431906418711,0.7234514891067266,6.306743635233439e-06
1.0,1.0,0.06492431906418711,0.8127611008676167,6.018906299679517e-06
1.0,1.0,0.06492431906418711,0.9130959256151152,5.656058999654857e-06
1.0,1.0,0.06492431906418711,1.0258170186601063,5.2162925136402525e-06
1.0,1.0,0.06492431906418711,1.1524534566987765,4.721828278451554e-06
1.0,1.0,0.06492431906418711,1.294723079942415,4.206720348246416e-06
1.0,1.0,0.06492431906418711,1.4545557948495271,3.702153437901094e-06
1.0,1.0,0.06492431906418711,1.6341197535649394,3.198559872894934e-06
1.0,1.0,0.06492431906418711,1.835850765193496,2.6964141312453785e-06
1.0,1.0,0.06492431906418711,2.062485337876194,2.223369439385029e-06
1.0,1.0,0.06492431906418711,2.3170977998889395,1.8089651439265315e-06
1.0,1.0,0.06492431906418711,2.6031420033166066,1.472934266248516e-06
1.0,1.0,0.06492431906418711,2.9244981760182913,1.1954677688363917e-06
1.0,1.0,0.06492431906418711,3.285525557436941,9.494643304641039e-07
1.0,1.0,0.06492431906418711,3.6911215322651687,7.436047324434671e-07
1.0,1.0,0.06492431906418711,4.1467880641233,5.863501036203829e-07
1.0,1.0,0.06492431906418711,4.658706330431421,4.6384551905624025e-07
1.0,1.0,0.06492431906418711,5.233820570907402,3.5928417035392325e-07
1.0,1.0,0.06492431906418711,5.879932287106996,2.7618465475762615e-07
1.0,1.0,0.06492431906418711,6.605806070835402,2.1645542692608775e-07
1.0,1.0,0.06492431906418711,7.421288497006765,1.6756743306047327e-07
1.0,1.0,0.06492431906418711,8.337441693749241,1.2738764685859102e-07
1.0,1.0,0.06492431906418711,9.366693401651878,9.87649695730385e-08
1.0,1.0,0.06492431906418711,10.523005557727089,7.674236644266e-08
1.0,1.0,0.06492431906418711,11.822063690952728,5.818845538840554e-08
1.0,1.0,0.06492431906418711,13.281489698569585,4.4978484750350154e-08
1.0,1.0,0.06492431906418711,14.921080889473224,3.5173077199098265e-08
1.0,1.0,0.06492431906418711,16.763078537355728,2.6762629446631692e-08
1.0,1.0,0.06492431906418711,18.83246958655666,2.0871363972344916e-08
1.0,1.0,0.06492431906418711,21.157325603303395,1.6515520465041006e-08
1.0,1.0,0.06492431906418711,23.769183570259635,1.2725123135126605e-08
1.0,1.0,0.06492431906418711,26.70347368991138,1.0132005120376642e-08
1.0,1.0,0.06492431906418711,30.0,8.196302900096808e-09
1.0,1.0,0.06940998547201,0.1,7.0167445916263256e-06
1.0,1.0,0.06940998547201,0.11234493440205148,7.843405656423663e-06
1.0,1.0,0.06940998547201,0.12621384285801251,8.424568503138124e-06
1.0,1.0,0.06940998547201,0.14179485896514246,8.834307781543728e-06
1.0,1.0,0.06940998547201,0.15929934128987072,9.067507999179616e-06
1.0,1.0,0.06940998547201,0.1789647404750054,9.121228977816715e-06
1.0,1.0,0.06940998547201,0.20105782028944644,9.018167735361824e-06
1.0,1.0,0.06940998547201,0.22587827631437318,8.79964498006804e-06
1.0,1.0,0.06940998547201,0.25376280135386714,8.520880934977798e-06
1.0,1.0,0.06940998547201,0.2850896527178103,8.22869481513264e-06
1.0,1.0,0.06940998547201,0.32028378333286034,7.94295743234895e-06
1.0,1.0,0.06940998547201,0.35982260628571056,7.674308644675628e-06
1.0,1.0,0.06940998547201,0.40424247099543353,7.425645987816955e-06
1.0,1.0,0.06940998547201,0.45414593886505183,7.194397446291132e-06
1.0,1.0,0.06940998547201,0.5102099571075231,6.977034105473315e-06
1.0,1.0,0.06940998547201,0.573195041625182,6.7704050832417774e-06
1.0,1.0,0.06940998547201,0.6439555935096224,6.564180865628663e-06
1.0,1.0,0.06940998547201,0.7234514891067266,6.333228720469177e-06
1.0,1.0,0.06940998547201,0.8127611008676167,6.045305290158266e-06
1.0,1.0,0.06940998547201,0.9130959256151152,5.679924210500113e-06
1.0,1.0,0.06940998547201,1.0258170186601063,5.235157488114117e-06
1.0,1.0,0.06940998547201,1.1524534566987765,4.7315777492336255e-06
1.0,1.0,0.06940998547201,1.294723079942415,4.204680894992932e-06
1.0,1.0,0.06940998547201,1.4545557948495271,3.691799797849094e-06
1.0,1.0,0.06940998547201,1.6341197535649394,3.193977622818658e-06
1.0,1.0,0.06940998547201,1.835850765193496,2.6984647876280338e-06
1.0,1.0,0.06940998547201,2.062485337876194,2.227571862571202e-06
1.0,1.0,0.06940998547201,2.3170977998889395,1.8104559444491358e-06
1.0,1.0,0.06940998547201,2.6031420033166066,1.46958195913773e-06
1.0,1.0,0.06940998547201,2.9244981760182913,1.1935433023130221e-06
1.0,1.0,0.06940998547201,3.285525557436941,9.500113533335383e-07
1.0,1.0,0.06940998547201,3.6911215322651687,7.438527288633172e-07
1.0,1.0,0.06940998547201,4.1467880641233,5.844324479003847e-07
1.0,1.0,0.06940998547201,4.658706330431421,4.626694777400632e-07
1.0,1.0,0.06940998547201,5.233820570907402,3.589303209303923e-07
1.0,1.0,0.06940998547201,5.879932287106996,2.753867890509082e-07
1.0,1.0,0.06940998547201,6.605806070835402,2.1527468221771736e-07
1.0,1.0,0.06940998547201,7.421288497006765,1.67108800970901e-07
1.0,1.0,0.06940998547201,8.337441693749241,1.2708681342426704e-07
1.0,1.0,0.06940998547201,9.366693401651878,9.81901963067366e-08
1.0,1.0,0.06940998547201,10.523005557727089,7.649612787370929e-08
1.0,1.0,0.06940998547201,11.822063690952728,5.812699068662916e-08
1.0,1.0,0.06940998547201,13.281489698569585,4.4770294539613864e-08
1.0,1.0,0.06940998547201,14.921080889473224,3.512197950981348e-08
1.0,1.0,0.06940998547201,16.763078537355728,2.6815202064217482e-08
1.0,1.0,0.06940998547201,18.83246958655666,2.081880618615507e-08
1.0,1.0,0.06940998547201,21.157325603303395,1.651850051751823e-08
1.0,1.0,0.06940998547201,23.769183570259635,1.2750742857800741e-08
1.0,1.0,0.06940998547201,26.70347368991138,1.0100834057561273e-08
1.0,1.0,0.06940998547201,30.0,8.199697396249072e-09
1.0,1.0,0.07420556969510295,0.1,6.249671589342927e-06
1.0,1.0,0.07420556969510295,0.11234493440205148,7.220634587627195e-06
1.0,1.0,0.07420556969510295,0.12621384285801251,7.924521966005907e-06
1.0,1.0,0.07420556969510295,0.14179485896514246,8.438928782394203e-06
1.0,1.0,0.07420556969510295,0.15929934128987072,8.7591511979601e-06
1.0,1.0,0.07420556969510295,0.1789647404750054,8.886647837826694e-06
1.0,1.0,0.07420556969510295,0.20105782028944644,8.843794115037852e-06
1.0,1.0,0.07420556969510295,0.22587827631437318,8.675928393863296e-06
1.0,1.0,0.07420556969510295,0.25376280135386714,8.437158787941858e-06
1.0,1.0,0.07420556969510295,0.2850896527178103,8.176854815283542e-06
1.0,1.0,0.07420556969510295,0.32028378333286034,7.918616945337353e-06
1.0,1.0,0.07420556969510295,0.35982260628571056,7.672677919277452e-06
1.0,1.0,0.07420556969510295,0.40424247099543353,7.443544773689923e-06
1.0,1.0,0.07420556969510295,0.45414593886505183,7.229805613845787e-06
1.0,1.0,0.07420556969510295,0.5102099571075231,7.027311211326052e-06
1.0,1.0,0.07420556969510295,0.573195041625182,6.832106010215538e-06
1.0,1.0,0.07420556969510295,0.6439555935096224,6.63391202007308e-06
1.0,1.0,0.07420556969510295,0.7234514891067266,6.4058752720885065e-06
1.0,1.0,0.07420556969510295,0.8127611008676167,6.1176517142751416e-06
1.0,1.0,0.07420556969510295,0.9130959256151152,5.74976010650479e-06
1.0,1.0,0.07420556969510295,1.0258170186601063,5.299591836416158e-06
1.0,1.0,0.07420556969510295,1.1524534566987765,4.785607756840177e-06
1.0,1.0,0.07420556969510295,1.294723079942415,4.243146237209861e-06
1.0,1.0,0.07420556969510295,1.4545557948495271,3.71287928504411e-06
1.0,1.0,0.07420556969510295,1.6341197535649394,3.2102917701510607e-06
1.0,1.0,0.07420556969510295,1.835850765193496,2.7160436363653607e-06
1.0,1.0,0.07420556969510295,2.062485337876194,2.243075944916873e-06
1.0,1.0,0.07420556969510295,2.3170977998889395,1.8203867960804958e-06
1.0,1.0,0.07420556969510295,2.6031420033166066,1.472372407786213e-06
1.0,1.0,0.07420556969510295,2.9244981760182913,1.195830395939716e-06
1.0,1.0,0.07420556969510295,3.285525557436941,9.548046417366378e-07
1.0,1.0,0.07420556969510295,3.6911215322651687,7.484330473053288e-07
1.0,1.0,0.07420556969510295,4.1467880641233,5.863911967124326e-07
1.0,1.0,0.07420556969510295,4.658706330431421,4.6439607203953727e-07
1.0,1.0,0.07420556969510295,5.233820570907402,3.611194495374901e-07
1.0,1.0,0.07420556969510295,5.879932287106996,2.7681055639707645e-07
1.0,1.0,0.07420556969510295,6.605806070835402,2.1550864203352916e-07
1.0,1.0,0.07420556969510295,7.421288497006765,1.6758355099748692e-07
1.0,1.0,0.07420556969510295,8.337441693749241,1.274450729696529e-07
1.0,1.0,0.07420556969510295,9.366693401651878,9.798748659128284e-08
1.0,1.0,0.07420556969510295,10.523005557727089,7.652138218807047e-08
1.0,1.0,0.07420556969510295,11.822063690952728,5.825779073954571e-08
1.0,1.0,0.07420556969510295,13.281489698569585,4.4683944875766184e-08
1.0,1.0,0.07420556969510295,14.921080889473224,3.5108933698634617e-08
1.0,1.0,0.07420556969510295,16.763078537355728,2.6868430369733115e-08
1.0,1.0,0.07420556969510295,18.83246958655666,2.0767939421620114e-08
1.0,1.0,0.07420556969510295,21.157325603303395,1.650922493995843e-08
1.0,1.0,0.07420556969510295,23.769183570259635,1.2770934278594807e-08
1.0,1.0,0.07420556969510295,26.70347368991138,1.007203095570057e-08
1.0,1.0,0.07420556969510295,30.0,8.19748792002209e-09
1.0,1.0,0.07933248417110386,0.1,5.3962642570690905e-06
1.0,1.0,0.07933248417110386,0.11234493440205148,6.5212520144849005e-06
1.0,1.0,0.07933248417110386,0.12621384285801251,7.334758759504782e-06
1.0,1.0,0.07933248417110386,0.14179485896514246,7.941263306242528e-06
1.0,1.0,0.07933248417110386,0.15929934128987072,8.335836352485255e-06
1.0,1.0,0.07933248417110386,0.1789647404750054,8.524985989707222e-06
1.0,1.0,0.07933248417110386,0.20105782028944644,8.536618629672465e-06
1.0,1.0,0.07933248417110386,0.22587827631437318,8.415078429796452e-06
1.0,1.0,0.07933248417110386,0.25376280135386714,8.21479488378037e-06
1.0,1.0,0.07933248417110386,0.2850896527178103,7.986359476795525e-06
1.0,1.0,0.07933248417110386,0.32028378333286034,7.754859944302317e-06
1.0,1.0,0.07933248417110386,0.35982260628571056,7.5317209087388315e-06
1.0,1.0,0.07933248417110386,0.40424247099543353,7.321941183809703e-06
1.0,1.0,0.07933248417110386,0.45414593886505183,7.125015473163347e-06
1.0,1.0,0.07933248417110386,0.5102099571075231,6.93769394302306e-06
1.0,1.0,0.07933248417110386,0.573195041625182,6.754637210639478e-06
1.0,1.0,0.07933248417110386,0.6439555935096224,6.565287319004229e-06
1.0,1.0,0.07933248417110386,0.7234514891067266,6.343100866795812e-06
1.0,1.0,0.07933248417110386,0.8127611008676167,6.059961638505017e-06
1.0,1.0,0.07933248417110386,0.9130959256151152,5.698082536899192e-06
1.0,1.0,0.07933248417110386,1.0258170186601063,5.254517699417454e-06
1.0,1.0,0.07933248417110386,1.1524534566987765,4.7448627866333346e-06
1.0,1.0,0.07933248417110386,1.294723079942415,4.2031586685263245e-06
1.0,1.0,0.07933248417110386,1.4545557948495271,3.670484763887361e-06
1.0,1.0,0.07933248417110386,1.6341197535649394,3.173439986215322e-06
1.0,1.0,0.07933248417110386,1.835850765193496,2.6953054834693684e-06
1.0,1.0,0.07933248417110386,2.062485337876194,2.233498702967328e-06
1.0,1.0,0.07933248417110386,2.3170977998889395,1.8151703042173762e-06
1.0,1.0,0.07933248417110386,2.6031420033166066,1.464957280765202e-06
1.0,1.0,0.07933248417110386,2.9244981760182913,1.1876613236668871e-06
1.0,1.0,0.07933248417110386,3.285525557436941,9.504020718109573e-07
1.0,1.0,0.07933248417110386,3.6911215322651687,7.453844794267475e-07
1.0,1.0,0.07933248417110386,4.1467880641233,5.821907705940973e-07
1.0,1.0,0.07933248417110386,4.658706330431421,4.607104786652828e-07
1.0,1.0,0.07933248417110386,5.233820570907402,3.5941863057485795e-07
1.0,1.0,0.07933248417110386,5.879932287106996,2.7566262638360525e-07
1.0,1.0,0.07933248417110386,6.605806070835402,2.1405989979234234e-07
1.0,1.0,0.07933248417110386,7.421288497006765,1.6712861313556846e-07
1.0,1.0,0.07933248417110386,8.337441693749241,1.275231788630591e-07
1.0,1.0,0.07933248417110386,9.366693401651878,9.77397144746925e-08
1.0,1.0,0.07933248417110386,10.523005557727089,7.643564457772396e-08
1.0,1.0,0.07933248417110386,11.822063690952728,5.8369486017728824e-08
1.0,1.0,0.07933248417110386,13.281489698569585,4.457618184960155e-08
1.0,1.0,0.07933248417110386,14.921080889473224,3.506100887863218e-08
1.0,1.0,0.07933248417110386,16.763078537355728,2.6919704113928172e-08
1.0,1.0,0.07933248417110386,18.83246958655666,2.071197793639391e-08
1.0,1.0,0.07933248417110386,21.157325603303395,1.6492052842177734e-08
1.0,1.0,0.07933248417110386,23.769183570259635,1.2797744918327548e-08
1.0,1.0,0.07933248417110386,26.70347368991138,1.0042171787471774e-08
1.0,1.0,0.07933248417110386,30.0,8.19105915493558e-09
1.0,1.0,0.08481362073787543,0.1,4.484439556001884e-06
1.0,1.0,0.08481362073787543,0.11234493440205148,5.823478636915219e-06
1.0,1.0,0.08481362073787543,0.12621384285801251,6.7788270027455894e-06
1.0,1.0,0.08481362073787543,0.14179485896514246,7.49194176040361e-06
1.0,1.0,0.08481362073787543,0.15929934128987072,7.971335740928305e-06
1.0,1.0,0.08481362073787543,0.1789647404750054,8.229161993604209e-06
1.0,1.0,0.08481362073787543,0.20105782028944644,8.296584169879614e-06
1.0,1.0,0.08481362073787543,0.22587827631437318,8.223092347288456e-06
1.0,1.0,0.08481362073787543,0.25376280135386714,8.062023967764036e-06
1.0,1.0,0.08481362073787543,0.2850896527178103,7.864880553356186e-06
1.0,1.0,0.08481362073787543,0.32028378333286034,7.660408916741405e-06
1.0,1.0,0.08481362073787543,0.35982260628571056,7.459856680593946e-06
1.0,1.0,0.08481362073787543,0.40424247099543353,7.268930000214101e-06
1.0,1.0,0.08481362073787543,0.45414593886505183,7.088791389095134e-06
1.0,1.0,0.08481362073787543,0.5102099571075231,6.9161483410691565e-06
1.0,1.0,0.08481362073787543,0.573195041625182,6.745304532304261e-06
1.0,1.0,0.08481362073787543,0.6439555935096224,6.564449826628556e-06
1.0,1.0,0.08481362073787543,0.7234514891067266,6.346887829524867e-06
1.0,1.0,0.08481362073787543,0.8127611008676167,6.066997714395993e-06
1.0,1.0,0.08481362073787543,0.9130959256151152,5.707724807058239e-06
1.0,1.0,0.08481362073787543,1.0258170186601063,5.265814838994342e-06
1.0,1.0,0.08481362073787543,1.1524534566987765,4.754819982698171e-06
1.0,1.0,0.08481362073787543,1.294723079942415,4.207010817270674e-06
1.0,1.0,0.08481362073787543,1.4545557948495271,3.663494983592837e-06
1.0,1.0,0.08481362073787543,1.6341197535649394,3.1591729961845533e-06
1.0,1.0,0.08481362073787543,1.835850765193496,2.688585222067751e-06
1.0,1.0,0.08481362073787543,2.062485337876194,2.2334742294387502e-06
1.0,1.0,0.08481362073787543,2.3170977998889395,1.8166256385849173e-06
1.0,1.0,0.08481362073787543,2.6031420033166066,1.4628920455256888e-06
1.0,1.0,0.08481362073787543,2.9244981760182913,1.1829620846152932e-06
1.0,1.0,0.08481362073787543,3.285525557436941,9.493895034838138e-07
1.0,1.0,0.08481362073787543,3.6911215322651687,7.459472840602123e-07
1.0,1.0,0.08481362073787543,4.1467880641233,5.814916165051542e-07
1.0,1.0,0.08481362073787543,4.658706330431421,4.5934383353868174e-07
1.0,1.0,0.08481362073787543,5.233820570907402,3.59595311564709e-07
1.0,1.0,0.08481362073787543,5.879932287106996,2.760734024713481e-07
1.0,1.0,0.08481362073787543,6.605806070835402,2.135527941792006e-07
1.0,1.0,0.08481362073787543,7.421288497006765,1.6704830350918543e-07
1.0,1.0,0.08481362073787543,8.337441693749241,1.2773105725596488e-07
1.0,1.0,0.08481362073787543,9.366693401651878,9.754623710466675e-08
1.0,1.0,0.08481362073787543,10.523005557727089,7.632019571582276e-08
1.0,1.0,0.08481362073787543,11.822063690952728,5.845433838748734e-08
1.0,1.0,0.08481362073787543,13.281489698569585,4.45011234812955e-08
1.0,1.0,0.08481362073787543,14.921080889473224,3.500276598173435e-08
1.0,1.0,0.08481362073787543,16.763078537355728,2.6955888996602062e-08
1.0,1.0,0.08481362073787543,18.83246958655666,2.067072615635406e-08
1.0,1.0,0.08481362073787543,21.157325603303395,1.646536084184331e-08
1.0,1.0,0.08481362073787543,23.769183570259635,1.2819366486691974e-08
1.0,1.0,0.08481362073787543,26.70347368991138,1.0017983086618412e-08
1.0,1.0,0.08481362073787543,30.0,8.183619333936785e-09
1.0,1.0,0.09067345284629681,0.1,3.389403948627422e-06
1.0,1.0,0.09067345284629681,0.11234493440205148,5.080176827231175e-06
1.0,1.0,0.09067345284629681,0.12621384285801251,6.204478600163043e-06
1.0,1.0,0.09067345284629681,0.14179485896514246,7.041549824522532e-06
1.0,1.0,0.09067345284629681,0.15929934128987072,7.610788936766984e-06
1.0,1.0,0.09067345284629681,0.1789647404750054,7.937789987288153e-06
1.0,1.0,0.09067345284629681,0.20105782028944644,8.062693508278313e-06
1.0,1.0,0.09067345284629681,0.22587827631437318,8.03537349225201e-06
1.0,1.0,0.09067345284629681,0.25376280135386714,7.913728663796617e-06
1.0,1.0,0.09067345284629681,0.2850896527178103,7.748153420336778e-06
1.0,1.0,0.09067345284629681,0.32028378333286034,7.569770754783876e-06
1.0,1.0,0.09067345284629681,0.35982260628571056,7.392006878701994e-06
1.0,1.0,0.09067345284629681,0.40424247099543353,7.219924679334417e-06
1.0,1.0,0.09067345284629681,0.45414593886505183,7.0558887274007024e-06
1.0,1.0,0.09067345284629681,0.5102099571075231,6.897900758407701e-06
1.0,1.0,0.09067345284629681,0.573195041625182,6.7391597911091115e-06
1.0,1.0,0.09067345284629681,0.6439555935096224,6.566672689855398e-06
1.0,1.0,0.09067345284629681,0.7234514891067266,6.35445119783488e-06
1.0,1.0,0.09067345284629681,0.8127611008676167,6.078358135291868e-06
1.0,1.0,0.09067345284629681,0.9130959256151152,5.7224925540132905e-06
1.0,1.0,0.09067345284629681,1.0258170186601063,5.283181353166851e-06
1.0,1.0,0.09067345284629681,1.1524534566987765,4.771988100988283e-06
1.0,1.0,0.09067345284629681,1.294723079942415,4.219234730575241e-06
1.0,1.0,0.09067345284629681,1.4545557948495271,3.665040364513017e-06
1.0,1.0,0.09067345284629681,1.6341197535649394,3.1493851400063656e-06
1.0,1.0,0.09067345284629681,1.835850765193496,2.6819358325280785e-06
1.0,1.0,0.09067345284629681,2.062485337876194,2.234332522332925e-06
1.0,1.0,0.09067345284629681,2.3170977998889395,1.819882550053851e-06
1.0,1.0,0.09067345284629681,2.6031420033166066,1.4632799761422645e-06
1.0,1.0,0.09067345284629681,2.9244981760182913,1.1793253808288417e-06
1.0,1.0,0.09067345284629681,3.285525557436941,9.488025877622239e-07
1.0,1.0,0.09067345284629681,3.6911215322651687,7.473318361530943e-07
1.0,1.0,0.09067345284629681,4.1467880641233,5.818059412011642e-07
1.0,1.0,0.09067345284629681,4.658706330431421,4.580487309381939e-07
1.0,1.0,0.09067345284629681,5.233820570907402,3.595657546393811e-07
1.0,1.0,0.09067345284629681,5.879932287106996,2.7642861561213896e-07
1.0,1.0,0.09067345284629681,6.605806070835402,2.1289150365094497e-07
1.0,1.0,0.09067345284629681,7.421288497006765,1.6674496219697764e-07
1.0,1.0,0.09067345284629681,8.337441693749241,1.278830511207732e-07
1.0,1.0,0.09067345284629681,9.366693401651878,9.734921919408689e-08
1.0,1.0,0.09067345284629681,10.523005557727089,7.612247561269602e-08
1.0,1.0,0.09067345284629681,11.822063690952728,5.853647735075395e-08
1.0,1.0,0.09067345284629681,13.281489698569585,4.443797501997267e-08
1.0,1.0,0.09067345284629681,14.921080889473224,3.490857475078867e-08
1.0,1.0,0.09067345284629681,16.763078537355728,2.6996052060678405e-08
1.0,1.0,0.09067345284629681,18.83246958655666,2.063595195306733e-08
1.0,1.0,0.09067345284629681,21.157325603303395,1.6429262355478762e-08
1.0,1.0,0.09067345284629681,23.769183570259635,1.28404752269275e-08
1.0,1.0,0.09067345284629681,26.70347368991138,9.9945868205412e-09
1.0,1.0,0.09067345284629681,30.0,8.169943072685885e-09
1.0,1.0,0.0969381448350081,0.1,1.6852087119337083e-06
1.0,1.0,0.0969381448350081,0.11234493440205148,4.2368783702030145e-06
1.0,1.0,0.0969381448350081,0.12621384285801251,5.602858265231939e-06
1.0,1.0,0.0969381448350081,0.14179485896514246,6.585366137657812e-06
1.0,1.0,0.0969381448350081,0.15929934128987072,7.257280911161255e-06
1.0,1.0,0.0969381448350081,0.1789647404750054,7.658563325338225e-06
1.0,1.0,0.0969381448350081,0.20105782028944644,7.839680214371204e-06
1.0,1.0,0.0969381448350081,0.22587827631437318,7.86065325235367e-06
1.0,1.0,0.0969381448350081,0.25376280135386714,7.77735315495022e-06
1.0,1.0,0.0969381448350081,0.2850896527178103,7.64301426316491e-06
1.0,1.0,0.0969381448350081,0.32028378333286034,7.491499355130545e-06
1.0,1.0,0.0969381448350081,0.35982260628571056,7.335532261517274e-06
1.0,1.0,0.0969381448350081,0.40424247099543353,7.18239714081527e-06
1.0,1.0,0.0969381448350081,0.45414593886505183,7.034551757755919e-06
1.0,1.0,0.0969381448350081,0.5102099571075231,6.89033837871812e-06
1.0,1.0,0.0969381448350081,0.573195041625182,6.743895071037987e-06
1.0,1.0,0.0969381448350081,0.6439555935096224,6.5796416882256e-06
1.0,1.0,0.0969381448350081,0.7234514891067266,6.373029755590379e-06
1.0,1.0,0.0969381448350081,0.8127611008676167,6.101664281364728e-06
1.0,1.0,0.0969381448350081,0.9130959256151152,5.7496603127797195e-06
1.0,1.0,0.0969381448350081,1.0258170186601063,5.31356100615886e-06
1.0,1.0,0.0969381448350081,1.1524534566987765,4.803117788586139e-06
1.0,1.0,0.0969381448350081,1.294723079942415,4.245975318804549e-06
1.0,1.0,0.0969381448350081,1.4545557948495271,3.6808372932216055e-06
1.0,1.0,0.0969381448350081,1.6341197535649394,3.1505065979962986e-06
1.0,1.0,0.0969381448350081,1.835850765193496,2.678201292399917e-06
1.0,1.0,0.0969381448350081,2.062485337876194,2.236933767593627e-06
1.0,1.0,0.0969381448350081,2.3170977998889395,1.8248103412269422e-06
1.0,1.0,0.0969381448350081,2.6031420033166066,1.4654884831127194e-06
1.0,1.0,0.0969381448350081,2.9244981760182913,1.176499725535568e-06
1.0,1.0,0.0969381448350081,3.285525557436941,9.479803490482534e-07
1.0,1.0,0.0969381448350081,3.6911215322651687,7.491918758441536e-07
1.0,1.0,0.0969381448350081,4.1467880641233,5.833990814735311e-07
1.0,1.0,0.0969381448350081,4.658706330431421,4.5777596304380953e-07
1.0,1.0,0.0969381448350081,5.233820570907402,3.604656593364252e-07
1.0,1.0,0.0969381448350081,5.879932287106996,2.7789706511718496e-07
1.0,1.0,0.0969381448350081,6.605806070835402,2.1333673843926787e-07
1.0,1.0,0.0969381448350081,7.421288497006765,1.670592505284653e-07
1.0,1.0,0.0969381448350081,8.337441693749241,1.2853701240891312e-07
1.0,1.0,0.0969381448350081,9.366693401651878,9.759259172739593e-08
1.0,1.0,0.0969381448350081,10.523005557727089,7.610259292554948e-08
1.0,1.0,0.0969381448350081,11.822063690952728,5.8659849740275064e-08
1.0,1.0,0.0969381448350081,13.281489698569585,4.4422807791941205e-08
1.0,1.0,0.0969381448350081,14.921080889473224,3.479896950863829e-08
1.0,1.0,0.0969381448350081,16.763078537355728,2.7018445809346864e-08
1.0,1.0,0.0969381448350081,18.83246958655666,2.0619957553899406e-08
1.0,1.0,0.0969381448350081,21.157325603303395,1.6380340787127436e-08
1.0,1.0,0.0969381448350081,23.769183570259635,1.2858649617496933e-08
1.0,1.0,0.0969381448350081,26.70347368991138,9.97795484107042e-09
1.0,1.0,0.0969381448350081,30.0,8.15245816009775e-09
1.0,1.0,0.10363566875502286,0.1,2.3963090787524385e-07
1.0,1.0,0.10363566875502286,0.11234493440205148,3.1437772470401117e-06
1.0,1.0,0.10363566875502286,0.12621384285801251,4.901391297992554e-06
1.0,1.0,0.10363566875502286,0.14179485896514246,6.072115084378036e-06
1.0,1.0,0.10363566875502286,0.15929934128987072,6.854834267032048e-06
1.0,1.0,0.10363566875502286,0.1789647404750054,7.332920348341061e-06
1.0,1.0,0.10363566875502286,0.20105782028944644,7.57234829640721e-06
1.0,1.0,0.10363566875502286,0.22587827631437318,7.63761504592034e-06
1.0,1.0,0.10363566875502286,0.25376280135386714,7.593642235642562e-06
1.0,1.0,0.10363566875502286,0.2850896527178103,7.490594550037642e-06
1.0,1.0,0.10363566875502286,0.32028378333286034,7.364686619229773e-06
1.0,1.0,0.10363566875502286,0.35982260628571056,7.23148498930768e-06
1.0,1.0,0.10363566875502286,0.40424247099543353,7.096871613308975e-06
1.0,1.0,0.10363566875502286,0.45414593886505183,6.964650487141364e-06
1.0,1.0,0.10363566875502286,0.5102099571075231,6.834545491968433e-06
1.0,1.0,0.10363566875502286,0.573195041625182,6.6999234442745724e-06
1.0,1.0,0.10363566875502286,0.6439555935096224,6.544392679288443e-06
1.0,1.0,0.10363566875502286,0.7234514891067266,6.344953676671495e-06
1.0,1.0,0.10363566875502286,0.8127611008676167,6.08035442436989e-06
1.0,1.0,0.10363566875502286,0.9130959256151152,5.7355102629959106e-06
1.0,1.0,0.10363566875502286,1.0258170186601063,5.306943086067883e-06
1.0,1.0,0.10363566875502286,1.1524534566987765,4.802752512095406e-06
1.0,1.0,0.10363566875502286,1.294723079942415,4.247990589658564e-06
1.0,1.0,0.10363566875502286,1.4545557948495271,3.6788029687921338e-06
1.0,1.0,0.10363566875502286,1.6341197535649394,3.1389453552639423e-06
1.0,1.0,0.10363566875502286,1.835850765193496,2.6607778398543075e-06
1.0,1.0,0.10363566875502286,2.062485337876194,2.228743159164177e-06
1.0,1.0,0.10363566875502286,2.3170977998889395,1.8234590737360205e-06
1.0,1.0,0.10363566875502286,2.6031420033166066,1.4645349372155041e-06
1.0,1.0,0.10363566875502286,2.9244981760182913,1.1710435867606098e-06
1.0,1.0,0.10363566875502286,3.285525557436941,9.424106279794831e-07
1.0,1.0,0.10363566875502286,3.6911215322651687,7.466154064185813e-07
1.0,1.0,0.10363566875502286,4.1467880641233,5.811293235180312e-07
1.0,1.0,0.10363566875502286,4.658706330431421,4.5382937483898353e-07
1.0,1.0,0.10363566875502286,5.233820570907402,3.578151169172014e-07
1.0,1.0,0.10363566875502286,5.879932287106996,2.765410376056419e-07
1.0,1.0,0.10363566875502286,6.605806070835402,2.1180538794796474e-07
1.0,1.0,0.10363566875502286,7.421288497006765,1.6560040070921102e-07
1.0,1.0,0.10363566875502286,8.337441693749241,1.2797480041840126e-07
1.0,1.0,0.10363566875502286,9.366693401651878,9.719777363651721e-08
1.0,1.0,0.10363566875502286,10.523005557727089,7.5575018334215e-08
1.0,1.0,0.10363566875502286,11.822063690952728,5.8575383282691105e-08
1.0,1.0,0.10363566875502286,13.281489698569585,4.441713925470779e-08
1.0,1.0,0.10363566875502286,14.921080889473224,3.465593397821842e-08
1.0,1.0,0.10363566875502286,16.763078537355728,2.7033514252141e-08
1.0,1.0,0.10363566875502286,18.83246958655666,2.0614794227689858e-08
1.0,1.0,0.10363566875502286,21.157325603303395,1.6321441914926763e-08
1.0,1.0,0.10363566875502286,23.769183570259635,1.286755518169866e-08
1.0,1.0,0.10363566875502286,26.70347368991138,9.966612927391747e-09
1.0,1.0,0.10363566875502286,30.0,8.12881333426245e-09
1.0,1.0,0.11079592926583498,0.1,0.0
1.0,1.0,0.11079592926583498,0.11234493440205148,1.342226896806119e-06
1.0,1.0,0.11079592926583498,0.12621384285801251,4.071118886939485e-06
1.0,1.0,0.11079592926583498,0.14179485896514246,5.51510337607458e-06
1.0,1.0,0.11079592926583498,0.15929934128987072,6.446717202646817e-06
1.0,1.0,0.11079592926583498,0.1789647404750054,7.01329055072835e-06
1.0,1.0,0.11079592926583498,0.20105782028944644,7.313368974904164e-06
1.0,1.0,0.11079592926583498,0.22587827631437318,7.42792571214081e-06
1.0,1.0,0.11079592926583498,0.25376280135386714,7.4213589234060235e-06
1.0,1.0,0.11079592926583498,0.2850896527178103,7.3503492635466296e-06
1.0,1.0,0.11079592926583498,0.32028378333286034,7.2512520181183675e-06
1.0,1.0,0.11079592926583498,0.35982260628571056,7.139514329048889e-06
1.0,1.0,0.11079592926583498,0.40424247099543353,7.024114477040139e-06
1.0,1.0,0.11079592926583498,0.45414593886505183,6.907628366308506e-06
1.0,1.0,0.11079592926583498,0.5102099571075231,6.7907518004109684e-06
1.0,1.0,0.11079592926583498,0.573195041625182,6.6681204217857594e-06
1.0,1.0,0.11079592926583498,0.6439555935096224,6.5212925912385334e-06
1.0,1.0,0.11079592926583498,0.7234514891067266,6.329322166005043e-06
1.0,1.0,0.11079592926583498,0.8127611008676167,6.072221565091884e-06
1.0,1.0,0.11079592926583498,0.9130959256151152,5.735086287944518e-06
1.0,1.0,0.11079592926583498,1.0258170186601063,5.3145756068543595e-06
1.0,1.0,0.11079592926583498,1.1524534566987765,4.817547611732788e-06
1.0,1.0,0.11079592926583498,1.294723079942415,4.266037829215899e-06
1.0,1.0,0.11079592926583498,1.4545557948495271,3.6932979088869527e-06
1.0,1.0,0.11079592926583498,1.6341197535649394,3.1430352725495764e-06
1.0,1.0,0.11079592926583498,1.835850765193496,2.652735511051274e-06
1.0,1.0,0.11079592926583498,2.062485337876194,2.2239772630083496e-06
1.0,1.0,0.11079592926583498,2.3170977998889395,1.8251392786351937e-06
1.0,1.0,0.11079592926583498,2.6031420033166066,1.467127450864997e-06
1.0,1.0,0.11079592926583498,2.9244981760182913,1.169717294302266e-06
1.0,1.0,0.11079592926583498,3.285525557436941,9.392779630472113e-07
1.0,1.0,0.11079592926583498,3.6911215322651687,7.470104787790647e-07
1.0,1.0,0.11079592926583498,4.1467880641233,5.823904108116081e-07
1.0,1.0,0.11079592926583498,4.658706330431421,4.530895014184999e-07
1.0,1.0,0.11079592926583498,5.233820570907402,3.571903399648229e-07
1.0,1.0,0.11079592926583498,5.879932287106996,2.7692560041649484e-07
1.0,1.0,0.11079592926583498,6.605806070835402,2.117683693845112e-07
1.0,1.0,0.11079592926583498,7.421288497006765,1.6493113439834993e-07
1.0,1.0,0.11079592926583498,8.337441693749241,1.279417637392676e-07
1.0,1.0,0.11079592926583498,9.366693401651878,9.718097234162183e-08
1.0,1.0,0.11079592926583498,10.523005557727089,7.518266152962276e-08
1.0,1.0,0.11079592926583498,11.822063690952728,5.849837977960146e-08
1.0,1.0,0.11079592926583498,13.281489698569585,4.4414877922966944e-08
1.0,1.0,0.11079592926583498,14.921080889473224,3.4454142472798436e-08
1.0,1.0,0.11079592926583498,16.763078537355728,2.6989081885632206e-08
1.0,1.0,0.11079592926583498,18.83246958655666,2.06006978942998e-08
1.0,1.0,0.11079592926583498,21.157325603303395,1.6221996888377777e-08
1.0,1.0,0.11079592926583498,23.769183570259635,1.284762047298169e-08
1.0,1.0,0.11079592926583498,26.70347368991138,9.943374283109093e-09
1.0,1.0,0.11079592926583498,30.0,8.083406227284216e-09
1.0,1.0,0.11845089716068384,0.1,0.0
1.0,1.0,0.11845089716068384,0.11234493440205148,4.1753467449851803e-08
1.0,1.0,0.11845089716068384,0.12621384285801251,2.866605996042413e-06
1.0,1.0,0.11845089716068384,0.14179485896514246,4.861298761582766e-06
1.0,1.0,0.11845089716068384,0.15929934128987072,5.990253440541767e-06
1.0,1.0,0.11845089716068384,0.1789647404750054,6.667463650689569e-06
1.0,1.0,0.11845089716068384,0.20105782028944644,7.037215282140365e-06
1.0,1.0,0.11845089716068384,0.22587827631437318,7.198989202983262e-06
1.0,1.0,0.11845089716068384,0.25376280135386714,7.2341304422094696e-06
1.0,1.0,0.11845089716068384,0.2850896527178103,7.194665561809045e-06
1.0,1.0,0.11845089716068384,0.32028378333286034,7.121759467365806e-06
1.0,1.0,0.11845089716068384,0.35982260628571056,7.033555045819359e-06
1.0,1.0,0.11845089716068384,0.40424247099543353,6.936368198929086e-06
1.0,1.0,0.11845089716068384,0.45414593886505183,6.8358598971339106e-06
1.0,1.0,0.11845089716068384,0.5102099571075231,6.732729923668348e-06
1.0,1.0,0.11845089716068384,0.573195041625182,6.621004520158393e-06
1.0,1.0,0.11845089716068384,0.6439555935096224,6.483935587408701e-06
1.0,1.0,0.11845089716068384,0.7234514891067266,6.300573807882766e-06
1.0,1.0,0.11845089716068384,0.8127611008676167,6.0521486023721185e-06
1.0,1.0,0.11845089716068384,0.9130959256151152,5.725106243222222e-06
1.0,1.0,0.11845089716068384,1.0258170186601063,5.315425136590963e-06
1.0,1.0,0.11845089716068384,1.1524534566987765,4.829265734717012e-06
1.0,1.0,0.11845089716068384,1.294723079942415,4.285875550332604e-06
1.0,1.0,0.11845089716068384,1.4545557948495271,3.7148040283716634e-06
1.0,1.0,0.11845089716068384,1.6341197535649394,3.158676205090818e-06
1.0,1.0,0.11845089716068384,1.835850765193496,2.657122840674106e-06
1.0,1.0,0.11845089716068384,2.062485337876194,2.226611491358533e-06
1.0,1.0,0.11845089716068384,2.3170977998889395,1.8357864166214953e-06
1.0,1.0,0.11845089716068384,2.6031420033166066,1.4798696565999236e-06
1.0,1.0,0.11845089716068384,2.9244981760182913,1.1783123501848073e-06
1.0,1.0,0.11845089716068384,3.285525557436941,9.425006405292987e-07
1.0,1.0,0.11845089716068384,3.6911215322651687,7.514654190936495e-07
1.0,1.0,0.11845089716068384,4.1467880641233,5.866358273189355e-07
1.0,1.0,0.11845089716068384,4.658706330431421,4.5451922049601196e-07
1.0,1.0,0.11845089716068384,5.233820570907402,3.5712231006045346e-07
1.0,1.0,0.11845089716068384,5.879932287106996,2.775019294479991e-07
1.0,1.0,0.11845089716068384,6.605806070835402,2.1184369781871014e-07
1.0,1.0,0.11845089716068384,7.421288497006765,1.6406742863792418e-07
1.0,1.0,0.11845089716068384,8.337441693749241,1.277514481318778e-07
1.0,1.0,0.11845089716068384,9.366693401651878,9.719850421173142e-08
1.0,1.0,0.11845089716068384,10.523005557727089,7.47790742345455e-08
1.0,1.0,0.11845089716068384,11.822063690952728,5.837510498123737e-08
1.0,1.0,0.11845089716068384,13.281489698569585,4.442561060521388e-08
1.0,1.0,0.11845089716068384,14.921080889473224,3.426895065921591e-08
1.0,1.0,0.11845089716068384,16.763078537355728,2.6929997575196883e-08
1.0,1.0,0.11845089716068384,18.83246958655666,2.05932957082219e-08
1.0,1.0,0.11845089716068384,21.157325603303395,1.612570072439485e-08
1.0,1.0,0.11845089716068384,23.769183570259635,1.2819128383409363e-08
1.0,1.0,0.11845089716068384,26.70347368991138,9.928512800441528e-09
1.0,1.0,0.11845089716068384,30.0,8.03511208032682e-09
1.0,1.0,0.12663475211717345,0.1,0.0
1.0,1.0,0.12663475211717345,0.11234493440205148,0.0
1.0,1.0,0.12663475211717345,0.12621384285801251,9.526302968381591e-07
1.0,1.0,0.12663475211717345,0.14179485896514246,3.977011270201474e-06
1.0,1.0,0.12663475211717345,0.15929934128987072,5.4369303317077956e-06
1.0,1.0,0.12663475211717345,0.1789647404750054,6.254922742433808e-06
1.0,1.0,0.12663475211717345,0.20105782028944644,6.706096340380813e-06
1.0,1.0,0.12663475211717345,0.22587827631437318,6.925550251109489e-06
1.0,1.0,0.12663475211717345,0.25376280135386714,6.999733373544308e-06
1.0,1.0,0.12663475211717345,0.2850896527178103,6.995682407827147e-06
1.0,1.0,0.12663475211717345,0.32028378333286034,6.950475744301797e-06
1.0,1.0,0.12663475211717345,0.35982260628571056,6.884317801669547e-06
1.0,1.0,0.12663475211717345,0.40424247099543353,6.807509522621937e-06
1.0,1.0,0.12663475211717345,0.45414593886505183,6.722950560836899e-06
1.0,1.0,0.12663475211717345,0.5102099571075231,6.6328890913183395e-06
1.0,1.0,0.12663475211717345,0.573195041625182,6.532741400742597e-06
1.0,1.0,0.12663475211717345,0.6439555935096224,6.405259704568705e-06
1.0,1.0,0.12663475211717345,0.7234514891067266,6.2311373665588916e-06
1.0,1.0,0.12663475211717345,0.8127611008676167,5.992523782400682e-06
1.0,1.0,0.12663475211717345,0.9130959256151152,5.675925108979485e-06
1.0,1.0,0.12663475211717345,1.0258170186601063,5.278186862844144e-06
1.0,1.0,0.12663475211717345,1.1524534566987765,4.804883662148552e-06
1.0,1.0,0.12663475211717345,1.294723079942415,4.272119157159322e-06
1.0,1.0,0.12663475211717345,1.4545557948495271,3.7064356607959344e-06
1.0,1.0,0.12663475211717345,1.6341197535649394,3.1478671439916197e-06
1.0,1.0,0.12663475211717345,1.835850765193496,2.636924784151029e-06
1.0,1.0,0.12663475211717345,2.062485337876194,2.200523738698633e-06
1.0,1.0,0.12663475211717345,2.3170977998889395,1.8188520738071758e-06
1.0,1.0,0.12663475211717345,2.6031420033166066,1.4695651535834882e-06
1.0,1.0,0.12663475211717345,2.9244981760182913,1.1687675824230534e-06
1.0,1.0,0.12663475211717345,3.285525557436941,9.305955679255783e-07
1.0,1.0,0.12663475211717345,3.6911215322651687,7.436136291112635e-07
1.0,1.0,0.12663475211717345,4.1467880641233,5.826125477025896e-07
1.0,1.0,0.12663475211717345,4.658706330431421,4.510247693785408e-07
1.0,1.0,0.12663475211717345,5.233820570907402,3.5356980795063815e-07
1.0,1.0,0.12663475211717345,5.879932287106996,2.7624321789789994e-07
1.0,1.0,0.12663475211717345,6.605806070835402,2.1146176469155694e-07
1.0,1.0,0.12663475211717345,7.421288497006765,1.6304827125723715e-07
1.0,1.0,0.12663475211717345,8.337441693749241,1.2729505607999376e-07
1.0,1.0,0.12663475211717345,9.366693401651878,9.711296976875364e-08
1.0,1.0,0.12663475211717345,10.523005557727089,7.432129148500582e-08
1.0,1.0,0.12663475211717345,11.822063690952728,5.8130717426239465e-08
1.0,1.0,0.12663475211717345,13.281489698569585,4.4387025597665254e-08
1.0,1.0,0.12663475211717345,14.921080889473224,3.4045762972512695e-08
1.0,1.0,0.12663475211717345,16.763078537355728,2.681604566503157e-08
1.0,1.0,0.12663475211717345,18.83246958655666,2.0588395395246596e-08
1.0,1.0,0.12663475211717345,21.157325603303395,1.601047886743418e-08
1.0,1.0,0.12663475211717345,23.769183570259635,1.2777647509905576e-08
1.0,1.0,0.12663475211717345,26.70347368991138,9.924134287053515e-09
1.0,1.0,0.12663475211717345,30.0,7.97883968339861e-09
1.0,1.0,0.13538403531063123,0.1,0.0
1.0,1.0,0.13538403531063123,0.11234493440205148,0.0
1.0,1.0,0.13538403531063123,0.12621384285801251,0.0
1.0,1.0,0.13538403531063123,0.14179485896514246,2.49517489633151e-06
1.0,1.0,0.13538403531063123,0.15929934128987072,4.7850350524758695e-06
1.0,1.0,0.13538403531063123,0.1789647404750054,5.827353326826293e-06
1.0,1.0,0.13538403531063123,0.20105782028944644,6.387486666326528e-06
1.0,1.0,0.13538403531063123,0.22587827631437318,6.669410231524726e-06
1.0,1.0,0.13538403531063123,0.25376280135386714,6.793955785335783e-06
1.0,1.0,0.13538403531063123,0.2850896527178103,6.82415968318766e-06
1.0,1.0,0.13538403531063123,0.32028378333286034,6.808334214616998e-06
1.0,1.0,0.13538403531063123,0.35982260628571056,6.767855609011506e-06
1.0,1.0,0.13538403531063123,0.40424247099543353,6.709967980545157e-06
1.0,1.0,0.13538403531063123,0.45414593886505183,6.642719154797761e-06
1.0,1.0,0.13538403531063123,0.5102099571075231,6.566881327615396e-06
1.0,1.0,0.13538403531063123,0.573195041625182,6.477172966275094e-06
1.0,1.0,0.13538403531063123,0.6439555935096224,6.360033604016106e-06
1.0,1.0,0.13538403531063123,0.7234514891067266,6.195622455734961e-06
1.0,1.0,0.13538403531063123,0.8127611008676167,5.966357279434318e-06
1.0,1.0,0.13538403531063123,0.9130959256151152,5.659671533849211e-06
1.0,1.0,0.13538403531063123,1.0258170186601063,5.2725772717897536e-06
1.0,1.0,0.13538403531063123,1.1524534566987765,4.811594395354527e-06
1.0,1.0,0.13538403531063123,1.294723079942415,4.289905556080039e-06
1.0,1.0,0.13538403531063123,1.4545557948495271,3.7298205121232714e-06
1.0,1.0,0.13538403531063123,1.6341197535649394,3.168880543358755e-06
1.0,1.0,0.13538403531063123,1.835850765193496,2.6468218609134034e-06
1.0,1.0,0.13538403531063123,2.062485337876194,2.1964903000630993e-06
1.0,1.0,0.13538403531063123,2.3170977998889395,1.8161375423479437e-06
1.0,1.0,0.13538403531063123,2.6031420033166066,1.470820248582313e-06
1.0,1.0,0.13538403531063123,2.9244981760182913,1.168905356679395e-06
1.0,1.0,0.13538403531063123,3.285525557436941,9.259589430927625e-07
1.0,1.0,0.13538403531063123,3.6911215322651687,7.394480427632822e-07
1.0,1.0,0.13538403531063123,4.1467880641233,5.814005338815287e-07
1.0,1.0,0.13538403531063123,4.658706330431421,4.498964725667178e-07
1.0,1.0,0.13538403531063123,5.233820570907402,3.510164363564001e-07
1.0,1.0,0.13538403531063123,5.879932287106996,2.7525922741924165e-07
1.0,1.0,0.13538403531063123,6.605806070835402,2.1128647779929995e-07
1.0,1.0,0.13538403531063123,7.421288497006765,1.621892856555591e-07
1.0,1.0,0.13538403531063123,8.337441693749241,1.268720939943988e-07
1.0,1.0,0.13538403531063123,9.366693401651878,9.717993491253791e-08
1.0,1.0,0.13538403531063123,10.523005557727089,7.409145762130051e-08
1.0,1.0,0.13538403531063123,11.822063690952728,5.799714762891952e-08
1.0,1.0,0.13538403531063123,13.281489698569585,4.449670301100102e-08
1.0,1.0,0.13538403531063123,14.921080889473224,3.3974794820196725e-08
1.0,1.0,0.13538403531063123,16.763078537355728,2.6791528472370605e-08
1.0,1.0,0.13538403531063123,18.83246958655666,2.066538858529705e-08
1.0,1.0,0.13538403531063123,21.157325603303395,1.5983226291067276e-08
1.0,1.0,0.13538403531063123,23.769183570259635,1.2784798691749092e-08
1.0,1.0,0.13538403531063123,26.70347368991138,9.957827564156286e-09
1.0,1.0,0.13538403531063123,30.0,7.951943782025255e-09
1.0,1.0,0.1447378125716298,0.1,0.0
1.0,1.0,0.1447378125716298,0.11234493440205148,0.0
1.0,1.0,0.1447378125716298,0.12621384285801251,0.0
1.0,1.0,0.1447378125716298,0.14179485896514246,6.051104878343411e-07
1.0,1.0,0.1447378125716298,0.15929934128987072,3.825744131280796e-06
1.0,1.0,0.1447378125716298,0.1789647404750054,5.2681400390276434e-06
1.0,1.0,0.1447378125716298,0.20105782028944644,6.000909072414707e-06
1.0,1.0,0.1447378125716298,0.22587827631437318,6.372703890604019e-06
1.0,1.0,0.1447378125716298,0.25376280135386714,6.546782866413598e-06
1.0,1.0,0.1447378125716298,0.2850896527178103,6.621365240370092e-06
1.0,1.0,0.1447378125716298,0.32028378333286034,6.637149440757276e-06
1.0,1.0,0.1447378125716298,0.35982260628571056,6.621523679425709e-06
1.0,1.0,0.1447378125716298,0.40424247099543353,6.587208629746376e-06
1.0,1.0,0.1447378125716298,0.45414593886505183,6.5369235131881964e-06
1.0,1.0,0.1447378125716298,0.5102099571075231,6.475355359365748e-06
1.0,1.0,0.1447378125716298,0.573195041625182,6.398081772318469e-06
1.0,1.0,0.1447378125716298,0.6439555935096224,6.2908010114361325e-06
1.0,1.0,0.1447378125716298,0.7234514891067266,6.136990652441004e-06
1.0,1.0,0.1447378125716298,0.8127611008676167,5.914719905625011e-06
1.0,1.0,0.1447378125716298,0.9130959256151152,5.606175439187255e-06
1.0,1.0,0.1447378125716298,1.0258170186601063,5.2183759736268525e-06
1.0,1.0,0.1447378125716298,1.1524534566987765,4.769184083682411e-06
1.0,1.0,0.1447378125716298,1.294723079942415,4.263875708526005e-06
1.0,1.0,0.1447378125716298,1.4545557948495271,3.7179352482165384e-06
1.0,1.0,0.1447378125716298,1.6341197535649394,3.1637978446503687e-06
1.0,1.0,0.1447378125716298,1.835850765193496,2.639609269716776e-06
1.0,1.0,0.1447378125716298,2.062485337876194,2.1811663911805486e-06
1.0,1.0,0.1447378125716298,2.3170977998889395,1.8012140376823136e-06
1.0,1.0,0.1447378125716298,2.6031420033166066,1.465446442306949e-06
1.0,1.0,0.1447378125716298,2.9244981760182913,1.1672815522939444e-06
1.0,1.0,0.1447378125716298,3.285525557436941,9.220491952954491e-07
1.0,1.0,0.1447378125716298,3.6911215322651687,7.346213113730079e-07
1.0,1.0,0.1447378125716298,4.1467880641233,5.800715897258967e-07
1.0,1.0,0.1447378125716298,4.658706330431421,4.4935906337515167e-07
1.0,1.0,0.1447378125716298,5.233820570907402,3.4879124356858436e-07
1.0,1.0,0.1447378125716298,5.879932287106996,2.738961860987828e-07
1.0,1.0,0.1447378125716298,6.605806070835402,2.1082193258418986e-07
1.0,1.0,0.1447378125716298,7.421288497006765,1.6112056453637065e-07
1.0,1.0,0.1447378125716298,8.337441693749241,1.2588074886570698e-07
1.0,1.0,0.1447378125716298,9.366693401651878,9.67993539426145e-08
1.0,1.0,0.1447378125716298,10.523005557727089,7.352216489759428e-08
1.0,1.0,0.1447378125716298,11.822063690952728,5.7423254333803726e-08
1.0,1.0,0.1447378125716298,13.281489698569585,4.4246257191325e-08
1.0,1.0,0.1447378125716298,14.921080889473224,3.364228692918618e-08
1.0,1.0,0.1447378125716298,16.763078537355728,2.650923735467033e-08
1.0,1.0,0.1447378125716298,18.83246958655666,2.0533147905515186e-08
1.0,1.0,0.1447378125716298,21.157325603303395,1.580927164899423e-08
1.0,1.0,0.1447378125716298,23.769183570259635,1.265896401541686e-08
1.0,1.0,0.1447378125716298,26.70347368991138,9.909578209438629e-09
1.0,1.0,0.1447378125716298,30.0,7.865547100432346e-09
1.0,1.0,0.15473784881617555,0.1,0.0
1.0,1.0,0.15473784881617555,0.11234493440205148,0.0
1.0,1.0,0.15473784881617555,0.12621384285801251,0.0
1.0,1.0,0.15473784881617555,0.14179485896514246,0.0
1.0,1.0,0.15473784881617555,0.15929934128987072,2.046146543235101e-06
1.0,1.0,0.15473784881617555,0.1789647404750054,4.633948141927196e-06
1.0,1.0,0.15473784881617555,0.20105782028944644,5.6732014813377425e-06
1.0,1.0,0.15473784881617555,0.22587827631437318,6.18124237297463e-06
1.0,1.0,0.15473784881617555,0.25376280135386714,6.432580160488256e-06
1.0,1.0,0.15473784881617555,0.2850896527178103,6.5513214760273065e-06
1.0,1.0,0.15473784881617555,0.32028378333286034,6.605903980762349e-06
1.0,1.0,0.15473784881617555,0.35982260628571056,6.621624336340379e-06
1.0,1.0,0.15473784881617555,0.40424247099543353,6.6091934278734444e-06
1.0,1.0,0.15473784881617555,0.45414593886505183,6.579936672210261e-06
1.0,1.0,0.15473784881617555,0.5102099571075231,6.5344276241762005e-06
1.0,1.0,0.15473784881617555,0.573195041625182,6.468517979810024e-06
1.0,1.0,0.15473784881617555,0.6439555935096224,6.372729654622345e-06
1.0,1.0,0.15473784881617555,0.7234514891067266,6.226052688892124e-06
1.0,1.0,0.15473784881617555,0.8127611008676167,5.99796547165866e-06
1.0,1.0,0.15473784881617555,0.9130959256151152,5.673529516899352e-06
1.0,1.0,0.15473784881617555,1.0258170186601063,5.263363834216001e-06
1.0,1.0,0.15473784881617555,1.1524534566987765,4.798518175341748e-06
1.0,1.0,0.15473784881617555,1.294723079942415,4.299027489896584e-06
1.0,1.0,0.15473784881617555,1.4545557948495271,3.7623301777782412e-06
1.0,1.0,0.15473784881617555,1.6341197535649394,3.210425328052218e-06
1.0,1.0,0.15473784881617555,1.835850765193496,2.6788194650879164e-06
1.0,1.0,0.15473784881617555,2.062485337876194,2.2046547008866587e-06
1.0,1.0,0.15473784881617555,2.3170977998889395,1.8111362198385557e-06
1.0,1.0,0.15473784881617555,2.6031420033166066,1.4761641974064303e-06
1.0,1.0,0.15473784881617555,2.9244981760182913,1.1769174325043755e-06
1.0,1.0,0.15473784881617555,3.285525557436941,9.262696557442764e-07
1.0,1.0,0.15473784881617555,3.6911215322651687,7.336306189779933e-07
1.0,1.0,0.15473784881617555,4.1467880641233,5.807253590068022e-07
1.0,1.0,0.15473784881617555,4.658706330431421,4.5046509298014144e-07
1.0,1.0,0.15473784881617555,5.233820570907402,3.4785853060757176e-07
1.0,1.0,0.15473784881617555,5.879932287106996,2.7308227821225795e-07
1.0,1.0,0.15473784881617555,6.605806070835402,2.1103592881121009e-07
1.0,1.0,0.15473784881617555,7.421288497006765,1.6092256919695328e-07
1.0,1.0,0.15473784881617555,8.337441693749241,1.2527962216014937e-07
1.0,1.0,0.15473784881617555,9.366693401651878,9.675349618365333e-08
1.0,1.0,0.15473784881617555,10.523005557727089,7.333370057010091e-08
1.0,1.0,0.15473784881617555,11.822063690952728,5.7025860829146244e-08
1.0,1.0,0.15473784881617555,13.281489698569585,4.410090412057958e-08
1.0,1.0,0.15473784881617555,14.921080889473224,3.346304369182693e-08
1.0,1.0,0.15473784881617555,16.763078537355728,2.627566029787386e-08
1.0,1.0,0.15473784881617555,18.83246958655666,2.0469359604374464e-08
1.0,1.0,0.15473784881617555,21.157325603303395,1.5715017286513895e-08
1.0,1.0,0.15473784881617555,23.769183570259635,1.2569938507353503e-08
1.0,1.0,0.15473784881617555,26.70347368991138,9.889683930598569e-09
1.0,1.0,0.15473784881617555,30.0,7.816165095905716e-09
1.0,1.0,0.16542879452740084,0.1,0.0
1.0,1.0,0.16542879452740084,0.11234493440205148,0.0
1.0,1.0,0.16542879452740084,0.12621384285801251,0.0
1.0,1.0,0.16542879452740084,0.14179485896514246,0.0
1.0,1.0,0.16542879452740084,0.15929934128987072,2.716852374543528e-07
1.0,1.0,0.16542879452740084,0.1789647404750054,3.5379376271936985e-06
1.0,1.0,0.16542879452740084,0.20105782028944644,5.124189205867099e-06
1.0,1.0,0.16542879452740084,0.22587827631437318,5.847697426617337e-06
1.0,1.0,0.16542879452740084,0.25376280135386714,6.189349434376847e-06
1.0,1.0,0.16542879452740084,0.2850896527178103,6.374684079518722e-06
1.0,1.0,0.16542879452740084,0.32028378333286034,6.4710561519568385e-06
1.0,1.0,0.16542879452740084,0.35982260628571056,6.519653221598714e-06
1.0,1.0,0.16542879452740084,0.40424247099543353,6.53789114443746e-06
1.0,1.0,0.16542879452740084,0.45414593886505183,6.528910367397095e-06
1.0,1.0,0.16542879452740084,0.5102099571075231,6.500907620174241e-06
1.0,1.0,0.16542879452740084,0.573195041625182,6.450369135465209e-06
1.0,1.0,0.16542879452740084,0.6439555935096224,6.364904081017164e-06
1.0,1.0,0.16542879452740084,0.7234514891067266,6.221689296473995e-06
1.0,1.0,0.16542879452740084,0.8127611008676167,5.986776433858059e-06
1.0,1.0,0.16542879452740084,0.9130959256151152,5.647198353466856e-06
1.0,1.0,0.16542879452740084,1.0258170186601063,5.217050295390874e-06
1.0,1.0,0.16542879452740084,1.1524534566987765,4.730262134381016e-06
1.0,1.0,0.16542879452740084,1.294723079942415,4.22293335354868e-06
1.0,1.0,0.16542879452740084,1.4545557948495271,3.7047757323186552e-06
1.0,1.0,0.16542879452740084,1.6341197535649394,3.170377596828788e-06
1.0,1.0,0.16542879452740084,1.835850765193496,2.6485296169989335e-06
1.0,1.0,0.16542879452740084,2.062485337876194,2.175564221851383e-06
1.0,1.0,0.16542879452740084,2.3170977998889395,1.7789008671095833e-06
1.0,1.0,0.16542879452740084,2.6031420033166066,1.4535329463910501e-06
1.0,1.0,0.16542879452740084,2.9244981760182913,1.165044637514e-06
1.0,1.0,0.16542879452740084,3.285525557436941,9.180180090868243e-07
1.0,1.0,0.16542879452740084,3.6911215322651687,7.241017175683492e-07
1.0,1.0,0.16542879452740084,4.1467880641233,5.747504965266636e-07
1.0,1.0,0.16542879452740084,4.658706330431421,4.475395037147989e-07
1.0,1.0,0.16542879452740084,5.233820570907402,3.44840381059511e-07
1.0,1.0,0.16542879452740084,5.879932287106996,2.699292116985007e-07
1.0,1.0,0.16542879452740084,6.605806070835402,2.095265722310197e-07
1.0,1.0,0.16542879452740084,7.421288497006765,1.5973571767008202e-07
1.0,1.0,0.16542879452740084,8.337441693749241,1.23727579532359e-07
1.0,1.0,0.16542879452740084,9.366693401651878,9.602253886898955e-08
1.0,1.0,0.16542879452740084,10.523005557727089,7.287473534418328e-08
1.0,1.0,0.16542879452740084,11.822063690952728,5.636909325017008e-08
1.0,1.0,0.16542879452740084,13.281489698569585,4.3855419049775033e-08
1.0,1.0,0.16542879452740084,14.921080889473224,3.332014730189931e-08
1.0,1.0,0.16542879452740084,16.763078537355728,2.603309438968254e-08
1.0,1.0,0.16542879452740084,18.83246958655666,2.0382140622371684e-08
1.0,1.0,0.16542879452740084,21.157325603303395,1.562440795859378e-08
1.0,1.0,0.16542879452740084,23.769183570259635,1.2461777110861515e-08
1.0,1.0,0.16542879452740084,26.70347368991138,9.860176468193999e-09
1.0,1.0,0.16542879452740084,30.0,7.760875396795607e-09
1.0,1.0,0.1768583851214056,0.1,0.0
1.0,1.0,0.1768583851214056,0.11234493440205148,0.0
1.0,1.0,0.1768583851214056,0.12621384285801251,0.0
1.0,1.0,0.1768583851214056,0.14179485896514246,0.0
1.0,1.0,0.1768583851214056,0.15929934128987072,0.0
1.0,1.0,0.1768583851214056,0.1789647404750054,1.5155002020662827e-06
1.0,1.0,0.1768583851214056,0.20105782028944644,4.455406120114333e-06
1.0,1.0,0.1768583851214056,0.22587827631437318,5.526456261592793e-06
1.0,1.0,0.1768583851214056,0.25376280135386714,6.031913978861073e-06
1.0,1.0,0.1768583851214056,0.2850896527178103,6.28836500323772e-06
1.0,1.0,0.1768583851214056,0.32028378333286034,6.4450573955855954e-06
1.0,1.0,0.1768583851214056,0.35982260628571056,6.537570877649063e-06
1.0,1.0,0.1768583851214056,0.40424247099543353,6.5849190535673925e-06
1.0,1.0,0.1768583851214056,0.45414593886505183,6.604805084953807e-06
1.0,1.0,0.1768583851214056,0.5102099571075231,6.597356056891139e-06
1.0,1.0,0.1768583851214056,0.573195041625182,6.561149637907851e-06
1.0,1.0,0.1768583851214056,0.6439555935096224,6.4876234792149775e-06
1.0,1.0,0.1768583851214056,0.7234514891067266,6.343512542919434e-06
1.0,1.0,0.1768583851214056,0.8127611008676167,6.099922103971978e-06
1.0,1.0,0.1768583851214056,0.9130959256151152,5.746487386293495e-06
1.0,1.0,0.1768583851214056,1.0258170186601063,5.294046208920237e-06
1.0,1.0,0.1768583851214056,1.1524534566987765,4.778417537662025e-06
1.0,1.0,0.1768583851214056,1.294723079942415,4.241737745742548e-06
1.0,1.0,0.1768583851214056,1.4545557948495271,3.716703195551455e-06
1.0,1.0,0.1768583851214056,1.6341197535649394,3.1918613871397372e-06
1.0,1.0,0.1768583851214056,1.835850765193496,2.6722436534717786e-06
1.0,1.0,0.1768583851214056,2.062485337876194,2.191940915842143e-06
1.0,1.0,0.1768583851214056,2.3170977998889395,1.7813045778557453e-06
1.0,1.0,0.1768583851214056,2.6031420033166066,1.4497334859390234e-06
1.0,1.0,0.1768583851214056,2.9244981760182913,1.1644084253607644e-06
1.0,1.0,0.1768583851214056,3.285525557436941,9.166770829525771e-07
1.0,1.0,0.1768583851214056,3.6911215322651687,7.18395087195942e-07
1.0,1.0,0.1768583851214056,4.1467880641233,5.694740465955009e-07
1.0,1.0,0.1768583851214056,4.658706330431421,4.450935149511759e-07
1.0,1.0,0.1768583851214056,5.233820570907402,3.424741275926836e-07
1.0,1.0,0.1768583851214056,5.879932287106996,2.6674524596824663e-07
1.0,1.0,0.1768583851214056,6.605806070835402,2.0791707992354095e-07
1.0,1.0,0.1768583851214056,7.421288497006765,1.5871478934283032e-07
1.0,1.0,0.1768583851214056,8.337441693749241,1.2223632608731766e-07
1.0,1.0,0.1768583851214056,9.366693401651878,9.525623981401143e-08
1.0,1.0,0.1768583851214056,10.523005557727089,7.249985548338915e-08
1.0,1.0,0.1768583851214056,11.822063690952728,5.576058901365096e-08
1.0,1.0,0.1768583851214056,13.281489698569585,4.353944170739606e-08
1.0,1.0,0.1768583851214056,14.921080889473224,3.316376727979794e-08
1.0,1.0,0.1768583851214056,16.763078537355728,2.5737981432203646e-08
1.0,1.0,0.1768583851214056,18.83246958655666,2.024916983840263e-08
1.0,1.0,0.1768583851214056,21.157325603303395,1.5536453083905264e-08
1.0,1.0,0.1768583851214056,23.769183570259635,1.2334421568504063e-08
1.0,1.0,0.1768583851214056,26.70347368991138,9.808115303478509e-09
1.0,1.0,0.1768583851214056,30.0,7.709588378272125e-09
1.0,1.0,0.18907765408742386,0.1,0.0
1.0,1.0,0.18907765408742386,0.11234493440205148,0.0
1.0,1.0,0.18907765408742386,0.12621384285801251,0.0
1.0,1.0,0.18907765408742386,0.14179485896514246,0.0
1.0,1.0,0.18907765408742386,0.15929934128987072,0.0
1.0,1.0,0.18907765408742386,0.1789647404750054,2.8612692996473763e-08
1.0,1.0,0.18907765408742386,0.20105782028944644,3.1652993548559183e-06
1.0,1.0,0.18907765408742386,0.22587827631437318,4.962723629769636e-06
1.0,1.0,0.18907765408742386,0.25376280135386714,5.680336890946905e-06
1.0,1.0,0.18907765408742386,0.2850896527178103,6.062482247981439e-06
1.0,1.0,0.18907765408742386,0.32028378333286034,6.286357825045596e-06
1.0,1.0,0.18907765408742386,0.35982260628571056,6.431238148802001e-06
1.0,1.0,0.18907765408742386,0.40424247099543353,6.52502156710561e-06
1.0,1.0,0.18907765408742386,0.45414593886505183,6.573402907104436e-06
1.0,1.0,0.18907765408742386,0.5102099571075231,6.591139437611591e-06
1.0,1.0,0.18907765408742386,0.573195041625182,6.576561589696158e-06
1.0,1.0,0.18907765408742386,0.6439555935096224,6.5118343814872465e-06
1.0,1.0,0.18907765408742386,0.7234514891067266,6.369810127490815e-06
1.0,1.0,0.18907765408742386,0.8127611008676167,6.123973402337729e-06
1.0,1.0,0.18907765408742386,0.9130959256151152,5.762488284560283e-06
1.0,1.0,0.18907765408742386,1.0258170186601063,5.298236870461385e-06
1.0,1.0,0.18907765408742386,1.1524534566987765,4.763655470610028e-06
1.0,1.0,0.18907765408742386,1.294723079942415,4.201820236653536e-06
1.0,1.0,0.18907765408742386,1.4545557948495271,3.6600866984390385e-06
1.0,1.0,0.18907765408742386,1.6341197535649394,3.1486610031696252e-06
1.0,1.0,0.18907765408742386,1.835850765193496,2.645294346842445e-06
1.0,1.0,0.18907765408742386,2.062485337876194,2.1728619226669047e-06
1.0,1.0,0.18907765408742386,2.3170977998889395,1.7608515415968614e-06
1.0,1.0,0.18907765408742386,2.6031420033166066,1.427877530206368e-06
1.0,1.0,0.18907765408742386,2.9244981760182913,1.152739733982206e-06
1.0,1.0,0.18907765408742386,3.285525557436941,9.111877407125757e-07
1.0,1.0,0.18907765408742386,3.6911215322651687,7.128640869431382e-07
1.0,1.0,0.18907765408742386,4.1467880641233,5.632785327477191e-07
1.0,1.0,0.18907765408742386,4.658706330431421,4.422253564527871e-07
1.0,1.0,0.18907765408742386,5.233820570907402,3.406468849815173e-07
1.0,1.0,0.18907765408742386,5.879932287106996,2.6383205065404795e-07
1.0,1.0,0.18907765408742386,6.605806070835402,2.0632878784221933e-07
1.0,1.0,0.18907765408742386,7.421288497006765,1.5798763828894174e-07
1.0,1.0,0.18907765408742386,8.337441693749241,1.209642119063361e-07
1.0,1.0,0.18907765408742386,9.366693401651878,9.443500759328093e-08
1.0,1.0,0.18907765408742386,10.523005557727089,7.209227451604304e-08
1.0,1.0,0.18907765408742386,11.822063690952728,5.509841218419091e-08
1.0,1.0,0.18907765408742386,13.281489698569585,4.31363862151749e-08
1.0,1.0,0.18907765408742386,14.921080889473224,3.2966508639156314e-08
1.0,1.0,0.18907765408742386,16.763078537355728,2.542221219152731e-08
1.0,1.0,0.18907765408742386,18.83246958655666,2.007720808234299e-08
1.0,1.0,0.18907765408742386,21.157325603303395,1.543313695354891e-08
1.0,1.0,0.18907765408742386,23.769183570259635,1.2181644859050317e-08
1.0,1.0,0.18907765408742386,26.70347368991138,9.736453806989862e-09
1.0,1.0,0.18907765408742386,30.0,7.654309143122172e-09
1.0,1.0,0.20214116085399314,0.1,0.0
1.0,1.0,0.20214116085399314,0.11234493440205148,0.0
1.0,1.0,0.20214116085399314,0.12621384285801251,0.0
1.0,1.0,0.20214116085399314,0.14179485896514246,0.0
1.0,1.0,0.20214116085399314,0.15929934128987072,0.0
1.0,1.0,0.20214116085399314,0.1789647404750054,0.0
1.0,1.0,0.20214116085399314,0.20105782028944644,1.0307640923675665e-06
1.0,1.0,0.20214116085399314,0.22587827631437318,4.110307595585841e-06
1.0,1.0,0.20214116085399314,0.25376280135386714,5.236050739218491e-06
1.0,1.0,0.20214116085399314,0.2850896527178103,5.769813244344814e-06
1.0,1.0,0.20214116085399314,0.32028378333286034,6.104415675164541e-06
1.0,1.0,0.20214116085399314,0.35982260628571056,6.322587669598655e-06
1.0,1.0,0.20214116085399314,0.40424247099543353,6.462902589028848e-06
1.0,1.0,0.20214116085399314,0.45414593886505183,6.557220459996337e-06
1.0,1.0,0.20214116085399314,0.5102099571075231,6.606342971919402e-06
1.0,1.0,0.20214116085399314,0.573195041625182,6.612318976494234e-06
1.0,1.0,0.20214116085399314,0.6439555935096224,6.563136149318952e-06
1.0,1.0,0.20214116085399314,0.7234514891067266,6.426738438829174e-06
1.0,1.0,0.20214116085399314,0.8127611008676167,6.182866156496812e-06
1.0,1.0,0.20214116085399314,0.9130959256151152,5.823993951560458e-06
1.0,1.0,0.20214116085399314,1.0258170186601063,5.356276980901818e-06
1.0,1.0,0.20214116085399314,1.1524534566987765,4.810457866090552e-06
1.0,1.0,0.20214116085399314,1.294723079942415,4.228973881123333e-06
1.0,1.0,0.20214116085399314,1.4545557948495271,3.660670697069013e-06
1.0,1.0,0.20214116085399314,1.6341197535649394,3.1397955479823706e-06
1.0,1.0,0.20214116085399314,1.835850765193496,2.647645538166427e-06
1.0,1.0,0.20214116085399314,2.062485337876194,2.178807984240527e-06
1.0,1.0,0.20214116085399314,2.3170977998889395,1.7617272503399577e-06
1.0,1.0,0.20214116085399314,2.6031420033166066,1.4189837229144397e-06
1.0,1.0,0.20214116085399314,2.9244981760182913,1.1452120972776945e-06
1.0,1.0,0.20214116085399314,3.285525557436941,9.073704204087207e-07
1.0,1.0,0.20214116085399314,3.6911215322651687,7.081221627385684e-07
1.0,1.0,0.20214116085399314,4.1467880641233,5.562435299782941e-07
1.0,1.0,0.20214116085399314,4.658706330431421,4.382215252009539e-07
1.0,1.0,0.20214116085399314,5.233820570907402,3.3826962862581256e-07
1.0,1.0,0.20214116085399314,5.879932287106996,2.6061813206059633e-07
1.0,1.0,0.20214116085399314,6.605806070835402,2.0393925170326334e-07
1.0,1.0,0.20214116085399314,7.421288497006765,1.5666420445728752e-07
1.0,1.0,0.20214116085399314,8.337441693749241,1.194315596373913e-07
1.0,1.0,0.20214116085399314,9.366693401651878,9.318701651605203e-08
1.0,1.0,0.20214116085399314,10.523005557727089,7.144760308542197e-08
1.0,1.0,0.20214116085399314,11.822063690952728,5.4363027893548636e-08
1.0,1.0,0.20214116085399314,13.281489698569585,4.255327001928081e-08
1.0,1.0,0.20214116085399314,14.921080889473224,3.265983246892405e-08
1.0,1.0,0.20214116085399314,16.763078537355728,2.504474983960557e-08
1.0,1.0,0.20214116085399314,18.83246958655666,1.980552554617919e-08
1.0,1.0,0.20214116085399314,21.157325603303395,1.5287183625154432e-08
1.0,1.0,0.20214116085399314,23.769183570259635,1.1981946630318812e-08
1.0,1.0,0.20214116085399314,26.70347368991138,9.62233962882419e-09
1.0,1.0,0.20214116085399314,30.0,7.578667798553042e-09
1.0,1.0,0.21610723439855564,0.1,0.0
1.0,1.0,0.21610723439855564,0.11234493440205148,0.0
1.0,1.0,0.21610723439855564,0.12621384285801251,0.0
1.0,1.0,0.21610723439855564,0.14179485896514246,0.0
1.0,1.0,0.21610723439855564,0.15929934128987072,0.0
1.0,1.0,0.21610723439855564,0.1789647404750054,0.0
1.0,1.0,0.21610723439855564,0.20105782028944644,0.0
1.0,1.0,0.21610723439855564,0.22587827631437318,2.5125357361525342e-06
1.0,1.0,0.21610723439855564,0.25376280135386714,4.531898766168111e-06
1.0,1.0,0.21610723439855564,0.2850896527178103,5.339973380792392e-06
1.0,1.0,0.21610723439855564,0.32028378333286034,5.797685735024658e-06
1.0,1.0,0.21610723439855564,0.35982260628571056,6.108288284277966e-06
1.0,1.0,0.21610723439855564,0.40424247099543353,6.327425932345037e-06
1.0,1.0,0.21610723439855564,0.45414593886505183,6.467969994144447e-06
1.0,1.0,0.21610723439855564,0.5102099571075231,6.557736963722069e-06
1.0,1.0,0.21610723439855564,0.573195041625182,6.596856913788743e-06
1.0,1.0,0.21610723439855564,0.6439555935096224,6.561483950036805e-06
1.0,1.0,0.21610723439855564,0.7234514891067266,6.434919277310899e-06
1.0,1.0,0.21610723439855564,0.8127611008676167,6.197506105824119e-06
1.0,1.0,0.21610723439855564,0.9130959256151152,5.838420198164345e-06
1.0,1.0,0.21610723439855564,1.0258170186601063,5.369168180656507e-06
1.0,1.0,0.21610723439855564,1.1524534566987765,4.815040565151597e-06
1.0,1.0,0.21610723439855564,1.294723079942415,4.2156402713706294e-06
1.0,1.0,0.21610723439855564,1.4545557948495271,3.6244738033976156e-06
1.0,1.0,0.21610723439855564,1.6341197535649394,3.0853385738657502e-06
1.0,1.0,0.21610723439855564,1.835850765193496,2.6040509839744694e-06
1.0,1.0,0.21610723439855564,2.062485337876194,2.1503186710874753e-06
1.0,1.0,0.21610723439855564,2.3170977998889395,1.7388829806308446e-06
1.0,1.0,0.21610723439855564,2.6031420033166066,1.3941945875930892e-06
1.0,1.0,0.21610723439855564,2.9244981760182913,1.1234677802844147e-06
1.0,1.0,0.21610723439855564,3.285525557436941,8.945811805736623e-07
1.0,1.0,0.21610723439855564,3.6911215322651687,6.991423042950628e-07
1.0,1.0,0.21610723439855564,4.1467880641233,5.464214486452504e-07
1.0,1.0,0.21610723439855564,4.658706330431421,4.3094171375390505e-07
1.0,1.0,0.21610723439855564,5.233820570907402,3.3375146204812454e-07
1.0,1.0,0.21610723439855564,5.879932287106996,2.5614129668136797e-07
1.0,1.0,0.21610723439855564,6.605806070835402,2.000574618689689e-07
1.0,1.0,0.21610723439855564,7.421288497006765,1.543701252039627e-07
1.0,1.0,0.21610723439855564,8.337441693749241,1.1737460345790361e-07
1.0,1.0,0.21610723439855564,9.366693401651878,9.1320180104627e-08
1.0,1.0,0.21610723439855564,10.523005557727089,7.034469232052739e-08
1.0,1.0,0.21610723439855564,11.822063690952728,5.334853264371592e-08
1.0,1.0,0.21610723439855564,13.281489698569585,4.1704090766976855e-08
1.0,1.0,0.21610723439855564,14.921080889473224,3.215455371488934e-08
1.0,1.0,0.21610723439855564,16.763078537355728,2.455939138370943e-08
1.0,1.0,0.21610723439855564,18.83246958655666,1.943734477701473e-08
1.0,1.0,0.21610723439855564,21.157325603303395,1.50597640117938e-08
1.0,1.0,0.21610723439855564,23.769183570259635,1.175263027973552e-08
1.0,1.0,0.21610723439855564,26.70347368991138,9.4650990494152e-09
1.0,1.0,0.21610723439855564,30.0,7.476605146399182e-09
1.0,1.0,0.2310382336882168,0.1,0.0
1.0,1.0,0.2310382336882168,0.11234493440205148,0.0
1.0,1.0,0.2310382336882168,0.12621384285801251,0.0
1.0,1.0,0.2310382336882168,0.14179485896514246,0.0
1.0,1.0,0.2310382336882168,0.15929934128987072,0.0
1.0,1.0,0.2310382336882168,0.1789647404750054,0.0
1.0,1.0,0.2310382336882168,0.20105782028944644,0.0
1.0,1.0,0.2310382336882168,0.22587827631437318,5.333521690212151e-07
1.0,1.0,0.2310382336882168,0.25376280135386714,3.4442890302974767e-06
1.0,1.0,0.2310382336882168,0.2850896527178103,4.623139725530121e-06
1.0,1.0,0.2310382336882168,0.32028378333286034,5.2974415537505616e-06
1.0,1.0,0.2310382336882168,0.35982260628571056,5.741211006866174e-06
1.0,1.0,0.2310382336882168,0.40424247099543353,6.0433623004374235e-06
1.0,1.0,0.2310382336882168,0.45414593886505183,6.2648573144434835e-06
1.0,1.0,0.2310382336882168,0.5102099571075231,6.409600913447203e-06
1.0,1.0,0.2310382336882168,0.573195041625182,6.482452829638448e-06
1.0,1.0,0.2310382336882168,0.6439555935096224,6.478712759279555e-06
1.0,1.0,0.2310382336882168,0.7234514891067266,6.3730354678444095e-06
1.0,1.0,0.2310382336882168,0.8127611008676167,6.150965250688363e-06
1.0,1.0,0.2310382336882168,0.9130959256151152,5.811710142478867e-06
1.0,1.0,0.2310382336882168,1.0258170186601063,5.359365493877839e-06
1.0,1.0,0.2310382336882168,1.1524534566987765,4.815819854255175e-06
1.0,1.0,0.2310382336882168,1.294723079942415,4.22012502824393e-06
1.0,1.0,0.2310382336882168,1.4545557948495271,3.6191251140082557e-06
1.0,1.0,0.2310382336882168,1.6341197535649394,3.0615390274509443e-06
1.0,1.0,0.2310382336882168,1.835850765193496,2.576080880920321e-06
1.0,1.0,0.2310382336882168,2.062485337876194,2.134940054137508e-06
1.0,1.0,0.2310382336882168,2.3170977998889395,1.729316300895669e-06
1.0,1.0,0.2310382336882168,2.6031420033166066,1.3822180939398038e-06
1.0,1.0,0.2310382336882168,2.9244981760182913,1.1075653833657138e-06
1.0,1.0,0.2310382336882168,3.285525557436941,8.846982097009484e-07
1.0,1.0,0.2310382336882168,3.6911215322651687,6.923814473647571e-07
1.0,1.0,0.2310382336882168,4.1467880641233,5.382522120197702e-07
1.0,1.0,0.2310382336882168,4.658706330431421,4.2362357133651657e-07
1.0,1.0,0.2310382336882168,5.233820570907402,3.289769478253163e-07
1.0,1.0,0.2310382336882168,5.879932287106996,2.5175471412379007e-07
1.0,1.0,0.2310382336882168,6.605806070835402,1.9575800900090908e-07
1.0,1.0,0.2310382336882168,7.421288497006765,1.5158789636201017e-07
1.0,1.0,0.2310382336882168,8.337441693749241,1.1519658346998258e-07
1.0,1.0,0.2310382336882168,9.366693401651878,8.91721821981645e-08
1.0,1.0,0.2310382336882168,10.523005557727089,6.896400464310346e-08
1.0,1.0,0.2310382336882168,11.822063690952728,5.228308344416966e-08
1.0,1.0,0.2310382336882168,13.281489698569585,4.069186103182297e-08
1.0,1.0,0.2310382336882168,14.921080889473224,3.152040466112263e-08
1.0,1.0,0.2310382336882168,16.763078537355728,2.402670693779242e-08
1.0,1.0,0.2310382336882168,18.83246958655666,1.8980831212140168e-08
1.0,1.0,0.2310382336882168,21.157325603303395,1.4791637701234908e-08
1.0,1.0,0.2310382336882168,23.769183570259635,1.1488485454772076e-08
1.0,1.0,0.2310382336882168,26.70347368991138,9.27047368795527e-09
1.0,1.0,0.2310382336882168,30.0,7.35358367627841e-09
1.0,1.0,0.24700082611453664,0.1,0.0
1.0,1.0,0.24700082611453664,0.11234493440205148,0.0
1.0,1.0,0.24700082611453664,0.12621384285801251,0.0
1.0,1.0,0.24700082611453664,0.14179485896514246,0.0
1.0,1.0,0.24700082611453664,0.15929934128987072,0.0
1.0,1.0,0.24700082611453664,0.1789647404750054,0.0
1.0,1.0,0.24700082611453664,0.20105782028944644,0.0
1.0,1.0,0.24700082611453664,0.22587827631437318,0.0
1.0,1.0,0.24700082611453664,0.25376280135386714,1.561366433815107e-06
1.0,1.0,0.24700082611453664,0.2850896527178103,3.708618641368713e-06
1.0,1.0,0.24700082611453664,0.32028378333286034,4.631164498675556e-06
1.0,1.0,0.24700082611453664,0.35982260628571056,5.2444760066453094e-06
1.0,1.0,0.24700082611453664,0.40424247099543353,5.6882889569805105e-06
1.0,1.0,0.24700082611453664,0.45414593886505183,5.991232766939352e-06
1.0,1.0,0.24700082611453664,0.5102099571075231,6.2060441925146815e-06
1.0,1.0,0.24700082611453664,0.573195041625182,6.338223402878394e-06
1.0,1.0,0.24700082611453664,0.6439555935096224,6.365932155748223e-06
1.0,1.0,0.24700082611453664,0.7234514891067266,6.285391253104997e-06
1.0,1.0,0.24700082611453664,0.8127611008676167,6.08619242439939e-06
1.0,1.0,0.24700082611453664,0.9130959256151152,5.759525869676284e-06
1.0,1.0,0.24700082611453664,1.0258170186601063,5.3205880556307676e-06
1.0,1.0,0.24700082611453664,1.1524534566987765,4.788251270316464e-06
1.0,1.0,0.24700082611453664,1.294723079942415,4.193049130084427e-06
1.0,1.0,0.24700082611453664,1.4545557948495271,3.585064298127119e-06
1.0,1.0,0.24700082611453664,1.6341197535649394,3.0132255515153995e-06
1.0,1.0,0.24700082611453664,1.835850765193496,2.5152700923859144e-06
1.0,1.0,0.24700082611453664,2.062485337876194,2.0876284188812553e-06
1.0,1.0,0.24700082611453664,2.3170977998889395,1.69552097905056e-06
1.0,1.0,0.24700082611453664,2.6031420033166066,1.3526813639838265e-06
1.0,1.0,0.24700082611453664,2.9244981760182913,1.0776737578548158e-06
1.0,1.0,0.24700082611453664,3.285525557436941,8.616945532972306e-07
1.0,1.0,0.24700082611453664,3.6911215322651687,6.762613989408118e-07
1.0,1.0,0.24700082611453664,4.1467880641233,5.246092137411573e-07
1.0,1.0,0.24700082611453664,4.658706330431421,4.114127305707485e-07
1.0,1.0,0.24700082611453664,5.233820570907402,3.209117877181443e-07
1.0,1.0,0.24700082611453664,5.879932287106996,2.4575201736050357e-07
1.0,1.0,0.24700082611453664,6.605806070835402,1.9011337636143554e-07
1.0,1.0,0.24700082611453664,7.421288497006765,1.477839008835633e-07
1.0,1.0,0.24700082611453664,8.337441693749241,1.1240356269285909e-07
1.0,1.0,0.24700082611453664,9.366693401651878,8.655251223961376e-08
1.0,1.0,0.24700082611453664,10.523005557727089,6.720449902786515e-08
1.0,1.0,0.24700082611453664,11.822063690952728,5.09513228824158e-08
1.0,1.0,0.24700082611453664,13.281489698569585,3.9478848317881e-08
1.0,1.0,0.24700082611453664,14.921080889473224,3.0707898258612506e-08
1.0,1.0,0.24700082611453664,16.763078537355728,2.3374936922131493e-08
1.0,1.0,0.24700082611453664,18.83246958655666,1.843860001805538e-08
1.0,1.0,0.24700082611453664,21.157325603303395,1.441902791254499e-08
1.0,1.0,0.24700082611453664,23.769183570259635,1.1178498736771682e-08
1.0,1.0,0.24700082611453664,26.70347368991138,9.029965903165797e-09
1.0,1.0,0.24700082611453664,30.0,7.179996948034868e-09
1.0,1.0,0.2640662851655757,0.1,0.0
1.0,1.0,0.2640662851655757,0.11234493440205148,0.0
1.0,1.0,0.2640662851655757,0.12621384285801251,0.0
1.0,1.0,0.2640662851655757,0.14179485896514246,0.0
1.0,1.0,0.2640662851655757,0.15929934128987072,0.0
1.0,1.0,0.2640662851655757,0.1789647404750054,0.0
1.0,1.0,0.2640662851655757,0.20105782028944644,0.0
1.0,1.0,0.2640662851655757,0.22587827631437318,0.0
1.0,1.0,0.2640662851655757,0.25376280135386714,1.5093219027560657e-07
1.0,1.0,0.2640662851655757,0.2850896527178103,2.3717130560963496e-06
1.0,1.0,0.2640662851655757,0.32028378333286034,3.7590400161415335e-06
1.0,1.0,0.2640662851655757,0.35982260628571056,4.609456018168196e-06
1.0,1.0,0.2640662851655757,0.40424247099543353,5.193886661444392e-06
1.0,1.0,0.2640662851655757,0.45414593886505183,5.6386328088339074e-06
1.0,1.0,0.2640662851655757,0.5102099571075231,5.952396980182487e-06
1.0,1.0,0.2640662851655757,0.573195041625182,6.144179629118301e-06
1.0,1.0,0.2640662851655757,0.6439555935096224,6.23011207548643e-06
1.0,1.0,0.2640662851655757,0.7234514891067266,6.1870817225459254e-06
1.0,1.0,0.2640662851655757,0.8127611008676167,5.994171424469024e-06
1.0,1.0,0.2640662851655757,0.9130959256151152,5.670806835043662e-06
1.0,1.0,0.2640662851655757,1.0258170186601063,5.2449513849914356e-06
1.0,1.0,0.2640662851655757,1.1524534566987765,4.728921692668348e-06
1.0,1.0,0.2640662851655757,1.294723079942415,4.148163932267152e-06
1.0,1.0,0.2640662851655757,1.4545557948495271,3.544278027472081e-06
1.0,1.0,0.2640662851655757,1.6341197535649394,2.9644383090178532e-06
1.0,1.0,0.2640662851655757,1.835850765193496,2.45517006021527e-06
1.0,1.0,0.2640662851655757,2.062485337876194,2.03104812797437e-06
1.0,1.0,0.2640662851655757,2.3170977998889395,1.6536465191820922e-06
1.0,1.0,0.2640662851655757,2.6031420033166066,1.319402631001076e-06
1.0,1.0,0.2640662851655757,2.9244981760182913,1.0454573570350051e-06
1.0,1.0,0.2640662851655757,3.285525557436941,8.342935235558347e-07
1.0,1.0,0.2640662851655757,3.6911215322651687,6.572094606979265e-07
1.0,1.0,0.2640662851655757,4.1467880641233,5.091861515465426e-07
1.0,1.0,0.2640662851655757,4.658706330431421,3.97440794095146e-07
1.0,1.0,0.2640662851655757,5.233820570907402,3.108981086975456e-07
1.0,1.0,0.2640662851655757,5.879932287106996,2.382250349151056e-07
1.0,1.0,0.2640662851655757,6.605806070835402,1.834276379826332e-07
1.0,1.0,0.2640662851655757,7.421288497006765,1.427929830838753e-07
1.0,1.0,0.2640662851655757,8.337441693749241,1.087536058463247e-07
1.0,1.0,0.2640662851655757,9.366693401651878,8.33783278551595e-08
1.0,1.0,0.2640662851655757,10.523005557727089,6.482224254811713e-08
1.0,1.0,0.2640662851655757,11.822063690952728,4.9236014387365024e-08
1.0,1.0,0.2640662851655757,13.281489698569585,3.798420800169793e-08
1.0,1.0,0.2640662851655757,14.921080889473224,2.9608561634773078e-08
1.0,1.0,0.2640662851655757,16.763078537355728,2.257227354475354e-08
1.0,1.0,0.2640662851655757,18.83246958655666,1.7742538649492923e-08
1.0,1.0,0.2640662851655757,21.157325603303395,1.392568417257227e-08
1.0,1.0,0.2640662851655757,23.769183570259635,1.0792239369838669e-08
1.0,1.0,0.2640662851655757,26.70347368991138,8.709083056866925e-09
1.0,1.0,0.2640662851655757,30.0,6.95711638515161e-09
1.0,1.0,0.28231080866430863,0.1,0.0
1.0,1.0,0.28231080866430863,0.11234493440205148,0.0
1.0,1.0,0.28231080866430863,0.12621384285801251,0.0
1.0,1.0,0.28231080866430863,0.14179485896514246,0.0
1.0,1.0,0.28231080866430863,0.15929934128987072,0.0
1.0,1.0,0.28231080866430863,0.1789647404750054,0.0
1.0,1.0,0.28231080866430863,0.20105782028944644,0.0
1.0,1.0,0.28231080866430863,0.22587827631437318,0.0
1.0,1.0,0.28231080866430863,0.25376280135386714,0.0
1.0,1.0,0.28231080866430863,0.2850896527178103,8.047142585079615e-07
1.0,1.0,0.28231080866430863,0.32028378333286034,2.682331722865839e-06
1.0,1.0,0.28231080866430863,0.35982260628571056,3.822786417815438e-06
1.0,1.0,0.28231080866430863,0.40424247099543353,4.661895085443575e-06
1.0,1.0,0.28231080866430863,0.45414593886505183,5.2538251446166435e-06
1.0,1.0,0.28231080866430863,0.5102099571075231,5.691217429561338e-06
1.0,1.0,0.28231080866430863,0.573195041625182,5.998694795393764e-06
1.0,1.0,0.28231080866430863,0.6439555935096224,6.14871314690359e-06
1.0,1.0,0.28231080866430863,0.7234514891067266,6.126270774788943e-06
1.0,1.0,0.28231080866430863,0.8127611008676167,5.93394895800442e-06
1.0,1.0,0.28231080866430863,0.9130959256151152,5.5847512822701065e-06
1.0,1.0,0.28231080866430863,1.0258170186601063,5.129716419765161e-06
1.0,1.0,0.28231080866430863,1.1524534566987765,4.622501566847188e-06
1.0,1.0,0.28231080866430863,1.294723079942415,4.065419153630693e-06
1.0,1.0,0.28231080866430863,1.4545557948495271,3.4754520484128618e-06
1.0,1.0,0.28231080866430863,1.6341197535649394,2.9021398442963233e-06
1.0,1.0,0.28231080866430863,1.835850765193496,2.3871556374940024e-06
1.0,1.0,0.28231080866430863,2.062485337876194,1.959713496615617e-06
1.0,1.0,0.28231080866430863,2.3170977998889395,1.5974869686494548e-06
1.0,1.0,0.28231080866430863,2.6031420033166066,1.273535224863669e-06
1.0,1.0,0.28231080866430863,2.9244981760182913,1.0040481943170103e-06
1.0,1.0,0.28231080866430863,3.285525557436941,7.977454874084553e-07
1.0,1.0,0.28231080866430863,3.6911215322651687,6.293549260007462e-07
1.0,1.0,0.28231080866430863,4.1467880641233,4.874830695856929e-07
1.0,1.0,0.28231080866430863,4.658706330431421,3.787018661201573e-07
1.0,1.0,0.28231080866430863,5.233820570907402,2.9636620819815484e-07
1.0,1.0,0.28231080866430863,5.879932287106996,2.2748375350272166e-07
1.0,1.0,0.28231080866430863,6.605806070835402,1.7439305798320505e-07
1.0,1.0,0.28231080866430863,7.421288497006765,1.3577036942192518e-07
1.0,1.0,0.28231080866430863,8.337441693749241,1.0361595087543702e-07
1.0,1.0,0.28231080866430863,9.366693401651878,7.908505386932453e-08
1.0,1.0,0.28231080866430863,10.523005557727089,6.155014448448819e-08
1.0,1.0,0.28231080866430863,11.822063690952728,4.6809982281795184e-08
1.0,1.0,0.28231080866430863,13.281489698569585,3.597378113160107e-08
1.0,1.0,0.28231080866430863,14.921080889473224,2.8116526244942236e-08
1.0,1.0,0.28231080866430863,16.763078537355728,2.1426123652685644e-08
1.0,1.0,0.28231080866430863,18.83246958655666,1.682544634763025e-08
1.0,1.0,0.28231080866430863,21.157325603303395,1.3238584724032343e-08
1.0,1.0,0.28231080866430863,23.769183570259635,1.0250759794850609e-08
1.0,1.0,0.28231080866430863,26.70347368991138,8.294752430134191e-09
1.0,1.0,0.28231080866430863,30.0,6.632598616833643e-09
1.0,1.0,0.3018158589943526,0.1,0.0
1.0,1.0,0.3018158589943526,0.11234493440205148,0.0
1.0,1.0,0.3018158589943526,0.12621384285801251,0.0
1.0,1.0,0.3018158589943526,0.14179485896514246,0.0
1.0,1.0,0.3018158589943526,0.15929934128987072,0.0
1.0,1.0,0.3018158589943526,0.1789647404750054,0.0
1.0,1.0,0.3018158589943526,0.20105782028944644,0.0
1.0,1.0,0.3018158589943526,0.22587827631437318,0.0
1.0,1.0,0.3018158589943526,0.25376280135386714,0.0
1.0,1.0,0.3018158589943526,0.2850896527178103,4.9404718062061365e-09
1.0,1.0,0.3018158589943526,0.32028378333286034,1.4371669749980545e-06
1.0,1.0,0.3018158589943526,0.35982260628571056,2.82541295966241e-06
1.0,1.0,0.3018158589943526,0.40424247099543353,3.830089163845178e-06
1.0,1.0,0.3018158589943526,0.45414593886505183,4.646816632725515e-06
1.0,1.0,0.3018158589943526,0.5102099571075231,5.261266707110052e-06
1.0,1.0,0.3018158589943526,0.573195041625182,5.673985366737532e-06
1.0,1.0,0.3018158589943526,0.6439555935096224,5.908168032797106e-06
1.0,1.0,0.3018158589943526,0.7234514891067266,5.9358459628218655e-06
1.0,1.0,0.3018158589943526,0.8127611008676167,5.7453888815919565e-06
1.0,1.0,0.3018158589943526,0.9130959256151152,5.384994734260508e-06
1.0,1.0,0.3018158589943526,1.0258170186601063,4.917380800079461e-06
1.0,1.0,0.3018158589943526,1.1524534566987765,4.3949647630056265e-06
1.0,1.0,0.3018158589943526,1.294723079942415,3.861825452580445e-06
1.0,1.0,0.3018158589943526,1.4545557948495271,3.3118682638251725e-06
1.0,1.0,0.3018158589943526,1.6341197535649394,2.7639790664913513e-06
1.0,1.0,0.3018158589943526,1.835850765193496,2.2638756964443323e-06
1.0,1.0,0.3018158589943526,2.062485337876194,1.8470497127109846e-06
1.0,1.0,0.3018158589943526,2.3170977998889395,1.5038899449643788e-06
1.0,1.0,0.3018158589943526,2.6031420033166066,1.2000408315274577e-06
1.0,1.0,0.3018158589943526,2.9244981760182913,9.442350178327277e-07
1.0,1.0,0.3018158589943526,3.285525557436941,7.462095289916437e-07
1.0,1.0,0.3018158589943526,3.6911215322651687,5.896380820229812e-07
1.0,1.0,0.3018158589943526,4.1467880641233,4.570445599034828e-07
1.0,1.0,0.3018158589943526,4.658706330431421,3.535539327341743e-07
1.0,1.0,0.3018158589943526,5.233820570907402,2.767906300137133e-07
1.0,1.0,0.3018158589943526,5.879932287106996,2.1256586724336934e-07
1.0,1.0,0.3018158589943526,6.605806070835402,1.6249628254275533e-07
1.0,1.0,0.3018158589943526,7.421288497006765,1.265368787626063e-07
1.0,1.0,0.3018158589943526,8.337441693749241,9.6545854891317e-08
1.0,1.0,0.3018158589943526,9.366693401651878,7.359580280530666e-08
1.0,1.0,0.3018158589943526,10.523005557727089,5.7276487917720145e-08
1.0,1.0,0.3018158589943526,11.822063690952728,4.354538066410454e-08
1.0,1.0,0.3018158589943526,13.281489698569585,3.347747745383154e-08
1.0,1.0,0.3018158589943526,14.921080889473224,2.6141647176136968e-08
1.0,1.0,0.3018158589943526,16.763078537355728,1.9941843157805097e-08
1.0,1.0,0.3018158589943526,18.83246958655666,1.5679862325771076e-08
1.0,1.0,0.3018158589943526,21.157325603303395,1.2317624419673787e-08
1.0,1.0,0.3018158589943526,23.769183570259635,9.569980536667756e-09
1.0,1.0,0.3018158589943526,26.70347368991138,7.739910015421503e-09
1.0,1.0,0.3018158589943526,30.0,6.1936051661490775e-09
1.0,1.0,0.32266852683212693,0.1,0.0
1.0,1.0,0.32266852683212693,0.11234493440205148,0.0
1.0,1.0,0.32266852683212693,0.12621384285801251,0.0
1.0,1.0,0.32266852683212693,0.14179485896514246,0.0
1.0,1.0,0.32266852683212693,0.15929934128987072,0.0
1.0,1.0,0.32266852683212693,0.1789647404750054,0.0
1.0,1.0,0.32266852683212693,0.20105782028944644,0.0
1.0,1.0,0.32266852683212693,0.22587827631437318,0.0
1.0,1.0,0.32266852683212693,0.25376280135386714,0.0
1.0,1.0,0.32266852683212693,0.2850896527178103,0.0
1.0,1.0,0.32266852683212693,0.32028378333286034,2.521741344234669e-07
1.0,1.0,0.32266852683212693,0.35982260628571056,1.5917892225837883e-06
1.0,1.0,0.32266852683212693,0.40424247099543353,2.781355672348966e-06
1.0,1.0,0.32266852683212693,0.45414593886505183,3.716002135192935e-06
1.0,1.0,0.32266852683212693,0.5102099571075231,4.4703286843281995e-06
1.0,1.0,0.32266852683212693,0.573195041625182,5.05089462811141e-06
1.0,1.0,0.32266852683212693,0.6439555935096224,5.386310349269223e-06
1.0,1.0,0.32266852683212693,0.7234514891067266,5.458269158494216e-06
1.0,1.0,0.32266852683212693,0.8127611008676167,5.313783093709164e-06
1.0,1.0,0.32266852683212693,0.9130959256151152,4.986522443449731e-06
1.0,1.0,0.32266852683212693,1.0258170186601063,4.5251836885138614e-06
1.0,1.0,0.32266852683212693,1.1524534566987765,4.012438195494627e-06
1.0,1.0,0.32266852683212693,1.294723079942415,3.5106059306466106e-06
1.0,1.0,0.32266852683212693,1.4545557948495271,3.014509326650391e-06
1.0,1.0,0.32266852683212693,1.6341197535649394,2.5184091353828992e-06
1.0,1.0,0.32266852683212693,1.835850765193496,2.062121794221145e-06
1.0,1.0,0.32266852683212693,2.062485337876194,1.6743294400715521e-06
1.0,1.0,0.32266852683212693,2.3170977998889395,1.3615181651352141e-06
1.0,1.0,0.32266852683212693,2.6031420033166066,1.089497397472904e-06
1.0,1.0,0.32266852683212693,2.9244981760182913,8.56058815422697e-07
1.0,1.0,0.32266852683212693,3.285525557436941,6.749490998064637e-07
1.0,1.0,0.32266852683212693,3.6911215322651687,5.335653936654151e-07
1.0,1.0,0.32266852683212693,4.1467880641233,4.130012642023836e-07
1.0,1.0,0.32266852683212693,4.658706330431421,3.1920954244777416e-07
1.0,1.0,0.32266852683212693,5.233820570907402,2.496525989335073e-07
1.0,1.0,0.32266852683212693,5.879932287106996,1.9147260026643598e-07
1.0,1.0,0.32266852683212693,6.605806070835402,1.4641516801992767e-07
1.0,1.0,0.32266852683212693,7.421288497006765,1.137958549682737e-07
1.0,1.0,0.32266852683212693,8.337441693749241,8.67412834603159e-08
1.0,1.0,0.32266852683212693,9.366693401651878,6.61910759048885e-08
1.0,1.0,0.32266852683212693,10.523005557727089,5.139000376328262e-08
1.0,1.0,0.32266852683212693,11.822063690952728,3.906243502463703e-08
1.0,1.0,0.32266852683212693,13.281489698569585,3.007608003925891e-08
1.0,1.0,0.32266852683212693,14.921080889473224,2.3432358639293428e-08
1.0,1.0,0.32266852683212693,16.763078537355728,1.789918748427007e-08
1.0,1.0,0.32266852683212693,18.83246958655666,1.4089895627262548e-08
1.0,1.0,0.32266852683212693,21.157325603303395,1.1064772066025805e-08
1.0,1.0,0.32266852683212693,23.769183570259635,8.625093554938955e-09
1.0,1.0,0.32266852683212693,26.70347368991138,6.981780828859597e-09
1.0,1.0,0.32266852683212693,30.0,5.590648688001926e-09
1.0,1.0,0.3449619200095219,0.1,0.0
1.0,1.0,0.3449619200095219,0.11234493440205148,0.0
1.0,1.0,0.3449619200095219,0.12621384285801251,0.0
1.0,1.0,0.3449619200095219,0.14179485896514246,0.0
1.0,1.0,0.3449619200095219,0.15929934128987072,0.0
1.0,1.0,0.3449619200095219,0.1789647404750054,0.0
1.0,1.0,0.3449619200095219,0.20105782028944644,0.0
1.0,1.0,0.3449619200095219,0.22587827631437318,0.0
1.0,1.0,0.3449619200095219,0.25376280135386714,0.0
1.0,1.0,0.3449619200095219,0.2850896527178103,0.0
1.0,1.0,0.3449619200095219,0.32028378333286034,0.0
1.0,1.0,0.3449619200095219,0.35982260628571056,4.2190694790185905e-07
1.0,1.0,0.3449619200095219,0.40424247099543353,1.466162133660772e-06
1.0,1.0,0.3449619200095219,0.45414593886505183,2.536678761008267e-06
1.0,1.0,0.3449619200095219,0.5102099571075231,3.4716396829390187e-06
1.0,1.0,0.3449619200095219,0.573195041625182,4.156889226570979e-06
1.0,1.0,0.3449619200095219,0.6439555935096224,4.587281147828259e-06
1.0,1.0,0.3449619200095219,0.7234514891067266,4.772891873449818e-06
1.0,1.0,0.3449619200095219,0.8127611008676167,4.702020600116434e-06
1.0,1.0,0.3449619200095219,0.9130959256151152,4.4097910075961145e-06
1.0,1.0,0.3449619200095219,1.0258170186601063,3.989951236380176e-06
1.0,1.0,0.3449619200095219,1.1524534566987765,3.5181798831557258e-06
1.0,1.0,0.3449619200095219,1.294723079942415,3.047310568110521e-06
1.0,1.0,0.3449619200095219,1.4545557948495271,2.6049214799666526e-06
1.0,1.0,0.3449619200095219,1.6341197535649394,2.173046697084139e-06
1.0,1.0,0.3449619200095219,1.835850765193496,1.7691732057779195e-06
1.0,1.0,0.3449619200095219,2.062485337876194,1.4278652940986516e-06
1.0,1.0,0.3449619200095219,2.3170977998889395,1.1591611650298354e-06
1.0,1.0,0.3449619200095219,2.6031420033166066,9.249595420190668e-07
1.0,1.0,0.3449619200095219,2.9244981760182913,7.248858292892652e-07
1.0,1.0,0.3449619200095219,3.285525557436941,5.718438616442923e-07
1.0,1.0,0.3449619200095219,3.6911215322651687,4.5042262003773495e-07
1.0,1.0,0.3449619200095219,4.1467880641233,3.478121387984974e-07
1.0,1.0,0.3449619200095219,4.658706330431421,2.6931311781547943e-07
1.0,1.0,0.3449619200095219,5.233820570907402,2.0993066151691013e-07
1.0,1.0,0.3449619200095219,5.879932287106996,1.60545575567095e-07
1.0,1.0,0.3449619200095219,6.605806070835402,1.2304961155224168e-07
1.0,1.0,0.3449619200095219,7.421288497006765,9.526736919286779e-08
1.0,1.0,0.3449619200095219,8.337441693749241,7.233069231814578e-08
1.0,1.0,0.3449619200095219,9.366693401651878,5.539606178206982e-08
1.0,1.0,0.3449619200095219,10.523005557727089,4.2863717605816465e-08
1.0,1.0,0.3449619200095219,11.822063690952728,3.250405792725738e-08
1.0,1.0,0.3449619200095219,13.281489698569585,2.5183688062859293e-08
1.0,1.0,0.3449619200095219,14.921080889473224,1.9525444726048995e-08
1.0,1.0,0.3449619200095219,16.763078537355728,1.4921080946013645e-08
1.0,1.0,0.3449619200095219,18.83246958655666,1.1815905367309959e-08
1.0,1.0,0.3449619200095219,21.157325603303395,9.223125937229083e-09
1.0,1.0,0.3449619200095219,23.769183570259635,7.257260862081433e-09
1.0,1.0,0.3449619200095219,26.70347368991138,5.882882242461346e-09
1.0,1.0,0.3449619200095219,30.0,4.6807304176649225e-09
1.0,1.0,0.36879557924335993,0.1,0.0
1.0,1.0,0.36879557924335993,0.11234493440205148,0.0
1.0,1.0,0.36879557924335993,0.12621384285801251,0.0
1.0,1.0,0.36879557924335993,0.14179485896514246,0.0
1.0,1.0,0.36879557924335993,0.15929934128987072,0.0
1.0,1.0,0.36879557924335993,0.1789647404750054,0.0
1.0,1.0,0.36879557924335993,0.20105782028944644,0.0
1.0,1.0,0.36879557924335993,0.22587827631437318,0.0
1.0,1.0,0.36879557924335993,0.25376280135386714,0.0
1.0,1.0,0.36879557924335993,0.2850896527178103,0.0
1.0,1.0,0.36879557924335993,0.32028378333286034,0.0
1.0,1.0,0.36879557924335993,0.35982260628571056,1.380036411078185e-08
1.0,1.0,0.36879557924335993,0.40424247099543353,3.340387497008024e-07
1.0,1.0,0.36879557924335993,0.45414593886505183,9.901068671223127e-07
1.0,1.0,0.36879557924335993,0.5102099571075231,1.7545363752767697e-06
1.0,1.0,0.36879557924335993,0.573195041625182,2.4525953193406954e-06
1.0,1.0,0.36879557924335993,0.6439555935096224,2.957971368023097e-06
1.0,1.0,0.36879557924335993,0.7234514891067266,3.1998697851398333e-06
1.0,1.0,0.36879557924335993,0.8127611008676167,3.19057618412162e-06
1.0,1.0,0.36879557924335993,0.9130959256151152,3.0173023498759564e-06
1.0,1.0,0.36879557924335993,1.0258170186601063,2.7381648788169935e-06
1.0,1.0,0.36879557924335993,1.1524534566987765,2.4014452622207428e-06
1.0,1.0,0.36879557924335993,1.294723079942415,2.0713686245715366e-06
1.0,1.0,0.36879557924335993,1.4545557948495271,1.7721771056099347e-06
1.0,1.0,0.36879557924335993,1.6341197535649394,1.4721196336592534e-06
1.0,1.0,0.36879557924335993,1.835850765193496,1.1903606047747591e-06
1.0,1.0,0.36879557924335993,2.062485337876194,9.638254508752048e-07
1.0,1.0,0.36879557924335993,2.3170977998889395,7.817429832014936e-07
1.0,1.0,0.36879557924335993,2.6031420033166066,6.170830982550086e-07
1.0,1.0,0.36879557924335993,2.9244981760182913,4.834809749523076e-07
1.0,1.0,0.36879557924335993,3.285525557436941,3.838364404227601e-07
1.0,1.0,0.36879557924335993,3.6911215322651687,2.9887929896974513e-07
1.0,1.0,0.36879557924335993,4.1467880641233,2.301726908072829e-07
1.0,1.0,0.36879557924335993,4.658706330431421,1.8021310098273212e-07
1.0,1.0,0.36879557924335993,5.233820570907402,1.3893602544692828e-07
1.0,1.0,0.36879557924335993,5.879932287106996,1.0599981133057157e-07
1.0,1.0,0.36879557924335993,6.605806070835402,8.239896116599547e-08
1.0,1.0,0.36879557924335993,7.421288497006765,6.301184614934396e-08
1.0,1.0,0.36879557924335993,8.337441693749241,4.794474425261426e-08
1.0,1.0,0.36879557924335993,9.366693401651878,3.720632916660488e-08
1.0,1.0,0.36879557924335993,10.523005557727089,2.8319681284257893e-08
1.0,1.0,0.36879557924335993,11.822063690952728,2.1714878586239216e-08
1.0,1.0,0.36879557924335993,13.281489698569585,1.689835472768567e-08
1.0,1.0,0.36879557924335993,14.921080889473224,1.2910364591634479e-08
1.0,1.0,0.36879557924335993,16.763078537355728,1.011357596898241e-08
1.0,1.0,0.36879557924335993,18.83246958655666,7.930488588172948e-09
1.0,1.0,0.36879557924335993,21.157325603303395,6.179330935207028e-09
1.0,1.0,0.36879557924335993,23.769183570259635,4.9808289811273906e-09
1.0,1.0,0.36879557924335993,26.70347368991138,3.961562338989338e-09
1.0,1.0,0.36879557924335993,30.0,3.2259740868089572e-09
1.0,1.0,0.3942759225878933,0.1,0.0
1.0,1.0,0.3942759225878933,0.11234493440205148,0.0
1.0,1.0,0.3942759225878933,0.12621384285801251,0.0
1.0,1.0,0.3942759225878933,0.14179485896514246,0.0
1.0,1.0,0.3942759225878933,0.15929934128987072,0.0
1.0,1.0,0.3942759225878933,0.1789647404750054,0.0
1.0,1.0,0.3942759225878933,0.20105782028944644,0.0
1.0,1.0,0.3942759225878933,0.22587827631437318,0.0
1.0,1.0,0.3942759225878933,0.25376280135386714,0.0
1.0,1.0,0.3942759225878933,0.2850896527178103,0.0
1.0,1.0,0.3942759225878933,0.32028378333286034,0.0
1.0,1.0,0.3942759225878933,0.35982260628571056,0.0
1.0,1.0,0.3942759225878933,0.40424247099543353,5.318108245141199e-09
1.0,1.0,0.3942759225878933,0.45414593886505183,3.174235183901698e-08
1.0,1.0,0.3942759225878933,0.5102099571075231,7.006963040545363e-08
1.0,1.0,0.3942759225878933,0.573195041625182,1.105808912851313e-07
1.0,1.0,0.3942759225878933,0.6439555935096224,1.4564406735326e-07
1.0,1.0,0.3942759225878933,0.7234514891067266,1.6994049590903366e-07
1.0,1.0,0.3942759225878933,0.8127611008676167,1.805821216820851e-07
1.0,1.0,0.3942759225878933,0.9130959256151152,1.778088829746848e-07
1.0,1.0,0.3942759225878933,1.0258170186601063,1.6507962206739632e-07
1.0,1.0,0.3942759225878933,1.1524534566987765,1.4764317481651937e-07
1.0,1.0,0.3942759225878933,1.294723079942415,1.2941658368562338e-07
1.0,1.0,0.3942759225878933,1.4545557948495271,1.1136106786967197e-07
1.0,1.0,0.3942759225878933,1.6341197535649394,9.341835693382655e-08
1.0,1.0,0.3942759225878933,1.835850765193496,7.612928033109065e-08
1.0,1.0,0.3942759225878933,2.062485337876194,6.081901601045866e-08
1.0,1.0,0.3942759225878933,2.3170977998889395,4.820312042847832e-08
1.0,1.0,0.3942759225878933,2.6031420033166066,3.771415318393513e-08
1.0,1.0,0.3942759225878933,2.9244981760182913,2.8988124072974715e-08
1.0,1.0,0.3942759225878933,3.285525557436941,2.2097744965856613e-08
1.0,1.0,0.3942759225878933,3.6911215322651687,1.668925004093233e-08
1.0,1.0,0.3942759225878933,4.1467880641233,1.2437747884575064e-08
1.0,1.0,0.3942759225878933,4.658706330431421,9.199513081428832e-09
1.0,1.0,0.3942759225878933,5.233820570907402,6.786954095397524e-09
1.0,1.0,0.3942759225878933,5.879932287106996,4.948265601678368e-09
1.0,1.0,0.3942759225878933,6.605806070835402,3.5723435478238855e-09
1.0,1.0,0.3942759225878933,7.421288497006765,2.5880618543714064e-09
1.0,1.0,0.3942759225878933,8.337441693749241,1.859514684508099e-09
1.0,1.0,0.3942759225878933,9.366693401651878,1.3177552303244116e-09
1.0,1.0,0.3942759225878933,10.523005557727089,9.38689312791427e-10
1.0,1.0,0.3942759225878933,11.822063690952728,6.696357940666272e-10
1.0,1.0,0.3942759225878933,13.281489698569585,4.689622485861143e-10
1.0,1.0,0.3942759225878933,14.921080889473224,3.283955545445344e-10
1.0,1.0,0.3942759225878933,16.763078537355728,2.3399572570007997e-10
1.0,1.0,0.3942759225878933,18.83246958655666,1.6146902594222917e-10
1.0,1.0,0.3942759225878933,21.157325603303395,1.1093679357027519e-10
1.0,1.0,0.3942759225878933,23.769183570259635,7.924639247041998e-11
1.0,1.0,0.3942759225878933,26.70347368991138,5.279849298285676e-11
1.0,1.0,0.3942759225878933,30.0,3.59272616272329e-11
1.0,1.0,0.421516720594837,0.1,0.0
1.0,1.0,0.421516720594837,0.11234493440205148,0.0
1.0,1.0,0.421516720594837,0.12621384285801251,0.0
1.0,1.0,0.421516720594837,0.14179485896514246,0.0
1.0,1.0,0.421516720594837,0.15929934128987072,0.0
1.0,1.0,0.421516720594837,0.1789647404750054,0.0
1.0,1.0,0.421516720594837,0.20105782028944644,0.0
1.0,1.0,0.421516720594837,0.22587827631437318,0.0
1.0,1.0,0.421516720594837,0.25376280135386714,0.0
1.0,1.0,0.421516720594837,0.2850896527178103,0.0
1.0,1.0,0.421516720594837,0.32028378333286034,0.0
1.0,1.0,0.421516720594837,0.35982260628571056,0.0
1.0,1.0,0.421516720594837,0.40424247099543353,7.823280713208753e-11
1.0,1.0,0.421516720594837,0.45414593886505183,4.127100446119187e-09
1.0,1.0,0.421516720594837,0.5102099571075231,1.3228932291741545e-08
1.0,1.0,0.421516720594837,0.573195041625182,2.438767365548442e-08
1.0,1.0,0.421516720594837,0.6439555935096224,3.551665321857243e-08
1.0,1.0,0.421516720594837,0.7234514891067266,4.495043377263702e-08
1.0,1.0,0.421516720594837,0.8127611008676167,5.1524239112774475e-08
1.0,1.0,0.421516720594837,0.9130959256151152,5.469555769127562e-08
1.0,1.0,0.421516720594837,1.0258170186601063,5.4607558426334506e-08
1.0,1.0,0.421516720594837,1.1524534566987765,5.1994394013866514e-08
1.0,1.0,0.421516720594837,1.294723079942415,4.784884989727215e-08
1.0,1.0,0.421516720594837,1.4545557948495271,4.304041032891939e-08
1.0,1.0,0.421516720594837,1.6341197535649394,3.802834694403307e-08
1.0,1.0,0.421516720594837,1.835850765193496,3.282199704327345e-08
1.0,1.0,0.421516720594837,2.062485337876194,2.748869443685387e-08
1.0,1.0,0.421516720594837,2.3170977998889395,2.2554040615363852e-08
1.0,1.0,0.421516720594837,2.6031420033166066,1.8314983171901072e-08
1.0,1.0,0.421516720594837,2.9244981760182913,1.4717454190722972e-08
1.0,1.0,0.421516720594837,3.285525557436941,1.1648927749699646e-08
1.0,1.0,0.421516720594837,3.6911215322651687,9.075062452646072e-09
1.0,1.0,0.421516720594837,4.1467880641233,7.005489766626437e-09
1.0,1.0,0.421516720594837,4.658706330431421,5.36852508450091e-09
1.0,1.0,0.421516720594837,5.233820570907402,4.073819286722062e-09
1.0,1.0,0.421516720594837,5.879932287106996,3.058254773481036e-09
1.0,1.0,0.421516720594837,6.605806070835402,2.283366672877227e-09
1.0,1.0,0.421516720594837,7.421288497006765,1.694279006377383e-09
1.0,1.0,0.421516720594837,8.337441693749241,1.245779283743557e-09
1.0,1.0,0.421516720594837,9.366693401651878,9.107333913379349e-10
1.0,1.0,0.421516720594837,10.523005557727089,6.598673965513326e-10
1.0,1.0,0.421516720594837,11.822063690952728,4.774884995557964e-10
1.0,1.0,0.421516720594837,13.281489698569585,3.445730126028295e-10
1.0,1.0,0.421516720594837,14.921080889473224,2.436318821012993e-10
1.0,1.0,0.421516720594837,16.763078537355728,1.747131103565496e-10
1.0,1.0,0.421516720594837,18.83246958655666,1.2402919538693598e-10
1.0,1.0,0.421516720594837,21.157325603303395,8.49566847317714e-11
1.0,1.0,0.421516720594837,23.769183570259635,6.063962846445694e-11
1.0,1.0,0.421516720594837,26.70347368991138,4.134940422025374e-11
1.0,1.0,0.421516720594837,30.0,2.7311823712529434e-11
1.0,1.0,0.45063960430253686,0.1,0.0
1.0,1.0,0.45063960430253686,0.11234493440205148,0.0
1.0,1.0,0.45063960430253686,0.12621384285801251,0.0
1.0,1.0,0.45063960430253686,0.14179485896514246,0.0
1.0,1.0,0.45063960430253686,0.15929934128987072,0.0
1.0,1.0,0.45063960430253686,0.1789647404750054,0.0
1.0,1.0,0.45063960430253686,0.20105782028944644,0.0
1.0,1.0,0.45063960430253686,0.22587827631437318,0.0
1.0,1.0,0.45063960430253686,0.25376280135386714,0.0
1.0,1.0,0.45063960430253686,0.2850896527178103,0.0
1.0,1.0,0.45063960430253686,0.32028378333286034,0.0
1.0,1.0,0.45063960430253686,0.35982260628571056,0.0
1.0,1.0,0.45063960430253686,0.40424247099543353,0.0
1.0,1.0,0.45063960430253686,0.45414593886505183,3.3404336343923986e-10
1.0,1.0,0.45063960430253686,0.5102099571075231,2.93586379525986e-09
1.0,1.0,0.45063960430253686,0.573195041625182,7.227607169532004e-09
1.0,1.0,0.45063960430253686,0.6439555935096224,1.2164255770837214e-08
1.0,1.0,0.45063960430253686,0.7234514891067266,1.694816975183558e-08
1.0,1.0,0.45063960430253686,0.8127611008676167,2.094610820919042e-08
1.0,1.0,0.45063960430253686,0.9130959256151152,2.371896212051051e-08
1.0,1.0,0.45063960430253686,1.0258170186601063,2.5071825483518754e-08
1.0,1.0,0.45063960430253686,1.1524534566987765,2.5071394972359227e-08
1.0,1.0,0.45063960430253686,1.294723079942415,2.4002480575449895e-08
1.0,1.0,0.45063960430253686,1.4545557948495271,2.2250718704180233e-08
1.0,1.0,0.45063960430253686,1.6341197535649394,2.0180126984834802e-08
1.0,1.0,0.45063960430253686,1.835850765193496,1.7971615366796186e-08
1.0,1.0,0.45063960430253686,2.062485337876194,1.5571804088749868e-08
1.0,1.0,0.45063960430253686,2.3170977998889395,1.308574201159443e-08
1.0,1.0,0.45063960430253686,2.6031420033166066,1.0795646307907434e-08
1.0,1.0,0.45063960430253686,2.9244981760182913,8.830944054829338e-09
1.0,1.0,0.45063960430253686,3.285525557436941,7.150987877080143e-09
1.0,1.0,0.45063960430253686,3.6911215322651687,5.681978764439417e-09
1.0,1.0,0.45063960430253686,4.1467880641233,4.447478831544388e-09
1.0,1.0,0.45063960430253686,4.658706330431421,3.470245420692105e-09
1.0,1.0,0.45063960430253686,5.233820570907402,2.6821571418019814e-09
1.0,1.0,0.45063960430253686,5.879932287106996,2.0422467325153088e-09
1.0,1.0,0.45063960430253686,6.605806070835402,1.5497721608555782e-09
1.0,1.0,0.45063960430253686,7.421288497006765,1.1694844686426006e-09
1.0,1.0,0.45063960430253686,8.337441693749241,8.70339976430529e-10
1.0,1.0,0.45063960430253686,9.366693401651878,6.45646688024653e-10
1.0,1.0,0.45063960430253686,10.523005557727089,4.73757926714005e-10
1.0,1.0,0.45063960430253686,11.822063690952728,3.444057987327619e-10
1.0,1.0,0.45063960430253686,13.281489698569585,2.5157672338600665e-10
1.0,1.0,0.45063960430253686,14.921080889473224,1.7932623986718875e-10
1.0,1.0,0.45063960430253686,16.763078537355728,1.279932295035192e-10
1.0,1.0,0.45063960430253686,18.83246958655666,9.20048020125336e-11
1.0,1.0,0.45063960430253686,21.157325603303395,6.27388903822776e-11
1.0,1.0,0.45063960430253686,23.769183570259635,4.411166219738805e-11
1.0,1.0,0.45063960430253686,26.70347368991138,3.048338917892494e-11
1.0,1.0,0.45063960430253686,30.0,1.9497449740277888e-11
1.0,1.0,0.48177460832246377,0.1,0.0
1.0,1.0,0.48177460832246377,0.11234493440205148,0.0
1.0,1.0,0.48177460832246377,0.12621384285801251,0.0
1.0,1.0,0.48177460832246377,0.14179485896514246,0.0
1.0,1.0,0.48177460832246377,0.15929934128987072,0.0
1.0,1.0,0.48177460832246377,0.1789647404750054,0.0
1.0,1.0,0.48177460832246377,0.20105782028944644,0.0
1.0,1.0,0.48177460832246377,0.22587827631437318,0.0
1.0,1.0,0.48177460832246377,0.25376280135386714,0.0
1.0,1.0,0.48177460832246377,0.2850896527178103,0.0
1.0,1.0,0.48177460832246377,0.32028378333286034,0.0
1.0,1.0,0.48177460832246377,0.35982260628571056,0.0
1.0,1.0,0.48177460832246377,0.40424247099543353,0.0
1.0,1.0,0.48177460832246377,0.45414593886505183,5.079031394470957e-14
1.0,1.0,0.48177460832246377,0.5102099571075231,4.2607273965368224e-10
1.0,1.0,0.48177460832246377,0.573195041625182,1.992271065593357e-09
1.0,1.0,0.48177460832246377,0.6439555935096224,4.272276150142705e-09
1.0,1.0,0.48177460832246377,0.7234514891067266,6.821096462926526e-09
1.0,1.0,0.48177460832246377,0.8127611008676167,9.257140124699831e-09
1.0,1.0,0.48177460832246377,0.9130959256151152,1.127118113096618e-08
1.0,1.0,0.48177460832246377,1.0258170186601063,1.2652144438171296e-08
1.0,1.0,0.48177460832246377,1.1524534566987765,1.3306202492788516e-08
1.0,1.0,0.48177460832246377,1.294723079942415,1.3267986538775674e-08
1.0,1.0,0.48177460832246377,1.4545557948495271,1.2680718041006341e-08
1.0,1.0,0.48177460832246377,1.6341197535649394,1.1746487216985771e-08
1.0,1.0,0.48177460832246377,1.835850765193496,1.0657361208289809e-08
1.0,1.0,0.48177460832246377,2.062485337876194,9.48014166742855e-09
1.0,1.0,0.48177460832246377,2.3170977998889395,8.161500773551631e-09
1.0,1.0,0.48177460832246377,2.6031420033166066,6.824718122656031e-09
1.0,1.0,0.48177460832246377,2.9244981760182913,5.6269887017744664e-09
1.0,1.0,0.48177460832246377,3.285525557436941,4.613695337845708e-09
1.0,1.0,0.48177460832246377,3.6911215322651687,3.7236120052906583e-09
1.0,1.0,0.48177460832246377,4.1467880641233,2.943528096587912e-09
1.0,1.0,0.48177460832246377,4.658706330431421,2.3129842085096384e-09
1.0,1.0,0.48177460832246377,5.233820570907402,1.8100513272183956e-09
1.0,1.0,0.48177460832246377,5.879932287106996,1.3922366358144935e-09
1.0,1.0,0.48177460832246377,6.605806070835402,1.063166949725715e-09
1.0,1.0,0.48177460832246377,7.421288497006765,8.108129239378751e-10
1.0,1.0,0.48177460832246377,8.337441693749241,6.081595388809052e-10
1.0,1.0,0.48177460832246377,9.366693401651878,4.5329791472263925e-10
1.0,1.0,0.48177460832246377,10.523005557727089,3.35409371836294e-10
1.0,1.0,0.48177460832246377,11.822063690952728,2.437303015589283e-10
1.0,1.0,0.48177460832246377,13.281489698569585,1.780589300060849e-10
1.0,1.0,0.48177460832246377,14.921080889473224,1.2748799267280697e-10
1.0,1.0,0.48177460832246377,16.763078537355728,8.996123651083563e-11
1.0,1.0,0.48177460832246377,18.83246958655666,6.456587694080862e-11
1.0,1.0,0.48177460832246377,21.157325603303395,4.365110051581081e-11
1.0,1.0,0.48177460832246377,23.769183570259635,2.9822942854659435e-11
1.0,1.0,0.48177460832246377,26.70347368991138,2.0504793702859433e-11
1.0,1.0,0.48177460832246377,30.0,1.249332666136839e-11
1.0,1.0,0.5150607514479321,0.1,0.0
1.0,1.0,0.5150607514479321,0.11234493440205148,0.0
1.0,1.0,0.5150607514479321,0.12621384285801251,0.0
1.0,1.0,0.5150607514479321,0.14179485896514246,0.0
1.0,1.0,0.5150607514479321,0.15929934128987072,0.0
1.0,1.0,0.5150607514479321,0.1789647404750054,0.0
1.0,1.0,0.5150607514479321,0.20105782028944644,0.0
1.0,1.0,0.5150607514479321,0.22587827631437318,0.0
1.0,1.0,0.5150607514479321,0.25376280135386714,0.0
1.0,1.0,0.5150607514479321,0.2850896527178103,0.0
1.0,1.0,0.5150607514479321,0.32028378333286034,0.0
1.0,1.0,0.5150607514479321,0.35982260628571056,0.0
1.0,1.0,0.5150607514479321,0.40424247099543353,0.0
1.0,1.0,0.5150607514479321,0.45414593886505183,0.0
1.0,1.0,0.5150607514479321,0.5102099571075231,1.5563190628603065e-11
1.0,1.0,0.5150607514479321,0.573195041625182,3.6877054051761854e-10
1.0,1.0,0.5150607514479321,0.6439555935096224,1.2802193055435365e-09
1.0,1.0,0.5150607514479321,0.7234514891067266,2.548280301005255e-09
1.0,1.0,0.5150607514479321,0.8127611008676167,3.952713038996758e-09
1.0,1.0,0.5150607514479321,0.9130959256151152,5.28830994001283e-09
1.0,1.0,0.5150607514479321,1.0258170186601063,6.379771735656966e-09
1.0,1.0,0.5150607514479321,1.1524534566987765,7.105268084354005e-09
1.0,1.0,0.5150607514479321,1.294723079942415,7.413944416321188e-09
1.0,1.0,0.5150607514479321,1.4545557948495271,7.3308996753277235e-09
1.0,1.0,0.5150607514479321,1.6341197535649394,6.9461859981621225e-09
1.0,1.0,0.5150607514479321,1.835850765193496,6.389379675615951e-09
1.0,1.0,0.5150607514479321,2.062485337876194,5.7684447870974195e-09
1.0,1.0,0.5150607514479321,2.3170977998889395,5.0821162739801085e-09
1.0,1.0,0.5150607514479321,2.6031420033166066,4.317064218932885e-09
1.0,1.0,0.5150607514479321,2.9244981760182913,3.5801890282691323e-09
1.0,1.0,0.5150607514479321,3.285525557436941,2.9484080567340083e-09
1.0,1.0,0.5150607514479321,3.6911215322651687,2.406179738476691e-09
1.0,1.0,0.5150607514479321,4.1467880641233,1.919604358294142e-09
1.0,1.0,0.5150607514479321,4.658706330431421,1.5112207150374546e-09
1.0,1.0,0.5150607514479321,5.233820570907402,1.1903811497702745e-09
1.0,1.0,0.5150607514479321,5.879932287106996,9.214529171899767e-10
1.0,1.0,0.5150607514479321,6.605806070835402,7.051073602220598e-10
1.0,1.0,0.5150607514479321,7.421288497006765,5.399181529201641e-10
1.0,1.0,0.5150607514479321,8.337441693749241,4.058453019034088e-10
1.0,1.0,0.5150607514479321,9.366693401651878,3.018489638507076e-10
1.0,1.0,0.5150607514479321,10.523005557727089,2.2364337864422645e-10
1.0,1.0,0.5150607514479321,11.822063690952728,1.6133052382645915e-10
1.0,1.0,0.5150607514479321,13.281489698569585,1.167376136951604e-10
1.0,1.0,0.5150607514479321,14.921080889473224,8.331312417986663e-11
1.0,1.0,0.5150607514479321,16.763078537355728,5.744625420572782e-11
1.0,1.0,0.5150607514479321,18.83246958655666,4.0626468177210776e-11
1.0,1.0,0.5150607514479321,21.157325603303395,2.7071645591090396e-11
1.0,1.0,0.5150607514479321,23.769183570259635,1.7624031177062453e-11
1.0,1.0,0.5150607514479321,26.70347368991138,1.1974434777329675e-11
1.0,1.0,0.5150607514479321,30.0,6.953237177138706e-12
1.0,1.0,0.5506466573774781,0.1,0.0
1.0,1.0,0.5506466573774781,0.11234493440205148,0.0
1.0,1.0,0.5506466573774781,0.12621384285801251,0.0
1.0,1.0,0.5506466573774781,0.14179485896514246,0.0
1.0,1.0,0.5506466573774781,0.15929934128987072,0.0
1.0,1.0,0.5506466573774781,0.1789647404750054,0.0
1.0,1.0,0.5506466573774781,0.20105782028944644,0.0
1.0,1.0,0.5506466573774781,0.22587827631437318,0.0
1.0,1.0,0.5506466573774781,0.25376280135386714,0.0
1.0,1.0,0.5506466573774781,0.2850896527178103,0.0
1.0,1.0,0.5506466573774781,0.32028378333286034,0.0
1.0,1.0,0.5506466573774781,0.35982260628571056,0.0
1.0,1.0,0.5506466573774781,0.40424247099543353,0.0
1.0,1.0,0.5506466573774781,0.45414593886505183,0.0
1.0,1.0,0.5506466573774781,0.5102099571075231,0.0
1.0,1.0,0.5506466573774781,0.573195041625182,2.3954440363752034e-11
1.0,1.0,0.5506466573774781,0.6439555935096224,2.453838212915689e-10
1.0,1.0,0.5506466573774781,0.7234514891067266,7.368543492862813e-10
1.0,1.0,0.5506466573774781,0.8127611008676167,1.4193945862057475e-09
1.0,1.0,0.5506466573774781,0.9130959256151152,2.179179960373696e-09
1.0,1.0,0.5506466573774781,1.0258170186601063,2.898175730696724e-09
1.0,1.0,0.5506466573774781,1.1524534566987765,3.4732278307110937e-09
1.0,1.0,0.5506466573774781,1.294723079942415,3.8321243239454195e-09
1.0,1.0,0.5506466573774781,1.4545557948495271,3.9490969790464354e-09
1.0,1.0,0.5506466573774781,1.6341197535649394,3.8495484323422025e-09
1.0,1.0,0.5506466573774781,1.835850765193496,3.598560867775413e-09
1.0,1.0,0.5506466573774781,2.062485337876194,3.2786209611667115e-09
1.0,1.0,0.5506466573774781,2.3170977998889395,2.9346294271056206e-09
1.0,1.0,0.5506466573774781,2.6031420033166066,2.540206585159326e-09
1.0,1.0,0.5506466573774781,2.9244981760182913,2.1228901021066023e-09
1.0,1.0,0.5506466573774781,3.285525557436941,1.7504732941519926e-09
1.0,1.0,0.5506466573774781,3.6911215322651687,1.4369265108512688e-09
1.0,1.0,0.5506466573774781,4.1467880641233,1.1538484615111844e-09
1.0,1.0,0.5506466573774781,4.658706330431421,9.104578117083042e-10
1.0,1.0,0.5506466573774781,5.233820570907402,7.166318118728683e-10
1.0,1.0,0.5506466573774781,5.879932287106996,5.565317911052185e-10
1.0,1.0,0.5506466573774781,6.605806070835402,4.2502832269086764e-10
1.0,1.0,0.5506466573774781,7.421288497006765,3.242074134668975e-10
1.0,1.0,0.5506466573774781,8.337441693749241,2.42672504065256e-10
1.0,1.0,0.5506466573774781,9.366693401651878,1.7879331486223683e-10
1.0,1.0,0.5506466573774781,10.523005557727089,1.3148566931209985e-10
1.0,1.0,0.5506466573774781,11.822063690952728,9.335520563769882e-11
1.0,1.0,0.5506466573774781,13.281489698569585,6.624456085917529e-11
1.0,1.0,0.5506466573774781,14.921080889473224,4.674834058363012e-11
1.0,1.0,0.5506466573774781,16.763078537355728,3.106149851389019e-11
1.0,1.0,0.5506466573774781,18.83246958655666,2.1391888393965386e-11
1.0,1.0,0.5506466573774781,21.157325603303395,1.4109785708209273e-11
1.0,1.0,0.5506466573774781,23.769183570259635,8.462955375581135e-12
1.0,1.0,0.5506466573774781,26.70347368991138,5.7207312262705635e-12
1.0,1.0,0.5506466573774781,30.0,3.438565687186005e-12
1.0,1.0,0.5886912183244501,0.1,0.0
1.0,1.0,0.5886912183244501,0.11234493440205148,0.0
1.0,1.0,0.5886912183244501,0.12621384285801251,0.0
1.0,1.0,0.5886912183244501,0.14179485896514246,0.0
1.0,1.0,0.5886912183244501,0.15929934128987072,0.0
1.0,1.0,0.5886912183244501,0.1789647404750054,0.0
1.0,1.0,0.5886912183244501,0.20105782028944644,0.0
1.0,1.0,0.5886912183244501,0.22587827631437318,0.0
1.0,1.0,0.5886912183244501,0.25376280135386714,0.0
1.0,1.0,0.5886912183244501,0.2850896527178103,0.0
1.0,1.0,0.5886912183244501,0.32028378333286034,0.0
1.0,1.0,0.5886912183244501,0.35982260628571056,0.0
1.0,1.0,0.5886912183244501,0.40424247099543353,0.0
1.0,1.0,0.5886912183244501,0.45414593886505183,0.0
1.0,1.0,0.5886912183244501,0.5102099571075231,0.0
1.0,1.0,0.5886912183244501,0.573195041625182,1.3375141999014414e-13
1.0,1.0,0.5886912183244501,0.6439555935096224,1.818727069950058e-11
1.0,1.0,0.5886912183244501,0.7234514891067266,1.239169517547418e-10
1.0,1.0,0.5886912183244501,0.8127611008676167,3.456783376098349e-10
1.0,1.0,0.5886912183244501,0.9130959256151152,6.59807472141841e-10
1.0,1.0,0.5886912183244501,1.0258170186601063,1.0154675195069637e-09
1.0,1.0,0.5886912183244501,1.1524534566987765,1.3500903051593072e-09
1.0,1.0,0.5886912183244501,1.294723079942415,1.6073527974367066e-09
1.0,1.0,0.5886912183244501,1.4545557948495271,1.7514020367758526e-09
1.0,1.0,0.5886912183244501,1.6341197535649394,1.7747596690879035e-09
1.0,1.0,0.5886912183244501,1.835850765193496,1.6996305062399468e-09
1.0,1.0,0.5886912183244501,2.062485337876194,1.5676823931554384e-09
1.0,1.0,0.5886912183244501,2.3170977998889395,1.4175653407284972e-09
1.0,1.0,0.5886912183244501,2.6031420033166066,1.2507945781209388e-09
1.0,1.0,0.5886912183244501,2.9244981760182913,1.0582244039075655e-09
1.0,1.0,0.5886912183244501,3.285525557436941,8.735338348156141e-10
1.0,1.0,0.5886912183244501,3.6911215322651687,7.186225021842434e-10
1.0,1.0,0.5886912183244501,4.1467880641233,5.798791510393735e-10
1.0,1.0,0.5886912183244501,4.658706330431421,4.573226548288351e-10
1.0,1.0,0.5886912183244501,5.233820570907402,3.585985890710474e-10
1.0,1.0,0.5886912183244501,5.879932287106996,2.7804622182496666e-10
1.0,1.0,0.5886912183244501,6.605806070835402,2.1037283207618522e-10
1.0,1.0,0.5886912183244501,7.421288497006765,1.5932910189843462e-10
1.0,1.0,0.5886912183244501,8.337441693749241,1.1784927748319856e-10
1.0,1.0,0.5886912183244501,9.366693401651878,8.530727010141803e-11
1.0,1.0,0.5886912183244501,10.523005557727089,6.201066647555019e-11
1.0,1.0,0.5886912183244501,11.822063690952728,4.3259164018029225e-11
1.0,1.0,0.5886912183244501,13.281489698569585,2.98421186146646e-11
1.0,1.0,0.5886912183244501,14.921080889473224,2.088444930002477e-11
1.0,1.0,0.5886912183244501,16.763078537355728,1.3475234409884253e-11
1.0,1.0,0.5886912183244501,18.83246958655666,8.962753641037293e-12
1.0,1.0,0.5886912183244501,21.157325603303395,6.0320811046109625e-12
1.0,1.0,0.5886912183244501,23.769183570259635,3.4985425931358647e-12
1.0,1.0,0.5886912183244501,26.70347368991138,2.2889550395094967e-12
1.0,1.0,0.5886912183244501,30.0,1.4911520951407216e-12
1.0,1.0,0.6293643044758447,0.1,0.0
1.0,1.0,0.6293643044758447,0.11234493440205148,0.0
1.0,1.0,0.6293643044758447,0.12621384285801251,0.0
1.0,1.0,0.6293643044758447,0.14179485896514246,0.0
1.0,1.0,0.6293643044758447,0.15929934128987072,0.0
1.0,1.0,0.6293643044758447,0.1789647404750054,0.0
1.0,1.0,0.6293643044758447,0.20105782028944644,0.0
1.0,1.0,0.6293643044758447,0.22587827631437318,0.0
1.0,1.0,0.6293643044758447,0.25376280135386714,0.0
1.0,1.0,0.6293643044758447,0.2850896527178103,0.0
1.0,1.0,0.6293643044758447,0.32028378333286034,0.0
1.0,1.0,0.6293643044758447,0.35982260628571056,0.0
1.0,1.0,0.6293643044758447,0.40424247099543353,0.0
1.0,1.0,0.6293643044758447,0.45414593886505183,0.0
1.0,1.0,0.6293643044758447,0.5102099571075231,0.0
1.0,1.0,0.6293643044758447,0.573195041625182,0.0
1.0,1.0,0.6293643044758447,0.6439555935096224,2.630944960621652e-13
1.0,1.0,0.6293643044758447,0.7234514891067266,8.541988159547819e-12
1.0,1.0,0.6293643044758447,0.8127611008676167,4.5215894564101604e-11
1.0,1.0,0.6293643044758447,0.9130959256151152,1.1923337238683775e-10
1.0,1.0,0.6293643044758447,1.0258170186601063,2.2506485196043358e-10
1.0,1.0,0.6293643044758447,1.1524534566987765,3.4631630950994124e-10
1.0,1.0,0.6293643044758447,1.294723079942415,4.599358023022287e-10
1.0,1.0,0.6293643044758447,1.4545557948495271,5.434574654890132e-10
1.0,1.0,0.6293643044758447,1.6341197535649394,5.835488700389918e-10
1.0,1.0,0.6293643044758447,1.835850765193496,5.809932249389047e-10
1.0,1.0,0.6293643044758447,2.062485337876194,5.484923817977504e-10
1.0,1.0,0.6293643044758447,2.3170977998889395,5.028007646273032e-10
1.0,1.0,0.6293643044758447,2.6031420033166066,4.5186555557851576e-10
1.0,1.0,0.6293643044758447,2.9244981760182913,3.910304128176238e-10
1.0,1.0,0.6293643044758447,3.285525557436941,3.249632851659989e-10
1.0,1.0,0.6293643044758447,3.6911215322651687,2.675164908261512e-10
1.0,1.0,0.6293643044758447,4.1467880641233,2.1789948318377804e-10
1.0,1.0,0.6293643044758447,4.658706330431421,1.7179828230169399e-10
1.0,1.0,0.6293643044758447,5.233820570907402,1.3468921617419508e-10
1.0,1.0,0.6293643044758447,5.879932287106996,1.0422823903058433e-10
1.0,1.0,0.6293643044758447,6.605806070835402,7.866057001485747e-11
1.0,1.0,0.6293643044758447,7.421288497006765,5.902039754990018e-11
1.0,1.0,0.6293643044758447,8.337441693749241,4.380663051714188e-11
1.0,1.0,0.6293643044758447,9.366693401651878,3.132182822815726e-11
1.0,1.0,0.6293643044758447,10.523005557727089,2.2645963714746753e-11
1.0,1.0,0.6293643044758447,11.822063690952728,1.5995724906622728e-11
1.0,1.0,0.6293643044758447,13.281489698569585,1.0789497336304882e-11
1.0,1.0,0.6293643044758447,14.921080889473224,7.589611756043713e-12
1.0,1.0,0.6293643044758447,16.763078537355728,5.067288030875387e-12
1.0,1.0,0.6293643044758447,18.83246958655666,3.2370546256628424e-12
1.0,1.0,0.6293643044758447,21.157325603303395,2.247514264873026e-12
1.0,1.0,0.6293643044758447,23.769183570259635,1.3926403238995022e-12
1.0,1.0,0.6293643044758447,26.70347368991138,8.626709309336185e-13
1.0,1.0,0.6293643044758447,30.0,6.008232631104339e-13
1.0,1.0,0.6728475224681512,0.1,0.0
1.0,1.0,0.6728475224681512,0.11234493440205148,0.0
1.0,1.0,0.6728475224681512,0.12621384285801251,0.0
1.0,1.0,0.6728475224681512,0.14179485896514246,0.0
1.0,1.0,0.6728475224681512,0.15929934128987072,0.0
1.0,1.0,0.6728475224681512,0.1789647404750054,0.0
1.0,1.0,0.6728475224681512,0.20105782028944644,0.0
1.0,1.0,0.6728475224681512,0.22587827631437318,0.0
1.0,1.0,0.6728475224681512,0.25376280135386714,0.0
1.0,1.0,0.6728475224681512,0.2850896527178103,0.0
1.0,1.0,0.6728475224681512,0.32028378333286034,0.0
1.0,1.0,0.6728475224681512,0.35982260628571056,0.0
1.0,1.0,0.6728475224681512,0.40424247099543353,0.0
1.0,1.0,0.6728475224681512,0.45414593886505183,0.0
1.0,1.0,0.6728475224681512,0.5102099571075231,0.0
1.0,1.0,0.6728475224681512,0.573195041625182,0.0
1.0,1.0,0.6728475224681512,0.6439555935096224,9.021683432366937e-17
1.0,1.0,0.6728475224681512,0.7234514891067266,1.9136800316960563e-13
1.0,1.0,0.6728475224681512,0.8127611008676167,2.962647791789569e-12
1.0,1.0,0.6728475224681512,0.9130959256151152,1.2740246161586968e-11
1.0,1.0,0.6728475224681512,1.0258170186601063,3.1378456686189086e-11
1.0,1.0,0.6728475224681512,1.1524534566987765,5.764003085879291e-11
1.0,1.0,0.6728475224681512,1.294723079942415,8.757287195156694e-11
1.0,1.0,0.6728475224681512,1.4545557948495271,1.1531153177897382e-10
1.0,1.0,0.6728475224681512,1.6341197535649394,1.3494874360021943e-10
1.0,1.0,0.6728475224681512,1.835850765193496,1.4318795730466512e-10
1.0,1.0,0.6728475224681512,2.062485337876194,1.4107743202088146e-10
1.0,1.0,0.6728475224681512,2.3170977998889395,1.3264855588160072e-10
1.0,1.0,0.6728475224681512,2.6031420033166066,1.218121242095988e-10
1.0,1.0,0.6728475224681512,2.9244981760182913,1.0900269929536483e-10
1.0,1.0,0.6728475224681512,3.285525557436941,9.312372162554861e-11
1.0,1.0,0.6728475224681512,3.6911215322651687,7.716898850159695e-11
1.0,1.0,0.6728475224681512,4.1467880641233,6.375524890344923e-11
1.0,1.0,0.6728475224681512,4.658706330431421,5.1324262607394906e-11
1.0,1.0,0.6728475224681512,5.233820570907402,4.0357023985799905e-11
1.0,1.0,0.6728475224681512,5.879932287106996,3.169066498383479e-11
1.0,1.0,0.6728475224681512,6.605806070835402,2.4270017994723148e-11
1.0,1.0,0.6728475224681512,7.421288497006765,1.8269837467171856e-11
1.0,1.0,0.6728475224681512,8.337441693749241,1.380723014530103e-11
1.0,1.0,0.6728475224681512,9.366693401651878,1.0053238277839449e-11
1.0,1.0,0.6728475224681512,10.523005557727089,7.283535507979395e-12
1.0,1.0,0.6728475224681512,11.822063690952728,5.304922727399841e-12
1.0,1.0,0.6728475224681512,13.281489698569585,3.6562995624557735e-12
1.0,1.0,0.6728475224681512,14.921080889473224,2.5685388071206e-12
1.0,1.0,0.6728475224681512,16.763078537355728,1.8081119012245861e-12
1.0,1.0,0.6728475224681512,18.83246958655666,1.1724561454388096e-12
1.0,1.0,0.6728475224681512,21.157325603303395,8.15142124897883e-13
1.0,1.0,0.6728475224681512,23.769183570259635,5.522563785659484e-13
1.0,1.0,0.6728475224681512,26.70347368991138,3.379750362883891e-13
1.0,1.0,0.6728475224681512,30.0,2.401102769410007e-13
1.0,1.0,0.7193350262668177,0.1,0.0
1.0,1.0,0.7193350262668177,0.11234493440205148,0.0
1.0,1.0,0.7193350262668177,0.12621384285801251,0.0
1.0,1.0,0.7193350262668177,0.14179485896514246,0.0
1.0,1.0,0.7193350262668177,0.15929934128987072,0.0
1.0,1.0,0.7193350262668177,0.1789647404750054,0.0
1.0,1.0,0.7193350262668177,0.20105782028944644,0.0
1.0,1.0,0.7193350262668177,0.22587827631437318,0.0
1.0,1.0,0.7193350262668177,0.25376280135386714,0.0
1.0,1.0,0.7193350262668177,0.2850896527178103,0.0
1.0,1.0,0.7193350262668177,0.32028378333286034,0.0
1.0,1.0,0.7193350262668177,0.35982260628571056,0.0
1.0,1.0,0.7193350262668177,0.40424247099543353,0.0
1.0,1.0,0.7193350262668177,0.45414593886505183,0.0
1.0,1.0,0.7193350262668177,0.5102099571075231,0.0
1.0,1.0,0.7193350262668177,0.573195041625182,0.0
1.0,1.0,0.7193350262668177,0.6439555935096224,0.0
1.0,1.0,0.7193350262668177,0.7234514891067266,1.0882115554842106e-15
1.0,1.0,0.7193350262668177,0.8127611008676167,9.809288831246568e-14
1.0,1.0,0.7193350262668177,0.9130959256151152,9.26735377417793e-13
1.0,1.0,0.7193350262668177,1.0258170186601063,3.35221058217223e-12
1.0,1.0,0.7193350262668177,1.1524534566987765,7.698009960702573e-12
1.0,1.0,0.7193350262668177,1.294723079942415,1.3670497626523956e-11
1.0,1.0,0.7193350262668177,1.4545557948495271,2.0377941799822902e-11
1.0,1.0,0.7193350262668177,1.6341197535649394,2.649149728601433e-11
1.0,1.0,0.7193350262668177,1.835850765193496,3.069236381313083e-11
1.0,1.0,0.7193350262668177,2.062485337876194,3.232490661758788e-11
1.0,1.0,0.7193350262668177,2.3170977998889395,3.17589884902064e-11
1.0,1.0,0.7193350262668177,2.6031420033166066,2.995475615961926e-11
1.0,1.0,0.7193350262668177,2.9244981760182913,2.7643700494695767e-11
1.0,1.0,0.7193350262668177,3.285525557436941,2.4702325509052514e-11
1.0,1.0,0.7193350262668177,3.6911215322651687,2.1019159490945586e-11
1.0,1.0,0.7193350262668177,4.1467880641233,1.7540856012197552e-11
1.0,1.0,0.7193350262668177,4.658706330431421,1.454822781889461e-11
1.0,1.0,0.7193350262668177,5.233820570907402,1.1670042537475019e-11
1.0,1.0,0.7193350262668177,5.879932287106996,9.282513351044929e-12
1.0,1.0,0.7193350262668177,6.605806070835402,7.29089286814259e-12
1.0,1.0,0.7193350262668177,7.421288497006765,5.598145496809085e-12
1.0,1.0,0.7193350262668177,8.337441693749241,4.2731955585721864e-12
1.0,1.0,0.7193350262668177,9.366693401651878,3.2363716629779254e-12
1.0,1.0,0.7193350262668177,10.523005557727089,2.3688106959043375e-12
1.0,1.0,0.7193350262668177,11.822063690952728,1.7596532640123616e-12
1.0,1.0,0.7193350262668177,13.281489698569585,1.276342570952071e-12
1.0,1.0,0.7193350262668177,14.921080889473224,8.974122652096798e-13
1.0,1.0,0.7193350262668177,16.763078537355728,6.5295905109446e-13
1.0,1.0,0.7193350262668177,18.83246958655666,4.4964253541341584e-13
1.0,1.0,0.7193350262668177,21.157325603303395,3.086950481228123e-13
1.0,1.0,0.7193350262668177,23.769183570259635,2.211366678816227e-13
1.0,1.0,0.7193350262668177,26.70347368991138,1.430320344094465e-13
1.0,1.0,0.7193350262668177,30.0,9.971174116301289e-14
1.0,1.0,0.7690343840699453,0.1,0.0
1.0,1.0,0.7690343840699453,0.11234493440205148,0.0
1.0,1.0,0.7690343840699453,0.12621384285801251,0.0
1.0,1.0,0.7690343840699453,0.14179485896514246,0.0
1.0,1.0,0.7690343840699453,0.15929934128987072,0.0
1.0,1.0,0.7690343840699453,0.1789647404750054,0.0
1.0,1.0,0.7690343840699453,0.20105782028944644,0.0
1.0,1.0,0.7690343840699453,0.22587827631437318,0.0
1.0,1.0,0.7690343840699453,0.25376280135386714,0.0
1.0,1.0,0.7690343840699453,0.2850896527178103,0.0
1.0,1.0,0.7690343840699453,0.32028378333286034,0.0
1.0,1.0,0.7690343840699453,0.35982260628571056,0.0
1.0,1.0,0.7690343840699453,0.40424247099543353,0.0
1.0,1.0,0.7690343840699453,0.45414593886505183,0.0
1.0,1.0,0.7690343840699453,0.5102099571075231,0.0
1.0,1.0,0.7690343840699453,0.573195041625182,0.0
1.0,1.0,0.7690343840699453,0.6439555935096224,0.0
1.0,1.0,0.7690343840699453,0.7234514891067266,0.0
1.0,1.0,0.7690343840699453,0.8127611008676167,1.4473484088811547e-15
1.0,1.0,0.7690343840699453,0.9130959256151152,4.347237039972766e-14
1.0,1.0,0.7690343840699453,1.0258170186601063,2.925909792487851e-13
1.0,1.0,0.7690343840699453,1.1524534566987765,9.249977153716856e-13
1.0,1.0,0.7690343840699453,1.294723079942415,1.9986853388349822e-12
1.0,1.0,0.7690343840699453,1.4545557948495271,3.436643811968876e-12
1.0,1.0,0.7690343840699453,1.6341197535649394,5.023677534444393e-12
1.0,1.0,0.7690343840699453,1.835850765193496,6.445518306185353e-12
1.0,1.0,0.7690343840699453,2.062485337876194,7.401752269744305e-12
1.0,1.0,0.7690343840699453,2.3170977998889395,7.762587803634837e-12
1.0,1.0,0.7690343840699453,2.6031420033166066,7.633036803338734e-12
1.0,1.0,0.7690343840699453,2.9244981760182913,7.239132885321664e-12
1.0,1.0,0.7690343840699453,3.285525557436941,6.71897683958741e-12
1.0,1.0,0.7690343840699453,3.6911215322651687,5.996640316155796e-12
1.0,1.0,0.7690343840699453,4.1467880641233,5.108284930680855e-12
1.0,1.0,0.7690343840699453,4.658706330431421,4.3034518755434274e-12
1.0,1.0,0.7690343840699453,5.233820570907402,3.574717590741529e-12
1.0,1.0,0.7690343840699453,5.879932287106996,2.882691835994824e-12
1.0,1.0,0.7690343840699453,6.605806070835402,2.3151746417021437e-12
1.0,1.0,0.7690343840699453,7.421288497006765,1.8206875376040702e-12
1.0,1.0,0.7690343840699453,8.337441693749241,1.4134227811346338e-12
1.0,1.0,0.7690343840699453,9.366693401651878,1.0941746456962423e-12
1.0,1.0,0.7690343840699453,10.523005557727089,8.260298608047161e-13
1.0,1.0,0.7690343840699453,11.822063690952728,6.206744127153186e-13
1.0,1.0,0.7690343840699453,13.281489698569585,4.667651121257398e-13
1.0,1.0,0.7690343840699453,14.921080889473224,3.3739731296185377e-13
1.0,1.0,0.7690343840699453,16.763078537355728,2.480564928847782e-13
1.0,1.0,0.7690343840699453,18.83246958655666,1.8106933531146673e-13
1.0,1.0,0.7690343840699453,21.157325603303395,1.2520997271331078e-13
1.0,1.0,0.7690343840699453,23.769183570259635,9.136016067670691e-14
1.0,1.0,0.7690343840699453,26.70347368991138,6.382519815448994e-14
1.0,1.0,0.7690343840699453,30.0,4.3384812205945504e-14
1.0,1.0,0.8221675051069615,0.1,0.0
1.0,1.0,0.8221675051069615,0.11234493440205148,0.0
1.0,1.0,0.8221675051069615,0.12621384285801251,0.0
1.0,1.0,0.8221675051069615,0.14179485896514246,0.0
1.0,1.0,0.8221675051069615,0.15929934128987072,0.0
1.0,1.0,0.8221675051069615,0.1789647404750054,0.0
1.0,1.0,0.8221675051069615,0.20105782028944644,0.0
1.0,1.0,0.8221675051069615,0.22587827631437318,0.0
1.0,1.0,0.8221675051069615,0.25376280135386714,0.0
1.0,1.0,0.8221675051069615,0.2850896527178103,0.0
1.0,1.0,0.8221675051069615,0.32028378333286034,0.0
1.0,1.0,0.8221675051069615,0.35982260628571056,0.0
1.0,1.0,0.8221675051069615,0.40424247099543353,0.0
1.0,1.0,0.8221675051069615,0.45414593886505183,0.0
1.0,1.0,0.8221675051069615,0.5102099571075231,0.0
1.0,1.0,0.8221675051069615,0.573195041625182,0.0
1.0,1.0,0.8221675051069615,0.6439555935096224,0.0
1.0,1.0,0.8221675051069615,0.7234514891067266,0.0
1.0,1.0,0.8221675051069615,0.8127611008676167,1.9039524068557614e-18
1.0,1.0,0.8221675051069615,0.9130959256151152,1.0730140640622616e-15
1.0,1.0,0.8221675051069615,1.0258170186601063,1.8097105040534444e-14
1.0,1.0,0.8221675051069615,1.1524534566987765,9.61709010031594e-14
1.0,1.0,0.8221675051069615,1.294723079942415,2.751820549826642e-13
1.0,1.0,0.8221675051069615,1.4545557948495271,5.667936372488914e-13
1.0,1.0,0.8221675051069615,1.6341197535649394,9.489186025912472e-13
1.0,1.0,0.8221675051069615,1.835850765193496,1.3638896875955305e-12
1.0,1.0,0.8221675051069615,2.062485337876194,1.7298573925876341e-12
1.0,1.0,0.8221675051069615,2.3170977998889395,1.972079356171861e-12
1.0,1.0,0.8221675051069615,2.6031420033166066,2.062706988857922e-12
1.0,1.0,0.8221675051069615,2.9244981760182913,2.031920605408541e-12
1.0,1.0,0.8221675051069615,3.285525557436941,1.938522961552228e-12
1.0,1.0,0.8221675051069615,3.6911215322651687,1.8079586747618063e-12
1.0,1.0,0.8221675051069615,4.1467880641233,1.6092356436607966e-12
1.0,1.0,0.8221675051069615,4.658706330431421,1.3757371298421987e-12
1.0,1.0,0.8221675051069615,5.233820570907402,1.1685623061581045e-12
1.0,1.0,0.8221675051069615,5.879932287106996,9.706565621234915e-13
1.0,1.0,0.8221675051069615,6.605806070835402,7.895583835708293e-13
1.0,1.0,0.8221675051069615,7.421288497006765,6.364962060210822e-13
1.0,1.0,0.8221675051069615,8.337441693749241,5.034614498090564e-13
1.0,1.0,0.8221675051069615,9.366693401651878,3.94541719047971e-13
1.0,1.0,0.8221675051069615,10.523005557727089,3.078548465996591e-13
1.0,1.0,0.8221675051069615,11.822063690952728,2.335169001268639e-13
1.0,1.0,0.8221675051069615,13.281489698569585,1.7914360961484216e-13
1.0,1.0,0.8221675051069615,14.921080889473224,1.347560044854093e-13
1.0,1.0,0.8221675051069615,16.763078537355728,9.931042628222926e-14
1.0,1.0,0.8221675051069615,18.83246958655666,7.477655978233577e-14
1.0,1.0,0.8221675051069615,21.157325603303395,5.381251479841421e-14
1.0,1.0,0.8221675051069615,23.769183570259635,3.913663041577158e-14
1.0,1.0,0.8221675051069615,26.70347368991138,2.8864326500264196e-14
1.0,1.0,0.8221675051069615,30.0,1.98819987129096e-14
1.0,1.0,0.8789716304704597,0.1,0.0
1.0,1.0,0.8789716304704597,0.11234493440205148,0.0
1.0,1.0,0.8789716304704597,0.12621384285801251,0.0
1.0,1.0,0.8789716304704597,0.14179485896514246,0.0
1.0,1.0,0.8789716304704597,0.15929934128987072,0.0
1.0,1.0,0.8789716304704597,0.1789647404750054,0.0
1.0,1.0,0.8789716304704597,0.20105782028944644,0.0
1.0,1.0,0.8789716304704597,0.22587827631437318,0.0
1.0,1.0,0.8789716304704597,0.25376280135386714,0.0
1.0,1.0,0.8789716304704597,0.2850896527178103,0.0
1.0,1.0,0.8789716304704597,0.32028378333286034,0.0
1.0,1.0,0.8789716304704597,0.35982260628571056,0.0
1.0,1.0,0.8789716304704597,0.40424247099543353,0.0
1.0,1.0,0.8789716304704597,0.45414593886505183,0.0
1.0,1.0,0.8789716304704597,0.5102099571075231,0.0
1.0,1.0,0.8789716304704597,0.573195041625182,0.0
1.0,1.0,0.8789716304704597,0.6439555935096224,0.0
1.0,1.0,0.8789716304704597,0.7234514891067266,0.0
1.0,1.0,0.8789716304704597,0.8127611008676167,0.0
1.0,1.0,0.8789716304704597,0.9130959256151152,6.3557122250273444e-18
1.0,1.0,0.8789716304704597,1.0258170186601063,6.248692560561626e-16
1.0,1.0,0.8789716304704597,1.1524534566987765,7.26148901013353e-15
1.0,1.0,0.8789716304704597,1.294723079942415,3.262675883854518e-14
1.0,1.0,0.8789716304704597,1.4545557948495271,8.678539193157689e-14
1.0,1.0,0.8789716304704597,1.6341197535649394,1.7241033135613828e-13
1.0,1.0,0.8789716304704597,1.835850765193496,2.827617964744276e-13
1.0,1.0,0.8789716304704597,2.062485337876194,4.0100702142521557e-13
1.0,1.0,0.8789716304704597,2.3170977998889395,5.03840743217566e-13
1.0,1.0,0.8789716304704597,2.6031420033166066,5.709074055025825e-13
1.0,1.0,0.8789716304704597,2.9244981760182913,5.95879506376188e-13
1.0,1.0,0.8789716304704597,3.285525557436941,5.881881982179591e-13
1.0,1.0,0.8789716304704597,3.6911215322651687,5.644481367633037e-13
1.0,1.0,0.8789716304704597,4.1467880641233,5.277643868590784e-13
1.0,1.0,0.8789716304704597,4.658706330431421,4.679009833705317e-13
1.0,1.0,0.8789716304704597,5.233820570907402,4.0212106157546326e-13
1.0,1.0,0.8789716304704597,5.879932287106996,3.4339938949047967e-13
1.0,1.0,0.8789716304704597,6.605806070835402,2.852760071932456e-13
1.0,1.0,0.8789716304704597,7.421288497006765,2.3385118577309405e-13
1.0,1.0,0.8789716304704597,8.337441693749241,1.885411164268543e-13
1.0,1.0,0.8789716304704597,9.366693401651878,1.5039544257506904e-13
1.0,1.0,0.8789716304704597,10.523005557727089,1.18786309399428e-13
1.0,1.0,0.8789716304704597,11.822063690952728,9.258945910493147e-14
1.0,1.0,0.8789716304704597,13.281489698569585,7.147960217432165e-14
1.0,1.0,0.8789716304704597,14.921080889473224,5.521201861464571e-14
1.0,1.0,0.8789716304704597,16.763078537355728,4.1491772313534974e-14
1.0,1.0,0.8789716304704597,18.83246958655666,3.1521170253235747e-14
1.0,1.0,0.8789716304704597,21.157325603303395,2.3738163032714445e-14
1.0,1.0,0.8789716304704597,23.769183570259635,1.7227534440852044e-14
1.0,1.0,0.8789716304704597,26.70347368991138,1.3009876804650466e-14
1.0,1.0,0.8789716304704597,30.0,9.433687660387776e-15
1.0,1.0,0.9397003924053006,0.1,0.0
1.0,1.0,0.9397003924053006,0.11234493440205148,0.0
1.0,1.0,0.9397003924053006,0.12621384285801251,0.0
1.0,1.0,0.9397003924053006,0.14179485896514246,0.0
1.0,1.0,0.9397003924053006,0.15929934128987072,0.0
1.0,1.0,0.9397003924053006,0.1789647404750054,0.0
1.0,1.0,0.9397003924053006,0.20105782028944644,0.0
1.0,1.0,0.9397003924053006,0.22587827631437318,0.0
1.0,1.0,0.9397003924053006,0.25376280135386714,0.0
1.0,1.0,0.9397003924053006,0.2850896527178103,0.0
1.0,1.0,0.9397003924053006,0.32028378333286034,0.0
1.0,1.0,0.9397003924053006,0.35982260628571056,0.0
1.0,1.0,0.9397003924053006,0.40424247099543353,0.0
1.0,1.0,0.9397003924053006,0.45414593886505183,0.0
1.0,1.0,0.9397003924053006,0.5102099571075231,0.0
1.0,1.0,0.9397003924053006,0.573195041625182,0.0
1.0,1.0,0.9397003924053006,0.6439555935096224,0.0
1.0,1.0,0.9397003924053006,0.7234514891067266,0.0
1.0,1.0,0.9397003924053006,0.8127611008676167,0.0
1.0,1.0,0.9397003924053006,0.9130959256151152,2.0951121425106278e-22
1.0,1.0,0.9397003924053006,1.0258170186601063,7.995004167267522e-18
1.0,1.0,0.9397003924053006,1.1524534566987765,3.172288529295931e-16
1.0,1.0,0.9397003924053006,1.294723079942415,2.8366953046984893e-15
1.0,1.0,0.9397003924053006,1.4545557948495271,1.127575395194623e-14
1.0,1.0,0.9397003924053006,1.6341197535649394,2.8399834990876097e-14
1.0,1.0,0.9397003924053006,1.835850765193496,5.4888344353437045e-14
1.0,1.0,0.9397003924053006,2.062485337876194,8.859530409437448e-14
1.0,1.0,0.9397003924053006,2.3170977998889395,1.243164773156218e-13
1.0,1.0,0.9397003924053006,2.6031420033166066,1.549934619615715e-13
1.0,1.0,0.9397003924053006,2.9244981760182913,1.7473169230738721e-13
1.0,1.0,0.9397003924053006,3.285525557436941,1.820701013651186e-13
1.0,1.0,0.9397003924053006,3.6911215322651687,1.801954731658812e-13
1.0,1.0,0.9397003924053006,4.1467880641233,1.7394887471920933e-13
1.0,1.0,0.9397003924053006,4.658706330431421,1.6254137939036065e-13
1.0,1.0,0.9397003924053006,5.233820570907402,1.436094936832717e-13
1.0,1.0,0.9397003924053006,5.879932287106996,1.2425480256386597e-13
1.0,1.0,0.9397003924053006,6.605806070835402,1.0631373317069499e-13
1.0,1.0,0.9397003924053006,7.421288497006765,8.854037870530983e-14
1.0,1.0,0.9397003924053006,8.337441693749241,7.290038991088664e-14
1.0,1.0,0.9397003924053006,9.366693401651878,5.885591417517208e-14
1.0,1.0,0.9397003924053006,10.523005557727089,4.727889792118739e-14
1.0,1.0,0.9397003924053006,11.822063690952728,3.7608733175722576e-14
1.0,1.0,0.9397003924053006,13.281489698569585,2.9267673966240174e-14
1.0,1.0,0.9397003924053006,14.921080889473224,2.3004686412056324e-14
1.0,1.0,0.9397003924053006,16.763078537355728,1.7746893338750048e-14
1.0,1.0,0.9397003924053006,18.83246958655666,1.3503369240684594e-14
1.0,1.0,0.9397003924053006,21.157325603303395,1.0460069374409714e-14
1.0,1.0,0.9397003924053006,23.769183570259635,7.784130735600286e-15
1.0,1.0,0.9397003924053006,26.70347368991138,5.882163868125671e-15
1.0,1.0,0.9397003924053006,30.0,4.491883989624696e-15
1.0,1.0,1.004624946784733,0.1,0.0
1.0,1.0,1.004624946784733,0.11234493440205148,0.0
1.0,1.0,1.004624946784733,0.12621384285801251,0.0
1.0,1.0,1.004624946784733,0.14179485896514246,0.0
1.0,1.0,1.004624946784733,0.15929934128987072,0.0
1.0,1.0,1.004624946784733,0.1789647404750054,0.0
1.0,1.0,1.004624946784733,0.20105782028944644,0.0
1.0,1.0,1.004624946784733,0.22587827631437318,0.0
1.0,1.0,1.004624946784733,0.25376280135386714,0.0
1.0,1.0,1.004624946784733,0.2850896527178103,0.0
1.0,1.0,1.004624946784733,0.32028378333286034,0.0
1.0,1.0,1.004624946784733,0.35982260628571056,0.0
1.0,1.0,1.004624946784733,0.40424247099543353,0.0
1.0,1.0,1.004624946784733,0.45414593886505183,0.0
1.0,1.0,1.004624946784733,0.5102099571075231,0.0
1.0,1.0,1.004624946784733,0.573195041625182,0.0
1.0,1.0,1.004624946784733,0.6439555935096224,0.0
1.0,1.0,1.004624946784733,0.7234514891067266,0.0
1.0,1.0,1.004624946784733,0.8127611008676167,0.0
1.0,1.0,1.004624946784733,0.9130959256151152,0.0
1.0,1.0,1.004624946784733,1.0258170186601063,6.793680285256993e-21
1.0,1.0,1.004624946784733,1.1524534566987765,6.3960440848667114e-18
1.0,1.0,1.004624946784733,1.294723079942415,1.471331831496785e-16
1.0,1.0,1.004624946784733,1.4545557948495271,1.0858193605653745e-15
1.0,1.0,1.004624946784733,1.6341197535649394,3.938259399884047e-15
1.0,1.0,1.004624946784733,1.835850765193496,9.514493864452027e-15
1.0,1.0,1.004624946784733,2.062485337876194,1.8001111605424937e-14
1.0,1.0,1.004624946784733,2.3170977998889395,2.869439242835908e-14
1.0,1.0,1.004624946784733,2.6031420033166066,3.99208225817847e-14
1.0,1.0,1.004624946784733,2.9244981760182913,4.94529900432383e-14
1.0,1.0,1.004624946784733,3.285525557436941,5.552010976723667e-14
1.0,1.0,1.004624946784733,3.6911215322651687,5.778847129193492e-14
1.0,1.0,1.004624946784733,4.1467880641233,5.739578300238796e-14
1.0,1.0,1.004624946784733,4.658706330431421,5.5720067718488084e-14
1.0,1.0,1.004624946784733,5.233820570907402,5.187584658997565e-14
1.0,1.0,1.004624946784733,5.879932287106996,4.578118025805947e-14
1.0,1.0,1.004624946784733,6.605806070835402,3.989266675629429e-14
1.0,1.0,1.004624946784733,7.421288497006765,3.412366133837469e-14
1.0,1.0,1.004624946784733,8.337441693749241,2.8542894824648275e-14
1.0,1.0,1.004624946784733,9.366693401651878,2.3516235686924848e-14
1.0,1.0,1.004624946784733,10.523005557727089,1.910853144174653e-14
1.0,1.0,1.004624946784733,11.822063690952728,1.5394382131025392e-14
1.0,1.0,1.004624946784733,13.281489698569585,1.2283144655117914e-14
1.0,1.0,1.004624946784733,14.921080889473224,9.654203014429393e-15
1.0,1.0,1.004624946784733,16.763078537355728,7.645762809092976e-15
1.0,1.0,1.004624946784733,18.83246958655666,5.8960809028888425e-15
1.0,1.0,1.004624946784733,21.157325603303395,4.5904565248624415e-15
1.0,1.0,1.004624946784733,23.769183570259635,3.5504282986356796e-15
1.0,1.0,1.004624946784733,26.70347368991138,2.6731607930932093e-15
1.0,1.0,1.004624946784733,30.0,2.093439546009869e-15
1.0,1.0,1.0740351838300823,0.1,0.0
1.0,1.0,1.0740351838300823,0.11234493440205148,0.0
1.0,1.0,1.0740351838300823,0.12621384285801251,0.0
1.0,1.0,1.0740351838300823,0.14179485896514246,0.0
1.0,1.0,1.0740351838300823,0.15929934128987072,0.0
1.0,1.0,1.0740351838300823,0.1789647404750054,0.0
1.0,1.0,1.0740351838300823,0.20105782028944644,0.0
1.0,1.0,1.0740351838300823,0.22587827631437318,0.0
1.0,1.0,1.0740351838300823,0.25376280135386714,0.0
1.0,1.0,1.0740351838300823,0.2850896527178103,0.0
1.0,1.0,1.0740351838300823,0.32028378333286034,0.0
1.0,1.0,1.0740351838300823,0.35982260628571056,0.0
1.0,1.0,1.0740351838300823,0.40424247099543353,0.0
1.0,1.0,1.0740351838300823,0.45414593886505183,0.0
1.0,1.0,1.0740351838300823,0.5102099571075231,0.0
1.0,1.0,1.0740351838300823,0.573195041625182,0.0
1.0,1.0,1.0740351838300823,0.6439555935096224,0.0
1.0,1.0,1.0740351838300823,0.7234514891067266,0.0
1.0,1.0,1.0740351838300823,0.8127611008676167,0.0
1.0,1.0,1.0740351838300823,0.9130959256151152,0.0
1.0,1.0,1.0740351838300823,1.0258170186601063,1.1344196081619643e-34
1.0,1.0,1.0740351838300823,1.1524534566987765,1.9018205888217493e-20
1.0,1.0,1.0740351838300823,1.294723079942415,3.953459096279339e-18
1.0,1.0,1.0740351838300823,1.4545557948495271,6.40660967501145e-17
1.0,1.0,1.0740351838300823,1.6341197535649394,4.0910869481026805e-16
1.0,1.0,1.0740351838300823,1.835850765193496,1.3840297357496793e-15
1.0,1.0,1.0740351838300823,2.062485337876194,3.2380027517005096e-15
1.0,1.0,1.0740351838300823,2.3170977998889395,6.0255114640438494e-15
1.0,1.0,1.0740351838300823,2.6031420033166066,9.510635517267038e-15
1.0,1.0,1.0740351838300823,2.9244981760182913,1.314029249031179e-14
1.0,1.0,1.0740351838300823,3.285525557436941,1.6191377271689738e-14
1.0,1.0,1.0740351838300823,3.6911215322651687,1.8118323416591283e-14
1.0,1.0,1.0740351838300823,4.1467880641233,1.8852933734878067e-14
1.0,1.0,1.0740351838300823,4.658706330431421,1.880802882831457e-14
1.0,1.0,1.0740351838300823,5.233820570907402,1.8344049788607284e-14
1.0,1.0,1.0740351838300823,5.879932287106996,1.698491059392434e-14
1.0,1.0,1.0740351838300823,6.605806070835402,1.5016166672846453e-14
1.0,1.0,1.0740351838300823,7.421288497006765,1.3161619228100079e-14
1.0,1.0,1.0740351838300823,8.337441693749241,1.1251086917489647e-14
1.0,1.0,1.0740351838300823,9.366693401651878,9.456383853065663e-15
1.0,1.0,1.0740351838300823,10.523005557727089,7.782195049715266e-15
1.0,1.0,1.0740351838300823,11.822063690952728,6.3830946197058276e-15
1.0,1.0,1.0740351838300823,13.281489698569585,5.15713088033479e-15
1.0,1.0,1.0740351838300823,14.921080889473224,4.111928333927307e-15
1.0,1.0,1.0740351838300823,16.763078537355728,3.288423511230678e-15
1.0,1.0,1.0740351838300823,18.83246958655666,2.5925796653336894e-15
1.0,1.0,1.0740351838300823,21.157325603303395,2.0262348297453424e-15
1.0,1.0,1.0740351838300823,23.769183570259635,1.6051980885427924e-15
1.0,1.0,1.0740351838300823,26.70347368991138,1.228344963735534e-15
1.0,1.0,1.0740351838300823,30.0,9.633001990848447e-16
1.0,1.0,1.1482410224799018,0.1,0.0
1.0,1.0,1.1482410224799018,0.11234493440205148,0.0
1.0,1.0,1.1482410224799018,0.12621384285801251,0.0
1.0,1.0,1.1482410224799018,0.14179485896514246,0.0
1.0,1.0,1.1482410224799018,0.15929934128987072,0.0
1.0,1.0,1.1482410224799018,0.1789647404750054,0.0
1.0,1.0,1.1482410224799018,0.20105782028944644,0.0
1.0,1.0,1.1482410224799018,0.22587827631437318,0.0
1.0,1.0,1.1482410224799018,0.25376280135386714,0.0
1.0,1.0,1.1482410224799018,0.2850896527178103,0.0
1.0,1.0,1.1482410224799018,0.32028378333286034,0.0
1.0,1.0,1.1482410224799018,0.35982260628571056,0.0
1.0,1.0,1.1482410224799018,0.40424247099543353,0.0
1.0,1.0,1.1482410224799018,0.45414593886505183,0.0
1.0,1.0,1.1482410224799018,0.5102099571075231,0.0
1.0,1.0,1.1482410224799018,0.573195041625182,0.0
1.0,1.0,1.1482410224799018,0.6439555935096224,0.0
1.0,1.0,1.1482410224799018,0.7234514891067266,0.0
1.0,1.0,1.1482410224799018,0.8127611008676167,0.0
1.0,1.0,1.1482410224799018,0.9130959256151152,0.0
1.0,1.0,1.1482410224799018,1.0258170186601063,0.0
1.0,1.0,1.1482410224799018,1.1524534566987765,1.0154839838905336e-25
1.0,1.0,1.1482410224799018,1.294723079942415,2.3248642844923852e-20
1.0,1.0,1.1482410224799018,1.4545557948495271,2.0832428115580294e-18
1.0,1.0,1.1482410224799018,1.6341197535649394,2.663223054944879e-17
1.0,1.0,1.1482410224799018,1.835850765193496,1.5219492038277475e-16
1.0,1.0,1.1482410224799018,2.062485337876194,4.881177661916875e-16
1.0,1.0,1.1482410224799018,2.3170977998889395,1.1140020689830303e-15
1.0,1.0,1.1482410224799018,2.6031420033166066,2.0466054451041336e-15
1.0,1.0,1.1482410224799018,2.9244981760182913,3.2055463409636828e-15
1.0,1.0,1.1482410224799018,3.285525557436941,4.404285502631837e-15
1.0,1.0,1.1482410224799018,3.6911215322651687,5.40325046960739e-15
1.0,1.0,1.1482410224799018,4.1467880641233,6.031962976427019e-15
1.0,1.0,1.1482410224799018,4.658706330431421,6.2802818659699605e-15
1.0,1.0,1.1482410224799018,5.233820570907402,6.2989270887400074e-15
1.0,1.0,1.1482410224799018,5.879932287106996,6.159619712906129e-15
1.0,1.0,1.1482410224799018,6.605806070835402,5.6705632601210765e-15
1.0,1.0,1.1482410224799018,7.421288497006765,5.037495612125767e-15
1.0,1.0,1.1482410224799018,8.337441693749241,4.4281532005999265e-15
1.0,1.0,1.1482410224799018,9.366693401651878,3.7924081328229506e-15
1.0,1.0,1.1482410224799018,10.523005557727089,3.1959677155228102e-15
1.0,1.0,1.1482410224799018,11.822063690952728,2.635415226598041e-15
1.0,1.0,1.1482410224799018,13.281489698569585,2.1747637840172595e-15
1.0,1.0,1.1482410224799018,14.921080889473224,1.7647048878878002e-15
1.0,1.0,1.1482410224799018,16.763078537355728,1.410119601610885e-15
1.0,1.0,1.1482410224799018,18.83246958655666,1.1432350345842022e-15
1.0,1.0,1.1482410224799018,21.157325603303395,8.987854375796972e-16
1.0,1.0,1.1482410224799018,23.769183570259635,7.15501564234599e-16
1.0,1.0,1.1482410224799018,26.70347368991138,5.685193276114537e-16
1.0,1.0,1.1482410224799018,30.0,4.425441762015501e-16
1.0,1.0,1.227573794187991,0.1,0.0
1.0,1.0,1.227573794187991,0.11234493440205148,0.0
1.0,1.0,1.227573794187991,0.12621384285801251,0.0
1.0,1.0,1.227573794187991,0.14179485896514246,0.0
1.0,1.0,1.227573794187991,0.15929934128987072,0.0
1.0,1.0,1.227573794187991,0.1789647404750054,0.0
1.0,1.0,1.227573794187991,0.20105782028944644,0.0
1.0,1.0,1.227573794187991,0.22587827631437318,0.0
1.0,1.0,1.227573794187991,0.25376280135386714,0.0
1.0,1.0,1.227573794187991,0.2850896527178103,0.0
1.0,1.0,1.227573794187991,0.32028378333286034,0.0
1.0,1.0,1.227573794187991,0.35982260628571056,0.0
1.0,1.0,1.227573794187991,0.40424247099543353,0.0
1.0,1.0,1.227573794187991,0.45414593886505183,0.0
1.0,1.0,1.227573794187991,0.5102099571075231,0.0
1.0,1.0,1.227573794187991,0.573195041625182,0.0
1.0,1.0,1.227573794187991,0.6439555935096224,0.0
1.0,1.0,1.227573794187991,0.7234514891067266,0.0
1.0,1.0,1.227573794187991,0.8127611008676167,0.0
1.0,1.0,1.227573794187991,0.9130959256151152,0.0
1.0,1.0,1.227573794187991,1.0258170186601063,0.0
1.0,1.0,1.227573794187991,1.1524534566987765,0.0
1.0,1.0,1.227573794187991,1.294723079942415,2.9872886740329653e-24
1.0,1.0,1.227573794187991,1.4545557948495271,1.8367335511608125e-20
1.0,1.0,1.227573794187991,1.6341197535649394,9.880620871569555e-19
1.0,1.0,1.227573794187991,1.835850765193496,1.0682634849752062e-17
1.0,1.0,1.227573794187991,2.062485337876194,5.602039836078769e-17
1.0,1.0,1.227573794187991,2.3170977998889395,1.7245718434620424e-16
1.0,1.0,1.227573794187991,2.6031420033166066,3.8617592026552303e-16
1.0,1.0,1.227573794187991,2.9244981760182913,7.025888893955225e-16
1.0,1.0,1.227573794187991,3.285525557436941,1.093981837227669e-15
1.0,1.0,1.227573794187991,3.6911215322651687,1.4964761322258195e-15
1.0,1.0,1.227573794187991,4.1467880641233,1.829588326461977e-15
1.0,1.0,1.227573794187991,4.658706330431421,2.0393153723651287e-15
1.0,1.0,1.227573794187991,5.233820570907402,2.126710143636585e-15
1.0,1.0,1.227573794187991,5.879932287106996,2.1461254189286607e-15
1.0,1.0,1.227573794187991,6.605806070835402,2.0983804416809753e-15
1.0,1.0,1.227573794187991,7.421288497006765,1.9238339860725444e-15
1.0,1.0,1.227573794187991,8.337441693749241,1.7201595348112844e-15
1.0,1.0,1.227573794187991,9.366693401651878,1.5136761611164041e-15
1.0,1.0,1.227573794187991,10.523005557727089,1.3012488531096542e-15
1.0,1.0,1.227573794187991,11.822063690952728,1.0958586203326844e-15
1.0,1.0,1.227573794187991,13.281489698569585,9.111124522884083e-16
1.0,1.0,1.227573794187991,14.921080889473224,7.524868508792126e-16
1.0,1.0,1.227573794187991,16.763078537355728,6.127908868996367e-16
1.0,1.0,1.227573794187991,18.83246958655666,4.95917234910141e-16
1.0,1.0,1.227573794187991,21.157325603303395,4.0183879956356335e-16
1.0,1.0,1.227573794187991,23.769183570259635,3.1951009479714114e-16
1.0,1.0,1.227573794187991,26.70347368991138,2.5831583719184666e-16
1.0,1.0,1.227573794187991,30.0,2.0439235250579317e-16
1.0,1.0,1.312387722328982,0.1,0.0
1.0,1.0,1.312387722328982,0.11234493440205148,0.0
1.0,1.0,1.312387722328982,0.12621384285801251,0.0
1.0,1.0,1.312387722328982,0.14179485896514246,0.0
1.0,1.0,1.312387722328982,0.15929934128987072,0.0
1.0,1.0,1.312387722328982,0.1789647404750054,0.0
1.0,1.0,1.312387722328982,0.20105782028944644,0.0
1.0,1.0,1.312387722328982,0.22587827631437318,0.0
1.0,1.0,1.312387722328982,0.25376280135386714,0.0
1.0,1.0,1.312387722328982,0.2850896527178103,0.0
1.0,1.0,1.312387722328982,0.32028378333286034,0.0
1.0,1.0,1.312387722328982,0.35982260628571056,0.0
1.0,1.0,1.312387722328982,0.40424247099543353,0.0
1.0,1.0,1.312387722328982,0.45414593886505183,0.0
1.0,1.0,1.312387722328982,0.5102099571075231,0.0
1.0,1.0,1.312387722328982,0.573195041625182,0.0
1.0,1.0,1.312387722328982,0.6439555935096224,0.0
1.0,1.0,1.312387722328982,0.7234514891067266,0.0
1.0,1.0,1.312387722328982,0.8127611008676167,0.0
1.0,1.0,1.312387722328982,0.9130959256151152,0.0
1.0,1.0,1.312387722328982,1.0258170186601063,0.0
1.0,1.0,1.312387722328982,1.1524534566987765,0.0
1.0,1.0,1.312387722328982,1.294723079942415,0.0
1.0,1.0,1.312387722328982,1.4545557948495271,9.599987371027048e-24
1.0,1.0,1.312387722328982,1.6341197535649394,1.1489998459767582e-20
1.0,1.0,1.312387722328982,1.835850765193496,4.353899330569692e-19
1.0,1.0,1.312387722328982,2.062485337876194,4.163783132787386e-18
1.0,1.0,1.312387722328982,2.3170977998889395,2.0430075160609558e-17
1.0,1.0,1.312387722328982,2.6031420033166066,6.096042025639934e-17
1.0,1.0,1.312387722328982,2.9244981760182913,1.345715175755029e-16
1.0,1.0,1.312387722328982,3.285525557436941,2.4308563806750424e-16
1.0,1.0,1.312387722328982,3.6911215322651687,3.768661912786553e-16
1.0,1.0,1.312387722328982,4.1467880641233,5.13806007475762e-16
1.0,1.0,1.312387722328982,4.658706330431421,6.265805211744777e-16
1.0,1.0,1.312387722328982,5.233820570907402,6.978777192817328e-16
1.0,1.0,1.312387722328982,5.879932287106996,7.29776304711306e-16
1.0,1.0,1.312387722328982,6.605806070835402,7.412285869050268e-16
1.0,1.0,1.312387722328982,7.421288497006765,7.22781477031805e-16
1.0,1.0,1.312387722328982,8.337441693749241,6.616341186924346e-16
1.0,1.0,1.312387722328982,9.366693401651878,5.956623849616938e-16
1.0,1.0,1.312387722328982,10.523005557727089,5.242949709610752e-16
1.0,1.0,1.312387722328982,11.822063690952728,4.526444138680155e-16
1.0,1.0,1.312387722328982,13.281489698569585,3.805276593778816e-16
1.0,1.0,1.312387722328982,14.921080889473224,3.200895394753437e-16
1.0,1.0,1.312387722328982,16.763078537355728,2.642088096073862e-16
1.0,1.0,1.312387722328982,18.83246958655666,2.1584659335288815e-16
1.0,1.0,1.312387722328982,21.157325603303395,1.777811422352879e-16
1.0,1.0,1.312387722328982,23.769183570259635,1.425964531178428e-16
1.0,1.0,1.312387722328982,26.70347368991138,1.1618633810954988e-16
1.0,1.0,1.312387722328982,30.0,9.498239289114541e-17
1.0,1.0,1.4030615038170897,0.1,0.0
1.0,1.0,1.4030615038170897,0.11234493440205148,0.0
1.0,1.0,1.4030615038170897,0.12621384285801251,0.0
1.0,1.0,1.4030615038170897,0.14179485896514246,0.0
1.0,1.0,1.4030615038170897,0.15929934128987072,0.0
1.0,1.0,1.4030615038170897,0.1789647404750054,0.0
1.0,1.0,1.4030615038170897,0.20105782028944644,0.0
1.0,1.0,1.4030615038170897,0.22587827631437318,0.0
1.0,1.0,1.4030615038170897,0.25376280135386714,0.0
1.0,1.0,1.4030615038170897,0.2850896527178103,0.0
1.0,1.0,1.4030615038170897,0.32028378333286034,0.0
1.0,1.0,1.4030615038170897,0.35982260628571056,0.0
1.0,1.0,1.4030615038170897,0.40424247099543353,0.0
1.0,1.0,1.4030615038170897,0.45414593886505183,0.0
1.0,1.0,1.4030615038170897,0.5102099571075231,0.0
1.0,1.0,1.4030615038170897,0.573195041625182,0.0
1.0,1.0,1.4030615038170897,0.6439555935096224,0.0
1.0,1.0,1.4030615038170897,0.7234514891067266,0.0
1.0,1.0,1.4030615038170897,0.8127611008676167,0.0
1.0,1.0,1.4030615038170897,0.9130959256151152,0.0
1.0,1.0,1.4030615038170897,1.0258170186601063,0.0
1.0,1.0,1.4030615038170897,1.1524534566987765,0.0
1.0,1.0,1.4030615038170897,1.294723079942415,0.0
1.0,1.0,1.4030615038170897,1.4545557948495271,7.196650594831283e-34
1.0,1.0,1.4030615038170897,1.6341197535649394,1.3794952405163936e-23
1.0,1.0,1.4030615038170897,1.835850765193496,6.189077181466083e-21
1.0,1.0,1.4030615038170897,2.062485337876194,1.8162430700193215e-19
1.0,1.0,1.4030615038170897,2.3170977998889395,1.5846126030468604e-18
1.0,1.0,1.4030615038170897,2.6031420033166066,7.388533508055777e-18
1.0,1.0,1.4030615038170897,2.9244981760182913,2.153738631788198e-17
1.0,1.0,1.4030615038170897,3.285525557436941,4.7055695139101365e-17
1.0,1.0,1.4030615038170897,3.6911215322651687,8.458206118466023e-17
1.0,1.0,1.4030615038170897,4.1467880641233,1.3074739488021582e-16
1.0,1.0,1.4030615038170897,4.658706330431421,1.7783729737434628e-16
1.0,1.0,1.4030615038170897,5.233820570907402,2.1651905127049775e-16
1.0,1.0,1.4030615038170897,5.879932287106996,2.4116673195348927e-16
1.0,1.0,1.4030615038170897,6.605806070835402,2.531340406168801e-16
1.0,1.0,1.4030615038170897,7.421288497006765,2.587250985153924e-16
1.0,1.0,1.4030615038170897,8.337441693749241,2.5114640295422957e-16
1.0,1.0,1.4030615038170897,9.366693401651878,2.303110476968018e-16
1.0,1.0,1.4030615038170897,10.523005557727089,2.083833281175512e-16
1.0,1.0,1.4030615038170897,11.822063690952728,1.8374570483484266e-16
1.0,1.0,1.4030615038170897,13.281489698569585,1.5911504764472303e-16
1.0,1.0,1.4030615038170897,14.921080889473224,1.3401446624466816e-16
1.0,1.0,1.4030615038170897,16.763078537355728,1.136445003189102e-16
1.0,1.0,1.4030615038170897,18.83246958655666,9.403148795777102e-17
1.0,1.0,1.4030615038170897,21.157325603303395,7.720054860945753e-17
1.0,1.0,1.4030615038170897,23.769183570259635,6.431984749698979e-17
1.0,1.0,1.4030615038170897,26.70347368991138,5.1753193008394625e-17
1.0,1.0,1.4030615038170897,30.0,4.300425352529077e-17
1.0,1.0,1.5,0.1,0.0
1.0,1.0,1.5,0.11234493440205148,0.0
1.0,1.0,1.5,0.12621384285801251,0.0
1.0,1.0,1.5,0.14179485896514246,0.0
1.0,1.0,1.5,0.15929934128987072,0.0
1.0,1.0,1.5,0.1789647404750054,0.0
1.0,1.0,1.5,0.20105782028944644,0.0
1.0,1.0,1.5,0.22587827631437318,0.0
1.0,1.0,1.5,0.25376280135386714,0.0
1.0,1.0,1.5,0.2850896527178103,0.0
1.0,1.0,1.5,0.32028378333286034,0.0
1.0,1.0,1.5,0.35982260628571056,0.0
1.0,1.0,1.5,0.40424247099543353,0.0
1.0,1.0,1.5,0.45414593886505183,0.0
1.0,1.0,1.5,0.5102099571075231,0.0
1.0,1.0,1.5,0.573195041625182,0.0
1.0,1.0,1.5,0.6439555935096224,0.0
1.0,1.0,1.5,0.7234514891067266,0.0
1.0,1.0,1.5,0.8127611008676167,0.0
1.0,1.0,1.5,0.9130959256151152,0.0
1.0,1.0,1.5,1.0258170186601063,0.0
1.0,1.0,1.5,1.1524534566987765,0.0
1.0,1.0,1.5,1.294723079942415,0.0
1.0,1.0,1.5,1.4545557948495271,0.0
1.0,1.0,1.5,1.6341197535649394,2.2951430848080892e-30
1.0,1.0,1.5,1.835850765193496,1.2285229328836698e-23
1.0,1.0,1.5,2.062485337876194,2.984517607627321e-21
1.0,1.0,1.5,2.3170977998889395,7.256642492767188e-20
1.0,1.0,1.5,2.6031420033166066,5.908534967306555e-19
1.0,1.0,1.5,2.9244981760182913,2.651286058231886e-18
1.0,1.0,1.5,3.285525557436941,7.599107486504662e-18
1.0,1.0,1.5,3.6911215322651687,1.6487762828436275e-17
1.0,1.0,1.5,4.1467880641233,2.954844656493052e-17
1.0,1.0,1.5,4.658706330431421,4.560130887057107e-17
1.0,1.0,1.5,5.233820570907402,6.193716463151844e-17
1.0,1.0,1.5,5.879932287106996,7.535615132393772e-17
1.0,1.0,1.5,6.605806070835402,8.400562023969825e-17
1.0,1.0,1.5,7.421288497006765,8.859810976754686e-17
1.0,1.0,1.5,8.337441693749241,9.102839655230805e-17
1.0,1.0,1.5,9.366693401651878,8.790853497024025e-17
1.0,1.0,1.5,10.523005557727089,8.101591845216263e-17
1.0,1.0,1.5,11.822063690952728,7.351322451182661e-17
1.0,1.0,1.5,13.281489698569585,6.511130994113726e-17
1.0,1.0,1.5,14.921080889473224,5.635667415535242e-17
1.0,1.0,1.5,16.763078537355728,4.787662640612396e-17
1.0,1.0,1.5,18.83246958655666,4.065648281892207e-17
1.0,1.0,1.5,21.157325603303395,3.3838880204353163e-17
1.0,1.0,1.5,23.769183570259635,2.8124704992540505e-17
1.0,1.0,1.5,26.70347368991138,2.33105190883144e-17
1.0,1.0,1.5,30.0,1.9303261629493814e-17
