eps2,cos_theta,m(GeV),Energy,flux_differential
1e-05,1.0,0.01,0.1,2.3354348069952927e-10
1e-05,1.0,0.01,0.1123449344020514,2.1551995240583874e-10
1e-05,1.0,0.01,0.1262138428580125,1.988362915886593e-10
1e-05,1.0,0.01,0.1417948589651424,1.8322203055380002e-10
1e-05,1.0,0.01,0.1592993412898707,1.684176869245569e-10
1e-05,1.0,0.01,0.1789647404750054,1.546109411249343e-10
1e-05,1.0,0.01,0.2010578202894464,1.4175577434509245e-10
1e-05,1.0,0.01,0.2258782763143731,1.299482798216986e-10
1e-05,1.0,0.01,0.2537628013538671,1.1924549940212392e-10
1e-05,1.0,0.01,0.2850896527178103,1.0954666641621641e-10
1e-05,1.0,0.01,0.3202837833328603,1.0093630485497068e-10
1e-05,1.0,0.01,0.3598226062857105,9.341179752133532e-11
1e-05,1.0,0.01,0.4042424709954335,8.698320052432225e-11
1e-05,1.0,0.01,0.4541459388650518,8.154842178562034e-11
1e-05,1.0,0.01,0.5102099571075231,7.70071265171132e-11
1e-05,1.0,0.01,0.573195041625182,7.31817803252808e-11
1e-05,1.0,0.01,0.6439555935096224,6.978764142112743e-11
1e-05,1.0,0.01,0.7234514891067266,6.642329355789745e-11
1e-05,1.0,0.01,0.8127611008676167,6.276961005774903e-11
1e-05,1.0,0.01,0.9130959256151152,5.862814918186169e-11
1e-05,1.0,0.01,1.0258170186601063,5.3906742609960707e-11
1e-05,1.0,0.01,1.1524534566987763,4.8628467488809986e-11
1e-05,1.0,0.01,1.294723079942415,4.2959083455193026e-11
1e-05,1.0,0.01,1.4545557948495271,3.715301955704458e-11
1e-05,1.0,0.01,1.6341197535649394,3.1611099460606085e-11
1e-05,1.0,0.01,1.835850765193496,2.6687176441476166e-11
1e-05,1.0,0.01,2.062485337876194,2.241604331060041e-11
1e-05,1.0,0.01,2.3170977998889395,1.845344315627156e-11
1e-05,1.0,0.01,2.6031420033166066,1.4856384761309578e-11
1e-05,1.0,0.01,2.9244981760182918,1.1824354737923188e-11
1e-05,1.0,0.01,3.285525557436941,9.467552068872841e-12
1e-05,1.0,0.01,3.6911215322651687,7.565666504365083e-12
1e-05,1.0,0.01,4.1467880641233,5.916831837962092e-12
1e-05,1.0,0.01,4.658706330431421,4.578272005177675e-12
1e-05,1.0,0.01,5.233820570907402,3.5958224679139546e-12
1e-05,1.0,0.01,5.879932287106996,2.8148041419544856e-12
1e-05,1.0,0.01,6.605806070835402,2.155344481455338e-12
1e-05,1.0,0.01,7.421288497006765,1.6562778222427183e-12
1e-05,1.0,0.01,8.337441693749241,1.2979538896635066e-12
1e-05,1.0,0.01,9.366693401651878,9.953951272651469e-13
1e-05,1.0,0.01,10.523005557727087,7.5586449287339e-13
1e-05,1.0,0.01,11.822063690952728,5.920024941060632e-13
1e-05,1.0,0.01,13.281489698569583,4.566057050504629e-13
1e-05,1.0,0.01,14.921080889473224,3.46102354587755e-13
1e-05,1.0,0.01,16.763078537355728,2.72334672991068e-13
1e-05,1.0,0.01,18.83246958655666,2.1230784130392545e-13
1e-05,1.0,0.01,21.157325603303395,1.6218679201706914e-13
1e-05,1.0,0.01,23.769183570259635,1.2936984074559678e-13
1e-05,1.0,0.01,26.70347368991138,1.025506713392463e-13
1e-05,1.0,0.01,30.0,8.018402136559764e-14
1e-05,1.0,0.0106909069625186,0.1,2.3097805798186349e-10
1e-05,1.0,0.0106909069625186,0.1123449344020514,2.135063778802851e-10
1e-05,1.0,0.0106909069625186,0.1262138428580125,1.9726751749046321e-10
1e-05,1.0,0.0106909069625186,0.1417948589651424,1.819948056443671e-10
1e-05,1.0,0.0106909069625186,0.1592993412898707,1.6747537129934924e-10
1e-05,1.0,0.0106909069625186,0.1789647404750054,1.5387883822950793e-10
1e-05,1.0,0.0106909069625186,0.2010578202894464,1.4119334867871519e-10
1e-05,1.0,0.0106909069625186,0.2258782763143731,1.2951635388245666e-10
1e-05,1.0,0.0106909069625186,0.2537628013538671,1.1892379670970474e-10
1e-05,1.0,0.0106909069625186,0.2850896527178103,1.0932266118116183e-10
1e-05,1.0,0.0106909069625186,0.3202837833328603,1.0079364217344764e-10
1e-05,1.0,0.0106909069625186,0.3598226062857105,9.332924478578072e-11
1e-05,1.0,0.0106909069625186,0.4042424709954335,8.694579632807151e-11
1e-05,1.0,0.0106909069625186,0.4541459388650518,8.154169010405904e-11
1e-05,1.0,0.0106909069625186,0.5102099571075231,7.70228391989759e-11
1e-05,1.0,0.0106909069625186,0.573195041625182,7.321147205258203e-11
1e-05,1.0,0.0106909069625186,0.6439555935096224,6.982826937981861e-11
1e-05,1.0,0.0106909069625186,0.7234514891067266,6.647442971064324e-11
1e-05,1.0,0.0106909069625186,0.8127611008676167,6.283185236659462e-11
1e-05,1.0,0.0106909069625186,0.9130959256151152,5.870096412514262e-11
1e-05,1.0,0.0106909069625186,1.0258170186601063,5.398912326817504e-11
1e-05,1.0,0.0106909069625186,1.1524534566987763,4.8718600530202876e-11
1e-05,1.0,0.0106909069625186,1.294723079942415,4.305137012929741e-11
1e-05,1.0,0.0106909069625186,1.4545557948495271,3.723858956786069e-11
1e-05,1.0,0.0106909069625186,1.6341197535649394,3.167836459761069e-11
1e-05,1.0,0.0106909069625186,1.835850765193496,2.6728703255691333e-11
1e-05,1.0,0.0106909069625186,2.062485337876194,2.2445971372446363e-11
1e-05,1.0,0.0106909069625186,2.3170977998889395,1.848409319869557e-11
1e-05,1.0,0.0106909069625186,2.6031420033166066,1.4882684652157095e-11
1e-05,1.0,0.0106909069625186,2.9244981760182918,1.1841415801837845e-11
1e-05,1.0,0.0106909069625186,3.285525557436941,9.475780178371336e-12
1e-05,1.0,0.0106909069625186,3.6911215322651687,7.574607840443154e-12
1e-05,1.0,0.0106909069625186,4.1467880641233,5.926602047036706e-12
1e-05,1.0,0.0106909069625186,4.658706330431421,4.5849137669624894e-12
1e-05,1.0,0.0106909069625186,5.233820570907402,3.599134161988619e-12
1e-05,1.0,0.0106909069625186,5.879932287106996,2.81832380174556e-12
1e-05,1.0,0.0106909069625186,6.605806070835402,2.158502034644869e-12
1e-05,1.0,0.0106909069625186,7.421288497006765,1.6571106461455118e-12
1e-05,1.0,0.0106909069625186,8.337441693749241,1.298574647968604e-12
1e-05,1.0,0.0106909069625186,9.366693401651878,9.959831980965007e-13
1e-05,1.0,0.0106909069625186,10.523005557727087,7.5592389732256e-13
1e-05,1.0,0.0106909069625186,11.822063690952728,5.917944704485399e-13
1e-05,1.0,0.0106909069625186,13.281489698569583,4.567289627095294e-13
1e-05,1.0,0.0106909069625186,14.921080889473224,3.4616584203885634e-13
1e-05,1.0,0.0106909069625186,16.763078537355728,2.7223182829049594e-13
1e-05,1.0,0.0106909069625186,18.83246958655666,2.1235350317713613e-13
1e-05,1.0,0.0106909069625186,21.157325603303395,1.622015022262693e-13
1e-05,1.0,0.0106909069625186,23.769183570259635,1.29317304664699e-13
1e-05,1.0,0.0106909069625186,26.70347368991138,1.0256942155651029e-13
1e-05,1.0,0.0106909069625186,30.0,8.01978938553713e-14
1e-05,1.0,0.0114295491681229,0.1,2.2812898216917677e-10
1e-05,1.0,0.0114295491681229,0.1123449344020514,2.112916610274545e-10
1e-05,1.0,0.0114295491681229,0.1262138428580125,1.9558553124079678e-10
1e-05,1.0,0.0114295491681229,0.1417948589651424,1.8075051865861325e-10
1e-05,1.0,0.0114295491681229,0.1592993412898707,1.6659242226208562e-10
1e-05,1.0,0.0114295491681229,0.1789647404750054,1.5326113053856134e-10
1e-05,1.0,0.0114295491681229,0.2010578202894464,1.4078601513897487e-10
1e-05,1.0,0.0114295491681229,0.2258782763143731,1.292635736021054e-10
1e-05,1.0,0.0114295491681229,0.2537628013538671,1.1879839428827879e-10
1e-05,1.0,0.0114295491681229,0.2850896527178103,1.0930367778626552e-10
1e-05,1.0,0.0114295491681229,0.3202837833328603,1.0086261152124001e-10
1e-05,1.0,0.0114295491681229,0.3598226062857105,9.34650683151813e-11
1e-05,1.0,0.0114295491681229,0.4042424709954335,8.713182396169411e-11
1e-05,1.0,0.0114295491681229,0.4541459388650518,8.17618590268499e-11
1e-05,1.0,0.0114295491681229,0.5102099571075231,7.726856597230124e-11
1e-05,1.0,0.0114295491681229,0.573195041625182,7.347267159200815e-11
1e-05,1.0,0.0114295491681229,0.6439555935096224,7.009817568662581e-11
1e-05,1.0,0.0114295491681229,0.7234514891067266,6.674361617922623e-11
1e-05,1.0,0.0114295491681229,0.8127611008676167,6.308835839706496e-11
1e-05,1.0,0.0114295491681229,0.9130959256151152,5.892903929761271e-11
1e-05,1.0,0.0114295491681229,1.0258170186601063,5.417502191400733e-11
1e-05,1.0,0.0114295491681229,1.1524534566987763,4.885196685699281e-11
1e-05,1.0,0.0114295491681229,1.294723079942415,4.312520681288587e-11
1e-05,1.0,0.0114295491681229,1.4545557948495271,3.7254745649172275e-11
1e-05,1.0,0.0114295491681229,1.6341197535649394,3.1645083385183076e-11
1e-05,1.0,0.0114295491681229,1.835850765193496,2.6665973701813263e-11
1e-05,1.0,0.0114295491681229,2.062485337876194,2.2390863466410887e-11
1e-05,1.0,0.0114295491681229,2.3170977998889395,1.845372698466801e-11
1e-05,1.0,0.0114295491681229,2.6031420033166066,1.4867955654304328e-11
1e-05,1.0,0.0114295491681229,2.9244981760182918,1.1831586415744615e-11
1e-05,1.0,0.0114295491681229,3.285525557436941,9.46421961935468e-12
1e-05,1.0,0.0114295491681229,3.6911215322651687,7.569213457449985e-12
1e-05,1.0,0.0114295491681229,4.1467880641233,5.925779692159145e-12
1e-05,1.0,0.0114295491681229,4.658706330431421,4.5842748953889465e-12
1e-05,1.0,0.0114295491681229,5.233820570907402,3.5968983782267036e-12
1e-05,1.0,0.0114295491681229,5.879932287106996,2.8179601261079906e-12
1e-05,1.0,0.0114295491681229,6.605806070835402,2.1592125895009034e-12
1e-05,1.0,0.0114295491681229,7.421288497006765,1.6563714640625403e-12
1e-05,1.0,0.0114295491681229,8.337441693749241,1.2982668551785776e-12
1e-05,1.0,0.0114295491681229,9.366693401651878,9.96259540567696e-13
1e-05,1.0,0.0114295491681229,10.523005557727087,7.558953503956212e-13
1e-05,1.0,0.0114295491681229,11.822063690952728,5.916040839903369e-13
1e-05,1.0,0.0114295491681229,13.281489698569583,4.568772624868354e-13
1e-05,1.0,0.0114295491681229,14.921080889473224,3.462396500841918e-13
1e-05,1.0,0.0114295491681229,16.763078537355728,2.720993165404279e-13
1e-05,1.0,0.0114295491681229,18.83246958655666,2.1241691855831259e-13
1e-05,1.0,0.0114295491681229,21.157325603303395,1.6222018897350197e-13
1e-05,1.0,0.0114295491681229,23.769183570259635,1.2926388029099242e-13
1e-05,1.0,0.0114295491681229,26.70347368991138,1.025886222295361e-13
1e-05,1.0,0.0114295491681229,30.0,8.021278862422819e-14
1e-05,1.0,0.0122192246779934,0.1,2.2508450314474925e-10
1e-05,1.0,0.0122192246779934,0.1123449344020514,2.0880768386659545e-10
1e-05,1.0,0.0122192246779934,0.1262138428580125,1.9354352523569172e-10
1e-05,1.0,0.0122192246779934,0.1417948589651424,1.7903004460744174e-10
1e-05,1.0,0.0122192246779934,0.1592993412898707,1.651462650209295e-10
1e-05,1.0,0.0122192246779934,0.1789647404750054,1.5202138961097564e-10
1e-05,1.0,0.0122192246779934,0.2010578202894464,1.3971619032768573e-10
1e-05,1.0,0.0122192246779934,0.2258782763143731,1.2833985514345922e-10
1e-05,1.0,0.0122192246779934,0.2537628013538671,1.179994795220295e-10
1e-05,1.0,0.0122192246779934,0.2850896527178103,1.0862155352874207e-10
1e-05,1.0,0.0122192246779934,0.3202837833328603,1.002750726657265e-10
1e-05,1.0,0.0122192246779934,0.3598226062857105,9.29532056193242e-11
1e-05,1.0,0.0122192246779934,0.4042424709954335,8.667397502029967e-11
1e-05,1.0,0.0122192246779934,0.4541459388650518,8.134320522523874e-11
1e-05,1.0,0.0122192246779934,0.5102099571075231,7.687747577659174e-11
1e-05,1.0,0.0122192246779934,0.573195041625182,7.310003690700311e-11
1e-05,1.0,0.0122192246779934,0.6439555935096224,6.974235808166324e-11
1e-05,1.0,0.0122192246779934,0.7234514891067266,6.641355353695625e-11
1e-05,1.0,0.0122192246779934,0.8127611008676167,6.279668509042214e-11
1e-05,1.0,0.0122192246779934,0.9130959256151152,5.869028223250146e-11
1e-05,1.0,0.0122192246779934,1.0258170186601063,5.40030112436644e-11
1e-05,1.0,0.0122192246779934,1.1524534566987763,4.875498951902863e-11
1e-05,1.0,0.0122192246779934,1.294723079942415,4.310137436043673e-11
1e-05,1.0,0.0122192246779934,1.4545557948495271,3.728713008612886e-11
1e-05,1.0,0.0122192246779934,1.6341197535649394,3.170422415065134e-11
1e-05,1.0,0.0122192246779934,1.835850765193496,2.6717752293126976e-11
1e-05,1.0,0.0122192246779934,2.062485337876194,2.2428071013754613e-11
1e-05,1.0,0.0122192246779934,2.3170977998889395,1.848764737356181e-11
1e-05,1.0,0.0122192246779934,2.6031420033166066,1.4894243476553524e-11
1e-05,1.0,0.0122192246779934,2.9244981760182918,1.1845557258583315e-11
1e-05,1.0,0.0122192246779934,3.285525557436941,9.465614702346573e-12
1e-05,1.0,0.0122192246779934,3.6911215322651687,7.571438433030493e-12
1e-05,1.0,0.0122192246779934,4.1467880641233,5.928850785538975e-12
1e-05,1.0,0.0122192246779934,4.658706330431421,4.585017355312092e-12
1e-05,1.0,0.0122192246779934,5.233820570907402,3.5948223271255044e-12
1e-05,1.0,0.0122192246779934,5.879932287106996,2.8177413296398653e-12
1e-05,1.0,0.0122192246779934,6.605806070835402,2.1598571234558202e-12
1e-05,1.0,0.0122192246779934,7.421288497006765,1.6557380583404177e-12
1e-05,1.0,0.0122192246779934,8.337441693749241,1.297862032335301e-12
1e-05,1.0,0.0122192246779934,9.366693401651878,9.96565016340409e-13
1e-05,1.0,0.0122192246779934,10.523005557727087,7.55878075926608e-13
1e-05,1.0,0.0122192246779934,11.822063690952728,5.913868295161424e-13
1e-05,1.0,0.0122192246779934,13.281489698569583,4.57026126644438e-13
1e-05,1.0,0.0122192246779934,14.921080889473224,3.4631163467481137e-13
1e-05,1.0,0.0122192246779934,16.763078537355728,2.7193978087294405e-13
1e-05,1.0,0.0122192246779934,18.83246958655666,2.1248079998446063e-13
1e-05,1.0,0.0122192246779934,21.157325603303395,1.6224362646450126e-13
1e-05,1.0,0.0122192246779934,23.769183570259635,1.2920751913605037e-13
1e-05,1.0,0.0122192246779934,26.70347368991138,1.0260679840419156e-13
1e-05,1.0,0.0122192246779934,30.0,8.022193360029703e-14
1e-05,1.0,0.013063459418654,0.1,2.220470701764997e-10
1e-05,1.0,0.013063459418654,0.1123449344020514,2.0647436955271058e-10
1e-05,1.0,0.013063459418654,0.1262138428580125,1.9179740044871038e-10
1e-05,1.0,0.013063459418654,0.1417948589651424,1.7773117896773632e-10
1e-05,1.0,0.013063459418654,0.1592993412898707,1.6423566532402233e-10
1e-05,1.0,0.013063459418654,0.1789647404750054,1.5139957048802644e-10
1e-05,1.0,0.013063459418654,0.2010578202894464,1.3932152966882256e-10
1e-05,1.0,0.013063459418654,0.2258782763143731,1.281232013046607e-10
1e-05,1.0,0.013063459418654,0.2537628013538671,1.1792833148916272e-10
1e-05,1.0,0.013063459418654,0.2850896527178103,1.0867952163504474e-10
1e-05,1.0,0.013063459418654,0.3202837833328603,1.004375974140448e-10
1e-05,1.0,0.013063459418654,0.3598226062857105,9.319685290931965e-11
1e-05,1.0,0.013063459418654,0.4042424709954335,8.697785904559514e-11
1e-05,1.0,0.013063459418654,0.4541459388650518,8.169106296352709e-11
1e-05,1.0,0.013063459418654,0.5102099571075231,7.725486138263361e-11
1e-05,1.0,0.013063459418654,0.573195041625182,7.349756061572042e-11
1e-05,1.0,0.013063459418654,0.6439555935096224,7.015162170902131e-11
1e-05,1.0,0.013063459418654,0.7234514891067266,6.683096344201369e-11
1e-05,1.0,0.013063459418654,0.8127611008676167,6.321722175473579e-11
1e-05,1.0,0.013063459418654,0.9130959256151152,5.910521942885802e-11
1e-05,1.0,0.013063459418654,1.0258170186601063,5.4403687286600333e-11
1e-05,1.0,0.013063459418654,1.1524534566987763,4.9130554014698585e-11
1e-05,1.0,0.013063459418654,1.294723079942415,4.343933836976376e-11
1e-05,1.0,0.013063459418654,1.4545557948495271,3.757106771038693e-11
1e-05,1.0,0.013063459418654,1.6341197535649394,3.1919370090160634e-11
1e-05,1.0,0.013063459418654,1.835850765193496,2.685672272444875e-11
1e-05,1.0,0.013063459418654,2.062485337876194,2.2510443631058534e-11
1e-05,1.0,0.013063459418654,2.3170977998889395,1.8538133553618002e-11
1e-05,1.0,0.013063459418654,2.6031420033166066,1.491706525562882e-11
1e-05,1.0,0.013063459418654,2.9244981760182918,1.1846804498835386e-11
1e-05,1.0,0.013063459418654,3.285525557436941,9.454819764077653e-12
1e-05,1.0,0.013063459418654,3.6911215322651687,7.567918556348582e-12
1e-05,1.0,0.013063459418654,4.1467880641233,5.931829653355014e-12
1e-05,1.0,0.013063459418654,4.658706330431421,4.588799597113673e-12
1e-05,1.0,0.013063459418654,5.233820570907402,3.595680302310797e-12
1e-05,1.0,0.013063459418654,5.879932287106996,2.8198085551114187e-12
1e-05,1.0,0.013063459418654,6.605806070835402,2.1621595839360502e-12
1e-05,1.0,0.013063459418654,7.421288497006765,1.656316247021371e-12
1e-05,1.0,0.013063459418654,8.337441693749241,1.2979326381010558e-12
1e-05,1.0,0.013063459418654,9.366693401651878,9.97098056618235e-13
1e-05,1.0,0.013063459418654,10.523005557727087,7.558713891498911e-13
1e-05,1.0,0.013063459418654,11.822063690952728,5.910594044116809e-13
1e-05,1.0,0.013063459418654,13.281489698569583,4.571296380811754e-13
1e-05,1.0,0.013063459418654,14.921080889473224,3.463505437779465e-13
1e-05,1.0,0.013063459418654,16.763078537355728,2.7172437885587115e-13
1e-05,1.0,0.013063459418654,18.83246958655666,2.1251179352280008e-13
1e-05,1.0,0.013063459418654,21.157325603303395,1.62265258331445e-13
1e-05,1.0,0.013063459418654,23.769183570259635,1.2913672511559462e-13
1e-05,1.0,0.013063459418654,26.70347368991138,1.0261993528240372e-13
1e-05,1.0,0.013063459418654,30.0,8.022384306458541e-14
1e-05,1.0,0.0139660229253468,0.1,2.1833824226548266e-10
1e-05,1.0,0.0139660229253468,0.1123449344020514,2.0345171499174225e-10
1e-05,1.0,0.0139660229253468,0.1262138428580125,1.893551610633184e-10
1e-05,1.0,0.0139660229253468,0.1417948589651424,1.7574942971908862e-10
1e-05,1.0,0.0139660229253468,0.1592993412898707,1.6264924326639903e-10
1e-05,1.0,0.0139660229253468,0.1789647404750054,1.501168287321381e-10
1e-05,1.0,0.0139660229253468,0.2010578202894464,1.3828075667140204e-10
1e-05,1.0,0.0139660229253468,0.2258782763143731,1.2726933040326001e-10
1e-05,1.0,0.0139660229253468,0.2537628013538671,1.1723327665296668e-10
1e-05,1.0,0.0139660229253468,0.2850896527178103,1.0811762558725647e-10
1e-05,1.0,0.0139660229253468,0.3202837833328603,9.999126683136731e-11
1e-05,1.0,0.0139660229253468,0.3598226062857105,9.283845148570976e-11
1e-05,1.0,0.0139660229253468,0.4042424709954335,8.6686001398557e-11
1e-05,1.0,0.0139660229253468,0.4541459388650518,8.14483430672526e-11
1e-05,1.0,0.0139660229253468,0.5102099571075231,7.704501998324185e-11
1e-05,1.0,0.0139660229253468,0.573195041625182,7.331181067416578e-11
1e-05,1.0,0.0139660229253468,0.6439555935096224,6.998250930075422e-11
1e-05,1.0,0.0139660229253468,0.7234514891067266,6.667397173008929e-11
1e-05,1.0,0.0139660229253468,0.8127611008676167,6.306777162874934e-11
1e-05,1.0,0.0139660229253468,0.9130959256151152,5.895736681023534e-11
1e-05,1.0,0.0139660229253468,1.0258170186601063,5.425333768693077e-11
1e-05,1.0,0.0139660229253468,1.1524534566987763,4.897668200498024e-11
1e-05,1.0,0.0139660229253468,1.294723079942415,4.328025660952873e-11
1e-05,1.0,0.0139660229253468,1.4545557948495271,3.741126674961479e-11
1e-05,1.0,0.0139660229253468,1.6341197535649394,3.176275793598353e-11
1e-05,1.0,0.0139660229253468,1.835850765193496,2.6712276375863742e-11
1e-05,1.0,0.0139660229253468,2.062485337876194,2.2405636481471023e-11
1e-05,1.0,0.0139660229253468,2.3170977998889395,1.8490471009445614e-11
1e-05,1.0,0.0139660229253468,2.6031420033166066,1.490885958805798e-11
1e-05,1.0,0.0139660229253468,2.9244981760182918,1.185463022955446e-11
1e-05,1.0,0.0139660229253468,3.285525557436941,9.45914825784149e-12
1e-05,1.0,0.0139660229253468,3.6911215322651687,7.57107782699994e-12
1e-05,1.0,0.0139660229253468,4.1467880641233,5.935394247082918e-12
1e-05,1.0,0.0139660229253468,4.658706330431421,4.5895928051374964e-12
1e-05,1.0,0.0139660229253468,5.233820570907402,3.592683267078991e-12
1e-05,1.0,0.0139660229253468,5.879932287106996,2.818984908442461e-12
1e-05,1.0,0.0139660229253468,6.605806070835402,2.1624622746004327e-12
1e-05,1.0,0.0139660229253468,7.421288497006765,1.6557369510488238e-12
1e-05,1.0,0.0139660229253468,8.337441693749241,1.2971725483690214e-12
1e-05,1.0,0.0139660229253468,9.366693401651878,9.973501826110818e-13
1e-05,1.0,0.0139660229253468,10.523005557727087,7.558530656448497e-13
1e-05,1.0,0.0139660229253468,11.822063690952728,5.90688015769408e-13
1e-05,1.0,0.0139660229253468,13.281489698569583,4.572115306154456e-13
1e-05,1.0,0.0139660229253468,14.921080889473224,3.463843769854852e-13
1e-05,1.0,0.0139660229253468,16.763078537355728,2.715272884047572e-13
1e-05,1.0,0.0139660229253468,18.83246958655666,2.125369282345649e-13
1e-05,1.0,0.0139660229253468,21.157325603303395,1.6230605823422707e-13
1e-05,1.0,0.0139660229253468,23.769183570259635,1.2904652460767501e-13
1e-05,1.0,0.0139660229253468,26.70347368991138,1.026440419685311e-13
1e-05,1.0,0.0139660229253468,30.0,8.023032766768975e-14
1e-05,1.0,0.0149309451731285,0.1,2.1467602423576734e-10
1e-05,1.0,0.0149309451731285,0.1123449344020514,2.0044116709027592e-10
1e-05,1.0,0.0149309451731285,0.1262138428580125,1.8687312040457547e-10
1e-05,1.0,0.0149309451731285,0.1417948589651424,1.7367760573207156e-10
1e-05,1.0,0.0149309451731285,0.1592993412898707,1.6091359422866672e-10
1e-05,1.0,0.0149309451731285,0.1789647404750054,1.486498982169686e-10
1e-05,1.0,0.0149309451731285,0.2010578202894464,1.3703496586535705e-10
1e-05,1.0,0.0149309451731285,0.2258782763143731,1.2621050374676158e-10
1e-05,1.0,0.0149309451731285,0.2537628013538671,1.1633539176434142e-10
1e-05,1.0,0.0149309451731285,0.2850896527178103,1.0736785927999958e-10
1e-05,1.0,0.0149309451731285,0.3202837833328603,9.9364754096421e-11
1e-05,1.0,0.0149309451731285,0.3598226062857105,9.23101288659198e-11
1e-05,1.0,0.0149309451731285,0.4042424709954335,8.622942571735246e-11
1e-05,1.0,0.0149309451731285,0.4541459388650518,8.104475722740878e-11
1e-05,1.0,0.0149309451731285,0.5102099571075231,7.667904748489467e-11
1e-05,1.0,0.0149309451731285,0.573195041625182,7.297170016360315e-11
1e-05,1.0,0.0149309451731285,0.6439555935096224,6.966512840761347e-11
1e-05,1.0,0.0149309451731285,0.7234514891067266,6.638752150352383e-11
1e-05,1.0,0.0149309451731285,0.8127611008676167,6.282498886045802e-11
1e-05,1.0,0.0149309451731285,0.9130959256151152,5.877308957441308e-11
1e-05,1.0,0.0149309451731285,1.0258170186601063,5.4141784201309513e-11
1e-05,1.0,0.0149309451731285,1.1524534566987763,4.894693272273924e-11
1e-05,1.0,0.0149309451731285,1.294723079942415,4.333055604467174e-11
1e-05,1.0,0.0149309451731285,1.4545557948495271,3.752730966157285e-11
1e-05,1.0,0.0149309451731285,1.6341197535649394,3.191344690267199e-11
1e-05,1.0,0.0149309451731285,1.835850765193496,2.6860401993775228e-11
1e-05,1.0,0.0149309451731285,2.062485337876194,2.2537307620381644e-11
1e-05,1.0,0.0149309451731285,2.3170977998889395,1.8618045791335143e-11
1e-05,1.0,0.0149309451731285,2.6031420033166066,1.502154838033007e-11
1e-05,1.0,0.0149309451731285,2.9244981760182918,1.1940510379809405e-11
1e-05,1.0,0.0149309451731285,3.285525557436941,9.511871817738026e-12
1e-05,1.0,0.0149309451731285,3.6911215322651687,7.602574753059844e-12
1e-05,1.0,0.0149309451731285,4.1467880641233,5.953391111252098e-12
1e-05,1.0,0.0149309451731285,4.658706330431421,4.595598366568299e-12
1e-05,1.0,0.0149309451731285,5.233820570907402,3.5910249657515365e-12
1e-05,1.0,0.0149309451731285,5.879932287106996,2.8190027330123073e-12
1e-05,1.0,0.0149309451731285,6.605806070835402,2.1634847743061214e-12
1e-05,1.0,0.0149309451731285,7.421288497006765,1.6554764705577638e-12
1e-05,1.0,0.0149309451731285,8.337441693749241,1.2965422376628862e-12
1e-05,1.0,0.0149309451731285,9.366693401651878,9.976438945218421e-13
1e-05,1.0,0.0149309451731285,10.523005557727087,7.558492959816723e-13
1e-05,1.0,0.0149309451731285,11.822063690952728,5.902461196692362e-13
1e-05,1.0,0.0149309451731285,13.281489698569583,4.57211555923668e-13
1e-05,1.0,0.0149309451731285,14.921080889473224,3.4643090657581625e-13
1e-05,1.0,0.0149309451731285,16.763078537355728,2.713185728940322e-13
1e-05,1.0,0.0149309451731285,18.83246958655666,2.1254145804215281e-13
1e-05,1.0,0.0149309451731285,21.157325603303395,1.6236453810734433e-13
1e-05,1.0,0.0149309451731285,23.769183570259635,1.2894115018102148e-13
1e-05,1.0,0.0149309451731285,26.70347368991138,1.0266414914775811e-13
1e-05,1.0,0.0149309451731285,30.0,8.025219782054191e-14
1e-05,1.0,0.0159625345708383,0.1,2.1054563183305158e-10
1e-05,1.0,0.0159625345708383,0.1123449344020514,1.971361133792904e-10
1e-05,1.0,0.0159625345708383,0.1262138428580125,1.8426826777538423e-10
1e-05,1.0,0.0159625345708383,0.1417948589651424,1.7163670968413645e-10
1e-05,1.0,0.0159625345708383,0.1592993412898707,1.5936047612779348e-10
1e-05,1.0,0.0159625345708383,0.1789647404750054,1.474686115741037e-10
1e-05,1.0,0.0159625345708383,0.2010578202894464,1.361508419630469e-10
1e-05,1.0,0.0159625345708383,0.2258782763143731,1.2555779218975706e-10
1e-05,1.0,0.0159625345708383,0.2537628013538671,1.158649186093103e-10
1e-05,1.0,0.0159625345708383,0.2850896527178103,1.070602436668899e-10
1e-05,1.0,0.0159625345708383,0.3202837833328603,9.918878007668709e-11
1e-05,1.0,0.0159625345708383,0.3598226062857105,9.224107528502428e-11
1e-05,1.0,0.0159625345708383,0.4042424709954335,8.623811696622342e-11
1e-05,1.0,0.0159625345708383,0.4541459388650518,8.111343289349114e-11
1e-05,1.0,0.0159625345708383,0.5102099571075231,7.678824592125509e-11
1e-05,1.0,0.0159625345708383,0.573195041625182,7.31092785187566e-11
1e-05,1.0,0.0159625345708383,0.6439555935096224,6.981848798305403e-11
1e-05,1.0,0.0159625345708383,0.7234514891067266,6.654724498568347e-11
1e-05,1.0,0.0159625345708383,0.8127611008676167,6.297797909248974e-11
1e-05,1.0,0.0159625345708383,0.9130959256151152,5.890332604009578e-11
1e-05,1.0,0.0159625345708383,1.0258170186601063,5.423371566131475e-11
1e-05,1.0,0.0159625345708383,1.1524534566987763,4.898868781841589e-11
1e-05,1.0,0.0159625345708383,1.294723079942415,4.3313141891951e-11
1e-05,1.0,0.0159625345708383,1.4545557948495271,3.7448591461298786e-11
1e-05,1.0,0.0159625345708383,1.6341197535649394,3.177839167828335e-11
1e-05,1.0,0.0159625345708383,1.835850765193496,2.6685690906966348e-11
1e-05,1.0,0.0159625345708383,2.062485337876194,2.2363248649757966e-11
1e-05,1.0,0.0159625345708383,2.3170977998889395,1.8481860143793622e-11
1e-05,1.0,0.0159625345708383,2.6031420033166066,1.4919114474832795e-11
1e-05,1.0,0.0159625345708383,2.9244981760182918,1.1862377631510516e-11
1e-05,1.0,0.0159625345708383,3.285525557436941,9.450745018492581e-12
1e-05,1.0,0.0159625345708383,3.6911215322651687,7.566832607044624e-12
1e-05,1.0,0.0159625345708383,4.1467880641233,5.940099227324513e-12
1e-05,1.0,0.0159625345708383,4.658706330431421,4.592606121434024e-12
1e-05,1.0,0.0159625345708383,5.233820570907402,3.5883599305449275e-12
1e-05,1.0,0.0159625345708383,5.879932287106996,2.818531095629712e-12
1e-05,1.0,0.0159625345708383,6.605806070835402,2.16437097351748e-12
1e-05,1.0,0.0159625345708383,7.421288497006765,1.6549024005365732e-12
1e-05,1.0,0.0159625345708383,8.337441693749241,1.2958858562482001e-12
1e-05,1.0,0.0159625345708383,9.366693401651878,9.978789928989394e-13
1e-05,1.0,0.0159625345708383,10.523005557727087,7.559012409976874e-13
1e-05,1.0,0.0159625345708383,11.822063690952728,5.896820839372209e-13
1e-05,1.0,0.0159625345708383,13.281489698569583,4.572158628014727e-13
1e-05,1.0,0.0159625345708383,14.921080889473224,3.4650064038614857e-13
1e-05,1.0,0.0159625345708383,16.763078537355728,2.710993165310706e-13
1e-05,1.0,0.0159625345708383,18.83246958655666,2.1253710691249237e-13
1e-05,1.0,0.0159625345708383,21.157325603303395,1.6242983732030334e-13
1e-05,1.0,0.0159625345708383,23.769183570259635,1.288229592427277e-13
1e-05,1.0,0.0159625345708383,26.70347368991138,1.0267963719870335e-13
1e-05,1.0,0.0159625345708383,30.0,8.028307198640082e-14
1e-05,1.0,0.017065397198282,0.1,2.061171254423396e-10
1e-05,1.0,0.017065397198282,0.1123449344020514,1.9340155085163414e-10
1e-05,1.0,0.017065397198282,0.1262138428580125,1.810995276022985e-10
1e-05,1.0,0.017065397198282,0.1417948589651424,1.6891574442310944e-10
1e-05,1.0,0.017065397198282,0.1592993412898707,1.570077134711795e-10
1e-05,1.0,0.017065397198282,0.1789647404750054,1.4541477667613897e-10
1e-05,1.0,0.017065397198282,0.2010578202894464,1.3435172359053484e-10
1e-05,1.0,0.017065397198282,0.2258782763143731,1.2397696080988698e-10
1e-05,1.0,0.017065397198282,0.2537628013538671,1.1446481336269249e-10
1e-05,1.0,0.017065397198282,0.2850896527178103,1.0583125110342556e-10
1e-05,1.0,0.017065397198282,0.3202837833328603,9.810479447681474e-11
1e-05,1.0,0.017065397198282,0.3598226062857105,9.127139225871453e-11
1e-05,1.0,0.017065397198282,0.4042424709954335,8.535339282556881e-11
1e-05,1.0,0.017065397198282,0.4541459388650518,8.02937579167842e-11
1e-05,1.0,0.017065397198282,0.5102099571075231,7.601327208111149e-11
1e-05,1.0,0.017065397198282,0.573195041625182,7.236672119222364e-11
1e-05,1.0,0.017065397198282,0.6439555935096224,6.910405513799581e-11
1e-05,1.0,0.017065397198282,0.7234514891067266,6.58708991661612e-11
1e-05,1.0,0.017065397198282,0.8127611008676167,6.23548746121364e-11
1e-05,1.0,0.017065397198282,0.9130959256151152,5.83522347650881e-11
1e-05,1.0,0.017065397198282,1.0258170186601063,5.377244311373458e-11
1e-05,1.0,0.017065397198282,1.1524534566987763,4.8631188548031446e-11
1e-05,1.0,0.017065397198282,1.294723079942415,4.306173627469554e-11
1e-05,1.0,0.017065397198282,1.4545557948495271,3.728988800297874e-11
1e-05,1.0,0.017065397198282,1.6341197535649394,3.1682883274725006e-11
1e-05,1.0,0.017065397198282,1.835850765193496,2.6615285478444956e-11
1e-05,1.0,0.017065397198282,2.062485337876194,2.2300463251969544e-11
1e-05,1.0,0.017065397198282,2.3170977998889395,1.8443789726807395e-11
1e-05,1.0,0.017065397198282,2.6031420033166066,1.4900207197541837e-11
1e-05,1.0,0.017065397198282,2.9244981760182918,1.1849920520369155e-11
1e-05,1.0,0.017065397198282,3.285525557436941,9.434618718408656e-12
1e-05,1.0,0.017065397198282,3.6911215322651687,7.557642949052318e-12
1e-05,1.0,0.017065397198282,4.1467880641233,5.9393221289470165e-12
1e-05,1.0,0.017065397198282,4.658706330431421,4.59339510059811e-12
1e-05,1.0,0.017065397198282,5.233820570907402,3.586214475765522e-12
1e-05,1.0,0.017065397198282,5.879932287106996,2.8181631637117933e-12
1e-05,1.0,0.017065397198282,6.605806070835402,2.1655351198596033e-12
1e-05,1.0,0.017065397198282,7.421288497006765,1.654226428064692e-12
1e-05,1.0,0.017065397198282,8.337441693749241,1.2950759659787283e-12
1e-05,1.0,0.017065397198282,9.366693401651878,9.980963970678843e-13
1e-05,1.0,0.017065397198282,10.523005557727087,7.559841860933511e-13
1e-05,1.0,0.017065397198282,11.822063690952728,5.89076410468184e-13
1e-05,1.0,0.017065397198282,13.281489698569583,4.572326859252648e-13
1e-05,1.0,0.017065397198282,14.921080889473224,3.465811229226343e-13
1e-05,1.0,0.017065397198282,16.763078537355728,2.7086124720236565e-13
1e-05,1.0,0.017065397198282,18.83246958655666,2.1253348761198717e-13
1e-05,1.0,0.017065397198282,21.157325603303395,1.624887049413628e-13
1e-05,1.0,0.017065397198282,23.769183570259635,1.2869876065118157e-13
1e-05,1.0,0.017065397198282,26.70347368991138,1.0268590621436619e-13
1e-05,1.0,0.017065397198282,30.0,8.031900111477974e-14
1e-05,1.0,0.0182444573725259,0.1,2.020518476246841e-10
1e-05,1.0,0.0182444573725259,0.1123449344020514,1.9028682056303565e-10
1e-05,1.0,0.0182444573725259,0.1262138428580125,1.7879825234061402e-10
1e-05,1.0,0.0182444573725259,0.1417948589651424,1.6729150579901191e-10
1e-05,1.0,0.0182444573725259,0.1592993412898707,1.559448184559632e-10
1e-05,1.0,0.0182444573725259,0.1789647404750054,1.447871966057359e-10
1e-05,1.0,0.0182444573725259,0.2010578202894464,1.3407704429357104e-10
1e-05,1.0,0.0182444573725259,0.2258782763143731,1.239750922237093e-10
1e-05,1.0,0.0182444573725259,0.2537628013538671,1.1467574155568717e-10
1e-05,1.0,0.0182444573725259,0.2850896527178103,1.062273542520838e-10
1e-05,1.0,0.0182444573725259,0.3202837833328603,9.865518836839035e-11
1e-05,1.0,0.0182444573725259,0.3598226062857105,9.194645239511447e-11
1e-05,1.0,0.0182444573725259,0.4042424709954335,8.6121236548918e-11
1e-05,1.0,0.0182444573725259,0.4541459388650518,8.11318824946691e-11
1e-05,1.0,0.0182444573725259,0.5102099571075231,7.690042821273473e-11
1e-05,1.0,0.0182444573725259,0.573195041625182,7.32866613056932e-11
1e-05,1.0,0.0182444573725259,0.6439555935096224,7.00407663607317e-11
1e-05,1.0,0.0182444573725259,0.7234514891067266,6.681097727321292e-11
1e-05,1.0,0.0182444573725259,0.8127611008676167,6.328015999955091e-11
1e-05,1.0,0.0182444573725259,0.9130959256151152,5.923811699544407e-11
1e-05,1.0,0.0182444573725259,1.0258170186601063,5.459423728430548e-11
1e-05,1.0,0.0182444573725259,1.1524534566987763,4.9364792415557586e-11
1e-05,1.0,0.0182444573725259,1.294723079942415,4.3685640772251215e-11
1e-05,1.0,0.0182444573725259,1.4545557948495271,3.778801593391209e-11
1e-05,1.0,0.0182444573725259,1.6341197535649394,3.204720027249497e-11
1e-05,1.0,0.0182444573725259,1.835850765193496,2.6851635589159605e-11
1e-05,1.0,0.0182444573725259,2.062485337876194,2.24429795679004e-11
1e-05,1.0,0.0182444573725259,2.3170977998889395,1.8541512238230012e-11
1e-05,1.0,0.0182444573725259,2.6031420033166066,1.496061432212203e-11
1e-05,1.0,0.0182444573725259,2.9244981760182918,1.1876098121486713e-11
1e-05,1.0,0.0182444573725259,3.285525557436941,9.434457230638488e-12
1e-05,1.0,0.0182444573725259,3.6911215322651687,7.555252746739059e-12
1e-05,1.0,0.0182444573725259,4.1467880641233,5.940804622517388e-12
1e-05,1.0,0.0182444573725259,4.658706330431421,4.594276595829308e-12
1e-05,1.0,0.0182444573725259,5.233820570907402,3.5830187160156782e-12
1e-05,1.0,0.0182444573725259,5.879932287106996,2.8171170800896935e-12
1e-05,1.0,0.0182444573725259,6.605806070835402,2.166390293995285e-12
1e-05,1.0,0.0182444573725259,7.421288497006765,1.6537445939593193e-12
1e-05,1.0,0.0182444573725259,8.337441693749241,1.294106086499425e-12
1e-05,1.0,0.0182444573725259,9.366693401651878,9.982947664637888e-13
1e-05,1.0,0.0182444573725259,10.523005557727087,7.56042333797458e-13
1e-05,1.0,0.0182444573725259,11.822063690952728,5.885322025382158e-13
1e-05,1.0,0.0182444573725259,13.281489698569583,4.57272398161032e-13
1e-05,1.0,0.0182444573725259,14.921080889473224,3.4670303282086305e-13
1e-05,1.0,0.0182444573725259,16.763078537355728,2.705622580521937e-13
1e-05,1.0,0.0182444573725259,18.83246958655666,2.1256421981569367e-13
1e-05,1.0,0.0182444573725259,21.157325603303395,1.6253589653906333e-13
1e-05,1.0,0.0182444573725259,23.769183570259635,1.285892494803147e-13
1e-05,1.0,0.0182444573725259,26.70347368991138,1.0269307044835705e-13
1e-05,1.0,0.0182444573725259,30.0,8.036209794872152e-14
1e-05,1.0,0.0195049796351312,0.1,1.9689116791493058e-10
1e-05,1.0,0.0195049796351312,0.1123449344020514,1.8583555197583438e-10
1e-05,1.0,0.0195049796351312,0.1262138428580125,1.7492074807555945e-10
1e-05,1.0,0.0195049796351312,0.1417948589651424,1.6388025622665077e-10
1e-05,1.0,0.0195049796351312,0.1592993412898707,1.5293124283277278e-10
1e-05,1.0,0.0195049796351312,0.1789647404750054,1.4209895668675313e-10
1e-05,1.0,0.0195049796351312,0.2010578202894464,1.316724341271915e-10
1e-05,1.0,0.0195049796351312,0.2258782763143731,1.2181250413557404e-10
1e-05,1.0,0.0195049796351312,0.2537628013538671,1.1272094481686833e-10
1e-05,1.0,0.0195049796351312,0.2850896527178103,1.0446558292284254e-10
1e-05,1.0,0.0195049796351312,0.3202837833328603,9.705766062728003e-11
1e-05,1.0,0.0195049796351312,0.3598226062857105,9.048176307497645e-11
1e-05,1.0,0.0195049796351312,0.4042424709954335,8.475703617470081e-11
1e-05,1.0,0.0195049796351312,0.4541459388650518,7.984367028493088e-11
1e-05,1.0,0.0195049796351312,0.5102099571075231,7.566705515486216e-11
1e-05,1.0,0.0195049796351312,0.573195041625182,7.209336402556898e-11
1e-05,1.0,0.0195049796351312,0.6439555935096224,6.888321334160531e-11
1e-05,1.0,0.0195049796351312,0.7234514891067266,6.570141222040728e-11
1e-05,1.0,0.0195049796351312,0.8127611008676167,6.223879415434638e-11
1e-05,1.0,0.0195049796351312,0.9130959256151152,5.828855157017266e-11
1e-05,1.0,0.0195049796351312,1.0258170186601063,5.376302601801657e-11
1e-05,1.0,0.0195049796351312,1.1524534566987763,4.8672929583699175e-11
1e-05,1.0,0.0195049796351312,1.294723079942415,4.3142795833224553e-11
1e-05,1.0,0.0195049796351312,1.4545557948495271,3.7389994843771596e-11
1e-05,1.0,0.0195049796351312,1.6341197535649394,3.1767406385911634e-11
1e-05,1.0,0.0195049796351312,1.835850765193496,2.6651027083155292e-11
1e-05,1.0,0.0195049796351312,2.062485337876194,2.2295802652442983e-11
1e-05,1.0,0.0195049796351312,2.3170977998889395,1.8461690028131957e-11
1e-05,1.0,0.0195049796351312,2.6031420033166066,1.4932656958139545e-11
1e-05,1.0,0.0195049796351312,2.9244981760182918,1.1874292245746133e-11
1e-05,1.0,0.0195049796351312,3.285525557436941,9.434059163638198e-12
1e-05,1.0,0.0195049796351312,3.6911215322651687,7.553795027593794e-12
1e-05,1.0,0.0195049796351312,4.1467880641233,5.943661942209217e-12
1e-05,1.0,0.0195049796351312,4.658706330431421,4.596556022980866e-12
1e-05,1.0,0.0195049796351312,5.233820570907402,3.5802600302311863e-12
1e-05,1.0,0.0195049796351312,5.879932287106996,2.8159587772796073e-12
1e-05,1.0,0.0195049796351312,6.605806070835402,2.1672843339137452e-12
1e-05,1.0,0.0195049796351312,7.421288497006765,1.6536449533040692e-12
1e-05,1.0,0.0195049796351312,8.337441693749241,1.2930543961177521e-12
1e-05,1.0,0.0195049796351312,9.366693401651878,9.984521013691914e-13
1e-05,1.0,0.0195049796351312,10.523005557727087,7.561694683694101e-13
1e-05,1.0,0.0195049796351312,11.822063690952728,5.87962865054989e-13
1e-05,1.0,0.0195049796351312,13.281489698569583,4.5728152911442e-13
1e-05,1.0,0.0195049796351312,14.921080889473224,3.4687252551335393e-13
1e-05,1.0,0.0195049796351312,16.763078537355728,2.7022420197062723e-13
1e-05,1.0,0.0195049796351312,18.83246958655666,2.125654469025452e-13
1e-05,1.0,0.0195049796351312,21.157325603303395,1.6260000100667611e-13
1e-05,1.0,0.0195049796351312,23.769183570259635,1.2849036895221257e-13
1e-05,1.0,0.0195049796351312,26.70347368991138,1.026922207945935e-13
1e-05,1.0,0.0195049796351312,30.0,8.041359809473023e-14
1e-05,1.0,0.0208525922585009,0.1,1.9197340854701344e-10
1e-05,1.0,0.0208525922585009,0.1123449344020514,1.8186500456650485e-10
1e-05,1.0,0.0208525922585009,0.1262138428580125,1.7175518876721268e-10
1e-05,1.0,0.0208525922585009,0.1417948589651424,1.614014753239155e-10
1e-05,1.0,0.0208525922585009,0.1592993412898707,1.5102734980884771e-10
1e-05,1.0,0.0208525922585009,0.1789647404750054,1.4065583770820273e-10
1e-05,1.0,0.0208525922585009,0.2010578202894464,1.3060072741997723e-10
1e-05,1.0,0.0208525922585009,0.2258782763143731,1.2104196722887478e-10
1e-05,1.0,0.0208525922585009,0.2537628013538671,1.1218531051826285e-10
1e-05,1.0,0.0208525922585009,0.2850896527178103,1.0413712489579304e-10
1e-05,1.0,0.0208525922585009,0.3202837833328603,9.690477988899053e-11
1e-05,1.0,0.0208525922585009,0.3598226062857105,9.047228955447028e-11
1e-05,1.0,0.0208525922585009,0.4042424709954335,8.485416180832181e-11
1e-05,1.0,0.0208525922585009,0.4541459388650518,8.002469751233203e-11
1e-05,1.0,0.0208525922585009,0.5102099571075231,7.590745349695608e-11
1e-05,1.0,0.0208525922585009,0.573195041625182,7.237389875992741e-11
1e-05,1.0,0.0208525922585009,0.6439555935096224,6.918890431626583e-11
1e-05,1.0,0.0208525922585009,0.7234514891067266,6.602220614512768e-11
1e-05,1.0,0.0208525922585009,0.8127611008676167,6.256305602153661e-11
1e-05,1.0,0.0208525922585009,0.9130959256151152,5.860026087461711e-11
1e-05,1.0,0.0208525922585009,1.0258170186601063,5.4046224157739764e-11
1e-05,1.0,0.0208525922585009,1.1524534566987763,4.891492098881381e-11
1e-05,1.0,0.0208525922585009,1.294723079942415,4.3330512385557775e-11
1e-05,1.0,0.0208525922585009,1.4545557948495271,3.75163689520452e-11
1e-05,1.0,0.0208525922585009,1.6341197535649394,3.182804022582081e-11
1e-05,1.0,0.0208525922585009,1.835850765193496,2.66504970445707e-11
1e-05,1.0,0.0208525922585009,2.062485337876194,2.2261762633868037e-11
1e-05,1.0,0.0208525922585009,2.3170977998889395,1.8441987383015145e-11
1e-05,1.0,0.0208525922585009,2.6031420033166066,1.4928783675119473e-11
1e-05,1.0,0.0208525922585009,2.9244981760182918,1.187236250010393e-11
1e-05,1.0,0.0208525922585009,3.285525557436941,9.423686936302722e-12
1e-05,1.0,0.0208525922585009,3.6911215322651687,7.544623814686497e-12
1e-05,1.0,0.0208525922585009,4.1467880641233,5.942605722896813e-12
1e-05,1.0,0.0208525922585009,4.658706330431421,4.597186336155777e-12
1e-05,1.0,0.0208525922585009,5.233820570907402,3.576522224307646e-12
1e-05,1.0,0.0208525922585009,5.879932287106996,2.814196906846661e-12
1e-05,1.0,0.0208525922585009,6.605806070835402,2.16797080568225e-12
1e-05,1.0,0.0208525922585009,7.421288497006765,1.6536138460807394e-12
1e-05,1.0,0.0208525922585009,8.337441693749241,1.2918156269301431e-12
1e-05,1.0,0.0208525922585009,9.366693401651878,9.985743939586159e-13
1e-05,1.0,0.0208525922585009,10.523005557727087,7.563324461945996e-13
1e-05,1.0,0.0208525922585009,11.822063690952728,5.873235239161578e-13
1e-05,1.0,0.0208525922585009,13.281489698569583,4.572181816069533e-13
1e-05,1.0,0.0208525922585009,14.921080889473224,3.47015964879011e-13
1e-05,1.0,0.0208525922585009,16.763078537355728,2.6990171161320126e-13
1e-05,1.0,0.0208525922585009,18.83246958655666,2.1251819718093948e-13
1e-05,1.0,0.0208525922585009,21.157325603303395,1.6268951119429433e-13
1e-05,1.0,0.0208525922585009,23.769183570259635,1.2835477166674315e-13
1e-05,1.0,0.0208525922585009,26.70347368991138,1.026881957263196e-13
1e-05,1.0,0.0208525922585009,30.0,8.047109486243298e-14
1e-05,1.0,0.022293312376297,0.1,1.865737381449836e-10
1e-05,1.0,0.022293312376297,0.1123449344020514,1.7729617623769538e-10
1e-05,1.0,0.022293312376297,0.1262138428580125,1.678577991266502e-10
1e-05,1.0,0.022293312376297,0.1417948589651424,1.5807381196964325e-10
1e-05,1.0,0.022293312376297,0.1592993412898707,1.481666791135108e-10
1e-05,1.0,0.022293312376297,0.1789647404750054,1.3819720010160173e-10
1e-05,1.0,0.022293312376297,0.2010578202894464,1.2847690889645976e-10
1e-05,1.0,0.022293312376297,0.2258782763143731,1.1920379813634433e-10
1e-05,1.0,0.022293312376297,0.2537628013538671,1.1058886244556349e-10
1e-05,1.0,0.022293312376297,0.2850896527178103,1.0275357520004784e-10
1e-05,1.0,0.022293312376297,0.3202837833328603,9.570807567644573e-11
1e-05,1.0,0.022293312376297,0.3598226062857105,8.942827908849791e-11
1e-05,1.0,0.022293312376297,0.4042424709954335,8.392544924587646e-11
1e-05,1.0,0.022293312376297,0.4541459388650518,7.918572327197903e-11
1e-05,1.0,0.022293312376297,0.5102099571075231,7.51321669888602e-11
1e-05,1.0,0.022293312376297,0.573195041625182,7.16449539060635e-11
1e-05,1.0,0.022293312376297,0.6439555935096224,6.849696834194102e-11
1e-05,1.0,0.022293312376297,0.7234514891067266,6.537517317029463e-11
1e-05,1.0,0.022293312376297,0.8127611008676167,6.197321273922991e-11
1e-05,1.0,0.022293312376297,0.9130959256151152,5.808308456762675e-11
1e-05,1.0,0.022293312376297,1.0258170186601063,5.361670751352662e-11
1e-05,1.0,0.022293312376297,1.1524534566987763,4.8584942041577863e-11
1e-05,1.0,0.022293312376297,1.294723079942415,4.310141698496947e-11
1e-05,1.0,0.022293312376297,1.4545557948495271,3.737598363401565e-11
1e-05,1.0,0.022293312376297,1.6341197535649394,3.174732107784203e-11
1e-05,1.0,0.022293312376297,1.835850765193496,2.6591447474211653e-11
1e-05,1.0,0.022293312376297,2.062485337876194,2.2199032437179082e-11
1e-05,1.0,0.022293312376297,2.3170977998889395,1.8400605308409383e-11
1e-05,1.0,0.022293312376297,2.6031420033166066,1.49091594930812e-11
1e-05,1.0,0.022293312376297,2.9244981760182918,1.1860216255614421e-11
1e-05,1.0,0.022293312376297,3.285525557436941,9.405022233901098e-12
1e-05,1.0,0.022293312376297,3.6911215322651687,7.528460702220001e-12
1e-05,1.0,0.022293312376297,4.1467880641233,5.936575551544329e-12
1e-05,1.0,0.022293312376297,4.658706330431421,4.594396900600468e-12
1e-05,1.0,0.022293312376297,5.233820570907402,3.5708831796046597e-12
1e-05,1.0,0.022293312376297,5.879932287106996,2.8114358382688228e-12
1e-05,1.0,0.022293312376297,6.605806070835402,2.168285416273421e-12
1e-05,1.0,0.022293312376297,7.421288497006765,1.6533914543777275e-12
1e-05,1.0,0.022293312376297,8.337441693749241,1.2906677440093469e-12
1e-05,1.0,0.022293312376297,9.366693401651878,9.98841118333512e-13
1e-05,1.0,0.022293312376297,10.523005557727087,7.566539680945327e-13
1e-05,1.0,0.022293312376297,11.822063690952728,5.865951858874344e-13
1e-05,1.0,0.022293312376297,13.281489698569583,4.572351925851879e-13
1e-05,1.0,0.022293312376297,14.921080889473224,3.471389804674822e-13
1e-05,1.0,0.022293312376297,16.763078537355728,2.6965866534019236e-13
1e-05,1.0,0.022293312376297,18.83246958655666,2.12479404930246e-13
1e-05,1.0,0.022293312376297,21.157325603303395,1.6282688786771154e-13
1e-05,1.0,0.022293312376297,23.769183570259635,1.2820159068292764e-13
1e-05,1.0,0.022293312376297,26.70347368991138,1.0269921047241705e-13
1e-05,1.0,0.022293312376297,30.0,8.054160100559898e-14
1e-05,1.0,0.0238335728501356,0.1,1.815470317907493e-10
1e-05,1.0,0.0238335728501356,0.1123449344020514,1.7327241794759573e-10
1e-05,1.0,0.0238335728501356,0.1262138428580125,1.6466687954236834e-10
1e-05,1.0,0.0238335728501356,0.1417948589651424,1.5559020397303563e-10
1e-05,1.0,0.0238335728501356,0.1592993412898707,1.462647397707147e-10
1e-05,1.0,0.0238335728501356,0.1789647404750054,1.3678319352385707e-10
1e-05,1.0,0.0238335728501356,0.2010578202894464,1.2745736917265156e-10
1e-05,1.0,0.0238335728501356,0.2258782763143731,1.185081733277381e-10
1e-05,1.0,0.0238335728501356,0.2537628013538671,1.1015832501081676e-10
1e-05,1.0,0.0238335728501356,0.2850896527178103,1.0255238380330281e-10
1e-05,1.0,0.0238335728501356,0.3202837833328603,9.570218489938285e-11
1e-05,1.0,0.0238335728501356,0.3598226062857105,8.958538107416319e-11
1e-05,1.0,0.0238335728501356,0.4042424709954335,8.420625916659414e-11
1e-05,1.0,0.0238335728501356,0.4541459388650518,7.956202993876134e-11
1e-05,1.0,0.0238335728501356,0.5102099571075231,7.557724782132188e-11
1e-05,1.0,0.0238335728501356,0.573195041625182,7.2138451250371e-11
1e-05,1.0,0.0238335728501356,0.6439555935096224,6.902242919620702e-11
1e-05,1.0,0.0238335728501356,0.7234514891067266,6.592643542372416e-11
1e-05,1.0,0.0238335728501356,0.8127611008676167,6.254692185226429e-11
1e-05,1.0,0.0238335728501356,0.9130959256151152,5.866956702713729e-11
1e-05,1.0,0.0238335728501356,1.0258170186601063,5.4206286425158577e-11
1e-05,1.0,0.0238335728501356,1.1524534566987763,4.916621767740263e-11
1e-05,1.0,0.0238335728501356,1.294723079942415,4.3657814329536625e-11
1e-05,1.0,0.0238335728501356,1.4545557948495271,3.788633786682425e-11
1e-05,1.0,0.0238335728501356,1.6341197535649394,3.218489461133831e-11
1e-05,1.0,0.0238335728501356,1.835850765193496,2.693269739847597e-11
1e-05,1.0,0.0238335728501356,2.062485337876194,2.244073888982317e-11
1e-05,1.0,0.0238335728501356,2.3170977998889395,1.8586221665570385e-11
1e-05,1.0,0.0238335728501356,2.6031420033166066,1.5052747239885966e-11
1e-05,1.0,0.0238335728501356,2.9244981760182918,1.1961356115331191e-11
1e-05,1.0,0.0238335728501356,3.285525557436941,9.46644838550597e-12
1e-05,1.0,0.0238335728501356,3.6911215322651687,7.570990160223667e-12
1e-05,1.0,0.0238335728501356,4.1467880641233,5.975612687142117e-12
1e-05,1.0,0.0238335728501356,4.658706330431421,4.624288138401523e-12
1e-05,1.0,0.0238335728501356,5.233820570907402,3.586639456164119e-12
1e-05,1.0,0.0238335728501356,5.879932287106996,2.8201535241466015e-12
1e-05,1.0,0.0238335728501356,6.605806070835402,2.173688684689591e-12
1e-05,1.0,0.0238335728501356,7.421288497006765,1.654046073574325e-12
1e-05,1.0,0.0238335728501356,8.337441693749241,1.2892531030332125e-12
1e-05,1.0,0.0238335728501356,9.366693401651878,9.989654598663738e-13
1e-05,1.0,0.0238335728501356,10.523005557727087,7.569297364822629e-13
1e-05,1.0,0.0238335728501356,11.822063690952728,5.857310731370173e-13
1e-05,1.0,0.0238335728501356,13.281489698569583,4.571672448441375e-13
1e-05,1.0,0.0238335728501356,14.921080889473224,3.4727235721714785e-13
1e-05,1.0,0.0238335728501356,16.763078537355728,2.693206036187004e-13
1e-05,1.0,0.0238335728501356,18.83246958655666,2.1239821344123774e-13
1e-05,1.0,0.0238335728501356,21.157325603303395,1.6294661744117906e-13
1e-05,1.0,0.0238335728501356,23.769183570259635,1.2799970290099399e-13
1e-05,1.0,0.0238335728501356,26.70347368991138,1.0268080502411628e-13
1e-05,1.0,0.0238335728501356,30.0,8.05899623787746e-14
1e-05,1.0,0.025480250992521,0.1,1.7553767452412295e-10
1e-05,1.0,0.025480250992521,0.1123449344020514,1.682224278120289e-10
1e-05,1.0,0.025480250992521,0.1262138428580125,1.6043122605566254e-10
1e-05,1.0,0.025480250992521,0.1417948589651424,1.52061575527546e-10
1e-05,1.0,0.025480250992521,0.1592993412898707,1.4330670201921904e-10
1e-05,1.0,0.025480250992521,0.1789647404750054,1.3433011675670524e-10
1e-05,1.0,0.025480250992521,0.2010578202894464,1.2540628647380166e-10
1e-05,1.0,0.025480250992521,0.2258782763143731,1.1679582834696693e-10
1e-05,1.0,0.025480250992521,0.2537628013538671,1.0872111480839001e-10
1e-05,1.0,0.025480250992521,0.2850896527178103,1.0135318588455204e-10
1e-05,1.0,0.025480250992521,0.3202837833328603,9.470530673935677e-11
1e-05,1.0,0.025480250992521,0.3598226062857105,8.876186697155132e-11
1e-05,1.0,0.025480250992521,0.4042424709954335,8.351493469906189e-11
1e-05,1.0,0.025480250992521,0.4541459388650518,7.897218704349243e-11
1e-05,1.0,0.025480250992521,0.5102099571075231,7.506362361528897e-11
1e-05,1.0,0.025480250992521,0.573195041625182,7.167824764642594e-11
1e-05,1.0,0.025480250992521,0.6439555935096224,6.860027919849345e-11
1e-05,1.0,0.025480250992521,0.7234514891067266,6.55373134017566e-11
1e-05,1.0,0.025480250992521,0.8127611008676167,6.218845385768712e-11
1e-05,1.0,0.025480250992521,0.9130959256151152,5.833725180809056e-11
1e-05,1.0,0.025480250992521,1.0258170186601063,5.389717513170361e-11
1e-05,1.0,0.025480250992521,1.1524534566987763,4.8880744091527166e-11
1e-05,1.0,0.025480250992521,1.294723079942415,4.339234698078064e-11
1e-05,1.0,0.025480250992521,1.4545557948495271,3.7641177763179205e-11
1e-05,1.0,0.025480250992521,1.6341197535649394,3.1954519564662064e-11
1e-05,1.0,0.025480250992521,1.835850765193496,2.6711643350236727e-11
1e-05,1.0,0.025480250992521,2.062485337876194,2.2238244536893574e-11
1e-05,1.0,0.025480250992521,2.3170977998889395,1.8446037024922598e-11
1e-05,1.0,0.025480250992521,2.6031420033166066,1.497837235725865e-11
1e-05,1.0,0.025480250992521,2.9244981760182918,1.1923522241591494e-11
1e-05,1.0,0.025480250992521,3.285525557436941,9.43622081147692e-12
1e-05,1.0,0.025480250992521,3.6911215322651687,7.539936575414948e-12
1e-05,1.0,0.025480250992521,4.1467880641233,5.954745723108398e-12
1e-05,1.0,0.025480250992521,4.658706330431421,4.6091048385849926e-12
1e-05,1.0,0.025480250992521,5.233820570907402,3.5710471864725445e-12
1e-05,1.0,0.025480250992521,5.879932287106996,2.810357508557563e-12
1e-05,1.0,0.025480250992521,6.605806070835402,2.171493273528019e-12
1e-05,1.0,0.025480250992521,7.421288497006765,1.6537254809950647e-12
1e-05,1.0,0.025480250992521,8.337441693749241,1.2877199308338547e-12
1e-05,1.0,0.025480250992521,9.366693401651878,9.990518380048018e-13
1e-05,1.0,0.025480250992521,10.523005557727087,7.572603671479608e-13
1e-05,1.0,0.025480250992521,11.822063690952728,5.850981626469801e-13
1e-05,1.0,0.025480250992521,13.281489698569583,4.570644223562985e-13
1e-05,1.0,0.025480250992521,14.921080889473224,3.4759249008709244e-13
1e-05,1.0,0.025480250992521,16.763078537355728,2.6895990511366174e-13
1e-05,1.0,0.025480250992521,18.83246958655666,2.1239530466050104e-13
1e-05,1.0,0.025480250992521,21.157325603303395,1.6311529636548888e-13
1e-05,1.0,0.025480250992521,23.769183570259635,1.278500918802524e-13
1e-05,1.0,0.025480250992521,26.70347368991138,1.0268798278004285e-13
1e-05,1.0,0.025480250992521,30.0,8.065913699185522e-14
1e-05,1.0,0.0272406992742666,0.1,1.694125020034523e-10
1e-05,1.0,0.0272406992742666,0.1123449344020514,1.630008006204357e-10
1e-05,1.0,0.0272406992742666,0.1262138428580125,1.5596082646524437e-10
1e-05,1.0,0.0272406992742666,0.1417948589651424,1.4823541436732746e-10
1e-05,1.0,0.0272406992742666,0.1592993412898707,1.4000177013738248e-10
1e-05,1.0,0.0272406992742666,0.1789647404750054,1.3148642026577836e-10
1e-05,1.0,0.0272406992742666,0.2010578202894464,1.2294593509503262e-10
1e-05,1.0,0.0272406992742666,0.2258782763143731,1.1466536590257563e-10
1e-05,1.0,0.0272406992742666,0.2537628013538671,1.0687616343283504e-10
1e-05,1.0,0.0272406992742666,0.2850896527178103,9.975401476036362e-11
1e-05,1.0,0.0272406992742666,0.3202837833328603,9.331956032621488e-11
1e-05,1.0,0.0272406992742666,0.3598226062857105,8.755676331098772e-11
1e-05,1.0,0.0272406992742666,0.4042424709954335,8.245231856082458e-11
1e-05,1.0,0.0272406992742666,0.4541459388650518,7.80174307746948e-11
1e-05,1.0,0.0272406992742666,0.5102099571075231,7.418817797040473e-11
1e-05,1.0,0.0272406992742666,0.573195041625182,7.086290829589375e-11
1e-05,1.0,0.0272406992742666,0.6439555935096224,6.783126503467995e-11
1e-05,1.0,0.0272406992742666,0.7234514891067266,6.482069779159133e-11
1e-05,1.0,0.0272406992742666,0.8127611008676167,6.153863303751117e-11
1e-05,1.0,0.0272406992742666,0.9130959256151152,5.776918212831914e-11
1e-05,1.0,0.0272406992742666,1.0258170186601063,5.342640167436443e-11
1e-05,1.0,0.0272406992742666,1.1524534566987763,4.851974965720255e-11
1e-05,1.0,0.0272406992742666,1.294723079942415,4.314341041156485e-11
1e-05,1.0,0.0272406992742666,1.4545557948495271,3.749243535720464e-11
1e-05,1.0,0.0272406992742666,1.6341197535649394,3.187454990537012e-11
1e-05,1.0,0.0272406992742666,1.835850765193496,2.6658682630111636e-11
1e-05,1.0,0.0272406992742666,2.062485337876194,2.2174920762964342e-11
1e-05,1.0,0.0272406992742666,2.3170977998889395,1.839331234238405e-11
1e-05,1.0,0.0272406992742666,2.6031420033166066,1.4949217811913096e-11
1e-05,1.0,0.0272406992742666,2.9244981760182918,1.1904781276714495e-11
1e-05,1.0,0.0272406992742666,3.285525557436941,9.412967440550266e-12
1e-05,1.0,0.0272406992742666,3.6911215322651687,7.51791256001086e-12
1e-05,1.0,0.0272406992742666,4.1467880641233,5.946246510181795e-12
1e-05,1.0,0.0272406992742666,4.658706330431421,4.60770931060349e-12
1e-05,1.0,0.0272406992742666,5.233820570907402,3.566434833175644e-12
1e-05,1.0,0.0272406992742666,5.879932287106996,2.8070595393154543e-12
1e-05,1.0,0.0272406992742666,6.605806070835402,2.1715620508760946e-12
1e-05,1.0,0.0272406992742666,7.421288497006765,1.6540282028825774e-12
1e-05,1.0,0.0272406992742666,8.337441693749241,1.2857695624040279e-12
1e-05,1.0,0.0272406992742666,9.366693401651878,9.987940060358135e-13
1e-05,1.0,0.0272406992742666,10.523005557727087,7.575499841421153e-13
1e-05,1.0,0.0272406992742666,11.822063690952728,5.841918198380778e-13
1e-05,1.0,0.0272406992742666,13.281489698569583,4.567573476330395e-13
1e-05,1.0,0.0272406992742666,14.921080889473224,3.477691696623394e-13
1e-05,1.0,0.0272406992742666,16.763078537355728,2.6843048153205826e-13
1e-05,1.0,0.0272406992742666,18.83246958655666,2.1223681657874971e-13
1e-05,1.0,0.0272406992742666,21.157325603303395,1.6314335819505197e-13
1e-05,1.0,0.0272406992742666,23.769183570259635,1.276612881939751e-13
1e-05,1.0,0.0272406992742666,26.70347368991138,1.0261714254489245e-13
1e-05,1.0,0.0272406992742666,30.0,8.06965684449964e-14
1e-05,1.0,0.0291227781535133,0.1,1.633512689315016e-10
1e-05,1.0,0.0291227781535133,0.1123449344020514,1.5798317477510537e-10
1e-05,1.0,0.0291227781535133,0.1262138428580125,1.5182033661193598e-10
1e-05,1.0,0.0291227781535133,0.1417948589651424,1.4485436442291285e-10
1e-05,1.0,0.0291227781535133,0.1592993412898707,1.3724478960627242e-10
1e-05,1.0,0.0291227781535133,0.1789647404750054,1.2926147831276145e-10
1e-05,1.0,0.0291227781535133,0.2010578202894464,1.211566095461043e-10
1e-05,1.0,0.0291227781535133,0.2258782763143731,1.132406090729971e-10
1e-05,1.0,0.0291227781535133,0.2537628013538671,1.0575429227209178e-10
1e-05,1.0,0.0291227781535133,0.2850896527178103,9.88902769463066e-11
1e-05,1.0,0.0291227781535133,0.3202837833328603,9.267696353126897e-11
1e-05,1.0,0.0291227781535133,0.3598226062857105,8.710625794211302e-11
1e-05,1.0,0.0291227781535133,0.4042424709954335,8.215037800713774e-11
1e-05,1.0,0.0291227781535133,0.4541459388650518,7.78311447504894e-11
1e-05,1.0,0.0291227781535133,0.5102099571075231,7.408714129177607e-11
1e-05,1.0,0.0291227781535133,0.573195041625182,7.082335698018447e-11
1e-05,1.0,0.0291227781535133,0.6439555935096224,6.783561064782912e-11
1e-05,1.0,0.0291227781535133,0.7234514891067266,6.486343010680694e-11
1e-05,1.0,0.0291227781535133,0.8127611008676167,6.161805518089923e-11
1e-05,1.0,0.0291227781535133,0.9130959256151152,5.788155474607493e-11
1e-05,1.0,0.0291227781535133,1.0258170186601063,5.3566476715692e-11
1e-05,1.0,0.0291227781535133,1.1524534566987763,4.868361641774377e-11
1e-05,1.0,0.0291227781535133,1.294723079942415,4.332111520356424e-11
1e-05,1.0,0.0291227781535133,1.4545557948495271,3.766948679633997e-11
1e-05,1.0,0.0291227781535133,1.6341197535649394,3.202800970352248e-11
1e-05,1.0,0.0291227781535133,1.835850765193496,2.6764042094438245e-11
1e-05,1.0,0.0291227781535133,2.062485337876194,2.2220995128551523e-11
1e-05,1.0,0.0291227781535133,2.3170977998889395,1.841542785035341e-11
1e-05,1.0,0.0291227781535133,2.6031420033166066,1.497635465266896e-11
1e-05,1.0,0.0291227781535133,2.9244981760182918,1.1925022315304791e-11
1e-05,1.0,0.0291227781535133,3.285525557436941,9.415941369062895e-12
1e-05,1.0,0.0291227781535133,3.6911215322651687,7.509585358226715e-12
1e-05,1.0,0.0291227781535133,4.1467880641233,5.9477522429123975e-12
1e-05,1.0,0.0291227781535133,4.658706330431421,4.611816216533864e-12
1e-05,1.0,0.0291227781535133,5.233820570907402,3.5656358316036766e-12
1e-05,1.0,0.0291227781535133,5.879932287106996,2.805003489960151e-12
1e-05,1.0,0.0291227781535133,6.605806070835402,2.1728759773411574e-12
1e-05,1.0,0.0291227781535133,7.421288497006765,1.6548128273472998e-12
1e-05,1.0,0.0291227781535133,8.337441693749241,1.2842909509264382e-12
1e-05,1.0,0.0291227781535133,9.366693401651878,9.990966997876135e-13
1e-05,1.0,0.0291227781535133,10.523005557727087,7.583383021659493e-13
1e-05,1.0,0.0291227781535133,11.822063690952728,5.834855627191358e-13
1e-05,1.0,0.0291227781535133,13.281489698569583,4.568869944940237e-13
1e-05,1.0,0.0291227781535133,14.921080889473224,3.4818482070978403e-13
1e-05,1.0,0.0291227781535133,16.763078537355728,2.682487129974759e-13
1e-05,1.0,0.0291227781535133,18.83246958655666,2.122659812848252e-13
1e-05,1.0,0.0291227781535133,21.157325603303395,1.6337340151775133e-13
1e-05,1.0,0.0291227781535133,23.769183570259635,1.2757175191493209e-13
1e-05,1.0,0.0291227781535133,26.70347368991138,1.0265555486069445e-13
1e-05,1.0,0.0291227781535133,30.0,8.084636439176253e-14
1e-05,1.0,0.0311348911729281,0.1,1.5687264464595945e-10
1e-05,1.0,0.0311348911729281,0.1123449344020514,1.525670344614542e-10
1e-05,1.0,0.0311348911729281,0.1262138428580125,1.4730952712061697e-10
1e-05,1.0,0.0311348911729281,0.1417948589651424,1.411321325683449e-10
1e-05,1.0,0.0311348911729281,0.1592993412898707,1.341912378221598e-10
1e-05,1.0,0.0311348911729281,0.1789647404750054,1.267647744371502e-10
1e-05,1.0,0.0311348911729281,0.2010578202894464,1.1911449512918328e-10
1e-05,1.0,0.0311348911729281,0.2258782763143731,1.1158368783188169e-10
1e-05,1.0,0.0311348911729281,0.2537628013538671,1.0441300221883449e-10
1e-05,1.0,0.0311348911729281,0.2850896527178103,9.781502109172665e-11
1e-05,1.0,0.0311348911729281,0.3202837833328603,9.183177028302606e-11
1e-05,1.0,0.0311348911729281,0.3598226062857105,8.645900418773701e-11
1e-05,1.0,0.0311348911729281,0.4042424709954335,8.166280934146688e-11
1e-05,1.0,0.0311348911729281,0.4541459388650518,7.746423458580646e-11
1e-05,1.0,0.0311348911729281,0.5102099571075231,7.381094653375971e-11
1e-05,1.0,0.0311348911729281,0.573195041625182,7.061456671640478e-11
1e-05,1.0,0.0311348911729281,0.6439555935096224,6.767351354215819e-11
1e-05,1.0,0.0311348911729281,0.7234514891067266,6.473870624892166e-11
1e-05,1.0,0.0311348911729281,0.8127611008676167,6.152626677210906e-11
1e-05,1.0,0.0311348911729281,0.9130959256151152,5.7815065974023416e-11
1e-05,1.0,0.0311348911729281,1.0258170186601063,5.35175567980795e-11
1e-05,1.0,0.0311348911729281,1.1524534566987763,4.864929595379607e-11
1e-05,1.0,0.0311348911729281,1.294723079942415,4.3292795870669806e-11
1e-05,1.0,0.0311348911729281,1.4545557948495271,3.76411391432482e-11
1e-05,1.0,0.0311348911729281,1.6341197535649394,3.198759571358817e-11
1e-05,1.0,0.0311348911729281,1.835850765193496,2.6699916410357522e-11
1e-05,1.0,0.0311348911729281,2.062485337876194,2.213159763132453e-11
1e-05,1.0,0.0311348911729281,2.3170977998889395,1.8343606366608737e-11
1e-05,1.0,0.0311348911729281,2.6031420033166066,1.4950557084331082e-11
1e-05,1.0,0.0311348911729281,2.9244981760182918,1.192467309313811e-11
1e-05,1.0,0.0311348911729281,3.285525557436941,9.416407138351061e-12
1e-05,1.0,0.0311348911729281,3.6911215322651687,7.502153451992016e-12
1e-05,1.0,0.0311348911729281,4.1467880641233,5.948319630287847e-12
1e-05,1.0,0.0311348911729281,4.658706330431421,4.616206626364522e-12
1e-05,1.0,0.0311348911729281,5.233820570907402,3.564850984235231e-12
1e-05,1.0,0.0311348911729281,5.879932287106996,2.8017480107198733e-12
1e-05,1.0,0.0311348911729281,6.605806070835402,2.173522269983213e-12
1e-05,1.0,0.0311348911729281,7.421288497006765,1.6551052721798734e-12
1e-05,1.0,0.0311348911729281,8.337441693749241,1.2820482698688803e-12
1e-05,1.0,0.0311348911729281,9.366693401651878,9.985208022434529e-13
1e-05,1.0,0.0311348911729281,10.523005557727087,7.585078373614946e-13
1e-05,1.0,0.0311348911729281,11.822063690952728,5.82264379669263e-13
1e-05,1.0,0.0311348911729281,13.281489698569583,4.563473114411375e-13
1e-05,1.0,0.0311348911729281,14.921080889473224,3.4812150416622995e-13
1e-05,1.0,0.0311348911729281,16.763078537355728,2.676818355798185e-13
1e-05,1.0,0.0311348911729281,18.83246958655666,2.119204326177784e-13
1e-05,1.0,0.0311348911729281,21.157325603303395,1.6332475626742236e-13
1e-05,1.0,0.0311348911729281,23.769183570259635,1.2725611459681183e-13
1e-05,1.0,0.0311348911729281,26.70347368991138,1.0248943268051749e-13
1e-05,1.0,0.0311348911729281,30.0,8.085681000969615e-14
1e-05,1.0,0.0332860224817918,0.1,1.5027404249744515e-10
1e-05,1.0,0.0332860224817918,0.1123449344020514,1.4699492599091093e-10
1e-05,1.0,0.0332860224817918,0.1262138428580125,1.4259334635111134e-10
1e-05,1.0,0.0332860224817918,0.1417948589651424,1.3716651045703033e-10
1e-05,1.0,0.0332860224817918,0.1592993412898707,1.3086835523304288e-10
1e-05,1.0,0.0332860224817918,0.1789647404750054,1.2398794690549398e-10
1e-05,1.0,0.0332860224817918,0.2010578202894464,1.1678458843592198e-10
1e-05,1.0,0.0332860224817918,0.2258782763143731,1.0963958272537648e-10
1e-05,1.0,0.0332860224817918,0.2537628013538671,1.027927589727635e-10
1e-05,1.0,0.0332860224817918,0.2850896527178103,9.646445583763658e-11
1e-05,1.0,0.0332860224817918,0.3202837833328603,9.072065486291386e-11
1e-05,1.0,0.0332860224817918,0.3598226062857105,8.555424007353267e-11
1e-05,1.0,0.0332860224817918,0.4042424709954335,8.09231821810242e-11
1e-05,1.0,0.0332860224817918,0.4541459388650518,7.685358284715499e-11
1e-05,1.0,0.0332860224817918,0.5102099571075231,7.329690288548363e-11
1e-05,1.0,0.0332860224817918,0.573195041625182,7.017160681053063e-11
1e-05,1.0,0.0332860224817918,0.6439555935096224,6.72841844305713e-11
1e-05,1.0,0.0332860224817918,0.7234514891067266,6.440006944941581e-11
1e-05,1.0,0.0332860224817918,0.8127611008676167,6.124192624333705e-11
1e-05,1.0,0.0332860224817918,0.9130959256151152,5.758904331978875e-11
1e-05,1.0,0.0332860224817918,1.0258170186601063,5.3352521165249086e-11
1e-05,1.0,0.0332860224817918,1.1524534566987763,4.855091573843628e-11
1e-05,1.0,0.0332860224817918,1.294723079942415,4.325826823650407e-11
1e-05,1.0,0.0332860224817918,1.4545557948495271,3.765869181625907e-11
1e-05,1.0,0.0332860224817918,1.6341197535649394,3.2032297983516255e-11
1e-05,1.0,0.0332860224817918,1.835850765193496,2.6738208486868417e-11
1e-05,1.0,0.0332860224817918,2.062485337876194,2.2134766642456063e-11
1e-05,1.0,0.0332860224817918,2.3170977998889395,1.8328748889856447e-11
1e-05,1.0,0.0332860224817918,2.6031420033166066,1.4957941502355316e-11
1e-05,1.0,0.0332860224817918,2.9244981760182918,1.1939109552760266e-11
1e-05,1.0,0.0332860224817918,3.285525557436941,9.420909264370827e-12
1e-05,1.0,0.0332860224817918,3.6911215322651687,7.494669187326921e-12
1e-05,1.0,0.0332860224817918,4.1467880641233,5.94970560089418e-12
1e-05,1.0,0.0332860224817918,4.658706330431421,4.622364026862427e-12
1e-05,1.0,0.0332860224817918,5.233820570907402,3.5660472830557102e-12
1e-05,1.0,0.0332860224817918,5.879932287106996,2.8010982627295253e-12
1e-05,1.0,0.0332860224817918,6.605806070835402,2.1763564097939442e-12
1e-05,1.0,0.0332860224817918,7.421288497006765,1.6584880006443834e-12
1e-05,1.0,0.0332860224817918,8.337441693749241,1.282110453545943e-12
1e-05,1.0,0.0332860224817918,9.366693401651878,1.0003306245856435e-12
1e-05,1.0,0.0332860224817918,10.523005557727087,7.609718567902342e-13
1e-05,1.0,0.0332860224817918,11.822063690952728,5.834414718457038e-13
1e-05,1.0,0.0332860224817918,13.281489698569583,4.576184623618064e-13
1e-05,1.0,0.0332860224817918,14.921080889473224,3.4989662453768775e-13
1e-05,1.0,0.0332860224817918,16.763078537355728,2.6855384191516603e-13
1e-05,1.0,0.0332860224817918,18.83246958655666,2.1286420997560156e-13
1e-05,1.0,0.0332860224817918,21.157325603303395,1.6439754349160542e-13
1e-05,1.0,0.0332860224817918,23.769183570259635,1.2779367483428088e-13
1e-05,1.0,0.0332860224817918,26.70347368991138,1.0297395516360122e-13
1e-05,1.0,0.0332860224817918,30.0,8.133942249618387e-14
1e-05,1.0,0.035585776950514,0.1,1.4368448173167926e-10
1e-05,1.0,0.035585776950514,0.1123449344020514,1.4143269549608183e-10
1e-05,1.0,0.035585776950514,0.1262138428580125,1.3789590748194001e-10
1e-05,1.0,0.035585776950514,0.1417948589651424,1.33224729023445e-10
1e-05,1.0,0.035585776950514,0.1592993412898707,1.2758417107486556e-10
1e-05,1.0,0.035585776950514,0.1789647404750054,1.2125775735610662e-10
1e-05,1.0,0.035585776950514,0.2010578202894464,1.1452234541704381e-10
1e-05,1.0,0.035585776950514,0.2258782763143731,1.0776853406789992e-10
1e-05,1.0,0.035585776950514,0.2537628013538671,1.012558220859529e-10
1e-05,1.0,0.035585776950514,0.2850896527178103,9.520471422608305e-11
1e-05,1.0,0.035585776950514,0.3202837833328603,8.970755064016573e-11
1e-05,1.0,0.035585776950514,0.3598226062857105,8.475198281855276e-11
1e-05,1.0,0.035585776950514,0.4042424709954335,8.029646158851599e-11
1e-05,1.0,0.035585776950514,0.4541459388650518,7.636006054005026e-11
1e-05,1.0,0.035585776950514,0.5102099571075231,7.290620502347024e-11
1e-05,1.0,0.035585776950514,0.573195041625182,6.985608203236164e-11
1e-05,1.0,0.035585776950514,0.6439555935096224,6.702700303467184e-11
1e-05,1.0,0.035585776950514,0.7234514891067266,6.419841482591334e-11
1e-05,1.0,0.035585776950514,0.8127611008676167,6.10999703945718e-11
1e-05,1.0,0.035585776950514,0.9130959256151152,5.7511496106393645e-11
1e-05,1.0,0.035585776950514,1.0258170186601063,5.334206855124444e-11
1e-05,1.0,0.035585776950514,1.1524534566987763,4.861553826408769e-11
1e-05,1.0,0.035585776950514,1.294723079942415,4.339473449726874e-11
1e-05,1.0,0.035585776950514,1.4545557948495271,3.785072553498221e-11
1e-05,1.0,0.035585776950514,1.6341197535649394,3.224549076074758e-11
1e-05,1.0,0.035585776950514,1.835850765193496,2.6928918618281212e-11
1e-05,1.0,0.035585776950514,2.062485337876194,2.2260893432520158e-11
1e-05,1.0,0.035585776950514,2.3170977998889395,1.8394764985155412e-11
1e-05,1.0,0.035585776950514,2.6031420033166066,1.500921879174169e-11
1e-05,1.0,0.035585776950514,2.9244981760182918,1.1973203739377603e-11
1e-05,1.0,0.035585776950514,3.285525557436941,9.430374814857555e-12
1e-05,1.0,0.035585776950514,3.6911215322651687,7.482868678973896e-12
1e-05,1.0,0.035585776950514,4.1467880641233,5.946122254893068e-12
1e-05,1.0,0.035585776950514,4.658706330431421,4.624487537919778e-12
1e-05,1.0,0.035585776950514,5.233820570907402,3.564535647282972e-12
1e-05,1.0,0.035585776950514,5.879932287106996,2.795732623322527e-12
1e-05,1.0,0.035585776950514,6.605806070835402,2.175604005582804e-12
1e-05,1.0,0.035585776950514,7.421288497006765,1.6583865226288044e-12
1e-05,1.0,0.035585776950514,8.337441693749241,1.2792270866211153e-12
1e-05,1.0,0.035585776950514,9.366693401651878,9.9894456177395e-13
1e-05,1.0,0.035585776950514,10.523005557727087,7.60735847827904e-13
1e-05,1.0,0.035585776950514,11.822063690952728,5.817568584926561e-13
1e-05,1.0,0.035585776950514,13.281489698569583,4.56531243521118e-13
1e-05,1.0,0.035585776950514,14.921080889473224,3.4955335895455787e-13
1e-05,1.0,0.035585776950514,16.763078537355728,2.6759079072024555e-13
1e-05,1.0,0.035585776950514,18.83246958655666,2.1218354392748165e-13
1e-05,1.0,0.035585776950514,21.157325603303395,1.6412724167784603e-13
1e-05,1.0,0.035585776950514,23.769183570259635,1.2730939303434535e-13
1e-05,1.0,0.035585776950514,26.70347368991138,1.0263929026523177e-13
1e-05,1.0,0.035585776950514,30.0,8.125142069891452e-14
1e-05,1.0,0.0380444230566885,0.1,1.3660010724972623e-10
1e-05,1.0,0.0380444230566885,0.1123449344020514,1.3532217760210083e-10
1e-05,1.0,0.0380444230566885,0.1262138428580125,1.3262109811467748e-10
1e-05,1.0,0.0380444230566885,0.1417948589651424,1.28683327364363e-10
1e-05,1.0,0.0380444230566885,0.1592993412898707,1.2371665323482705e-10
1e-05,1.0,0.0380444230566885,0.1789647404750054,1.1795537851359932e-10
1e-05,1.0,0.0380444230566885,0.2010578202894464,1.1170449463920557e-10
1e-05,1.0,0.0380444230566885,0.2258782763143731,1.0534785341845873e-10
1e-05,1.0,0.0380444230566885,0.2537628013538671,9.917770813404114e-11
1e-05,1.0,0.0380444230566885,0.2850896527178103,9.340899532366892e-11
1e-05,1.0,0.0380444230566885,0.3202837833328603,8.816241541618423e-11
1e-05,1.0,0.0380444230566885,0.3598226062857105,8.342440729316877e-11
1e-05,1.0,0.0380444230566885,0.4042424709954335,7.915051028648724e-11
1e-05,1.0,0.0380444230566885,0.4541459388650518,7.535438291229813e-11
1e-05,1.0,0.0380444230566885,0.5102099571075231,7.200961018338493e-11
1e-05,1.0,0.0380444230566885,0.573195041625182,6.903982267137749e-11
1e-05,1.0,0.0380444230566885,0.6439555935096224,6.627520696991442e-11
1e-05,1.0,0.0380444230566885,0.7234514891067266,6.350803979478268e-11
1e-05,1.0,0.0380444230566885,0.8127611008676167,6.047622179529407e-11
1e-05,1.0,0.0380444230566885,0.9130959256151152,5.69514590980738e-11
1e-05,1.0,0.0380444230566885,1.0258170186601063,5.285042488066795e-11
1e-05,1.0,0.0380444230566885,1.1524534566987763,4.8221670505709033e-11
1e-05,1.0,0.0380444230566885,1.294723079942415,4.310817788412047e-11
1e-05,1.0,0.0380444230566885,1.4545557948495271,3.766838071288833e-11
1e-05,1.0,0.0380444230566885,1.6341197535649394,3.214773178364359e-11
1e-05,1.0,0.0380444230566885,1.835850765193496,2.6879989659359223e-11
1e-05,1.0,0.0380444230566885,2.062485337876194,2.2223816461660913e-11
1e-05,1.0,0.0380444230566885,2.3170977998889395,1.836328352897725e-11
1e-05,1.0,0.0380444230566885,2.6031420033166066,1.5025923325285106e-11
1e-05,1.0,0.0380444230566885,2.9244981760182918,1.2017223777313972e-11
1e-05,1.0,0.0380444230566885,3.285525557436941,9.471332870019505e-12
1e-05,1.0,0.0380444230566885,3.6911215322651687,7.500429907671915e-12
1e-05,1.0,0.0380444230566885,4.1467880641233,5.958224918384007e-12
1e-05,1.0,0.0380444230566885,4.658706330431421,4.634093045949075e-12
1e-05,1.0,0.0380444230566885,5.233820570907402,3.5650750254204133e-12
1e-05,1.0,0.0380444230566885,5.879932287106996,2.7902626834818173e-12
1e-05,1.0,0.0380444230566885,6.605806070835402,2.1747776707132435e-12
1e-05,1.0,0.0380444230566885,7.421288497006765,1.6586998449533207e-12
1e-05,1.0,0.0380444230566885,8.337441693749241,1.2764691691111288e-12
1e-05,1.0,0.0380444230566885,9.366693401651878,9.97497971651834e-13
1e-05,1.0,0.0380444230566885,10.523005557727087,7.608041593800799e-13
1e-05,1.0,0.0380444230566885,11.822063690952728,5.802182486763394e-13
1e-05,1.0,0.0380444230566885,13.281489698569583,4.555196092808e-13
1e-05,1.0,0.0380444230566885,14.921080889473224,3.4924802566985516e-13
1e-05,1.0,0.0380444230566885,16.763078537355728,2.6685654182919126e-13
1e-05,1.0,0.0380444230566885,18.83246958655666,2.1154443339321596e-13
1e-05,1.0,0.0380444230566885,21.157325603303395,1.6391853616280343e-13
1e-05,1.0,0.0380444230566885,23.769183570259635,1.268950786477719e-13
1e-05,1.0,0.0380444230566885,26.70347368991138,1.0236560268394682e-13
1e-05,1.0,0.0380444230566885,30.0,8.118435816160693e-14
1e-05,1.0,0.0406729387341756,0.1,1.2932278171084145e-10
1e-05,1.0,0.0406729387341756,0.1123449344020514,1.2905156261703514e-10
1e-05,1.0,0.0406729387341756,0.1262138428580125,1.2724320904171384e-10
1e-05,1.0,0.0406729387341756,0.1417948589651424,1.2408604073827017e-10
1e-05,1.0,0.0406729387341756,0.1592993412898707,1.198556541408435e-10
1e-05,1.0,0.0406729387341756,0.1789647404750054,1.1472810655161483e-10
1e-05,1.0,0.0406729387341756,0.2010578202894464,1.0899314748228029e-10
1e-05,1.0,0.0406729387341756,0.2258782763143731,1.0305367571083666e-10
1e-05,1.0,0.0406729387341756,0.2537628013538671,9.723736892256082e-11
1e-05,1.0,0.0406729387341756,0.2850896527178103,9.176226044968086e-11
1e-05,1.0,0.0406729387341756,0.3202837833328603,8.677002139672535e-11
1e-05,1.0,0.0406729387341756,0.3598226062857105,8.22522849933763e-11
1e-05,1.0,0.0406729387341756,0.4042424709954335,7.816720393908709e-11
1e-05,1.0,0.0406729387341756,0.4541459388650518,7.45156845516234e-11
1e-05,1.0,0.0406729387341756,0.5102099571075231,7.128668850516626e-11
1e-05,1.0,0.0406729387341756,0.573195041625182,6.840019341915062e-11
1e-05,1.0,0.0406729387341756,0.6439555935096224,6.570159130649793e-11
1e-05,1.0,0.0406729387341756,0.7234514891067266,6.29912090956344e-11
1e-05,1.0,0.0406729387341756,0.8127611008676167,6.001000477869789e-11
1e-05,1.0,0.0406729387341756,0.9130959256151152,5.6508204829625957e-11
1e-05,1.0,0.0406729387341756,1.0258170186601063,5.2415757806019554e-11
1e-05,1.0,0.0406729387341756,1.1524534566987763,4.783762592082468e-11
1e-05,1.0,0.0406729387341756,1.294723079942415,4.279565526650845e-11
1e-05,1.0,0.0406729387341756,1.4545557948495271,3.7423229842781544e-11
1e-05,1.0,0.0406729387341756,1.6341197535649394,3.195258224764203e-11
1e-05,1.0,0.0406729387341756,1.835850765193496,2.6707890799331685e-11
1e-05,1.0,0.0406729387341756,2.062485337876194,2.204713802565078e-11
1e-05,1.0,0.0406729387341756,2.3170977998889395,1.818426511557752e-11
1e-05,1.0,0.0406729387341756,2.6031420033166066,1.4899778001860135e-11
1e-05,1.0,0.0406729387341756,2.9244981760182918,1.1938208295742518e-11
1e-05,1.0,0.0406729387341756,3.285525557436941,9.416326201423056e-12
1e-05,1.0,0.0406729387341756,3.6911215322651687,7.450442130966977e-12
1e-05,1.0,0.0406729387341756,4.1467880641233,5.930977521497468e-12
1e-05,1.0,0.0406729387341756,4.658706330431421,4.6271471483334e-12
1e-05,1.0,0.0406729387341756,5.233820570907402,3.563410617441066e-12
1e-05,1.0,0.0406729387341756,5.879932287106996,2.785249062356771e-12
1e-05,1.0,0.0406729387341756,6.605806070835402,2.1746699011886307e-12
1e-05,1.0,0.0406729387341756,7.421288497006765,1.6604162261455e-12
1e-05,1.0,0.0406729387341756,8.337441693749241,1.2744414564057434e-12
1e-05,1.0,0.0406729387341756,9.366693401651878,9.972077480616259e-13
1e-05,1.0,0.0406729387341756,10.523005557727087,7.616087485255186e-13
1e-05,1.0,0.0406729387341756,11.822063690952728,5.799945892818481e-13
1e-05,1.0,0.0406729387341756,13.281489698569583,4.552481638788642e-13
1e-05,1.0,0.0406729387341756,14.921080889473224,3.496946127097759e-13
1e-05,1.0,0.0406729387341756,16.763078537355728,2.667472466386667e-13
1e-05,1.0,0.0406729387341756,18.83246958655666,2.1147567161890447e-13
1e-05,1.0,0.0406729387341756,21.157325603303395,1.64218432303114e-13
1e-05,1.0,0.0406729387341756,23.769183570259635,1.268601261676267e-13
1e-05,1.0,0.0406729387341756,26.70347368991138,1.0235148018909084e-13
1e-05,1.0,0.0406729387341756,30.0,8.131979640595664e-14
1e-05,1.0,0.0434830603899293,0.1,1.222458181613777e-10
1e-05,1.0,0.0434830603899293,0.1123449344020514,1.2302950050251352e-10
1e-05,1.0,0.0434830603899293,0.1262138428580125,1.2213234323665062e-10
1e-05,1.0,0.0434830603899293,0.1417948589651424,1.1981349855077525e-10
1e-05,1.0,0.0434830603899293,0.1592993412898707,1.1636642550163401e-10
1e-05,1.0,0.0434830603899293,0.1789647404750054,1.1191572656389069e-10
1e-05,1.0,0.0434830603899293,0.2010578202894464,1.0672888368175692e-10
1e-05,1.0,0.0434830603899293,0.2258782763143731,1.0122304797771472e-10
1e-05,1.0,0.0434830603899293,0.2537628013538671,9.577060467128771e-11
1e-05,1.0,0.0434830603899293,0.2850896527178103,9.059891977957325e-11
1e-05,1.0,0.0434830603899293,0.3202837833328603,8.586352426570217e-11
1e-05,1.0,0.0434830603899293,0.3598226062857105,8.156964631717572e-11
1e-05,1.0,0.0434830603899293,0.4042424709954335,7.76781615471988e-11
1e-05,1.0,0.0434830603899293,0.4541459388650518,7.41778362903903e-11
1e-05,1.0,0.0434830603899293,0.5102099571075231,7.106796532399723e-11
1e-05,1.0,0.0434830603899293,0.573195041625182,6.827031716610425e-11
1e-05,1.0,0.0434830603899293,0.6439555935096224,6.563894358772701e-11
1e-05,1.0,0.0434830603899293,0.7234514891067266,6.298481791045563e-11
1e-05,1.0,0.0434830603899293,0.8127611008676167,6.00397491029655e-11
1e-05,1.0,0.0434830603899293,0.9130959256151152,5.653111682641478e-11
1e-05,1.0,0.0434830603899293,1.0258170186601063,5.240681535670639e-11
1e-05,1.0,0.0434830603899293,1.1524534566987763,4.78290216094529e-11
1e-05,1.0,0.0434830603899293,1.294723079942415,4.2833658054284394e-11
1e-05,1.0,0.0434830603899293,1.4545557948495271,3.7503787660397906e-11
1e-05,1.0,0.0434830603899293,1.6341197535649394,3.205372617380633e-11
1e-05,1.0,0.0434830603899293,1.835850765193496,2.6797547252762675e-11
1e-05,1.0,0.0434830603899293,2.062485337876194,2.2093049351320683e-11
1e-05,1.0,0.0434830603899293,2.3170977998889395,1.817954109191795e-11
1e-05,1.0,0.0434830603899293,2.6031420033166066,1.4903957375713446e-11
1e-05,1.0,0.0434830603899293,2.9244981760182918,1.1956193028942487e-11
1e-05,1.0,0.0434830603899293,3.285525557436941,9.427549038419609e-12
1e-05,1.0,0.0434830603899293,3.6911215322651687,7.440804381570627e-12
1e-05,1.0,0.0434830603899293,4.1467880641233,5.922886517420775e-12
1e-05,1.0,0.0434830603899293,4.658706330431421,4.627117923115613e-12
1e-05,1.0,0.0434830603899293,5.233820570907402,3.5617793681069673e-12
1e-05,1.0,0.0434830603899293,5.879932287106996,2.7775079312225655e-12
1e-05,1.0,0.0434830603899293,6.605806070835402,2.172447915647359e-12
1e-05,1.0,0.0434830603899293,7.421288497006765,1.661086084204852e-12
1e-05,1.0,0.0434830603899293,8.337441693749241,1.2727697589017459e-12
1e-05,1.0,0.0434830603899293,9.366693401651878,9.961141939388679e-13
1e-05,1.0,0.0434830603899293,10.523005557727087,7.625776516241031e-13
1e-05,1.0,0.0434830603899293,11.822063690952728,5.79661068020883e-13
1e-05,1.0,0.0434830603899293,13.281489698569583,4.549011943434645e-13
1e-05,1.0,0.0434830603899293,14.921080889473224,3.5026244178198123e-13
1e-05,1.0,0.0434830603899293,16.763078537355728,2.6670682973117454e-13
1e-05,1.0,0.0434830603899293,18.83246958655666,2.1134624130375287e-13
1e-05,1.0,0.0434830603899293,21.157325603303395,1.6449076053008323e-13
1e-05,1.0,0.0434830603899293,23.769183570259635,1.268625834457265e-13
1e-05,1.0,0.0434830603899293,26.70347368991138,1.0227722358404999e-13
1e-05,1.0,0.0434830603899293,30.0,8.146594647337072e-14
1e-05,1.0,0.0464873353074313,0.1,1.1504137183103297e-10
1e-05,1.0,0.0464873353074313,0.1123449344020514,1.1686163529040338e-10
1e-05,1.0,0.0464873353074313,0.1262138428580125,1.16864106276955e-10
1e-05,1.0,0.0464873353074313,0.1417948589651424,1.1539732646870343e-10
1e-05,1.0,0.0464873353074313,0.1592993412898707,1.127555889474833e-10
1e-05,1.0,0.0464873353074313,0.1789647404750054,1.0900183942158371e-10
1e-05,1.0,0.0464873353074313,0.2010578202894464,1.0437735475848526e-10
1e-05,1.0,0.0464873353074313,0.2258782763143731,9.9314521862658e-11
1e-05,1.0,0.0464873353074313,0.2537628013538671,9.423488343686555e-11
1e-05,1.0,0.0464873353074313,0.2850896527178103,8.937397654568608e-11
1e-05,1.0,0.0464873353074313,0.3202837833328603,8.489784065322915e-11
1e-05,1.0,0.0464873353074313,0.3598226062857105,8.082954790153704e-11
1e-05,1.0,0.0464873353074313,0.4042424709954335,7.713630350174058e-11
1e-05,1.0,0.0464873353074313,0.4541459388650518,7.379311262002876e-11
1e-05,1.0,0.0464873353074313,0.5102099571075231,7.08071081484463e-11
1e-05,1.0,0.0464873353074313,0.573195041625182,6.810200167820882e-11
1e-05,1.0,0.0464873353074313,0.6439555935096224,6.554294549173618e-11
1e-05,1.0,0.0464873353074313,0.7234514891067266,6.294712376803408e-11
1e-05,1.0,0.0464873353074313,0.8127611008676167,6.002961396361505e-11
1e-05,1.0,0.0464873353074313,0.9130959256151152,5.650625546215395e-11
1e-05,1.0,0.0464873353074313,1.0258170186601063,5.234075023065711e-11
1e-05,1.0,0.0464873353074313,1.1524534566987763,4.773665417201369e-11
1e-05,1.0,0.0464873353074313,1.294723079942415,4.278921315002543e-11
1e-05,1.0,0.0464873353074313,1.4545557948495271,3.752086548950205e-11
1e-05,1.0,0.0464873353074313,1.6341197535649394,3.211143199993598e-11
1e-05,1.0,0.0464873353074313,1.835850765193496,2.686226150608665e-11
1e-05,1.0,0.0464873353074313,2.062485337876194,2.2127191679182704e-11
1e-05,1.0,0.0464873353074313,2.3170977998889395,1.8165907341113542e-11
1e-05,1.0,0.0464873353074313,2.6031420033166066,1.4897911721932627e-11
1e-05,1.0,0.0464873353074313,2.9244981760182918,1.1970531411618312e-11
1e-05,1.0,0.0464873353074313,3.285525557436941,9.44181110322904e-12
1e-05,1.0,0.0464873353074313,3.6911215322651687,7.437087300881748e-12
1e-05,1.0,0.0464873353074313,4.1467880641233,5.918357872581249e-12
1e-05,1.0,0.0464873353074313,4.658706330431421,4.632946860420327e-12
1e-05,1.0,0.0464873353074313,5.233820570907402,3.5667959802361553e-12
1e-05,1.0,0.0464873353074313,5.879932287106996,2.7747242479728083e-12
1e-05,1.0,0.0464873353074313,6.605806070835402,2.1734860354553553e-12
1e-05,1.0,0.0464873353074313,7.421288497006765,1.664271738518157e-12
1e-05,1.0,0.0464873353074313,8.337441693749241,1.2718876347173054e-12
1e-05,1.0,0.0464873353074313,9.366693401651878,9.956491379127942e-13
1e-05,1.0,0.0464873353074313,10.523005557727087,7.637090565789545e-13
1e-05,1.0,0.0464873353074313,11.822063690952728,5.79426841196008e-13
1e-05,1.0,0.0464873353074313,13.281489698569583,4.543309249861965e-13
1e-05,1.0,0.0464873353074313,14.921080889473224,3.5062622210651897e-13
1e-05,1.0,0.0464873353074313,16.763078537355728,2.666902900655477e-13
1e-05,1.0,0.0464873353074313,18.83246958655666,2.1104335291166537e-13
1e-05,1.0,0.0464873353074313,21.157325603303395,1.6472642933506823e-13
1e-05,1.0,0.0464873353074313,23.769183570259635,1.268197397308461e-13
1e-05,1.0,0.0464873353074313,26.70347368991138,1.0222541178233057e-13
1e-05,1.0,0.0464873353074313,30.0,8.158179672051725e-14
1e-05,1.0,0.0496991776707157,0.1,1.077895717965197e-10
1e-05,1.0,0.0496991776707157,0.1123449344020514,1.1064624136418309e-10
1e-05,1.0,0.0496991776707157,0.1262138428580125,1.1155169867138957e-10
1e-05,1.0,0.0496991776707157,0.1417948589651424,1.1098011099177499e-10
1e-05,1.0,0.0496991776707157,0.1592993412898707,1.0915115588157188e-10
1e-05,1.0,0.0496991776707157,0.1789647404750054,1.0611062216622685e-10
1e-05,1.0,0.0496991776707157,0.2010578202894464,1.020650651802452e-10
1e-05,1.0,0.0496991776707157,0.2258782763143731,9.745517085503878e-11
1e-05,1.0,0.0496991776707157,0.2537628013538671,9.275639559077354e-11
1e-05,1.0,0.0496991776707157,0.2850896527178103,8.821335519995344e-11
1e-05,1.0,0.0496991776707157,0.3202837833328603,8.399889050629334e-11
1e-05,1.0,0.0496991776707157,0.3598226062857105,8.015900175023637e-11
1e-05,1.0,0.0496991776707157,0.4042424709954335,7.666644511546719e-11
1e-05,1.0,0.0496991776707157,0.4541459388650518,7.34858173440596e-11
1e-05,1.0,0.0496991776707157,0.5102099571075231,7.062729286582938e-11
1e-05,1.0,0.0496991776707157,0.573195041625182,6.80184604648893e-11
1e-05,1.0,0.0496991776707157,0.6439555935096224,6.553609587966569e-11
1e-05,1.0,0.0496991776707157,0.7234514891067266,6.299705996487423e-11
1e-05,1.0,0.0496991776707157,0.8127611008676167,6.00966276423156e-11
1e-05,1.0,0.0496991776707157,0.9130959256151152,5.655268637336137e-11
1e-05,1.0,0.0496991776707157,1.0258170186601063,5.233942303829588e-11
1e-05,1.0,0.0496991776707157,1.1524534566987763,4.768166531384417e-11
1e-05,1.0,0.0496991776707157,1.294723079942415,4.275241957724352e-11
1e-05,1.0,0.0496991776707157,1.4545557948495271,3.7547668700363214e-11
1e-05,1.0,0.0496991776707157,1.6341197535649394,3.218063960134197e-11
1e-05,1.0,0.0496991776707157,1.835850765193496,2.6939094298813406e-11
1e-05,1.0,0.0496991776707157,2.062485337876194,2.216967281027288e-11
1e-05,1.0,0.0496991776707157,2.3170977998889395,1.814912283448734e-11
1e-05,1.0,0.0496991776707157,2.6031420033166066,1.486943476713189e-11
1e-05,1.0,0.0496991776707157,2.9244981760182918,1.1960043460025291e-11
1e-05,1.0,0.0496991776707157,3.285525557436941,9.431690365080107e-12
1e-05,1.0,0.0496991776707157,3.6911215322651687,7.410628236204538e-12
1e-05,1.0,0.0496991776707157,4.1467880641233,5.893801570975792e-12
1e-05,1.0,0.0496991776707157,4.658706330431421,4.6239725242683e-12
1e-05,1.0,0.0496991776707157,5.233820570907402,3.5627844548390793e-12
1e-05,1.0,0.0496991776707157,5.879932287106996,2.7647129818658753e-12
1e-05,1.0,0.0496991776707157,6.605806070835402,2.16873702924883e-12
1e-05,1.0,0.0496991776707157,7.421288497006765,1.663891747083514e-12
1e-05,1.0,0.0496991776707157,8.337441693749241,1.2696818219514759e-12
1e-05,1.0,0.0496991776707157,9.366693401651878,9.936291298491102e-13
1e-05,1.0,0.0496991776707157,10.523005557727087,7.641044532545067e-13
1e-05,1.0,0.0496991776707157,11.822063690952728,5.793476204203136e-13
1e-05,1.0,0.0496991776707157,13.281489698569583,4.5364436667846315e-13
1e-05,1.0,0.0496991776707157,14.921080889473224,3.509398158179864e-13
1e-05,1.0,0.0496991776707157,16.763078537355728,2.6672723372932306e-13
1e-05,1.0,0.0496991776707157,18.83246958655666,2.1076806654216002e-13
1e-05,1.0,0.0496991776707157,21.157325603303395,1.6485009716856367e-13
1e-05,1.0,0.0496991776707157,23.769183570259635,1.2683942842784198e-13
1e-05,1.0,0.0496991776707157,26.70347368991138,1.0211539419382607e-13
1e-05,1.0,0.0496991776707157,30.0,8.169115455232588e-14
1e-05,1.0,0.0531329284591305,0.1,1.0028979746485538e-10
1e-05,1.0,0.0531329284591305,0.1123449344020514,1.041429141086171e-10
1e-05,1.0,0.0531329284591305,0.1262138428580125,1.0594121856514196e-10
1e-05,1.0,0.0531329284591305,0.1417948589651424,1.0625534889982434e-10
1e-05,1.0,0.0531329284591305,0.1592993412898707,1.0523583347600957e-10
1e-05,1.0,0.0531329284591305,0.1789647404750054,1.0289949285063432e-10
1e-05,1.0,0.0531329284591305,0.2010578202894464,9.944131565745996e-11
1e-05,1.0,0.0531329284591305,0.2258782763143731,9.529546750448065e-11
1e-05,1.0,0.0531329284591305,0.2537628013538671,9.097171758230651e-11
1e-05,1.0,0.0531329284591305,0.2850896527178103,8.675321414583003e-11
1e-05,1.0,0.0531329284591305,0.3202837833328603,8.28042039350218e-11
1e-05,1.0,0.0531329284591305,0.3598226062857105,7.919521453286331e-11
1e-05,1.0,0.0531329284591305,0.4042424709954335,7.590319087567738e-11
1e-05,1.0,0.0531329284591305,0.4541459388650518,7.289055657683681e-11
1e-05,1.0,0.0531329284591305,0.5102099571075231,7.016290317155339e-11
1e-05,1.0,0.0531329284591305,0.573195041625182,6.765589165982661e-11
1e-05,1.0,0.0531329284591305,0.6439555935096224,6.525540952848601e-11
1e-05,1.0,0.0531329284591305,0.7234514891067266,6.27737485120007e-11
1e-05,1.0,0.0531329284591305,0.8127611008676167,5.988822825958787e-11
1e-05,1.0,0.0531329284591305,0.9130959256151152,5.633078545872851e-11
1e-05,1.0,0.0531329284591305,1.0258170186601063,5.208047148195656e-11
1e-05,1.0,0.0531329284591305,1.1524534566987763,4.7374592706059885e-11
1e-05,1.0,0.0531329284591305,1.294723079942415,4.2452294202807444e-11
1e-05,1.0,0.0531329284591305,1.4545557948495271,3.734650668786272e-11
1e-05,1.0,0.0531329284591305,1.6341197535649394,3.207181006444751e-11
1e-05,1.0,0.0531329284591305,1.835850765193496,2.6891672046286383e-11
1e-05,1.0,0.0531329284591305,2.062485337876194,2.2139463554189514e-11
1e-05,1.0,0.0531329284591305,2.3170977998889395,1.8101741683151786e-11
1e-05,1.0,0.0531329284591305,2.6031420033166066,1.483354916219849e-11
1e-05,1.0,0.0531329284591305,2.9244981760182918,1.1970791111675358e-11
1e-05,1.0,0.0531329284591305,3.285525557436941,9.460434230258657e-12
1e-05,1.0,0.0531329284591305,3.6911215322651687,7.42778194811591e-12
1e-05,1.0,0.0531329284591305,4.1467880641233,5.898757672592553e-12
1e-05,1.0,0.0531329284591305,4.658706330431421,4.637467499927136e-12
1e-05,1.0,0.0531329284591305,5.233820570907402,3.5743816366768552e-12
1e-05,1.0,0.0531329284591305,5.879932287106996,2.7656806685800566e-12
1e-05,1.0,0.0531329284591305,6.605806070835402,2.17026696967118e-12
1e-05,1.0,0.0531329284591305,7.421288497006765,1.667483625460756e-12
1e-05,1.0,0.0531329284591305,8.337441693749241,1.269668911197e-12
1e-05,1.0,0.0531329284591305,9.366693401651878,9.923981874956275e-13
1e-05,1.0,0.0531329284591305,10.523005557727087,7.6484285042472e-13
1e-05,1.0,0.0531329284591305,11.822063690952728,5.792992422688249e-13
1e-05,1.0,0.0531329284591305,13.281489698569583,4.5267971018440166e-13
1e-05,1.0,0.0531329284591305,14.921080889473224,3.5114759945699243e-13
1e-05,1.0,0.0531329284591305,16.763078537355728,2.6682519399037416e-13
1e-05,1.0,0.0531329284591305,18.83246958655666,2.1032795921533363e-13
1e-05,1.0,0.0531329284591305,21.157325603303395,1.6502755775360587e-13
1e-05,1.0,0.0531329284591305,23.769183570259635,1.2686327762744957e-13
1e-05,1.0,0.0531329284591305,26.70347368991138,1.0195068389269929e-13
1e-05,1.0,0.0531329284591305,30.0,8.179816893677942e-14
1e-05,1.0,0.0568039194802724,0.1,9.304752554202759e-11
1e-05,1.0,0.0568039194802724,0.1123449344020514,9.79614909583655e-11
1e-05,1.0,0.0568039194802724,0.1262138428580125,1.0071924120488223e-10
1e-05,1.0,0.0568039194802724,0.1417948589651424,1.0196606760676016e-10
1e-05,1.0,0.0568039194802724,0.1592993412898707,1.0178129082371326e-10
1e-05,1.0,0.0568039194802724,0.1789647404750054,1.0016745731847446e-10
1e-05,1.0,0.0568039194802724,0.2010578202894464,9.731531869773565e-11
1e-05,1.0,0.0568039194802724,0.2258782763143731,9.364950984788513e-11
1e-05,1.0,0.0568039194802724,0.2537628013538671,8.970492264885347e-11
1e-05,1.0,0.0568039194802724,0.2850896527178103,8.581277444355832e-11
1e-05,1.0,0.0568039194802724,0.3202837833328603,8.213487458120095e-11
1e-05,1.0,0.0568039194802724,0.3598226062857105,7.875859744359222e-11
1e-05,1.0,0.0568039194802724,0.4042424709954335,7.566642899911005e-11
1e-05,1.0,0.0568039194802724,0.4541459388650518,7.28263214364554e-11
1e-05,1.0,0.0568039194802724,0.5102099571075231,7.02328257903374e-11
1e-05,1.0,0.0568039194802724,0.573195041625182,6.782962332749637e-11
1e-05,1.0,0.0568039194802724,0.6439555935096224,6.551208020573044e-11
1e-05,1.0,0.0568039194802724,0.7234514891067266,6.307955678804977e-11
1e-05,1.0,0.0568039194802724,0.8127611008676167,6.019636657662921e-11
1e-05,1.0,0.0568039194802724,0.9130959256151152,5.66120835313296e-11
1e-05,1.0,0.0568039194802724,1.0258170186601063,5.230601110864269e-11
1e-05,1.0,0.0568039194802724,1.1524534566987763,4.751631055598962e-11
1e-05,1.0,0.0568039194802724,1.294723079942415,4.253014920433076e-11
1e-05,1.0,0.0568039194802724,1.4545557948495271,3.746678811409948e-11
1e-05,1.0,0.0568039194802724,1.6341197535649394,3.224290157765189e-11
1e-05,1.0,0.0568039194802724,1.835850765193496,2.7077872722040413e-11
1e-05,1.0,0.0568039194802724,2.062485337876194,2.2293233298452707e-11
1e-05,1.0,0.0568039194802724,2.3170977998889395,1.8183723628456854e-11
1e-05,1.0,0.0568039194802724,2.6031420033166066,1.4864223327035125e-11
1e-05,1.0,0.0568039194802724,2.9244981760182918,1.2007217995325629e-11
1e-05,1.0,0.0568039194802724,3.285525557436941,9.489474541019313e-12
1e-05,1.0,0.0568039194802724,3.6911215322651687,7.432306591496361e-12
1e-05,1.0,0.0568039194802724,4.1467880641233,5.888303338712969e-12
1e-05,1.0,0.0568039194802724,4.658706330431421,4.638200763959177e-12
1e-05,1.0,0.0568039194802724,5.233820570907402,3.5786996889826432e-12
1e-05,1.0,0.0568039194802724,5.879932287106996,2.761056524567458e-12
1e-05,1.0,0.0568039194802724,6.605806070835402,2.167377161491015e-12
1e-05,1.0,0.0568039194802724,7.421288497006765,1.6688362069226956e-12
1e-05,1.0,0.0568039194802724,8.337441693749241,1.2692974244702045e-12
1e-05,1.0,0.0568039194802724,9.366693401651878,9.899547947605007e-13
1e-05,1.0,0.0568039194802724,10.523005557727087,7.649944771414469e-13
1e-05,1.0,0.0568039194802724,11.822063690952728,5.793684407834846e-13
1e-05,1.0,0.0568039194802724,13.281489698569583,4.5140062580644777e-13
1e-05,1.0,0.0568039194802724,14.921080889473224,3.5126273288168476e-13
1e-05,1.0,0.0568039194802724,16.763078537355728,2.6694706870690746e-13
1e-05,1.0,0.0568039194802724,18.83246958655666,2.0986613496903408e-13
1e-05,1.0,0.0568039194802724,21.157325603303395,1.6511357264812855e-13
1e-05,1.0,0.0568039194802724,23.769183570259635,1.2696811146336473e-13
1e-05,1.0,0.0568039194802724,26.70347368991138,1.0179024205878008e-13
1e-05,1.0,0.0568039194802724,30.0,8.187911233143371e-14
1e-05,1.0,0.0607285418269992,0.1,8.536269372418017e-11
1e-05,1.0,0.0607285418269992,0.1123449344020514,9.12975906218213e-11
1e-05,1.0,0.0607285418269992,0.1262138428580125,9.50041850364399e-11
1e-05,1.0,0.0607285418269992,0.1417948589651424,9.716696119154949e-11
1e-05,1.0,0.0607285418269992,0.1592993412898707,9.781648090670002e-11
1e-05,1.0,0.0607285418269992,0.1789647404750054,9.691735096871606e-11
1e-05,1.0,0.0607285418269992,0.2010578202894464,9.467072419321722e-11
1e-05,1.0,0.0607285418269992,0.2258782763143731,9.149138940466651e-11
1e-05,1.0,0.0607285418269992,0.2537628013538671,8.792603625879836e-11
1e-05,1.0,0.0607285418269992,0.2850896527178103,8.435736836831425e-11
1e-05,1.0,0.0607285418269992,0.3202837833328603,8.095315669660496e-11
1e-05,1.0,0.0607285418269992,0.3598226062857105,7.780934427743335e-11
1e-05,1.0,0.0607285418269992,0.4042424709954335,7.491925196715513e-11
1e-05,1.0,0.0607285418269992,0.4541459388650518,7.225313226746529e-11
1e-05,1.0,0.0607285418269992,0.5102099571075231,6.979648292039414e-11
1e-05,1.0,0.0607285418269992,0.573195041625182,6.75034538445409e-11
1e-05,1.0,0.0607285418269992,0.6439555935096224,6.527198189384717e-11
1e-05,1.0,0.0607285418269992,0.7234514891067266,6.288703143477549e-11
1e-05,1.0,0.0607285418269992,0.8127611008676167,6.000709309710315e-11
1e-05,1.0,0.0607285418269992,0.9130959256151152,5.639903491760708e-11
1e-05,1.0,0.0607285418269992,1.0258170186601063,5.204563006592553e-11
1e-05,1.0,0.0607285418269992,1.1524534566987763,4.7183522072337607e-11
1e-05,1.0,0.0607285418269992,1.294723079942415,4.213540218956115e-11
1e-05,1.0,0.0607285418269992,1.4545557948495271,3.712589444503678e-11
1e-05,1.0,0.0607285418269992,1.6341197535649394,3.20190807819478e-11
1e-05,1.0,0.0607285418269992,1.835850765193496,2.6944559355417322e-11
1e-05,1.0,0.0607285418269992,2.062485337876194,2.2204952450978118e-11
1e-05,1.0,0.0607285418269992,2.3170977998889395,1.8094507383690386e-11
1e-05,1.0,0.0607285418269992,2.6031420033166066,1.4774596309433137e-11
1e-05,1.0,0.0607285418269992,2.9244981760182918,1.1972766331923169e-11
1e-05,1.0,0.0607285418269992,3.285525557436941,9.48979499307504e-12
1e-05,1.0,0.0607285418269992,3.6911215322651687,7.4349361990933e-12
1e-05,1.0,0.0607285418269992,4.1467880641233,5.878896596313483e-12
1e-05,1.0,0.0607285418269992,4.658706330431421,4.641397414567973e-12
1e-05,1.0,0.0607285418269992,5.233820570907402,3.5873451128628714e-12
1e-05,1.0,0.0607285418269992,5.879932287106996,2.762761605118018e-12
1e-05,1.0,0.0607285418269992,6.605806070835402,2.1679127064256494e-12
1e-05,1.0,0.0607285418269992,7.421288497006765,1.6742383991261219e-12
1e-05,1.0,0.0607285418269992,8.337441693749241,1.2731348549429618e-12
1e-05,1.0,0.0607285418269992,9.366693401651878,9.90920458685867e-13
1e-05,1.0,0.0607285418269992,10.523005557727087,7.681486993284263e-13
1e-05,1.0,0.0607285418269992,11.822063690952728,5.821959542616364e-13
1e-05,1.0,0.0607285418269992,13.281489698569583,4.5218126764562697e-13
1e-05,1.0,0.0607285418269992,14.921080889473224,3.5282774177710036e-13
1e-05,1.0,0.0607285418269992,16.763078537355728,2.6841582919855734e-13
1e-05,1.0,0.0607285418269992,18.83246958655666,2.1001380694479403e-13
1e-05,1.0,0.0607285418269992,21.157325603303395,1.6557044803435765e-13
1e-05,1.0,0.0607285418269992,23.769183570259635,1.271929702573033e-13
1e-05,1.0,0.0607285418269992,26.70347368991138,1.0155165392240523e-13
1e-05,1.0,0.0607285418269992,30.0,8.195828730145339e-14
1e-05,1.0,0.0649243190641871,0.1,7.782997034353606e-11
1e-05,1.0,0.0649243190641871,0.1123449344020514,8.487877629279284e-11
1e-05,1.0,0.0649243190641871,0.1262138428580125,8.961506514438599e-11
1e-05,1.0,0.0649243190641871,0.1417948589651424,9.273202401698848e-11
1e-05,1.0,0.0649243190641871,0.1592993412898707,9.421162417171737e-11
1e-05,1.0,0.0649243190641871,0.1789647404750054,9.402848992436513e-11
1e-05,1.0,0.0649243190641871,0.2010578202894464,9.238779911000636e-11
1e-05,1.0,0.0649243190641871,0.2258782763143731,8.970087784195697e-11
1e-05,1.0,0.0649243190641871,0.2537628013538671,8.65256284207695e-11
1e-05,1.0,0.0649243190641871,0.2850896527178103,8.327947576574036e-11
1e-05,1.0,0.0649243190641871,0.3202837833328603,8.014838944320314e-11
1e-05,1.0,0.0649243190641871,0.3598226062857105,7.723610502913218e-11
1e-05,1.0,0.0649243190641871,0.4042424709954335,7.45476458601324e-11
1e-05,1.0,0.0649243190641871,0.4541459388650518,7.205849927362239e-11
1e-05,1.0,0.0649243190641871,0.5102099571075231,6.974082136265953e-11
1e-05,1.0,0.0649243190641871,0.573195041625182,6.755988425171797e-11
1e-05,1.0,0.0649243190641871,0.6439555935096224,6.54134112941312e-11
1e-05,1.0,0.0649243190641871,0.7234514891067266,6.306743635233439e-11
1e-05,1.0,0.0649243190641871,0.8127611008676167,6.018906299679518e-11
1e-05,1.0,0.0649243190641871,0.9130959256151152,5.656058999654858e-11
1e-05,1.0,0.0649243190641871,1.0258170186601063,5.216292513640253e-11
1e-05,1.0,0.0649243190641871,1.1524534566987763,4.7218282784515544e-11
1e-05,1.0,0.0649243190641871,1.294723079942415,4.206720348246416e-11
1e-05,1.0,0.0649243190641871,1.4545557948495271,3.7021534379010944e-11
1e-05,1.0,0.0649243190641871,1.6341197535649394,3.1985598728949344e-11
1e-05,1.0,0.0649243190641871,1.835850765193496,2.6964141312453788e-11
1e-05,1.0,0.0649243190641871,2.062485337876194,2.223369439385029e-11
1e-05,1.0,0.0649243190641871,2.3170977998889395,1.8089651439265318e-11
1e-05,1.0,0.0649243190641871,2.6031420033166066,1.472934266248516e-11
1e-05,1.0,0.0649243190641871,2.9244981760182918,1.1954677688363918e-11
1e-05,1.0,0.0649243190641871,3.285525557436941,9.494643304641042e-12
1e-05,1.0,0.0649243190641871,3.6911215322651687,7.436047324434671e-12
1e-05,1.0,0.0649243190641871,4.1467880641233,5.863501036203829e-12
1e-05,1.0,0.0649243190641871,4.658706330431421,4.638455190562404e-12
1e-05,1.0,0.0649243190641871,5.233820570907402,3.592841703539233e-12
1e-05,1.0,0.0649243190641871,5.879932287106996,2.761846547576262e-12
1e-05,1.0,0.0649243190641871,6.605806070835402,2.1645542692608777e-12
1e-05,1.0,0.0649243190641871,7.421288497006765,1.675674330604733e-12
1e-05,1.0,0.0649243190641871,8.337441693749241,1.2738764685859103e-12
1e-05,1.0,0.0649243190641871,9.366693401651878,9.87649695730385e-13
1e-05,1.0,0.0649243190641871,10.523005557727087,7.674236644266001e-13
1e-05,1.0,0.0649243190641871,11.822063690952728,5.818845538840555e-13
1e-05,1.0,0.0649243190641871,13.281489698569583,4.4978484750350166e-13
1e-05,1.0,0.0649243190641871,14.921080889473224,3.517307719909827e-13
1e-05,1.0,0.0649243190641871,16.763078537355728,2.6762629446631693e-13
1e-05,1.0,0.0649243190641871,18.83246958655666,2.087136397234492e-13
1e-05,1.0,0.0649243190641871,21.157325603303395,1.6515520465041007e-13
1e-05,1.0,0.0649243190641871,23.769183570259635,1.2725123135126605e-13
1e-05,1.0,0.0649243190641871,26.70347368991138,1.0132005120376643e-13
1e-05,1.0,0.0649243190641871,30.0,8.196302900096809e-14
1e-05,1.0,0.06940998547201,0.1,7.016744591626327e-11
1e-05,1.0,0.06940998547201,0.1123449344020514,7.843405656423664e-11
1e-05,1.0,0.06940998547201,0.1262138428580125,8.424568503138125e-11
1e-05,1.0,0.06940998547201,0.1417948589651424,8.834307781543729e-11
1e-05,1.0,0.06940998547201,0.1592993412898707,9.067507999179616e-11
1e-05,1.0,0.06940998547201,0.1789647404750054,9.121228977816717e-11
1e-05,1.0,0.06940998547201,0.2010578202894464,9.018167735361825e-11
1e-05,1.0,0.06940998547201,0.2258782763143731,8.799644980068041e-11
1e-05,1.0,0.06940998547201,0.2537628013538671,8.520880934977799e-11
1e-05,1.0,0.06940998547201,0.2850896527178103,8.22869481513264e-11
1e-05,1.0,0.06940998547201,0.3202837833328603,7.94295743234895e-11
1e-05,1.0,0.06940998547201,0.3598226062857105,7.674308644675629e-11
1e-05,1.0,0.06940998547201,0.4042424709954335,7.425645987816957e-11
1e-05,1.0,0.06940998547201,0.4541459388650518,7.194397446291133e-11
1e-05,1.0,0.06940998547201,0.5102099571075231,6.977034105473315e-11
1e-05,1.0,0.06940998547201,0.573195041625182,6.770405083241779e-11
1e-05,1.0,0.06940998547201,0.6439555935096224,6.564180865628664e-11
1e-05,1.0,0.06940998547201,0.7234514891067266,6.333228720469177e-11
1e-05,1.0,0.06940998547201,0.8127611008676167,6.045305290158266e-11
1e-05,1.0,0.06940998547201,0.9130959256151152,5.679924210500113e-11
1e-05,1.0,0.06940998547201,1.0258170186601063,5.2351574881141174e-11
1e-05,1.0,0.06940998547201,1.1524534566987763,4.7315777492336256e-11
1e-05,1.0,0.06940998547201,1.294723079942415,4.204680894992932e-11
1e-05,1.0,0.06940998547201,1.4545557948495271,3.6917997978490947e-11
1e-05,1.0,0.06940998547201,1.6341197535649394,3.193977622818658e-11
1e-05,1.0,0.06940998547201,1.835850765193496,2.698464787628034e-11
1e-05,1.0,0.06940998547201,2.062485337876194,2.227571862571202e-11
1e-05,1.0,0.06940998547201,2.3170977998889395,1.8104559444491363e-11
1e-05,1.0,0.06940998547201,2.6031420033166066,1.4695819591377303e-11
1e-05,1.0,0.06940998547201,2.9244981760182918,1.193543302313022e-11
1e-05,1.0,0.06940998547201,3.285525557436941,9.500113533335384e-12
1e-05,1.0,0.06940998547201,3.6911215322651687,7.438527288633172e-12
1e-05,1.0,0.06940998547201,4.1467880641233,5.844324479003848e-12
1e-05,1.0,0.06940998547201,4.658706330431421,4.626694777400632e-12
1e-05,1.0,0.06940998547201,5.233820570907402,3.5893032093039235e-12
1e-05,1.0,0.06940998547201,5.879932287106996,2.753867890509082e-12
1e-05,1.0,0.06940998547201,6.605806070835402,2.152746822177174e-12
1e-05,1.0,0.06940998547201,7.421288497006765,1.67108800970901e-12
1e-05,1.0,0.06940998547201,8.337441693749241,1.2708681342426705e-12
1e-05,1.0,0.06940998547201,9.366693401651878,9.819019630673661e-13
1e-05,1.0,0.06940998547201,10.523005557727087,7.64961278737093e-13
1e-05,1.0,0.06940998547201,11.822063690952728,5.812699068662917e-13
1e-05,1.0,0.06940998547201,13.281489698569583,4.4770294539613863e-13
1e-05,1.0,0.06940998547201,14.921080889473224,3.512197950981349e-13
1e-05,1.0,0.06940998547201,16.763078537355728,2.681520206421748e-13
1e-05,1.0,0.06940998547201,18.83246958655666,2.0818806186155072e-13
1e-05,1.0,0.06940998547201,21.157325603303395,1.6518500517518234e-13
1e-05,1.0,0.06940998547201,23.769183570259635,1.275074285780074e-13
1e-05,1.0,0.06940998547201,26.70347368991138,1.0100834057561273e-13
1e-05,1.0,0.06940998547201,30.0,8.199697396249073e-14
1e-05,1.0,0.0742055696951029,0.1,6.249671589342928e-11
1e-05,1.0,0.0742055696951029,0.1123449344020514,7.220634587627195e-11
1e-05,1.0,0.0742055696951029,0.1262138428580125,7.924521966005907e-11
1e-05,1.0,0.0742055696951029,0.1417948589651424,8.438928782394203e-11
1e-05,1.0,0.0742055696951029,0.1592993412898707,8.759151197960101e-11
1e-05,1.0,0.0742055696951029,0.1789647404750054,8.886647837826695e-11
1e-05,1.0,0.0742055696951029,0.2010578202894464,8.843794115037853e-11
1e-05,1.0,0.0742055696951029,0.2258782763143731,8.675928393863296e-11
1e-05,1.0,0.0742055696951029,0.2537628013538671,8.437158787941859e-11
1e-05,1.0,0.0742055696951029,0.2850896527178103,8.176854815283543e-11
1e-05,1.0,0.0742055696951029,0.3202837833328603,7.918616945337354e-11
1e-05,1.0,0.0742055696951029,0.3598226062857105,7.672677919277453e-11
1e-05,1.0,0.0742055696951029,0.4042424709954335,7.443544773689924e-11
1e-05,1.0,0.0742055696951029,0.4541459388650518,7.229805613845787e-11
1e-05,1.0,0.0742055696951029,0.5102099571075231,7.027311211326054e-11
1e-05,1.0,0.0742055696951029,0.573195041625182,6.832106010215539e-11
1e-05,1.0,0.0742055696951029,0.6439555935096224,6.63391202007308e-11
1e-05,1.0,0.0742055696951029,0.7234514891067266,6.405875272088507e-11
1e-05,1.0,0.0742055696951029,0.8127611008676167,6.117651714275142e-11
1e-05,1.0,0.0742055696951029,0.9130959256151152,5.74976010650479e-11
1e-05,1.0,0.0742055696951029,1.0258170186601063,5.2995918364161586e-11
1e-05,1.0,0.0742055696951029,1.1524534566987763,4.785607756840178e-11
1e-05,1.0,0.0742055696951029,1.294723079942415,4.243146237209861e-11
1e-05,1.0,0.0742055696951029,1.4545557948495271,3.71287928504411e-11
1e-05,1.0,0.0742055696951029,1.6341197535649394,3.210291770151061e-11
1e-05,1.0,0.0742055696951029,1.835850765193496,2.716043636365361e-11
1e-05,1.0,0.0742055696951029,2.062485337876194,2.2430759449168733e-11
1e-05,1.0,0.0742055696951029,2.3170977998889395,1.820386796080496e-11
1e-05,1.0,0.0742055696951029,2.6031420033166066,1.4723724077862133e-11
1e-05,1.0,0.0742055696951029,2.9244981760182918,1.1958303959397161e-11
1e-05,1.0,0.0742055696951029,3.285525557436941,9.54804641736638e-12
1e-05,1.0,0.0742055696951029,3.6911215322651687,7.48433047305329e-12
1e-05,1.0,0.0742055696951029,4.1467880641233,5.863911967124326e-12
1e-05,1.0,0.0742055696951029,4.658706330431421,4.643960720395374e-12
1e-05,1.0,0.0742055696951029,5.233820570907402,3.6111944953749015e-12
1e-05,1.0,0.0742055696951029,5.879932287106996,2.7681055639707646e-12
1e-05,1.0,0.0742055696951029,6.605806070835402,2.1550864203352925e-12
1e-05,1.0,0.0742055696951029,7.421288497006765,1.6758355099748695e-12
1e-05,1.0,0.0742055696951029,8.337441693749241,1.274450729696529e-12
1e-05,1.0,0.0742055696951029,9.366693401651878,9.798748659128286e-13
1e-05,1.0,0.0742055696951029,10.523005557727087,7.652138218807049e-13
1e-05,1.0,0.0742055696951029,11.822063690952728,5.825779073954572e-13
1e-05,1.0,0.0742055696951029,13.281489698569583,4.4683944875766184e-13
1e-05,1.0,0.0742055696951029,14.921080889473224,3.510893369863462e-13
1e-05,1.0,0.0742055696951029,16.763078537355728,2.6868430369733117e-13
1e-05,1.0,0.0742055696951029,18.83246958655666,2.0767939421620118e-13
1e-05,1.0,0.0742055696951029,21.157325603303395,1.6509224939958433e-13
1e-05,1.0,0.0742055696951029,23.769183570259635,1.277093427859481e-13
1e-05,1.0,0.0742055696951029,26.70347368991138,1.0072030955700572e-13
1e-05,1.0,0.0742055696951029,30.0,8.197487920022091e-14
1e-05,1.0,0.0793324841711038,0.1,5.396264257069091e-11
1e-05,1.0,0.0793324841711038,0.1123449344020514,6.521252014484901e-11
1e-05,1.0,0.0793324841711038,0.1262138428580125,7.334758759504783e-11
1e-05,1.0,0.0793324841711038,0.1417948589651424,7.941263306242528e-11
1e-05,1.0,0.0793324841711038,0.1592993412898707,8.335836352485256e-11
1e-05,1.0,0.0793324841711038,0.1789647404750054,8.524985989707222e-11
1e-05,1.0,0.0793324841711038,0.2010578202894464,8.536618629672466e-11
1e-05,1.0,0.0793324841711038,0.2258782763143731,8.415078429796453e-11
1e-05,1.0,0.0793324841711038,0.2537628013538671,8.21479488378037e-11
1e-05,1.0,0.0793324841711038,0.2850896527178103,7.986359476795526e-11
1e-05,1.0,0.0793324841711038,0.3202837833328603,7.754859944302317e-11
1e-05,1.0,0.0793324841711038,0.3598226062857105,7.531720908738831e-11
1e-05,1.0,0.0793324841711038,0.4042424709954335,7.321941183809703e-11
1e-05,1.0,0.0793324841711038,0.4541459388650518,7.125015473163348e-11
1e-05,1.0,0.0793324841711038,0.5102099571075231,6.93769394302306e-11
1e-05,1.0,0.0793324841711038,0.573195041625182,6.754637210639479e-11
1e-05,1.0,0.0793324841711038,0.6439555935096224,6.56528731900423e-11
1e-05,1.0,0.0793324841711038,0.7234514891067266,6.343100866795812e-11
1e-05,1.0,0.0793324841711038,0.8127611008676167,6.059961638505017e-11
1e-05,1.0,0.0793324841711038,0.9130959256151152,5.6980825368991924e-11
1e-05,1.0,0.0793324841711038,1.0258170186601063,5.254517699417454e-11
1e-05,1.0,0.0793324841711038,1.1524534566987763,4.7448627866333356e-11
1e-05,1.0,0.0793324841711038,1.294723079942415,4.203158668526325e-11
1e-05,1.0,0.0793324841711038,1.4545557948495271,3.670484763887362e-11
1e-05,1.0,0.0793324841711038,1.6341197535649394,3.1734399862153224e-11
1e-05,1.0,0.0793324841711038,1.835850765193496,2.6953054834693687e-11
1e-05,1.0,0.0793324841711038,2.062485337876194,2.2334987029673284e-11
1e-05,1.0,0.0793324841711038,2.3170977998889395,1.8151703042173762e-11
1e-05,1.0,0.0793324841711038,2.6031420033166066,1.464957280765202e-11
1e-05,1.0,0.0793324841711038,2.9244981760182918,1.1876613236668871e-11
1e-05,1.0,0.0793324841711038,3.285525557436941,9.504020718109572e-12
1e-05,1.0,0.0793324841711038,3.6911215322651687,7.453844794267476e-12
1e-05,1.0,0.0793324841711038,4.1467880641233,5.821907705940973e-12
1e-05,1.0,0.0793324841711038,4.658706330431421,4.6071047866528285e-12
1e-05,1.0,0.0793324841711038,5.233820570907402,3.5941863057485805e-12
1e-05,1.0,0.0793324841711038,5.879932287106996,2.7566262638360526e-12
1e-05,1.0,0.0793324841711038,6.605806070835402,2.140598997923424e-12
1e-05,1.0,0.0793324841711038,7.421288497006765,1.6712861313556849e-12
1e-05,1.0,0.0793324841711038,8.337441693749241,1.2752317886305911e-12
1e-05,1.0,0.0793324841711038,9.366693401651878,9.773971447469251e-13
1e-05,1.0,0.0793324841711038,10.523005557727087,7.643564457772398e-13
1e-05,1.0,0.0793324841711038,11.822063690952728,5.836948601772882e-13
1e-05,1.0,0.0793324841711038,13.281489698569583,4.4576181849601557e-13
1e-05,1.0,0.0793324841711038,14.921080889473224,3.5061008878632185e-13
1e-05,1.0,0.0793324841711038,16.763078537355728,2.691970411392817e-13
1e-05,1.0,0.0793324841711038,18.83246958655666,2.0711977936393912e-13
1e-05,1.0,0.0793324841711038,21.157325603303395,1.6492052842177737e-13
1e-05,1.0,0.0793324841711038,23.769183570259635,1.2797744918327549e-13
1e-05,1.0,0.0793324841711038,26.70347368991138,1.0042171787471775e-13
1e-05,1.0,0.0793324841711038,30.0,8.191059154935581e-14
1e-05,1.0,0.0848136207378754,0.1,4.484439556001885e-11
1e-05,1.0,0.0848136207378754,0.1123449344020514,5.82347863691522e-11
1e-05,1.0,0.0848136207378754,0.1262138428580125,6.77882700274559e-11
1e-05,1.0,0.0848136207378754,0.1417948589651424,7.49194176040361e-11
1e-05,1.0,0.0848136207378754,0.1592993412898707,7.971335740928306e-11
1e-05,1.0,0.0848136207378754,0.1789647404750054,8.22916199360421e-11
1e-05,1.0,0.0848136207378754,0.2010578202894464,8.296584169879614e-11
1e-05,1.0,0.0848136207378754,0.2258782763143731,8.223092347288457e-11
1e-05,1.0,0.0848136207378754,0.2537628013538671,8.062023967764036e-11
1e-05,1.0,0.0848136207378754,0.2850896527178103,7.864880553356186e-11
1e-05,1.0,0.0848136207378754,0.3202837833328603,7.660408916741405e-11
1e-05,1.0,0.0848136207378754,0.3598226062857105,7.459856680593947e-11
1e-05,1.0,0.0848136207378754,0.4042424709954335,7.268930000214101e-11
1e-05,1.0,0.0848136207378754,0.4541459388650518,7.088791389095134e-11
1e-05,1.0,0.0848136207378754,0.5102099571075231,6.916148341069157e-11
1e-05,1.0,0.0848136207378754,0.573195041625182,6.745304532304262e-11
1e-05,1.0,0.0848136207378754,0.6439555935096224,6.564449826628557e-11
1e-05,1.0,0.0848136207378754,0.7234514891067266,6.346887829524868e-11
1e-05,1.0,0.0848136207378754,0.8127611008676167,6.066997714395993e-11
1e-05,1.0,0.0848136207378754,0.9130959256151152,5.70772480705824e-11
1e-05,1.0,0.0848136207378754,1.0258170186601063,5.265814838994342e-11
1e-05,1.0,0.0848136207378754,1.1524534566987763,4.754819982698171e-11
1e-05,1.0,0.0848136207378754,1.294723079942415,4.2070108172706744e-11
1e-05,1.0,0.0848136207378754,1.4545557948495271,3.663494983592837e-11
1e-05,1.0,0.0848136207378754,1.6341197535649394,3.159172996184553e-11
1e-05,1.0,0.0848136207378754,1.835850765193496,2.6885852220677512e-11
1e-05,1.0,0.0848136207378754,2.062485337876194,2.2334742294387505e-11
1e-05,1.0,0.0848136207378754,2.3170977998889395,1.8166256385849173e-11
1e-05,1.0,0.0848136207378754,2.6031420033166066,1.462892045525689e-11
1e-05,1.0,0.0848136207378754,2.9244981760182918,1.1829620846152934e-11
1e-05,1.0,0.0848136207378754,3.285525557436941,9.493895034838139e-12
1e-05,1.0,0.0848136207378754,3.6911215322651687,7.459472840602124e-12
1e-05,1.0,0.0848136207378754,4.1467880641233,5.814916165051542e-12
1e-05,1.0,0.0848136207378754,4.658706330431421,4.593438335386819e-12
1e-05,1.0,0.0848136207378754,5.233820570907402,3.5959531156470902e-12
1e-05,1.0,0.0848136207378754,5.879932287106996,2.7607340247134813e-12
1e-05,1.0,0.0848136207378754,6.605806070835402,2.1355279417920063e-12
1e-05,1.0,0.0848136207378754,7.421288497006765,1.6704830350918546e-12
1e-05,1.0,0.0848136207378754,8.337441693749241,1.277310572559649e-12
1e-05,1.0,0.0848136207378754,9.366693401651878,9.754623710466677e-13
1e-05,1.0,0.0848136207378754,10.523005557727087,7.632019571582278e-13
1e-05,1.0,0.0848136207378754,11.822063690952728,5.845433838748735e-13
1e-05,1.0,0.0848136207378754,13.281489698569583,4.4501123481295507e-13
1e-05,1.0,0.0848136207378754,14.921080889473224,3.5002765981734355e-13
1e-05,1.0,0.0848136207378754,16.763078537355728,2.6955888996602067e-13
1e-05,1.0,0.0848136207378754,18.83246958655666,2.0670726156354064e-13
1e-05,1.0,0.0848136207378754,21.157325603303395,1.6465360841843312e-13
1e-05,1.0,0.0848136207378754,23.769183570259635,1.2819366486691974e-13
1e-05,1.0,0.0848136207378754,26.70347368991138,1.0017983086618413e-13
1e-05,1.0,0.0848136207378754,30.0,8.183619333936787e-14
1e-05,1.0,0.0906734528462968,0.1,3.3894039486274225e-11
1e-05,1.0,0.0906734528462968,0.1123449344020514,5.080176827231175e-11
1e-05,1.0,0.0906734528462968,0.1262138428580125,6.204478600163043e-11
1e-05,1.0,0.0906734528462968,0.1417948589651424,7.041549824522532e-11
1e-05,1.0,0.0906734528462968,0.1592993412898707,7.610788936766984e-11
1e-05,1.0,0.0906734528462968,0.1789647404750054,7.937789987288154e-11
1e-05,1.0,0.0906734528462968,0.2010578202894464,8.062693508278313e-11
1e-05,1.0,0.0906734528462968,0.2258782763143731,8.035373492252011e-11
1e-05,1.0,0.0906734528462968,0.2537628013538671,7.913728663796618e-11
1e-05,1.0,0.0906734528462968,0.2850896527178103,7.748153420336778e-11
1e-05,1.0,0.0906734528462968,0.3202837833328603,7.569770754783877e-11
1e-05,1.0,0.0906734528462968,0.3598226062857105,7.392006878701995e-11
1e-05,1.0,0.0906734528462968,0.4042424709954335,7.219924679334417e-11
1e-05,1.0,0.0906734528462968,0.4541459388650518,7.055888727400703e-11
1e-05,1.0,0.0906734528462968,0.5102099571075231,6.897900758407702e-11
1e-05,1.0,0.0906734528462968,0.573195041625182,6.739159791109113e-11
1e-05,1.0,0.0906734528462968,0.6439555935096224,6.566672689855398e-11
1e-05,1.0,0.0906734528462968,0.7234514891067266,6.354451197834881e-11
1e-05,1.0,0.0906734528462968,0.8127611008676167,6.078358135291868e-11
1e-05,1.0,0.0906734528462968,0.9130959256151152,5.722492554013291e-11
1e-05,1.0,0.0906734528462968,1.0258170186601063,5.2831813531668516e-11
1e-05,1.0,0.0906734528462968,1.1524534566987763,4.771988100988284e-11
1e-05,1.0,0.0906734528462968,1.294723079942415,4.2192347305752414e-11
1e-05,1.0,0.0906734528462968,1.4545557948495271,3.665040364513017e-11
1e-05,1.0,0.0906734528462968,1.6341197535649394,3.149385140006366e-11
1e-05,1.0,0.0906734528462968,1.835850765193496,2.6819358325280787e-11
1e-05,1.0,0.0906734528462968,2.062485337876194,2.234332522332925e-11
1e-05,1.0,0.0906734528462968,2.3170977998889395,1.819882550053851e-11
1e-05,1.0,0.0906734528462968,2.6031420033166066,1.4632799761422645e-11
1e-05,1.0,0.0906734528462968,2.9244981760182918,1.1793253808288417e-11
1e-05,1.0,0.0906734528462968,3.285525557436941,9.488025877622241e-12
1e-05,1.0,0.0906734528462968,3.6911215322651687,7.473318361530944e-12
1e-05,1.0,0.0906734528462968,4.1467880641233,5.818059412011642e-12
1e-05,1.0,0.0906734528462968,4.658706330431421,4.5804873093819395e-12
1e-05,1.0,0.0906734528462968,5.233820570907402,3.5956575463938115e-12
1e-05,1.0,0.0906734528462968,5.879932287106996,2.7642861561213897e-12
1e-05,1.0,0.0906734528462968,6.605806070835402,2.1289150365094497e-12
1e-05,1.0,0.0906734528462968,7.421288497006765,1.6674496219697768e-12
1e-05,1.0,0.0906734528462968,8.337441693749241,1.278830511207732e-12
1e-05,1.0,0.0906734528462968,9.366693401651878,9.73492191940869e-13
1e-05,1.0,0.0906734528462968,10.523005557727087,7.612247561269604e-13
1e-05,1.0,0.0906734528462968,11.822063690952728,5.853647735075396e-13
1e-05,1.0,0.0906734528462968,13.281489698569583,4.4437975019972674e-13
1e-05,1.0,0.0906734528462968,14.921080889473224,3.490857475078867e-13
1e-05,1.0,0.0906734528462968,16.763078537355728,2.699605206067841e-13
1e-05,1.0,0.0906734528462968,18.83246958655666,2.0635951953067333e-13
1e-05,1.0,0.0906734528462968,21.157325603303395,1.6429262355478764e-13
1e-05,1.0,0.0906734528462968,23.769183570259635,1.2840475226927502e-13
1e-05,1.0,0.0906734528462968,26.70347368991138,9.9945868205412e-14
1e-05,1.0,0.0906734528462968,30.0,8.169943072685886e-14
1e-05,1.0,0.0969381448350081,0.1,1.6852087119337087e-11
1e-05,1.0,0.0969381448350081,0.1123449344020514,4.236878370203016e-11
1e-05,1.0,0.0969381448350081,0.1262138428580125,5.602858265231939e-11
1e-05,1.0,0.0969381448350081,0.1417948589651424,6.585366137657812e-11
1e-05,1.0,0.0969381448350081,0.1592993412898707,7.257280911161255e-11
1e-05,1.0,0.0969381448350081,0.1789647404750054,7.658563325338226e-11
1e-05,1.0,0.0969381448350081,0.2010578202894464,7.839680214371204e-11
1e-05,1.0,0.0969381448350081,0.2258782763143731,7.860653252353671e-11
1e-05,1.0,0.0969381448350081,0.2537628013538671,7.77735315495022e-11
1e-05,1.0,0.0969381448350081,0.2850896527178103,7.64301426316491e-11
1e-05,1.0,0.0969381448350081,0.3202837833328603,7.491499355130546e-11
1e-05,1.0,0.0969381448350081,0.3598226062857105,7.335532261517274e-11
1e-05,1.0,0.0969381448350081,0.4042424709954335,7.182397140815271e-11
1e-05,1.0,0.0969381448350081,0.4541459388650518,7.03455175775592e-11
1e-05,1.0,0.0969381448350081,0.5102099571075231,6.89033837871812e-11
1e-05,1.0,0.0969381448350081,0.573195041625182,6.743895071037988e-11
1e-05,1.0,0.0969381448350081,0.6439555935096224,6.5796416882256e-11
1e-05,1.0,0.0969381448350081,0.7234514891067266,6.373029755590379e-11
1e-05,1.0,0.0969381448350081,0.8127611008676167,6.101664281364729e-11
1e-05,1.0,0.0969381448350081,0.9130959256151152,5.7496603127797206e-11
1e-05,1.0,0.0969381448350081,1.0258170186601063,5.31356100615886e-11
1e-05,1.0,0.0969381448350081,1.1524534566987763,4.803117788586139e-11
1e-05,1.0,0.0969381448350081,1.294723079942415,4.2459753188045496e-11
1e-05,1.0,0.0969381448350081,1.4545557948495271,3.6808372932216056e-11
1e-05,1.0,0.0969381448350081,1.6341197535649394,3.150506597996298e-11
1e-05,1.0,0.0969381448350081,1.835850765193496,2.678201292399917e-11
1e-05,1.0,0.0969381448350081,2.062485337876194,2.236933767593627e-11
1e-05,1.0,0.0969381448350081,2.3170977998889395,1.8248103412269427e-11
1e-05,1.0,0.0969381448350081,2.6031420033166066,1.4654884831127196e-11
1e-05,1.0,0.0969381448350081,2.9244981760182918,1.176499725535568e-11
1e-05,1.0,0.0969381448350081,3.285525557436941,9.479803490482535e-12
1e-05,1.0,0.0969381448350081,3.6911215322651687,7.491918758441537e-12
1e-05,1.0,0.0969381448350081,4.1467880641233,5.833990814735311e-12
1e-05,1.0,0.0969381448350081,4.658706330431421,4.5777596304380964e-12
1e-05,1.0,0.0969381448350081,5.233820570907402,3.6046565933642523e-12
1e-05,1.0,0.0969381448350081,5.879932287106996,2.7789706511718498e-12
1e-05,1.0,0.0969381448350081,6.605806070835402,2.133367384392679e-12
1e-05,1.0,0.0969381448350081,7.421288497006765,1.6705925052846533e-12
1e-05,1.0,0.0969381448350081,8.337441693749241,1.2853701240891312e-12
1e-05,1.0,0.0969381448350081,9.366693401651878,9.759259172739593e-13
1e-05,1.0,0.0969381448350081,10.523005557727087,7.61025929255495e-13
1e-05,1.0,0.0969381448350081,11.822063690952728,5.865984974027506e-13
1e-05,1.0,0.0969381448350081,13.281489698569583,4.4422807791941216e-13
1e-05,1.0,0.0969381448350081,14.921080889473224,3.4798969508638297e-13
1e-05,1.0,0.0969381448350081,16.763078537355728,2.7018445809346864e-13
1e-05,1.0,0.0969381448350081,18.83246958655666,2.0619957553899413e-13
1e-05,1.0,0.0969381448350081,21.157325603303395,1.6380340787127437e-13
1e-05,1.0,0.0969381448350081,23.769183570259635,1.2858649617496933e-13
1e-05,1.0,0.0969381448350081,26.70347368991138,9.977954841070422e-14
1e-05,1.0,0.0969381448350081,30.0,8.15245816009775e-14
1e-05,1.0,0.1036356687550228,0.1,2.3963090787524388e-12
1e-05,1.0,0.1036356687550228,0.1123449344020514,3.1437772470401126e-11
1e-05,1.0,0.1036356687550228,0.1262138428580125,4.9013912979925546e-11
1e-05,1.0,0.1036356687550228,0.1417948589651424,6.072115084378036e-11
1e-05,1.0,0.1036356687550228,0.1592993412898707,6.854834267032049e-11
1e-05,1.0,0.1036356687550228,0.1789647404750054,7.332920348341061e-11
1e-05,1.0,0.1036356687550228,0.2010578202894464,7.572348296407211e-11
1e-05,1.0,0.1036356687550228,0.2258782763143731,7.637615045920341e-11
1e-05,1.0,0.1036356687550228,0.2537628013538671,7.593642235642563e-11
1e-05,1.0,0.1036356687550228,0.2850896527178103,7.490594550037642e-11
1e-05,1.0,0.1036356687550228,0.3202837833328603,7.364686619229774e-11
1e-05,1.0,0.1036356687550228,0.3598226062857105,7.231484989307681e-11
1e-05,1.0,0.1036356687550228,0.4042424709954335,7.096871613308975e-11
1e-05,1.0,0.1036356687550228,0.4541459388650518,6.964650487141364e-11
1e-05,1.0,0.1036356687550228,0.5102099571075231,6.834545491968433e-11
1e-05,1.0,0.1036356687550228,0.573195041625182,6.699923444274573e-11
1e-05,1.0,0.1036356687550228,0.6439555935096224,6.544392679288444e-11
1e-05,1.0,0.1036356687550228,0.7234514891067266,6.344953676671495e-11
1e-05,1.0,0.1036356687550228,0.8127611008676167,6.08035442436989e-11
1e-05,1.0,0.1036356687550228,0.9130959256151152,5.735510262995912e-11
1e-05,1.0,0.1036356687550228,1.0258170186601063,5.3069430860678834e-11
1e-05,1.0,0.1036356687550228,1.1524534566987763,4.8027525120954066e-11
1e-05,1.0,0.1036356687550228,1.294723079942415,4.247990589658564e-11
1e-05,1.0,0.1036356687550228,1.4545557948495271,3.678802968792134e-11
1e-05,1.0,0.1036356687550228,1.6341197535649394,3.138945355263943e-11
1e-05,1.0,0.1036356687550228,1.835850765193496,2.6607778398543076e-11
1e-05,1.0,0.1036356687550228,2.062485337876194,2.228743159164177e-11
1e-05,1.0,0.1036356687550228,2.3170977998889395,1.8234590737360205e-11
1e-05,1.0,0.1036356687550228,2.6031420033166066,1.4645349372155042e-11
1e-05,1.0,0.1036356687550228,2.9244981760182918,1.1710435867606099e-11
1e-05,1.0,0.1036356687550228,3.285525557436941,9.424106279794833e-12
1e-05,1.0,0.1036356687550228,3.6911215322651687,7.466154064185814e-12
1e-05,1.0,0.1036356687550228,4.1467880641233,5.811293235180312e-12
1e-05,1.0,0.1036356687550228,4.658706330431421,4.538293748389836e-12
1e-05,1.0,0.1036356687550228,5.233820570907402,3.578151169172014e-12
1e-05,1.0,0.1036356687550228,5.879932287106996,2.7654103760564193e-12
1e-05,1.0,0.1036356687550228,6.605806070835402,2.118053879479648e-12
1e-05,1.0,0.1036356687550228,7.421288497006765,1.6560040070921104e-12
1e-05,1.0,0.1036356687550228,8.337441693749241,1.2797480041840128e-12
1e-05,1.0,0.1036356687550228,9.366693401651878,9.719777363651722e-13
1e-05,1.0,0.1036356687550228,10.523005557727087,7.5575018334215e-13
1e-05,1.0,0.1036356687550228,11.822063690952728,5.857538328269112e-13
1e-05,1.0,0.1036356687550228,13.281489698569583,4.4417139254707796e-13
1e-05,1.0,0.1036356687550228,14.921080889473224,3.4655933978218425e-13
1e-05,1.0,0.1036356687550228,16.763078537355728,2.7033514252141e-13
1e-05,1.0,0.1036356687550228,18.83246958655666,2.061479422768986e-13
1e-05,1.0,0.1036356687550228,21.157325603303395,1.6321441914926764e-13
1e-05,1.0,0.1036356687550228,23.769183570259635,1.2867555181698662e-13
1e-05,1.0,0.1036356687550228,26.70347368991138,9.966612927391749e-14
1e-05,1.0,0.1036356687550228,30.0,8.128813334262452e-14
1e-05,1.0,0.1107959292658349,0.1,0.0
1e-05,1.0,0.1107959292658349,0.1123449344020514,1.342226896806119e-11
1e-05,1.0,0.1107959292658349,0.1262138428580125,4.071118886939485e-11
1e-05,1.0,0.1107959292658349,0.1417948589651424,5.51510337607458e-11
1e-05,1.0,0.1107959292658349,0.1592993412898707,6.446717202646817e-11
1e-05,1.0,0.1107959292658349,0.1789647404750054,7.01329055072835e-11
1e-05,1.0,0.1107959292658349,0.2010578202894464,7.313368974904164e-11
1e-05,1.0,0.1107959292658349,0.2258782763143731,7.427925712140811e-11
1e-05,1.0,0.1107959292658349,0.2537628013538671,7.421358923406023e-11
1e-05,1.0,0.1107959292658349,0.2850896527178103,7.35034926354663e-11
1e-05,1.0,0.1107959292658349,0.3202837833328603,7.251252018118367e-11
1e-05,1.0,0.1107959292658349,0.3598226062857105,7.139514329048889e-11
1e-05,1.0,0.1107959292658349,0.4042424709954335,7.024114477040139e-11
1e-05,1.0,0.1107959292658349,0.4541459388650518,6.907628366308507e-11
1e-05,1.0,0.1107959292658349,0.5102099571075231,6.790751800410968e-11
1e-05,1.0,0.1107959292658349,0.573195041625182,6.668120421785761e-11
1e-05,1.0,0.1107959292658349,0.6439555935096224,6.521292591238534e-11
1e-05,1.0,0.1107959292658349,0.7234514891067266,6.329322166005044e-11
1e-05,1.0,0.1107959292658349,0.8127611008676167,6.072221565091885e-11
1e-05,1.0,0.1107959292658349,0.9130959256151152,5.735086287944519e-11
1e-05,1.0,0.1107959292658349,1.0258170186601063,5.314575606854361e-11
1e-05,1.0,0.1107959292658349,1.1524534566987763,4.817547611732788e-11
1e-05,1.0,0.1107959292658349,1.294723079942415,4.2660378292158993e-11
1e-05,1.0,0.1107959292658349,1.4545557948495271,3.693297908886953e-11
1e-05,1.0,0.1107959292658349,1.6341197535649394,3.143035272549577e-11
1e-05,1.0,0.1107959292658349,1.835850765193496,2.6527355110512744e-11
1e-05,1.0,0.1107959292658349,2.062485337876194,2.22397726300835e-11
1e-05,1.0,0.1107959292658349,2.3170977998889395,1.8251392786351938e-11
1e-05,1.0,0.1107959292658349,2.6031420033166066,1.467127450864997e-11
1e-05,1.0,0.1107959292658349,2.9244981760182918,1.1697172943022662e-11
1e-05,1.0,0.1107959292658349,3.285525557436941,9.392779630472114e-12
1e-05,1.0,0.1107959292658349,3.6911215322651687,7.470104787790648e-12
1e-05,1.0,0.1107959292658349,4.1467880641233,5.823904108116081e-12
1e-05,1.0,0.1107959292658349,4.658706330431421,4.5308950141849996e-12
1e-05,1.0,0.1107959292658349,5.233820570907402,3.571903399648229e-12
1e-05,1.0,0.1107959292658349,5.879932287106996,2.7692560041649485e-12
1e-05,1.0,0.1107959292658349,6.605806070835402,2.1176836938451123e-12
1e-05,1.0,0.1107959292658349,7.421288497006765,1.6493113439834993e-12
1e-05,1.0,0.1107959292658349,8.337441693749241,1.2794176373926762e-12
1e-05,1.0,0.1107959292658349,9.366693401651878,9.718097234162186e-13
1e-05,1.0,0.1107959292658349,10.523005557727087,7.518266152962277e-13
1e-05,1.0,0.1107959292658349,11.822063690952728,5.849837977960147e-13
1e-05,1.0,0.1107959292658349,13.281489698569583,4.441487792296695e-13
1e-05,1.0,0.1107959292658349,14.921080889473224,3.445414247279845e-13
1e-05,1.0,0.1107959292658349,16.763078537355728,2.6989081885632213e-13
1e-05,1.0,0.1107959292658349,18.83246958655666,2.0600697894299801e-13
1e-05,1.0,0.1107959292658349,21.157325603303395,1.6221996888377778e-13
1e-05,1.0,0.1107959292658349,23.769183570259635,1.2847620472981693e-13
1e-05,1.0,0.1107959292658349,26.70347368991138,9.943374283109093e-14
1e-05,1.0,0.1107959292658349,30.0,8.083406227284217e-14
1e-05,1.0,0.1184508971606838,0.1,0.0
1e-05,1.0,0.1184508971606838,0.1123449344020514,4.175346744985181e-13
1e-05,1.0,0.1184508971606838,0.1262138428580125,2.866605996042413e-11
1e-05,1.0,0.1184508971606838,0.1417948589651424,4.861298761582766e-11
1e-05,1.0,0.1184508971606838,0.1592993412898707,5.990253440541768e-11
1e-05,1.0,0.1184508971606838,0.1789647404750054,6.66746365068957e-11
1e-05,1.0,0.1184508971606838,0.2010578202894464,7.037215282140365e-11
1e-05,1.0,0.1184508971606838,0.2258782763143731,7.198989202983262e-11
1e-05,1.0,0.1184508971606838,0.2537628013538671,7.234130442209469e-11
1e-05,1.0,0.1184508971606838,0.2850896527178103,7.194665561809046e-11
1e-05,1.0,0.1184508971606838,0.3202837833328603,7.121759467365807e-11
1e-05,1.0,0.1184508971606838,0.3598226062857105,7.03355504581936e-11
1e-05,1.0,0.1184508971606838,0.4042424709954335,6.936368198929087e-11
1e-05,1.0,0.1184508971606838,0.4541459388650518,6.835859897133912e-11
1e-05,1.0,0.1184508971606838,0.5102099571075231,6.732729923668349e-11
1e-05,1.0,0.1184508971606838,0.573195041625182,6.621004520158393e-11
1e-05,1.0,0.1184508971606838,0.6439555935096224,6.483935587408702e-11
1e-05,1.0,0.1184508971606838,0.7234514891067266,6.300573807882767e-11
1e-05,1.0,0.1184508971606838,0.8127611008676167,6.05214860237212e-11
1e-05,1.0,0.1184508971606838,0.9130959256151152,5.725106243222222e-11
1e-05,1.0,0.1184508971606838,1.0258170186601063,5.315425136590963e-11
1e-05,1.0,0.1184508971606838,1.1524534566987763,4.8292657347170124e-11
1e-05,1.0,0.1184508971606838,1.294723079942415,4.2858755503326045e-11
1e-05,1.0,0.1184508971606838,1.4545557948495271,3.7148040283716645e-11
1e-05,1.0,0.1184508971606838,1.6341197535649394,3.158676205090818e-11
1e-05,1.0,0.1184508971606838,1.835850765193496,2.657122840674106e-11
1e-05,1.0,0.1184508971606838,2.062485337876194,2.226611491358533e-11
1e-05,1.0,0.1184508971606838,2.3170977998889395,1.8357864166214958e-11
1e-05,1.0,0.1184508971606838,2.6031420033166066,1.479869656599924e-11
1e-05,1.0,0.1184508971606838,2.9244981760182918,1.1783123501848074e-11
1e-05,1.0,0.1184508971606838,3.285525557436941,9.42500640529299e-12
1e-05,1.0,0.1184508971606838,3.6911215322651687,7.514654190936495e-12
1e-05,1.0,0.1184508971606838,4.1467880641233,5.866358273189355e-12
1e-05,1.0,0.1184508971606838,4.658706330431421,4.545192204960121e-12
1e-05,1.0,0.1184508971606838,5.233820570907402,3.571223100604535e-12
1e-05,1.0,0.1184508971606838,5.879932287106996,2.7750192944799916e-12
1e-05,1.0,0.1184508971606838,6.605806070835402,2.1184369781871017e-12
1e-05,1.0,0.1184508971606838,7.421288497006765,1.6406742863792421e-12
1e-05,1.0,0.1184508971606838,8.337441693749241,1.277514481318778e-12
1e-05,1.0,0.1184508971606838,9.366693401651878,9.719850421173144e-13
1e-05,1.0,0.1184508971606838,10.523005557727087,7.477907423454551e-13
1e-05,1.0,0.1184508971606838,11.822063690952728,5.837510498123738e-13
1e-05,1.0,0.1184508971606838,13.281489698569583,4.442561060521389e-13
1e-05,1.0,0.1184508971606838,14.921080889473224,3.426895065921592e-13
1e-05,1.0,0.1184508971606838,16.763078537355728,2.6929997575196883e-13
1e-05,1.0,0.1184508971606838,18.83246958655666,2.05932957082219e-13
1e-05,1.0,0.1184508971606838,21.157325603303395,1.612570072439485e-13
1e-05,1.0,0.1184508971606838,23.769183570259635,1.2819128383409364e-13
1e-05,1.0,0.1184508971606838,26.70347368991138,9.928512800441529e-14
1e-05,1.0,0.1184508971606838,30.0,8.035112080326821e-14
1e-05,1.0,0.1266347521171734,0.1,0.0
1e-05,1.0,0.1266347521171734,0.1123449344020514,0.0
1e-05,1.0,0.1266347521171734,0.1262138428580125,9.526302968381593e-12
1e-05,1.0,0.1266347521171734,0.1417948589651424,3.9770112702014746e-11
1e-05,1.0,0.1266347521171734,0.1592993412898707,5.436930331707797e-11
1e-05,1.0,0.1266347521171734,0.1789647404750054,6.254922742433808e-11
1e-05,1.0,0.1266347521171734,0.2010578202894464,6.706096340380814e-11
1e-05,1.0,0.1266347521171734,0.2258782763143731,6.92555025110949e-11
1e-05,1.0,0.1266347521171734,0.2537628013538671,6.999733373544309e-11
1e-05,1.0,0.1266347521171734,0.2850896527178103,6.995682407827147e-11
1e-05,1.0,0.1266347521171734,0.3202837833328603,6.950475744301797e-11
1e-05,1.0,0.1266347521171734,0.3598226062857105,6.884317801669548e-11
1e-05,1.0,0.1266347521171734,0.4042424709954335,6.807509522621937e-11
1e-05,1.0,0.1266347521171734,0.4541459388650518,6.7229505608369e-11
1e-05,1.0,0.1266347521171734,0.5102099571075231,6.63288909131834e-11
1e-05,1.0,0.1266347521171734,0.573195041625182,6.532741400742598e-11
1e-05,1.0,0.1266347521171734,0.6439555935096224,6.405259704568705e-11
1e-05,1.0,0.1266347521171734,0.7234514891067266,6.231137366558893e-11
1e-05,1.0,0.1266347521171734,0.8127611008676167,5.992523782400683e-11
1e-05,1.0,0.1266347521171734,0.9130959256151152,5.6759251089794857e-11
1e-05,1.0,0.1266347521171734,1.0258170186601063,5.2781868628441446e-11
1e-05,1.0,0.1266347521171734,1.1524534566987763,4.804883662148553e-11
1e-05,1.0,0.1266347521171734,1.294723079942415,4.272119157159322e-11
1e-05,1.0,0.1266347521171734,1.4545557948495271,3.7064356607959345e-11
1e-05,1.0,0.1266347521171734,1.6341197535649394,3.14786714399162e-11
1e-05,1.0,0.1266347521171734,1.835850765193496,2.6369247841510295e-11
1e-05,1.0,0.1266347521171734,2.062485337876194,2.2005237386986333e-11
1e-05,1.0,0.1266347521171734,2.3170977998889395,1.8188520738071763e-11
1e-05,1.0,0.1266347521171734,2.6031420033166066,1.469565153583488e-11
1e-05,1.0,0.1266347521171734,2.9244981760182918,1.1687675824230535e-11
1e-05,1.0,0.1266347521171734,3.285525557436941,9.305955679255785e-12
1e-05,1.0,0.1266347521171734,3.6911215322651687,7.436136291112636e-12
1e-05,1.0,0.1266347521171734,4.1467880641233,5.826125477025896e-12
1e-05,1.0,0.1266347521171734,4.658706330431421,4.510247693785408e-12
1e-05,1.0,0.1266347521171734,5.233820570907402,3.535698079506382e-12
1e-05,1.0,0.1266347521171734,5.879932287106996,2.762432178979e-12
1e-05,1.0,0.1266347521171734,6.605806070835402,2.1146176469155695e-12
1e-05,1.0,0.1266347521171734,7.421288497006765,1.630482712572372e-12
1e-05,1.0,0.1266347521171734,8.337441693749241,1.2729505607999377e-12
1e-05,1.0,0.1266347521171734,9.366693401651878,9.711296976875366e-13
1e-05,1.0,0.1266347521171734,10.523005557727087,7.432129148500584e-13
1e-05,1.0,0.1266347521171734,11.822063690952728,5.813071742623947e-13
1e-05,1.0,0.1266347521171734,13.281489698569583,4.438702559766525e-13
1e-05,1.0,0.1266347521171734,14.921080889473224,3.4045762972512696e-13
1e-05,1.0,0.1266347521171734,16.763078537355728,2.6816045665031573e-13
1e-05,1.0,0.1266347521171734,18.83246958655666,2.05883953952466e-13
1e-05,1.0,0.1266347521171734,21.157325603303395,1.6010478867434182e-13
1e-05,1.0,0.1266347521171734,23.769183570259635,1.2777647509905576e-13
1e-05,1.0,0.1266347521171734,26.70347368991138,9.924134287053517e-14
1e-05,1.0,0.1266347521171734,30.0,7.978839683398611e-14
1e-05,1.0,0.1353840353106312,0.1,0.0
1e-05,1.0,0.1353840353106312,0.1123449344020514,0.0
1e-05,1.0,0.1353840353106312,0.1262138428580125,0.0
1e-05,1.0,0.1353840353106312,0.1417948589651424,2.4951748963315102e-11
1e-05,1.0,0.1353840353106312,0.1592993412898707,4.78503505247587e-11
1e-05,1.0,0.1353840353106312,0.1789647404750054,5.827353326826293e-11
1e-05,1.0,0.1353840353106312,0.2010578202894464,6.387486666326529e-11
1e-05,1.0,0.1353840353106312,0.2258782763143731,6.669410231524726e-11
1e-05,1.0,0.1353840353106312,0.2537628013538671,6.793955785335784e-11
1e-05,1.0,0.1353840353106312,0.2850896527178103,6.824159683187661e-11
1e-05,1.0,0.1353840353106312,0.3202837833328603,6.808334214616998e-11
1e-05,1.0,0.1353840353106312,0.3598226062857105,6.767855609011507e-11
1e-05,1.0,0.1353840353106312,0.4042424709954335,6.709967980545157e-11
1e-05,1.0,0.1353840353106312,0.4541459388650518,6.642719154797761e-11
1e-05,1.0,0.1353840353106312,0.5102099571075231,6.566881327615396e-11
1e-05,1.0,0.1353840353106312,0.573195041625182,6.477172966275095e-11
1e-05,1.0,0.1353840353106312,0.6439555935096224,6.360033604016106e-11
1e-05,1.0,0.1353840353106312,0.7234514891067266,6.195622455734961e-11
1e-05,1.0,0.1353840353106312,0.8127611008676167,5.966357279434318e-11
1e-05,1.0,0.1353840353106312,0.9130959256151152,5.659671533849211e-11
1e-05,1.0,0.1353840353106312,1.0258170186601063,5.272577271789754e-11
1e-05,1.0,0.1353840353106312,1.1524534566987763,4.8115943953545274e-11
1e-05,1.0,0.1353840353106312,1.294723079942415,4.2899055560800395e-11
1e-05,1.0,0.1353840353106312,1.4545557948495271,3.729820512123272e-11
1e-05,1.0,0.1353840353106312,1.6341197535649394,3.168880543358755e-11
1e-05,1.0,0.1353840353106312,1.835850765193496,2.646821860913404e-11
1e-05,1.0,0.1353840353106312,2.062485337876194,2.1964903000631e-11
1e-05,1.0,0.1353840353106312,2.3170977998889395,1.8161375423479442e-11
1e-05,1.0,0.1353840353106312,2.6031420033166066,1.4708202485823132e-11
1e-05,1.0,0.1353840353106312,2.9244981760182918,1.1689053566793951e-11
1e-05,1.0,0.1353840353106312,3.285525557436941,9.259589430927625e-12
1e-05,1.0,0.1353840353106312,3.6911215322651687,7.394480427632823e-12
1e-05,1.0,0.1353840353106312,4.1467880641233,5.814005338815287e-12
1e-05,1.0,0.1353840353106312,4.658706330431421,4.4989647256671785e-12
1e-05,1.0,0.1353840353106312,5.233820570907402,3.5101643635640012e-12
1e-05,1.0,0.1353840353106312,5.879932287106996,2.7525922741924166e-12
1e-05,1.0,0.1353840353106312,6.605806070835402,2.112864777993e-12
1e-05,1.0,0.1353840353106312,7.421288497006765,1.6218928565555912e-12
1e-05,1.0,0.1353840353106312,8.337441693749241,1.2687209399439881e-12
1e-05,1.0,0.1353840353106312,9.366693401651878,9.717993491253793e-13
1e-05,1.0,0.1353840353106312,10.523005557727087,7.409145762130053e-13
1e-05,1.0,0.1353840353106312,11.822063690952728,5.799714762891953e-13
1e-05,1.0,0.1353840353106312,13.281489698569583,4.449670301100103e-13
1e-05,1.0,0.1353840353106312,14.921080889473224,3.3974794820196726e-13
1e-05,1.0,0.1353840353106312,16.763078537355728,2.679152847237061e-13
1e-05,1.0,0.1353840353106312,18.83246958655666,2.0665388585297054e-13
1e-05,1.0,0.1353840353106312,21.157325603303395,1.5983226291067276e-13
1e-05,1.0,0.1353840353106312,23.769183570259635,1.2784798691749093e-13
1e-05,1.0,0.1353840353106312,26.70347368991138,9.957827564156287e-14
1e-05,1.0,0.1353840353106312,30.0,7.951943782025256e-14
1e-05,1.0,0.1447378125716298,0.1,0.0
1e-05,1.0,0.1447378125716298,0.1123449344020514,0.0
1e-05,1.0,0.1447378125716298,0.1262138428580125,0.0
1e-05,1.0,0.1447378125716298,0.1417948589651424,6.0511048783434115e-12
1e-05,1.0,0.1447378125716298,0.1592993412898707,3.8257441312807966e-11
1e-05,1.0,0.1447378125716298,0.1789647404750054,5.268140039027644e-11
1e-05,1.0,0.1447378125716298,0.2010578202894464,6.000909072414707e-11
1e-05,1.0,0.1447378125716298,0.2258782763143731,6.372703890604019e-11
1e-05,1.0,0.1447378125716298,0.2537628013538671,6.546782866413598e-11
1e-05,1.0,0.1447378125716298,0.2850896527178103,6.621365240370093e-11
1e-05,1.0,0.1447378125716298,0.3202837833328603,6.637149440757277e-11
1e-05,1.0,0.1447378125716298,0.3598226062857105,6.621523679425709e-11
1e-05,1.0,0.1447378125716298,0.4042424709954335,6.587208629746377e-11
1e-05,1.0,0.1447378125716298,0.4541459388650518,6.536923513188197e-11
1e-05,1.0,0.1447378125716298,0.5102099571075231,6.475355359365748e-11
1e-05,1.0,0.1447378125716298,0.573195041625182,6.39808177231847e-11
1e-05,1.0,0.1447378125716298,0.6439555935096224,6.290801011436133e-11
1e-05,1.0,0.1447378125716298,0.7234514891067266,6.136990652441005e-11
1e-05,1.0,0.1447378125716298,0.8127611008676167,5.914719905625012e-11
1e-05,1.0,0.1447378125716298,0.9130959256151152,5.606175439187255e-11
1e-05,1.0,0.1447378125716298,1.0258170186601063,5.218375973626853e-11
1e-05,1.0,0.1447378125716298,1.1524534566987763,4.769184083682412e-11
1e-05,1.0,0.1447378125716298,1.294723079942415,4.263875708526006e-11
1e-05,1.0,0.1447378125716298,1.4545557948495271,3.717935248216538e-11
1e-05,1.0,0.1447378125716298,1.6341197535649394,3.163797844650369e-11
1e-05,1.0,0.1447378125716298,1.835850765193496,2.6396092697167763e-11
1e-05,1.0,0.1447378125716298,2.062485337876194,2.1811663911805487e-11
1e-05,1.0,0.1447378125716298,2.3170977998889395,1.8012140376823138e-11
1e-05,1.0,0.1447378125716298,2.6031420033166066,1.465446442306949e-11
1e-05,1.0,0.1447378125716298,2.9244981760182918,1.1672815522939446e-11
1e-05,1.0,0.1447378125716298,3.285525557436941,9.220491952954493e-12
1e-05,1.0,0.1447378125716298,3.6911215322651687,7.34621311373008e-12
1e-05,1.0,0.1447378125716298,4.1467880641233,5.8007158972589674e-12
1e-05,1.0,0.1447378125716298,4.658706330431421,4.493590633751518e-12
1e-05,1.0,0.1447378125716298,5.233820570907402,3.4879124356858443e-12
1e-05,1.0,0.1447378125716298,5.879932287106996,2.7389618609878284e-12
1e-05,1.0,0.1447378125716298,6.605806070835402,2.1082193258418987e-12
1e-05,1.0,0.1447378125716298,7.421288497006765,1.6112056453637067e-12
1e-05,1.0,0.1447378125716298,8.337441693749241,1.25880748865707e-12
1e-05,1.0,0.1447378125716298,9.366693401651878,9.679935394261452e-13
1e-05,1.0,0.1447378125716298,10.523005557727087,7.352216489759429e-13
1e-05,1.0,0.1447378125716298,11.822063690952728,5.742325433380373e-13
1e-05,1.0,0.1447378125716298,13.281489698569583,4.4246257191325e-13
1e-05,1.0,0.1447378125716298,14.921080889473224,3.364228692918619e-13
1e-05,1.0,0.1447378125716298,16.763078537355728,2.6509237354670333e-13
1e-05,1.0,0.1447378125716298,18.83246958655666,2.0533147905515187e-13
1e-05,1.0,0.1447378125716298,21.157325603303395,1.5809271648994232e-13
1e-05,1.0,0.1447378125716298,23.769183570259635,1.2658964015416862e-13
1e-05,1.0,0.1447378125716298,26.70347368991138,9.909578209438628e-14
1e-05,1.0,0.1447378125716298,30.0,7.865547100432347e-14
1e-05,1.0,0.1547378488161755,0.1,0.0
1e-05,1.0,0.1547378488161755,0.1123449344020514,0.0
1e-05,1.0,0.1547378488161755,0.1262138428580125,0.0
1e-05,1.0,0.1547378488161755,0.1417948589651424,0.0
1e-05,1.0,0.1547378488161755,0.1592993412898707,2.046146543235101e-11
1e-05,1.0,0.1547378488161755,0.1789647404750054,4.633948141927196e-11
1e-05,1.0,0.1547378488161755,0.2010578202894464,5.673201481337744e-11
1e-05,1.0,0.1547378488161755,0.2258782763143731,6.181242372974631e-11
1e-05,1.0,0.1547378488161755,0.2537628013538671,6.432580160488257e-11
1e-05,1.0,0.1547378488161755,0.2850896527178103,6.551321476027307e-11
1e-05,1.0,0.1547378488161755,0.3202837833328603,6.60590398076235e-11
1e-05,1.0,0.1547378488161755,0.3598226062857105,6.62162433634038e-11
1e-05,1.0,0.1547378488161755,0.4042424709954335,6.609193427873445e-11
1e-05,1.0,0.1547378488161755,0.4541459388650518,6.579936672210261e-11
1e-05,1.0,0.1547378488161755,0.5102099571075231,6.534427624176201e-11
1e-05,1.0,0.1547378488161755,0.573195041625182,6.468517979810024e-11
1e-05,1.0,0.1547378488161755,0.6439555935096224,6.372729654622346e-11
1e-05,1.0,0.1547378488161755,0.7234514891067266,6.226052688892124e-11
1e-05,1.0,0.1547378488161755,0.8127611008676167,5.997965471658661e-11
1e-05,1.0,0.1547378488161755,0.9130959256151152,5.673529516899353e-11
1e-05,1.0,0.1547378488161755,1.0258170186601063,5.263363834216002e-11
1e-05,1.0,0.1547378488161755,1.1524534566987763,4.798518175341749e-11
1e-05,1.0,0.1547378488161755,1.294723079942415,4.299027489896585e-11
1e-05,1.0,0.1547378488161755,1.4545557948495271,3.762330177778241e-11
1e-05,1.0,0.1547378488161755,1.6341197535649394,3.2104253280522185e-11
1e-05,1.0,0.1547378488161755,1.835850765193496,2.6788194650879166e-11
1e-05,1.0,0.1547378488161755,2.062485337876194,2.204654700886659e-11
1e-05,1.0,0.1547378488161755,2.3170977998889395,1.811136219838556e-11
1e-05,1.0,0.1547378488161755,2.6031420033166066,1.4761641974064305e-11
1e-05,1.0,0.1547378488161755,2.9244981760182918,1.1769174325043756e-11
1e-05,1.0,0.1547378488161755,3.285525557436941,9.262696557442764e-12
1e-05,1.0,0.1547378488161755,3.6911215322651687,7.336306189779934e-12
1e-05,1.0,0.1547378488161755,4.1467880641233,5.807253590068022e-12
1e-05,1.0,0.1547378488161755,4.658706330431421,4.5046509298014154e-12
1e-05,1.0,0.1547378488161755,5.233820570907402,3.478585306075718e-12
1e-05,1.0,0.1547378488161755,5.879932287106996,2.7308227821225803e-12
1e-05,1.0,0.1547378488161755,6.605806070835402,2.110359288112101e-12
1e-05,1.0,0.1547378488161755,7.421288497006765,1.6092256919695328e-12
1e-05,1.0,0.1547378488161755,8.337441693749241,1.2527962216014938e-12
1e-05,1.0,0.1547378488161755,9.366693401651878,9.675349618365333e-13
1e-05,1.0,0.1547378488161755,10.523005557727087,7.333370057010093e-13
1e-05,1.0,0.1547378488161755,11.822063690952728,5.702586082914625e-13
1e-05,1.0,0.1547378488161755,13.281489698569583,4.4100904120579586e-13
1e-05,1.0,0.1547378488161755,14.921080889473224,3.346304369182694e-13
1e-05,1.0,0.1547378488161755,16.763078537355728,2.6275660297873867e-13
1e-05,1.0,0.1547378488161755,18.83246958655666,2.0469359604374467e-13
1e-05,1.0,0.1547378488161755,21.157325603303395,1.5715017286513897e-13
1e-05,1.0,0.1547378488161755,23.769183570259635,1.2569938507353505e-13
1e-05,1.0,0.1547378488161755,26.70347368991138,9.88968393059857e-14
1e-05,1.0,0.1547378488161755,30.0,7.816165095905716e-14
1e-05,1.0,0.1654287945274008,0.1,0.0
1e-05,1.0,0.1654287945274008,0.1123449344020514,0.0
1e-05,1.0,0.1654287945274008,0.1262138428580125,0.0
1e-05,1.0,0.1654287945274008,0.1417948589651424,0.0
1e-05,1.0,0.1654287945274008,0.1592993412898707,2.7168523745435282e-12
1e-05,1.0,0.1654287945274008,0.1789647404750054,3.537937627193699e-11
1e-05,1.0,0.1654287945274008,0.2010578202894464,5.124189205867099e-11
1e-05,1.0,0.1654287945274008,0.2258782763143731,5.847697426617337e-11
1e-05,1.0,0.1654287945274008,0.2537628013538671,6.189349434376848e-11
1e-05,1.0,0.1654287945274008,0.2850896527178103,6.374684079518723e-11
1e-05,1.0,0.1654287945274008,0.3202837833328603,6.47105615195684e-11
1e-05,1.0,0.1654287945274008,0.3598226062857105,6.519653221598715e-11
1e-05,1.0,0.1654287945274008,0.4042424709954335,6.53789114443746e-11
1e-05,1.0,0.1654287945274008,0.4541459388650518,6.528910367397096e-11
1e-05,1.0,0.1654287945274008,0.5102099571075231,6.500907620174241e-11
1e-05,1.0,0.1654287945274008,0.573195041625182,6.450369135465209e-11
1e-05,1.0,0.1654287945274008,0.6439555935096224,6.364904081017164e-11
1e-05,1.0,0.1654287945274008,0.7234514891067266,6.221689296473996e-11
1e-05,1.0,0.1654287945274008,0.8127611008676167,5.98677643385806e-11
1e-05,1.0,0.1654287945274008,0.9130959256151152,5.6471983534668565e-11
1e-05,1.0,0.1654287945274008,1.0258170186601063,5.217050295390874e-11
1e-05,1.0,0.1654287945274008,1.1524534566987763,4.7302621343810166e-11
1e-05,1.0,0.1654287945274008,1.294723079942415,4.2229333535486803e-11
1e-05,1.0,0.1654287945274008,1.4545557948495271,3.7047757323186556e-11
1e-05,1.0,0.1654287945274008,1.6341197535649394,3.1703775968287885e-11
1e-05,1.0,0.1654287945274008,1.835850765193496,2.6485296169989334e-11
1e-05,1.0,0.1654287945274008,2.062485337876194,2.1755642218513833e-11
1e-05,1.0,0.1654287945274008,2.3170977998889395,1.7789008671095835e-11
1e-05,1.0,0.1654287945274008,2.6031420033166066,1.45353294639105e-11
1e-05,1.0,0.1654287945274008,2.9244981760182918,1.1650446375140002e-11
1e-05,1.0,0.1654287945274008,3.285525557436941,9.180180090868244e-12
1e-05,1.0,0.1654287945274008,3.6911215322651687,7.2410171756834925e-12
1e-05,1.0,0.1654287945274008,4.1467880641233,5.747504965266636e-12
1e-05,1.0,0.1654287945274008,4.658706330431421,4.4753950371479895e-12
1e-05,1.0,0.1654287945274008,5.233820570907402,3.4484038105951104e-12
1e-05,1.0,0.1654287945274008,5.879932287106996,2.6992921169850075e-12
1e-05,1.0,0.1654287945274008,6.605806070835402,2.095265722310197e-12
1e-05,1.0,0.1654287945274008,7.421288497006765,1.5973571767008204e-12
1e-05,1.0,0.1654287945274008,8.337441693749241,1.23727579532359e-12
1e-05,1.0,0.1654287945274008,9.366693401651878,9.602253886898957e-13
1e-05,1.0,0.1654287945274008,10.523005557727087,7.28747353441833e-13
1e-05,1.0,0.1654287945274008,11.822063690952728,5.636909325017009e-13
1e-05,1.0,0.1654287945274008,13.281489698569583,4.385541904977504e-13
1e-05,1.0,0.1654287945274008,14.921080889473224,3.3320147301899314e-13
1e-05,1.0,0.1654287945274008,16.763078537355728,2.6033094389682547e-13
1e-05,1.0,0.1654287945274008,18.83246958655666,2.0382140622371686e-13
1e-05,1.0,0.1654287945274008,21.157325603303395,1.5624407958593784e-13
1e-05,1.0,0.1654287945274008,23.769183570259635,1.2461777110861517e-13
1e-05,1.0,0.1654287945274008,26.70347368991138,9.860176468194001e-14
1e-05,1.0,0.1654287945274008,30.0,7.760875396795609e-14
1e-05,1.0,0.1768583851214056,0.1,0.0
1e-05,1.0,0.1768583851214056,0.1123449344020514,0.0
1e-05,1.0,0.1768583851214056,0.1262138428580125,0.0
1e-05,1.0,0.1768583851214056,0.1417948589651424,0.0
1e-05,1.0,0.1768583851214056,0.1592993412898707,0.0
1e-05,1.0,0.1768583851214056,0.1789647404750054,1.515500202066283e-11
1e-05,1.0,0.1768583851214056,0.2010578202894464,4.4554061201143334e-11
1e-05,1.0,0.1768583851214056,0.2258782763143731,5.5264562615927933e-11
1e-05,1.0,0.1768583851214056,0.2537628013538671,6.031913978861074e-11
1e-05,1.0,0.1768583851214056,0.2850896527178103,6.28836500323772e-11
1e-05,1.0,0.1768583851214056,0.3202837833328603,6.445057395585596e-11
1e-05,1.0,0.1768583851214056,0.3598226062857105,6.537570877649064e-11
1e-05,1.0,0.1768583851214056,0.4042424709954335,6.584919053567393e-11
1e-05,1.0,0.1768583851214056,0.4541459388650518,6.604805084953807e-11
1e-05,1.0,0.1768583851214056,0.5102099571075231,6.59735605689114e-11
1e-05,1.0,0.1768583851214056,0.573195041625182,6.561149637907851e-11
1e-05,1.0,0.1768583851214056,0.6439555935096224,6.487623479214978e-11
1e-05,1.0,0.1768583851214056,0.7234514891067266,6.343512542919434e-11
1e-05,1.0,0.1768583851214056,0.8127611008676167,6.099922103971978e-11
1e-05,1.0,0.1768583851214056,0.9130959256151152,5.7464873862934955e-11
1e-05,1.0,0.1768583851214056,1.0258170186601063,5.294046208920238e-11
1e-05,1.0,0.1768583851214056,1.1524534566987763,4.778417537662025e-11
1e-05,1.0,0.1768583851214056,1.294723079942415,4.241737745742548e-11
1e-05,1.0,0.1768583851214056,1.4545557948495271,3.7167031955514555e-11
1e-05,1.0,0.1768583851214056,1.6341197535649394,3.191861387139737e-11
1e-05,1.0,0.1768583851214056,1.835850765193496,2.6722436534717788e-11
1e-05,1.0,0.1768583851214056,2.062485337876194,2.1919409158421432e-11
1e-05,1.0,0.1768583851214056,2.3170977998889395,1.7813045778557454e-11
1e-05,1.0,0.1768583851214056,2.6031420033166066,1.4497334859390235e-11
1e-05,1.0,0.1768583851214056,2.9244981760182918,1.1644084253607645e-11
1e-05,1.0,0.1768583851214056,3.285525557436941,9.166770829525774e-12
1e-05,1.0,0.1768583851214056,3.6911215322651687,7.18395087195942e-12
1e-05,1.0,0.1768583851214056,4.1467880641233,5.694740465955009e-12
1e-05,1.0,0.1768583851214056,4.658706330431421,4.45093514951176e-12
1e-05,1.0,0.1768583851214056,5.233820570907402,3.4247412759268362e-12
1e-05,1.0,0.1768583851214056,5.879932287106996,2.667452459682467e-12
1e-05,1.0,0.1768583851214056,6.605806070835402,2.0791707992354096e-12
1e-05,1.0,0.1768583851214056,7.421288497006765,1.5871478934283036e-12
1e-05,1.0,0.1768583851214056,8.337441693749241,1.2223632608731768e-12
1e-05,1.0,0.1768583851214056,9.366693401651878,9.525623981401146e-13
1e-05,1.0,0.1768583851214056,10.523005557727087,7.249985548338916e-13
1e-05,1.0,0.1768583851214056,11.822063690952728,5.576058901365097e-13
1e-05,1.0,0.1768583851214056,13.281489698569583,4.3539441707396063e-13
1e-05,1.0,0.1768583851214056,14.921080889473224,3.316376727979795e-13
1e-05,1.0,0.1768583851214056,16.763078537355728,2.573798143220365e-13
1e-05,1.0,0.1768583851214056,18.83246958655666,2.024916983840263e-13
1e-05,1.0,0.1768583851214056,21.157325603303395,1.5536453083905264e-13
1e-05,1.0,0.1768583851214056,23.769183570259635,1.2334421568504066e-13
1e-05,1.0,0.1768583851214056,26.70347368991138,9.808115303478508e-14
1e-05,1.0,0.1768583851214056,30.0,7.709588378272126e-14
1e-05,1.0,0.1890776540874238,0.1,0.0
1e-05,1.0,0.1890776540874238,0.1123449344020514,0.0
1e-05,1.0,0.1890776540874238,0.1262138428580125,0.0
1e-05,1.0,0.1890776540874238,0.1417948589651424,0.0
1e-05,1.0,0.1890776540874238,0.1592993412898707,0.0
1e-05,1.0,0.1890776540874238,0.1789647404750054,2.8612692996473764e-13
1e-05,1.0,0.1890776540874238,0.2010578202894464,3.1652993548559187e-11
1e-05,1.0,0.1890776540874238,0.2258782763143731,4.9627236297696365e-11
1e-05,1.0,0.1890776540874238,0.2537628013538671,5.6803368909469056e-11
1e-05,1.0,0.1890776540874238,0.2850896527178103,6.06248224798144e-11
1e-05,1.0,0.1890776540874238,0.3202837833328603,6.286357825045597e-11
1e-05,1.0,0.1890776540874238,0.3598226062857105,6.431238148802001e-11
1e-05,1.0,0.1890776540874238,0.4042424709954335,6.525021567105611e-11
1e-05,1.0,0.1890776540874238,0.4541459388650518,6.573402907104437e-11
1e-05,1.0,0.1890776540874238,0.5102099571075231,6.591139437611591e-11
1e-05,1.0,0.1890776540874238,0.573195041625182,6.576561589696159e-11
1e-05,1.0,0.1890776540874238,0.6439555935096224,6.511834381487249e-11
1e-05,1.0,0.1890776540874238,0.7234514891067266,6.369810127490816e-11
1e-05,1.0,0.1890776540874238,0.8127611008676167,6.123973402337729e-11
1e-05,1.0,0.1890776540874238,0.9130959256151152,5.7624882845602834e-11
1e-05,1.0,0.1890776540874238,1.0258170186601063,5.298236870461386e-11
1e-05,1.0,0.1890776540874238,1.1524534566987763,4.7636554706100284e-11
1e-05,1.0,0.1890776540874238,1.294723079942415,4.2018202366535365e-11
1e-05,1.0,0.1890776540874238,1.4545557948495271,3.6600866984390395e-11
1e-05,1.0,0.1890776540874238,1.6341197535649394,3.148661003169625e-11
1e-05,1.0,0.1890776540874238,1.835850765193496,2.645294346842445e-11
1e-05,1.0,0.1890776540874238,2.062485337876194,2.172861922666905e-11
1e-05,1.0,0.1890776540874238,2.3170977998889395,1.7608515415968615e-11
1e-05,1.0,0.1890776540874238,2.6031420033166066,1.4278775302063682e-11
1e-05,1.0,0.1890776540874238,2.9244981760182918,1.1527397339822062e-11
1e-05,1.0,0.1890776540874238,3.285525557436941,9.111877407125757e-12
1e-05,1.0,0.1890776540874238,3.6911215322651687,7.1286408694313825e-12
1e-05,1.0,0.1890776540874238,4.1467880641233,5.6327853274771915e-12
1e-05,1.0,0.1890776540874238,4.658706330431421,4.422253564527871e-12
1e-05,1.0,0.1890776540874238,5.233820570907402,3.4064688498151735e-12
1e-05,1.0,0.1890776540874238,5.879932287106996,2.6383205065404802e-12
1e-05,1.0,0.1890776540874238,6.605806070835402,2.0632878784221934e-12
1e-05,1.0,0.1890776540874238,7.421288497006765,1.5798763828894175e-12
1e-05,1.0,0.1890776540874238,8.337441693749241,1.2096421190633612e-12
1e-05,1.0,0.1890776540874238,9.366693401651878,9.443500759328095e-13
1e-05,1.0,0.1890776540874238,10.523005557727087,7.209227451604305e-13
1e-05,1.0,0.1890776540874238,11.822063690952728,5.509841218419092e-13
1e-05,1.0,0.1890776540874238,13.281489698569583,4.31363862151749e-13
1e-05,1.0,0.1890776540874238,14.921080889473224,3.296650863915632e-13
1e-05,1.0,0.1890776540874238,16.763078537355728,2.542221219152731e-13
1e-05,1.0,0.1890776540874238,18.83246958655666,2.0077208082342994e-13
1e-05,1.0,0.1890776540874238,21.157325603303395,1.5433136953548914e-13
1e-05,1.0,0.1890776540874238,23.769183570259635,1.2181644859050317e-13
1e-05,1.0,0.1890776540874238,26.70347368991138,9.736453806989863e-14
1e-05,1.0,0.1890776540874238,30.0,7.654309143122173e-14
1e-05,1.0,0.2021411608539931,0.1,0.0
1e-05,1.0,0.2021411608539931,0.1123449344020514,0.0
1e-05,1.0,0.2021411608539931,0.1262138428580125,0.0
1e-05,1.0,0.2021411608539931,0.1417948589651424,0.0
1e-05,1.0,0.2021411608539931,0.1592993412898707,0.0
1e-05,1.0,0.2021411608539931,0.1789647404750054,0.0
1e-05,1.0,0.2021411608539931,0.2010578202894464,1.0307640923675665e-11
1e-05,1.0,0.2021411608539931,0.2258782763143731,4.1103075955858415e-11
1e-05,1.0,0.2021411608539931,0.2537628013538671,5.2360507392184917e-11
1e-05,1.0,0.2021411608539931,0.2850896527178103,5.7698132443448146e-11
1e-05,1.0,0.2021411608539931,0.3202837833328603,6.104415675164541e-11
1e-05,1.0,0.2021411608539931,0.3598226062857105,6.322587669598656e-11
1e-05,1.0,0.2021411608539931,0.4042424709954335,6.462902589028848e-11
1e-05,1.0,0.2021411608539931,0.4541459388650518,6.557220459996338e-11
1e-05,1.0,0.2021411608539931,0.5102099571075231,6.606342971919402e-11
1e-05,1.0,0.2021411608539931,0.573195041625182,6.612318976494234e-11
1e-05,1.0,0.2021411608539931,0.6439555935096224,6.563136149318952e-11
1e-05,1.0,0.2021411608539931,0.7234514891067266,6.426738438829174e-11
1e-05,1.0,0.2021411608539931,0.8127611008676167,6.182866156496812e-11
1e-05,1.0,0.2021411608539931,0.9130959256151152,5.823993951560459e-11
1e-05,1.0,0.2021411608539931,1.0258170186601063,5.3562769809018185e-11
1e-05,1.0,0.2021411608539931,1.1524534566987763,4.810457866090553e-11
1e-05,1.0,0.2021411608539931,1.294723079942415,4.2289738811233334e-11
1e-05,1.0,0.2021411608539931,1.4545557948495271,3.660670697069014e-11
1e-05,1.0,0.2021411608539931,1.6341197535649394,3.13979554798237e-11
1e-05,1.0,0.2021411608539931,1.835850765193496,2.647645538166427e-11
1e-05,1.0,0.2021411608539931,2.062485337876194,2.1788079842405268e-11
1e-05,1.0,0.2021411608539931,2.3170977998889395,1.761727250339958e-11
1e-05,1.0,0.2021411608539931,2.6031420033166066,1.4189837229144397e-11
1e-05,1.0,0.2021411608539931,2.9244981760182918,1.1452120972776946e-11
1e-05,1.0,0.2021411608539931,3.285525557436941,9.073704204087208e-12
1e-05,1.0,0.2021411608539931,3.6911215322651687,7.081221627385685e-12
1e-05,1.0,0.2021411608539931,4.1467880641233,5.562435299782942e-12
1e-05,1.0,0.2021411608539931,4.658706330431421,4.3822152520095395e-12
1e-05,1.0,0.2021411608539931,5.233820570907402,3.3826962862581264e-12
1e-05,1.0,0.2021411608539931,5.879932287106996,2.606181320605964e-12
1e-05,1.0,0.2021411608539931,6.605806070835402,2.0393925170326336e-12
1e-05,1.0,0.2021411608539931,7.421288497006765,1.5666420445728753e-12
1e-05,1.0,0.2021411608539931,8.337441693749241,1.1943155963739132e-12
1e-05,1.0,0.2021411608539931,9.366693401651878,9.318701651605205e-13
1e-05,1.0,0.2021411608539931,10.523005557727087,7.144760308542198e-13
1e-05,1.0,0.2021411608539931,11.822063690952728,5.436302789354865e-13
1e-05,1.0,0.2021411608539931,13.281489698569583,4.255327001928082e-13
1e-05,1.0,0.2021411608539931,14.921080889473224,3.2659832468924054e-13
1e-05,1.0,0.2021411608539931,16.763078537355728,2.504474983960558e-13
1e-05,1.0,0.2021411608539931,18.83246958655666,1.9805525546179195e-13
1e-05,1.0,0.2021411608539931,21.157325603303395,1.5287183625154432e-13
1e-05,1.0,0.2021411608539931,23.769183570259635,1.1981946630318812e-13
1e-05,1.0,0.2021411608539931,26.70347368991138,9.622339628824192e-14
1e-05,1.0,0.2021411608539931,30.0,7.578667798553043e-14
1e-05,1.0,0.2161072343985556,0.1,0.0
1e-05,1.0,0.2161072343985556,0.1123449344020514,0.0
1e-05,1.0,0.2161072343985556,0.1262138428580125,0.0
1e-05,1.0,0.2161072343985556,0.1417948589651424,0.0
1e-05,1.0,0.2161072343985556,0.1592993412898707,0.0
1e-05,1.0,0.2161072343985556,0.1789647404750054,0.0
1e-05,1.0,0.2161072343985556,0.2010578202894464,0.0
1e-05,1.0,0.2161072343985556,0.2258782763143731,2.5125357361525345e-11
1e-05,1.0,0.2161072343985556,0.2537628013538671,4.5318987661681115e-11
1e-05,1.0,0.2161072343985556,0.2850896527178103,5.3399733807923924e-11
1e-05,1.0,0.2161072343985556,0.3202837833328603,5.7976857350246584e-11
1e-05,1.0,0.2161072343985556,0.3598226062857105,6.108288284277966e-11
1e-05,1.0,0.2161072343985556,0.4042424709954335,6.327425932345038e-11
1e-05,1.0,0.2161072343985556,0.4541459388650518,6.467969994144448e-11
1e-05,1.0,0.2161072343985556,0.5102099571075231,6.55773696372207e-11
1e-05,1.0,0.2161072343985556,0.573195041625182,6.596856913788743e-11
1e-05,1.0,0.2161072343985556,0.6439555935096224,6.561483950036806e-11
1e-05,1.0,0.2161072343985556,0.7234514891067266,6.4349192773109e-11
1e-05,1.0,0.2161072343985556,0.8127611008676167,6.197506105824119e-11
1e-05,1.0,0.2161072343985556,0.9130959256151152,5.838420198164346e-11
1e-05,1.0,0.2161072343985556,1.0258170186601063,5.369168180656507e-11
1e-05,1.0,0.2161072343985556,1.1524534566987763,4.815040565151597e-11
1e-05,1.0,0.2161072343985556,1.294723079942415,4.2156402713706287e-11
1e-05,1.0,0.2161072343985556,1.4545557948495271,3.624473803397616e-11
1e-05,1.0,0.2161072343985556,1.6341197535649394,3.0853385738657506e-11
1e-05,1.0,0.2161072343985556,1.835850765193496,2.6040509839744692e-11
1e-05,1.0,0.2161072343985556,2.062485337876194,2.1503186710874757e-11
1e-05,1.0,0.2161072343985556,2.3170977998889395,1.7388829806308448e-11
1e-05,1.0,0.2161072343985556,2.6031420033166066,1.3941945875930892e-11
1e-05,1.0,0.2161072343985556,2.9244981760182918,1.1234677802844148e-11
1e-05,1.0,0.2161072343985556,3.285525557436941,8.945811805736623e-12
1e-05,1.0,0.2161072343985556,3.6911215322651687,6.9914230429506285e-12
1e-05,1.0,0.2161072343985556,4.1467880641233,5.464214486452504e-12
1e-05,1.0,0.2161072343985556,4.658706330431421,4.309417137539051e-12
1e-05,1.0,0.2161072343985556,5.233820570907402,3.337514620481246e-12
1e-05,1.0,0.2161072343985556,5.879932287106996,2.5614129668136804e-12
1e-05,1.0,0.2161072343985556,6.605806070835402,2.000574618689689e-12
1e-05,1.0,0.2161072343985556,7.421288497006765,1.5437012520396271e-12
1e-05,1.0,0.2161072343985556,8.337441693749241,1.173746034579036e-12
1e-05,1.0,0.2161072343985556,9.366693401651878,9.1320180104627e-13
1e-05,1.0,0.2161072343985556,10.523005557727087,7.034469232052741e-13
1e-05,1.0,0.2161072343985556,11.822063690952728,5.334853264371593e-13
1e-05,1.0,0.2161072343985556,13.281489698569583,4.170409076697686e-13
1e-05,1.0,0.2161072343985556,14.921080889473224,3.2154553714889346e-13
1e-05,1.0,0.2161072343985556,16.763078537355728,2.4559391383709435e-13
1e-05,1.0,0.2161072343985556,18.83246958655666,1.943734477701473e-13
1e-05,1.0,0.2161072343985556,21.157325603303395,1.5059764011793802e-13
1e-05,1.0,0.2161072343985556,23.769183570259635,1.1752630279735524e-13
1e-05,1.0,0.2161072343985556,26.70347368991138,9.4650990494152e-14
1e-05,1.0,0.2161072343985556,30.0,7.476605146399183e-14
1e-05,1.0,0.2310382336882168,0.1,0.0
1e-05,1.0,0.2310382336882168,0.1123449344020514,0.0
1e-05,1.0,0.2310382336882168,0.1262138428580125,0.0
1e-05,1.0,0.2310382336882168,0.1417948589651424,0.0
1e-05,1.0,0.2310382336882168,0.1592993412898707,0.0
1e-05,1.0,0.2310382336882168,0.1789647404750054,0.0
1e-05,1.0,0.2310382336882168,0.2010578202894464,0.0
1e-05,1.0,0.2310382336882168,0.2258782763143731,5.333521690212151e-12
1e-05,1.0,0.2310382336882168,0.2537628013538671,3.444289030297477e-11
1e-05,1.0,0.2310382336882168,0.2850896527178103,4.6231397255301215e-11
1e-05,1.0,0.2310382336882168,0.3202837833328603,5.297441553750562e-11
1e-05,1.0,0.2310382336882168,0.3598226062857105,5.7412110068661744e-11
1e-05,1.0,0.2310382336882168,0.4042424709954335,6.043362300437424e-11
1e-05,1.0,0.2310382336882168,0.4541459388650518,6.264857314443484e-11
1e-05,1.0,0.2310382336882168,0.5102099571075231,6.409600913447203e-11
1e-05,1.0,0.2310382336882168,0.573195041625182,6.482452829638448e-11
1e-05,1.0,0.2310382336882168,0.6439555935096224,6.478712759279555e-11
1e-05,1.0,0.2310382336882168,0.7234514891067266,6.37303546784441e-11
1e-05,1.0,0.2310382336882168,0.8127611008676167,6.150965250688363e-11
1e-05,1.0,0.2310382336882168,0.9130959256151152,5.811710142478867e-11
1e-05,1.0,0.2310382336882168,1.0258170186601063,5.359365493877839e-11
1e-05,1.0,0.2310382336882168,1.1524534566987763,4.8158198542551756e-11
1e-05,1.0,0.2310382336882168,1.294723079942415,4.22012502824393e-11
1e-05,1.0,0.2310382336882168,1.4545557948495271,3.6191251140082563e-11
1e-05,1.0,0.2310382336882168,1.6341197535649394,3.0615390274509445e-11
1e-05,1.0,0.2310382336882168,1.835850765193496,2.5760808809203213e-11
1e-05,1.0,0.2310382336882168,2.062485337876194,2.1349400541375082e-11
1e-05,1.0,0.2310382336882168,2.3170977998889395,1.7293163008956692e-11
1e-05,1.0,0.2310382336882168,2.6031420033166066,1.3822180939398038e-11
1e-05,1.0,0.2310382336882168,2.9244981760182918,1.1075653833657138e-11
1e-05,1.0,0.2310382336882168,3.285525557436941,8.846982097009485e-12
1e-05,1.0,0.2310382336882168,3.6911215322651687,6.923814473647572e-12
1e-05,1.0,0.2310382336882168,4.1467880641233,5.382522120197703e-12
1e-05,1.0,0.2310382336882168,4.658706330431421,4.236235713365166e-12
1e-05,1.0,0.2310382336882168,5.233820570907402,3.2897694782531633e-12
1e-05,1.0,0.2310382336882168,5.879932287106996,2.5175471412379014e-12
1e-05,1.0,0.2310382336882168,6.605806070835402,1.957580090009091e-12
1e-05,1.0,0.2310382336882168,7.421288497006765,1.515878963620102e-12
1e-05,1.0,0.2310382336882168,8.337441693749241,1.151965834699826e-12
1e-05,1.0,0.2310382336882168,9.366693401651878,8.91721821981645e-13
1e-05,1.0,0.2310382336882168,10.523005557727087,6.896400464310346e-13
1e-05,1.0,0.2310382336882168,11.822063690952728,5.228308344416967e-13
1e-05,1.0,0.2310382336882168,13.281489698569583,4.0691861031822975e-13
1e-05,1.0,0.2310382336882168,14.921080889473224,3.1520404661122634e-13
1e-05,1.0,0.2310382336882168,16.763078537355728,2.402670693779242e-13
1e-05,1.0,0.2310382336882168,18.83246958655666,1.898083121214017e-13
1e-05,1.0,0.2310382336882168,21.157325603303395,1.479163770123491e-13
1e-05,1.0,0.2310382336882168,23.769183570259635,1.1488485454772078e-13
1e-05,1.0,0.2310382336882168,26.70347368991138,9.270473687955271e-14
1e-05,1.0,0.2310382336882168,30.0,7.35358367627841e-14
1e-05,1.0,0.2470008261145366,0.1,0.0
1e-05,1.0,0.2470008261145366,0.1123449344020514,0.0
1e-05,1.0,0.2470008261145366,0.1262138428580125,0.0
1e-05,1.0,0.2470008261145366,0.1417948589651424,0.0
1e-05,1.0,0.2470008261145366,0.1592993412898707,0.0
1e-05,1.0,0.2470008261145366,0.1789647404750054,0.0
1e-05,1.0,0.2470008261145366,0.2010578202894464,0.0
1e-05,1.0,0.2470008261145366,0.2258782763143731,0.0
1e-05,1.0,0.2470008261145366,0.2537628013538671,1.5613664338151073e-11
1e-05,1.0,0.2470008261145366,0.2850896527178103,3.708618641368713e-11
1e-05,1.0,0.2470008261145366,0.3202837833328603,4.6311644986755565e-11
1e-05,1.0,0.2470008261145366,0.3598226062857105,5.244476006645309e-11
1e-05,1.0,0.2470008261145366,0.4042424709954335,5.688288956980512e-11
1e-05,1.0,0.2470008261145366,0.4541459388650518,5.991232766939353e-11
1e-05,1.0,0.2470008261145366,0.5102099571075231,6.206044192514682e-11
1e-05,1.0,0.2470008261145366,0.573195041625182,6.338223402878395e-11
1e-05,1.0,0.2470008261145366,0.6439555935096224,6.365932155748224e-11
1e-05,1.0,0.2470008261145366,0.7234514891067266,6.285391253104997e-11
1e-05,1.0,0.2470008261145366,0.8127611008676167,6.086192424399391e-11
1e-05,1.0,0.2470008261145366,0.9130959256151152,5.759525869676285e-11
1e-05,1.0,0.2470008261145366,1.0258170186601063,5.320588055630769e-11
1e-05,1.0,0.2470008261145366,1.1524534566987763,4.7882512703164644e-11
1e-05,1.0,0.2470008261145366,1.294723079942415,4.1930491300844274e-11
1e-05,1.0,0.2470008261145366,1.4545557948495271,3.585064298127119e-11
1e-05,1.0,0.2470008261145366,1.6341197535649394,3.0132255515154e-11
1e-05,1.0,0.2470008261145366,1.835850765193496,2.5152700923859146e-11
1e-05,1.0,0.2470008261145366,2.062485337876194,2.087628418881256e-11
1e-05,1.0,0.2470008261145366,2.3170977998889395,1.69552097905056e-11
1e-05,1.0,0.2470008261145366,2.6031420033166066,1.3526813639838265e-11
1e-05,1.0,0.2470008261145366,2.9244981760182918,1.0776737578548159e-11
1e-05,1.0,0.2470008261145366,3.285525557436941,8.616945532972307e-12
1e-05,1.0,0.2470008261145366,3.6911215322651687,6.762613989408119e-12
1e-05,1.0,0.2470008261145366,4.1467880641233,5.246092137411574e-12
1e-05,1.0,0.2470008261145366,4.658706330431421,4.114127305707485e-12
1e-05,1.0,0.2470008261145366,5.233820570907402,3.2091178771814432e-12
1e-05,1.0,0.2470008261145366,5.879932287106996,2.4575201736050365e-12
1e-05,1.0,0.2470008261145366,6.605806070835402,1.901133763614356e-12
1e-05,1.0,0.2470008261145366,7.421288497006765,1.4778390088356332e-12
1e-05,1.0,0.2470008261145366,8.337441693749241,1.124035626928591e-12
1e-05,1.0,0.2470008261145366,9.366693401651878,8.655251223961378e-13
1e-05,1.0,0.2470008261145366,10.523005557727087,6.720449902786516e-13
1e-05,1.0,0.2470008261145366,11.822063690952728,5.09513228824158e-13
1e-05,1.0,0.2470008261145366,13.281489698569583,3.9478848317881e-13
1e-05,1.0,0.2470008261145366,14.921080889473224,3.070789825861251e-13
1e-05,1.0,0.2470008261145366,16.763078537355728,2.3374936922131496e-13
1e-05,1.0,0.2470008261145366,18.83246958655666,1.8438600018055385e-13
1e-05,1.0,0.2470008261145366,21.157325603303395,1.4419027912544993e-13
1e-05,1.0,0.2470008261145366,23.769183570259635,1.1178498736771683e-13
1e-05,1.0,0.2470008261145366,26.70347368991138,9.029965903165797e-14
1e-05,1.0,0.2470008261145366,30.0,7.179996948034868e-14
1e-05,1.0,0.2640662851655757,0.1,0.0
1e-05,1.0,0.2640662851655757,0.1123449344020514,0.0
1e-05,1.0,0.2640662851655757,0.1262138428580125,0.0
1e-05,1.0,0.2640662851655757,0.1417948589651424,0.0
1e-05,1.0,0.2640662851655757,0.1592993412898707,0.0
1e-05,1.0,0.2640662851655757,0.1789647404750054,0.0
1e-05,1.0,0.2640662851655757,0.2010578202894464,0.0
1e-05,1.0,0.2640662851655757,0.2258782763143731,0.0
1e-05,1.0,0.2640662851655757,0.2537628013538671,1.5093219027560658e-12
1e-05,1.0,0.2640662851655757,0.2850896527178103,2.3717130560963497e-11
1e-05,1.0,0.2640662851655757,0.3202837833328603,3.759040016141534e-11
1e-05,1.0,0.2640662851655757,0.3598226062857105,4.6094560181681964e-11
1e-05,1.0,0.2640662851655757,0.4042424709954335,5.193886661444392e-11
1e-05,1.0,0.2640662851655757,0.4541459388650518,5.638632808833908e-11
1e-05,1.0,0.2640662851655757,0.5102099571075231,5.952396980182488e-11
1e-05,1.0,0.2640662851655757,0.573195041625182,6.144179629118302e-11
1e-05,1.0,0.2640662851655757,0.6439555935096224,6.23011207548643e-11
1e-05,1.0,0.2640662851655757,0.7234514891067266,6.187081722545924e-11
1e-05,1.0,0.2640662851655757,0.8127611008676167,5.994171424469024e-11
1e-05,1.0,0.2640662851655757,0.9130959256151152,5.670806835043663e-11
1e-05,1.0,0.2640662851655757,1.0258170186601063,5.2449513849914367e-11
1e-05,1.0,0.2640662851655757,1.1524534566987763,4.7289216926683486e-11
1e-05,1.0,0.2640662851655757,1.294723079942415,4.148163932267152e-11
1e-05,1.0,0.2640662851655757,1.4545557948495271,3.544278027472081e-11
1e-05,1.0,0.2640662851655757,1.6341197535649394,2.964438309017853e-11
1e-05,1.0,0.2640662851655757,1.835850765193496,2.4551700602152703e-11
1e-05,1.0,0.2640662851655757,2.062485337876194,2.03104812797437e-11
1e-05,1.0,0.2640662851655757,2.3170977998889395,1.6536465191820922e-11
1e-05,1.0,0.2640662851655757,2.6031420033166066,1.3194026310010762e-11
1e-05,1.0,0.2640662851655757,2.9244981760182918,1.0454573570350052e-11
1e-05,1.0,0.2640662851655757,3.285525557436941,8.342935235558347e-12
1e-05,1.0,0.2640662851655757,3.6911215322651687,6.572094606979266e-12
1e-05,1.0,0.2640662851655757,4.1467880641233,5.0918615154654265e-12
1e-05,1.0,0.2640662851655757,4.658706330431421,3.97440794095146e-12
1e-05,1.0,0.2640662851655757,5.233820570907402,3.108981086975456e-12
1e-05,1.0,0.2640662851655757,5.879932287106996,2.3822503491510563e-12
1e-05,1.0,0.2640662851655757,6.605806070835402,1.8342763798263324e-12
1e-05,1.0,0.2640662851655757,7.421288497006765,1.4279298308387532e-12
1e-05,1.0,0.2640662851655757,8.337441693749241,1.0875360584632471e-12
1e-05,1.0,0.2640662851655757,9.366693401651878,8.337832785515951e-13
1e-05,1.0,0.2640662851655757,10.523005557727087,6.482224254811715e-13
1e-05,1.0,0.2640662851655757,11.822063690952728,4.923601438736503e-13
1e-05,1.0,0.2640662851655757,13.281489698569583,3.7984208001697937e-13
1e-05,1.0,0.2640662851655757,14.921080889473224,2.9608561634773083e-13
1e-05,1.0,0.2640662851655757,16.763078537355728,2.2572273544753545e-13
1e-05,1.0,0.2640662851655757,18.83246958655666,1.7742538649492925e-13
1e-05,1.0,0.2640662851655757,21.157325603303395,1.392568417257227e-13
1e-05,1.0,0.2640662851655757,23.769183570259635,1.079223936983867e-13
1e-05,1.0,0.2640662851655757,26.70347368991138,8.709083056866927e-14
1e-05,1.0,0.2640662851655757,30.0,6.957116385151611e-14
1e-05,1.0,0.2823108086643086,0.1,0.0
1e-05,1.0,0.2823108086643086,0.1123449344020514,0.0
1e-05,1.0,0.2823108086643086,0.1262138428580125,0.0
1e-05,1.0,0.2823108086643086,0.1417948589651424,0.0
1e-05,1.0,0.2823108086643086,0.1592993412898707,0.0
1e-05,1.0,0.2823108086643086,0.1789647404750054,0.0
1e-05,1.0,0.2823108086643086,0.2010578202894464,0.0
1e-05,1.0,0.2823108086643086,0.2258782763143731,0.0
1e-05,1.0,0.2823108086643086,0.2537628013538671,0.0
1e-05,1.0,0.2823108086643086,0.2850896527178103,8.047142585079616e-12
1e-05,1.0,0.2823108086643086,0.3202837833328603,2.6823317228658393e-11
1e-05,1.0,0.2823108086643086,0.3598226062857105,3.822786417815438e-11
1e-05,1.0,0.2823108086643086,0.4042424709954335,4.661895085443575e-11
1e-05,1.0,0.2823108086643086,0.4541459388650518,5.253825144616645e-11
1e-05,1.0,0.2823108086643086,0.5102099571075231,5.691217429561339e-11
1e-05,1.0,0.2823108086643086,0.573195041625182,5.998694795393765e-11
1e-05,1.0,0.2823108086643086,0.6439555935096224,6.14871314690359e-11
1e-05,1.0,0.2823108086643086,0.7234514891067266,6.126270774788943e-11
1e-05,1.0,0.2823108086643086,0.8127611008676167,5.93394895800442e-11
1e-05,1.0,0.2823108086643086,0.9130959256151152,5.584751282270107e-11
1e-05,1.0,0.2823108086643086,1.0258170186601063,5.129716419765161e-11
1e-05,1.0,0.2823108086643086,1.1524534566987763,4.622501566847189e-11
1e-05,1.0,0.2823108086643086,1.294723079942415,4.065419153630693e-11
1e-05,1.0,0.2823108086643086,1.4545557948495271,3.475452048412862e-11
1e-05,1.0,0.2823108086643086,1.6341197535649394,2.902139844296324e-11
1e-05,1.0,0.2823108086643086,1.835850765193496,2.3871556374940025e-11
1e-05,1.0,0.2823108086643086,2.062485337876194,1.9597134966156173e-11
1e-05,1.0,0.2823108086643086,2.3170977998889395,1.597486968649455e-11
1e-05,1.0,0.2823108086643086,2.6031420033166066,1.273535224863669e-11
1e-05,1.0,0.2823108086643086,2.9244981760182918,1.0040481943170106e-11
1e-05,1.0,0.2823108086643086,3.285525557436941,7.977454874084553e-12
1e-05,1.0,0.2823108086643086,3.6911215322651687,6.2935492600074624e-12
1e-05,1.0,0.2823108086643086,4.1467880641233,4.8748306958569295e-12
1e-05,1.0,0.2823108086643086,4.658706330431421,3.7870186612015734e-12
1e-05,1.0,0.2823108086643086,5.233820570907402,2.963662081981549e-12
1e-05,1.0,0.2823108086643086,5.879932287106996,2.2748375350272173e-12
1e-05,1.0,0.2823108086643086,6.605806070835402,1.7439305798320506e-12
1e-05,1.0,0.2823108086643086,7.421288497006765,1.357703694219252e-12
1e-05,1.0,0.2823108086643086,8.337441693749241,1.0361595087543703e-12
1e-05,1.0,0.2823108086643086,9.366693401651878,7.908505386932455e-13
1e-05,1.0,0.2823108086643086,10.523005557727087,6.15501444844882e-13
1e-05,1.0,0.2823108086643086,11.822063690952728,4.680998228179519e-13
1e-05,1.0,0.2823108086643086,13.281489698569583,3.597378113160108e-13
1e-05,1.0,0.2823108086643086,14.921080889473224,2.811652624494224e-13
1e-05,1.0,0.2823108086643086,16.763078537355728,2.1426123652685646e-13
1e-05,1.0,0.2823108086643086,18.83246958655666,1.6825446347630253e-13
1e-05,1.0,0.2823108086643086,21.157325603303395,1.3238584724032346e-13
1e-05,1.0,0.2823108086643086,23.769183570259635,1.0250759794850609e-13
1e-05,1.0,0.2823108086643086,26.70347368991138,8.294752430134192e-14
1e-05,1.0,0.2823108086643086,30.0,6.632598616833644e-14
1e-05,1.0,0.3018158589943526,0.1,0.0
1e-05,1.0,0.3018158589943526,0.1123449344020514,0.0
1e-05,1.0,0.3018158589943526,0.1262138428580125,0.0
1e-05,1.0,0.3018158589943526,0.1417948589651424,0.0
1e-05,1.0,0.3018158589943526,0.1592993412898707,0.0
1e-05,1.0,0.3018158589943526,0.1789647404750054,0.0
1e-05,1.0,0.3018158589943526,0.2010578202894464,0.0
1e-05,1.0,0.3018158589943526,0.2258782763143731,0.0
1e-05,1.0,0.3018158589943526,0.2537628013538671,0.0
1e-05,1.0,0.3018158589943526,0.2850896527178103,4.940471806206137e-14
1e-05,1.0,0.3018158589943526,0.3202837833328603,1.4371669749980544e-11
1e-05,1.0,0.3018158589943526,0.3598226062857105,2.8254129596624103e-11
1e-05,1.0,0.3018158589943526,0.4042424709954335,3.830089163845178e-11
1e-05,1.0,0.3018158589943526,0.4541459388650518,4.6468166327255155e-11
1e-05,1.0,0.3018158589943526,0.5102099571075231,5.2612667071100524e-11
1e-05,1.0,0.3018158589943526,0.573195041625182,5.6739853667375323e-11
1e-05,1.0,0.3018158589943526,0.6439555935096224,5.908168032797107e-11
1e-05,1.0,0.3018158589943526,0.7234514891067266,5.935845962821866e-11
1e-05,1.0,0.3018158589943526,0.8127611008676167,5.745388881591957e-11
1e-05,1.0,0.3018158589943526,0.9130959256151152,5.3849947342605087e-11
1e-05,1.0,0.3018158589943526,1.0258170186601063,4.9173808000794615e-11
1e-05,1.0,0.3018158589943526,1.1524534566987763,4.394964763005627e-11
1e-05,1.0,0.3018158589943526,1.294723079942415,3.861825452580445e-11
1e-05,1.0,0.3018158589943526,1.4545557948495271,3.3118682638251727e-11
1e-05,1.0,0.3018158589943526,1.6341197535649394,2.763979066491352e-11
1e-05,1.0,0.3018158589943526,1.835850765193496,2.2638756964443323e-11
1e-05,1.0,0.3018158589943526,2.062485337876194,1.847049712710985e-11
1e-05,1.0,0.3018158589943526,2.3170977998889395,1.503889944964379e-11
1e-05,1.0,0.3018158589943526,2.6031420033166066,1.2000408315274575e-11
1e-05,1.0,0.3018158589943526,2.9244981760182918,9.442350178327276e-12
1e-05,1.0,0.3018158589943526,3.285525557436941,7.462095289916438e-12
1e-05,1.0,0.3018158589943526,3.6911215322651687,5.896380820229813e-12
1e-05,1.0,0.3018158589943526,4.1467880641233,4.5704455990348285e-12
1e-05,1.0,0.3018158589943526,4.658706330431421,3.535539327341743e-12
1e-05,1.0,0.3018158589943526,5.233820570907402,2.767906300137133e-12
1e-05,1.0,0.3018158589943526,5.879932287106996,2.1256586724336937e-12
1e-05,1.0,0.3018158589943526,6.605806070835402,1.6249628254275534e-12
1e-05,1.0,0.3018158589943526,7.421288497006765,1.2653687876260633e-12
1e-05,1.0,0.3018158589943526,8.337441693749241,9.6545854891317e-13
1e-05,1.0,0.3018158589943526,9.366693401651878,7.359580280530667e-13
1e-05,1.0,0.3018158589943526,10.523005557727087,5.727648791772016e-13
1e-05,1.0,0.3018158589943526,11.822063690952728,4.3545380664104545e-13
1e-05,1.0,0.3018158589943526,13.281489698569583,3.3477477453831546e-13
1e-05,1.0,0.3018158589943526,14.921080889473224,2.614164717613697e-13
1e-05,1.0,0.3018158589943526,16.763078537355728,1.9941843157805098e-13
1e-05,1.0,0.3018158589943526,18.83246958655666,1.5679862325771079e-13
1e-05,1.0,0.3018158589943526,21.157325603303395,1.231762441967379e-13
1e-05,1.0,0.3018158589943526,23.769183570259635,9.569980536667757e-14
1e-05,1.0,0.3018158589943526,26.70347368991138,7.739910015421504e-14
1e-05,1.0,0.3018158589943526,30.0,6.193605166149078e-14
1e-05,1.0,0.3226685268321269,0.1,0.0
1e-05,1.0,0.3226685268321269,0.1123449344020514,0.0
1e-05,1.0,0.3226685268321269,0.1262138428580125,0.0
1e-05,1.0,0.3226685268321269,0.1417948589651424,0.0
1e-05,1.0,0.3226685268321269,0.1592993412898707,0.0
1e-05,1.0,0.3226685268321269,0.1789647404750054,0.0
1e-05,1.0,0.3226685268321269,0.2010578202894464,0.0
1e-05,1.0,0.3226685268321269,0.2258782763143731,0.0
1e-05,1.0,0.3226685268321269,0.2537628013538671,0.0
1e-05,1.0,0.3226685268321269,0.2850896527178103,0.0
1e-05,1.0,0.3226685268321269,0.3202837833328603,2.521741344234669e-12
1e-05,1.0,0.3226685268321269,0.3598226062857105,1.5917892225837884e-11
1e-05,1.0,0.3226685268321269,0.4042424709954335,2.781355672348966e-11
1e-05,1.0,0.3226685268321269,0.4541459388650518,3.716002135192935e-11
1e-05,1.0,0.3226685268321269,0.5102099571075231,4.470328684328201e-11
1e-05,1.0,0.3226685268321269,0.573195041625182,5.050894628111411e-11
1e-05,1.0,0.3226685268321269,0.6439555935096224,5.3863103492692234e-11
1e-05,1.0,0.3226685268321269,0.7234514891067266,5.458269158494216e-11
1e-05,1.0,0.3226685268321269,0.8127611008676167,5.3137830937091646e-11
1e-05,1.0,0.3226685268321269,0.9130959256151152,4.9865224434497316e-11
1e-05,1.0,0.3226685268321269,1.0258170186601063,4.525183688513861e-11
1e-05,1.0,0.3226685268321269,1.1524534566987763,4.012438195494627e-11
1e-05,1.0,0.3226685268321269,1.294723079942415,3.510605930646611e-11
1e-05,1.0,0.3226685268321269,1.4545557948495271,3.014509326650391e-11
1e-05,1.0,0.3226685268321269,1.6341197535649394,2.5184091353828995e-11
1e-05,1.0,0.3226685268321269,1.835850765193496,2.062121794221145e-11
1e-05,1.0,0.3226685268321269,2.062485337876194,1.674329440071552e-11
1e-05,1.0,0.3226685268321269,2.3170977998889395,1.3615181651352141e-11
1e-05,1.0,0.3226685268321269,2.6031420033166066,1.0894973974729042e-11
1e-05,1.0,0.3226685268321269,2.9244981760182918,8.560588154226971e-12
1e-05,1.0,0.3226685268321269,3.285525557436941,6.749490998064638e-12
1e-05,1.0,0.3226685268321269,3.6911215322651687,5.335653936654151e-12
1e-05,1.0,0.3226685268321269,4.1467880641233,4.130012642023836e-12
1e-05,1.0,0.3226685268321269,4.658706330431421,3.192095424477742e-12
1e-05,1.0,0.3226685268321269,5.233820570907402,2.4965259893350733e-12
1e-05,1.0,0.3226685268321269,5.879932287106996,1.9147260026643604e-12
1e-05,1.0,0.3226685268321269,6.605806070835402,1.4641516801992772e-12
1e-05,1.0,0.3226685268321269,7.421288497006765,1.1379585496827372e-12
1e-05,1.0,0.3226685268321269,8.337441693749241,8.674128346031591e-13
1e-05,1.0,0.3226685268321269,9.366693401651878,6.61910759048885e-13
1e-05,1.0,0.3226685268321269,10.523005557727087,5.139000376328263e-13
1e-05,1.0,0.3226685268321269,11.822063690952728,3.9062435024637037e-13
1e-05,1.0,0.3226685268321269,13.281489698569583,3.0076080039258917e-13
1e-05,1.0,0.3226685268321269,14.921080889473224,2.343235863929343e-13
1e-05,1.0,0.3226685268321269,16.763078537355728,1.7899187484270073e-13
1e-05,1.0,0.3226685268321269,18.83246958655666,1.408989562726255e-13
1e-05,1.0,0.3226685268321269,21.157325603303395,1.1064772066025806e-13
1e-05,1.0,0.3226685268321269,23.769183570259635,8.625093554938956e-14
1e-05,1.0,0.3226685268321269,26.70347368991138,6.981780828859597e-14
1e-05,1.0,0.3226685268321269,30.0,5.590648688001927e-14
1e-05,1.0,0.3449619200095219,0.1,0.0
1e-05,1.0,0.3449619200095219,0.1123449344020514,0.0
1e-05,1.0,0.3449619200095219,0.1262138428580125,0.0
1e-05,1.0,0.3449619200095219,0.1417948589651424,0.0
1e-05,1.0,0.3449619200095219,0.1592993412898707,0.0
1e-05,1.0,0.3449619200095219,0.1789647404750054,0.0
1e-05,1.0,0.3449619200095219,0.2010578202894464,0.0
1e-05,1.0,0.3449619200095219,0.2258782763143731,0.0
1e-05,1.0,0.3449619200095219,0.2537628013538671,0.0
1e-05,1.0,0.3449619200095219,0.2850896527178103,0.0
1e-05,1.0,0.3449619200095219,0.3202837833328603,0.0
1e-05,1.0,0.3449619200095219,0.3598226062857105,4.219069479018592e-12
1e-05,1.0,0.3449619200095219,0.4042424709954335,1.466162133660772e-11
1e-05,1.0,0.3449619200095219,0.4541459388650518,2.5366787610082675e-11
1e-05,1.0,0.3449619200095219,0.5102099571075231,3.471639682939019e-11
1e-05,1.0,0.3449619200095219,0.573195041625182,4.156889226570979e-11
1e-05,1.0,0.3449619200095219,0.6439555935096224,4.5872811478282596e-11
1e-05,1.0,0.3449619200095219,0.7234514891067266,4.772891873449818e-11
1e-05,1.0,0.3449619200095219,0.8127611008676167,4.7020206001164346e-11
1e-05,1.0,0.3449619200095219,0.9130959256151152,4.409791007596115e-11
1e-05,1.0,0.3449619200095219,1.0258170186601063,3.9899512363801764e-11
1e-05,1.0,0.3449619200095219,1.1524534566987763,3.518179883155726e-11
1e-05,1.0,0.3449619200095219,1.294723079942415,3.0473105681105216e-11
1e-05,1.0,0.3449619200095219,1.4545557948495271,2.6049214799666532e-11
1e-05,1.0,0.3449619200095219,1.6341197535649394,2.173046697084139e-11
1e-05,1.0,0.3449619200095219,1.835850765193496,1.7691732057779196e-11
1e-05,1.0,0.3449619200095219,2.062485337876194,1.4278652940986517e-11
1e-05,1.0,0.3449619200095219,2.3170977998889395,1.1591611650298354e-11
1e-05,1.0,0.3449619200095219,2.6031420033166066,9.249595420190669e-12
1e-05,1.0,0.3449619200095219,2.9244981760182918,7.248858292892653e-12
1e-05,1.0,0.3449619200095219,3.285525557436941,5.718438616442923e-12
1e-05,1.0,0.3449619200095219,3.6911215322651687,4.50422620037735e-12
1e-05,1.0,0.3449619200095219,4.1467880641233,3.4781213879849743e-12
1e-05,1.0,0.3449619200095219,4.658706330431421,2.693131178154795e-12
1e-05,1.0,0.3449619200095219,5.233820570907402,2.0993066151691013e-12
1e-05,1.0,0.3449619200095219,5.879932287106996,1.60545575567095e-12
1e-05,1.0,0.3449619200095219,6.605806070835402,1.230496115522417e-12
1e-05,1.0,0.3449619200095219,7.421288497006765,9.52673691928678e-13
1e-05,1.0,0.3449619200095219,8.337441693749241,7.233069231814579e-13
1e-05,1.0,0.3449619200095219,9.366693401651878,5.539606178206983e-13
1e-05,1.0,0.3449619200095219,10.523005557727087,4.2863717605816475e-13
1e-05,1.0,0.3449619200095219,11.822063690952728,3.2504057927257383e-13
1e-05,1.0,0.3449619200095219,13.281489698569583,2.5183688062859297e-13
1e-05,1.0,0.3449619200095219,14.921080889473224,1.9525444726048996e-13
1e-05,1.0,0.3449619200095219,16.763078537355728,1.4921080946013646e-13
1e-05,1.0,0.3449619200095219,18.83246958655666,1.181590536730996e-13
1e-05,1.0,0.3449619200095219,21.157325603303395,9.223125937229086e-14
1e-05,1.0,0.3449619200095219,23.769183570259635,7.257260862081433e-14
1e-05,1.0,0.3449619200095219,26.70347368991138,5.882882242461347e-14
1e-05,1.0,0.3449619200095219,30.0,4.680730417664922e-14
1e-05,1.0,0.3687955792433599,0.1,0.0
1e-05,1.0,0.3687955792433599,0.1123449344020514,0.0
1e-05,1.0,0.3687955792433599,0.1262138428580125,0.0
1e-05,1.0,0.3687955792433599,0.1417948589651424,0.0
1e-05,1.0,0.3687955792433599,0.1592993412898707,0.0
1e-05,1.0,0.3687955792433599,0.1789647404750054,0.0
1e-05,1.0,0.3687955792433599,0.2010578202894464,0.0
1e-05,1.0,0.3687955792433599,0.2258782763143731,0.0
1e-05,1.0,0.3687955792433599,0.2537628013538671,0.0
1e-05,1.0,0.3687955792433599,0.2850896527178103,0.0
1e-05,1.0,0.3687955792433599,0.3202837833328603,0.0
1e-05,1.0,0.3687955792433599,0.3598226062857105,1.3800364110781852e-13
1e-05,1.0,0.3687955792433599,0.4042424709954335,3.340387497008024e-12
1e-05,1.0,0.3687955792433599,0.4541459388650518,9.901068671223127e-12
1e-05,1.0,0.3687955792433599,0.5102099571075231,1.7545363752767695e-11
1e-05,1.0,0.3687955792433599,0.573195041625182,2.452595319340696e-11
1e-05,1.0,0.3687955792433599,0.6439555935096224,2.9579713680230974e-11
1e-05,1.0,0.3687955792433599,0.7234514891067266,3.199869785139834e-11
1e-05,1.0,0.3687955792433599,0.8127611008676167,3.1905761841216205e-11
1e-05,1.0,0.3687955792433599,0.9130959256151152,3.0173023498759567e-11
1e-05,1.0,0.3687955792433599,1.0258170186601063,2.7381648788169933e-11
1e-05,1.0,0.3687955792433599,1.1524534566987763,2.401445262220743e-11
1e-05,1.0,0.3687955792433599,1.294723079942415,2.0713686245715368e-11
1e-05,1.0,0.3687955792433599,1.4545557948495271,1.772177105609935e-11
1e-05,1.0,0.3687955792433599,1.6341197535649394,1.4721196336592536e-11
1e-05,1.0,0.3687955792433599,1.835850765193496,1.1903606047747592e-11
1e-05,1.0,0.3687955792433599,2.062485337876194,9.63825450875205e-12
1e-05,1.0,0.3687955792433599,2.3170977998889395,7.817429832014936e-12
1e-05,1.0,0.3687955792433599,2.6031420033166066,6.170830982550086e-12
1e-05,1.0,0.3687955792433599,2.9244981760182918,4.8348097495230766e-12
1e-05,1.0,0.3687955792433599,3.285525557436941,3.838364404227601e-12
1e-05,1.0,0.3687955792433599,3.6911215322651687,2.988792989697452e-12
1e-05,1.0,0.3687955792433599,4.1467880641233,2.301726908072829e-12
1e-05,1.0,0.3687955792433599,4.658706330431421,1.802131009827321e-12
1e-05,1.0,0.3687955792433599,5.233820570907402,1.3893602544692829e-12
1e-05,1.0,0.3687955792433599,5.879932287106996,1.0599981133057158e-12
1e-05,1.0,0.3687955792433599,6.605806070835402,8.239896116599549e-13
1e-05,1.0,0.3687955792433599,7.421288497006765,6.301184614934398e-13
1e-05,1.0,0.3687955792433599,8.337441693749241,4.794474425261426e-13
1e-05,1.0,0.3687955792433599,9.366693401651878,3.720632916660488e-13
1e-05,1.0,0.3687955792433599,10.523005557727087,2.8319681284257896e-13
1e-05,1.0,0.3687955792433599,11.822063690952728,2.1714878586239218e-13
1e-05,1.0,0.3687955792433599,13.281489698569583,1.6898354727685673e-13
1e-05,1.0,0.3687955792433599,14.921080889473224,1.291036459163448e-13
1e-05,1.0,0.3687955792433599,16.763078537355728,1.0113575968982411e-13
1e-05,1.0,0.3687955792433599,18.83246958655666,7.930488588172948e-14
1e-05,1.0,0.3687955792433599,21.157325603303395,6.179330935207029e-14
1e-05,1.0,0.3687955792433599,23.769183570259635,4.980828981127391e-14
1e-05,1.0,0.3687955792433599,26.70347368991138,3.9615623389893384e-14
1e-05,1.0,0.3687955792433599,30.0,3.2259740868089566e-14
1e-05,1.0,0.3942759225878933,0.1,0.0
1e-05,1.0,0.3942759225878933,0.1123449344020514,0.0
1e-05,1.0,0.3942759225878933,0.1262138428580125,0.0
1e-05,1.0,0.3942759225878933,0.1417948589651424,0.0
1e-05,1.0,0.3942759225878933,0.1592993412898707,0.0
1e-05,1.0,0.3942759225878933,0.1789647404750054,0.0
1e-05,1.0,0.3942759225878933,0.2010578202894464,0.0
1e-05,1.0,0.3942759225878933,0.2258782763143731,0.0
1e-05,1.0,0.3942759225878933,0.2537628013538671,0.0
1e-05,1.0,0.3942759225878933,0.2850896527178103,0.0
1e-05,1.0,0.3942759225878933,0.3202837833328603,0.0
1e-05,1.0,0.3942759225878933,0.3598226062857105,0.0
1e-05,1.0,0.3942759225878933,0.4042424709954335,5.318108245141199e-14
1e-05,1.0,0.3942759225878933,0.4541459388650518,3.1742351839016986e-13
1e-05,1.0,0.3942759225878933,0.5102099571075231,7.006963040545365e-13
1e-05,1.0,0.3942759225878933,0.573195041625182,1.1058089128513131e-12
1e-05,1.0,0.3942759225878933,0.6439555935096224,1.4564406735326002e-12
1e-05,1.0,0.3942759225878933,0.7234514891067266,1.6994049590903367e-12
1e-05,1.0,0.3942759225878933,0.8127611008676167,1.8058212168208512e-12
1e-05,1.0,0.3942759225878933,0.9130959256151152,1.7780888297468481e-12
1e-05,1.0,0.3942759225878933,1.0258170186601063,1.6507962206739636e-12
1e-05,1.0,0.3942759225878933,1.1524534566987763,1.4764317481651938e-12
1e-05,1.0,0.3942759225878933,1.294723079942415,1.2941658368562341e-12
1e-05,1.0,0.3942759225878933,1.4545557948495271,1.1136106786967198e-12
1e-05,1.0,0.3942759225878933,1.6341197535649394,9.341835693382658e-13
1e-05,1.0,0.3942759225878933,1.835850765193496,7.612928033109066e-13
1e-05,1.0,0.3942759225878933,2.062485337876194,6.081901601045867e-13
1e-05,1.0,0.3942759225878933,2.3170977998889395,4.820312042847833e-13
1e-05,1.0,0.3942759225878933,2.6031420033166066,3.7714153183935137e-13
1e-05,1.0,0.3942759225878933,2.9244981760182918,2.898812407297472e-13
1e-05,1.0,0.3942759225878933,3.285525557436941,2.2097744965856616e-13
1e-05,1.0,0.3942759225878933,3.6911215322651687,1.6689250040932335e-13
1e-05,1.0,0.3942759225878933,4.1467880641233,1.2437747884575066e-13
1e-05,1.0,0.3942759225878933,4.658706330431421,9.199513081428833e-14
1e-05,1.0,0.3942759225878933,5.233820570907402,6.786954095397525e-14
1e-05,1.0,0.3942759225878933,5.879932287106996,4.948265601678368e-14
1e-05,1.0,0.3942759225878933,6.605806070835402,3.5723435478238857e-14
1e-05,1.0,0.3942759225878933,7.421288497006765,2.5880618543714066e-14
1e-05,1.0,0.3942759225878933,8.337441693749241,1.8595146845080994e-14
1e-05,1.0,0.3942759225878933,9.366693401651878,1.3177552303244116e-14
1e-05,1.0,0.3942759225878933,10.523005557727087,9.386893127914271e-15
1e-05,1.0,0.3942759225878933,11.822063690952728,6.696357940666272e-15
1e-05,1.0,0.3942759225878933,13.281489698569583,4.689622485861143e-15
1e-05,1.0,0.3942759225878933,14.921080889473224,3.283955545445344e-15
1e-05,1.0,0.3942759225878933,16.763078537355728,2.3399572570007997e-15
1e-05,1.0,0.3942759225878933,18.83246958655666,1.6146902594222915e-15
1e-05,1.0,0.3942759225878933,21.157325603303395,1.1093679357027521e-15
1e-05,1.0,0.3942759225878933,23.769183570259635,7.924639247041998e-16
1e-05,1.0,0.3942759225878933,26.70347368991138,5.279849298285676e-16
1e-05,1.0,0.3942759225878933,30.0,3.5927261627232895e-16
1e-05,1.0,0.421516720594837,0.1,0.0
1e-05,1.0,0.421516720594837,0.1123449344020514,0.0
1e-05,1.0,0.421516720594837,0.1262138428580125,0.0
1e-05,1.0,0.421516720594837,0.1417948589651424,0.0
1e-05,1.0,0.421516720594837,0.1592993412898707,0.0
1e-05,1.0,0.421516720594837,0.1789647404750054,0.0
1e-05,1.0,0.421516720594837,0.2010578202894464,0.0
1e-05,1.0,0.421516720594837,0.2258782763143731,0.0
1e-05,1.0,0.421516720594837,0.2537628013538671,0.0
1e-05,1.0,0.421516720594837,0.2850896527178103,0.0
1e-05,1.0,0.421516720594837,0.3202837833328603,0.0
1e-05,1.0,0.421516720594837,0.3598226062857105,0.0
1e-05,1.0,0.421516720594837,0.4042424709954335,7.823280713208754e-16
1e-05,1.0,0.421516720594837,0.4541459388650518,4.1271004461191877e-14
1e-05,1.0,0.421516720594837,0.5102099571075231,1.3228932291741546e-13
1e-05,1.0,0.421516720594837,0.573195041625182,2.438767365548442e-13
1e-05,1.0,0.421516720594837,0.6439555935096224,3.5516653218572435e-13
1e-05,1.0,0.421516720594837,0.7234514891067266,4.4950433772637025e-13
1e-05,1.0,0.421516720594837,0.8127611008676167,5.152423911277449e-13
1e-05,1.0,0.421516720594837,0.9130959256151152,5.469555769127563e-13
1e-05,1.0,0.421516720594837,1.0258170186601063,5.460755842633451e-13
1e-05,1.0,0.421516720594837,1.1524534566987763,5.199439401386652e-13
1e-05,1.0,0.421516720594837,1.294723079942415,4.784884989727216e-13
1e-05,1.0,0.421516720594837,1.4545557948495271,4.30404103289194e-13
1e-05,1.0,0.421516720594837,1.6341197535649394,3.802834694403308e-13
1e-05,1.0,0.421516720594837,1.835850765193496,3.282199704327346e-13
1e-05,1.0,0.421516720594837,2.062485337876194,2.7488694436853875e-13
1e-05,1.0,0.421516720594837,2.3170977998889395,2.255404061536385e-13
1e-05,1.0,0.421516720594837,2.6031420033166066,1.8314983171901074e-13
1e-05,1.0,0.421516720594837,2.9244981760182918,1.4717454190722973e-13
1e-05,1.0,0.421516720594837,3.285525557436941,1.1648927749699647e-13
1e-05,1.0,0.421516720594837,3.6911215322651687,9.075062452646073e-14
1e-05,1.0,0.421516720594837,4.1467880641233,7.005489766626438e-14
1e-05,1.0,0.421516720594837,4.658706330431421,5.3685250845009115e-14
1e-05,1.0,0.421516720594837,5.233820570907402,4.0738192867220626e-14
1e-05,1.0,0.421516720594837,5.879932287106996,3.058254773481036e-14
1e-05,1.0,0.421516720594837,6.605806070835402,2.283366672877227e-14
1e-05,1.0,0.421516720594837,7.421288497006765,1.6942790063773833e-14
1e-05,1.0,0.421516720594837,8.337441693749241,1.245779283743557e-14
1e-05,1.0,0.421516720594837,9.366693401651878,9.107333913379348e-15
1e-05,1.0,0.421516720594837,10.523005557727087,6.5986739655133265e-15
1e-05,1.0,0.421516720594837,11.822063690952728,4.774884995557964e-15
1e-05,1.0,0.421516720594837,13.281489698569583,3.445730126028295e-15
1e-05,1.0,0.421516720594837,14.921080889473224,2.436318821012993e-15
1e-05,1.0,0.421516720594837,16.763078537355728,1.7471311035654961e-15
1e-05,1.0,0.421516720594837,18.83246958655666,1.24029195386936e-15
1e-05,1.0,0.421516720594837,21.157325603303395,8.49566847317714e-16
1e-05,1.0,0.421516720594837,23.769183570259635,6.063962846445695e-16
1e-05,1.0,0.421516720594837,26.70347368991138,4.134940422025374e-16
1e-05,1.0,0.421516720594837,30.0,2.731182371252944e-16
1e-05,1.0,0.4506396043025368,0.1,0.0
1e-05,1.0,0.4506396043025368,0.1123449344020514,0.0
1e-05,1.0,0.4506396043025368,0.1262138428580125,0.0
1e-05,1.0,0.4506396043025368,0.1417948589651424,0.0
1e-05,1.0,0.4506396043025368,0.1592993412898707,0.0
1e-05,1.0,0.4506396043025368,0.1789647404750054,0.0
1e-05,1.0,0.4506396043025368,0.2010578202894464,0.0
1e-05,1.0,0.4506396043025368,0.2258782763143731,0.0
1e-05,1.0,0.4506396043025368,0.2537628013538671,0.0
1e-05,1.0,0.4506396043025368,0.2850896527178103,0.0
1e-05,1.0,0.4506396043025368,0.3202837833328603,0.0
1e-05,1.0,0.4506396043025368,0.3598226062857105,0.0
1e-05,1.0,0.4506396043025368,0.4042424709954335,0.0
1e-05,1.0,0.4506396043025368,0.4541459388650518,3.3404336343923983e-15
1e-05,1.0,0.4506396043025368,0.5102099571075231,2.9358637952598604e-14
1e-05,1.0,0.4506396043025368,0.573195041625182,7.227607169532004e-14
1e-05,1.0,0.4506396043025368,0.6439555935096224,1.2164255770837214e-13
1e-05,1.0,0.4506396043025368,0.7234514891067266,1.6948169751835582e-13
1e-05,1.0,0.4506396043025368,0.8127611008676167,2.0946108209190423e-13
1e-05,1.0,0.4506396043025368,0.9130959256151152,2.3718962120510513e-13
1e-05,1.0,0.4506396043025368,1.0258170186601063,2.507182548351876e-13
1e-05,1.0,0.4506396043025368,1.1524534566987763,2.507139497235923e-13
1e-05,1.0,0.4506396043025368,1.294723079942415,2.4002480575449894e-13
1e-05,1.0,0.4506396043025368,1.4545557948495271,2.225071870418024e-13
1e-05,1.0,0.4506396043025368,1.6341197535649394,2.0180126984834804e-13
1e-05,1.0,0.4506396043025368,1.835850765193496,1.7971615366796187e-13
1e-05,1.0,0.4506396043025368,2.062485337876194,1.557180408874987e-13
1e-05,1.0,0.4506396043025368,2.3170977998889395,1.3085742011594432e-13
1e-05,1.0,0.4506396043025368,2.6031420033166066,1.0795646307907435e-13
1e-05,1.0,0.4506396043025368,2.9244981760182918,8.830944054829338e-14
1e-05,1.0,0.4506396043025368,3.285525557436941,7.150987877080143e-14
1e-05,1.0,0.4506396043025368,3.6911215322651687,5.6819787644394174e-14
1e-05,1.0,0.4506396043025368,4.1467880641233,4.447478831544389e-14
1e-05,1.0,0.4506396043025368,4.658706330431421,3.470245420692105e-14
1e-05,1.0,0.4506396043025368,5.233820570907402,2.682157141801981e-14
1e-05,1.0,0.4506396043025368,5.879932287106996,2.042246732515309e-14
1e-05,1.0,0.4506396043025368,6.605806070835402,1.5497721608555784e-14
1e-05,1.0,0.4506396043025368,7.421288497006765,1.1694844686426006e-14
1e-05,1.0,0.4506396043025368,8.337441693749241,8.70339976430529e-15
1e-05,1.0,0.4506396043025368,9.366693401651878,6.4564668802465304e-15
1e-05,1.0,0.4506396043025368,10.523005557727087,4.73757926714005e-15
1e-05,1.0,0.4506396043025368,11.822063690952728,3.4440579873276187e-15
1e-05,1.0,0.4506396043025368,13.281489698569583,2.5157672338600668e-15
1e-05,1.0,0.4506396043025368,14.921080889473224,1.793262398671888e-15
1e-05,1.0,0.4506396043025368,16.763078537355728,1.2799322950351921e-15
1e-05,1.0,0.4506396043025368,18.83246958655666,9.20048020125336e-16
1e-05,1.0,0.4506396043025368,21.157325603303395,6.27388903822776e-16
1e-05,1.0,0.4506396043025368,23.769183570259635,4.4111662197388053e-16
1e-05,1.0,0.4506396043025368,26.70347368991138,3.048338917892494e-16
1e-05,1.0,0.4506396043025368,30.0,1.949744974027789e-16
1e-05,1.0,0.4817746083224637,0.1,0.0
1e-05,1.0,0.4817746083224637,0.1123449344020514,0.0
1e-05,1.0,0.4817746083224637,0.1262138428580125,0.0
1e-05,1.0,0.4817746083224637,0.1417948589651424,0.0
1e-05,1.0,0.4817746083224637,0.1592993412898707,0.0
1e-05,1.0,0.4817746083224637,0.1789647404750054,0.0
1e-05,1.0,0.4817746083224637,0.2010578202894464,0.0
1e-05,1.0,0.4817746083224637,0.2258782763143731,0.0
1e-05,1.0,0.4817746083224637,0.2537628013538671,0.0
1e-05,1.0,0.4817746083224637,0.2850896527178103,0.0
1e-05,1.0,0.4817746083224637,0.3202837833328603,0.0
1e-05,1.0,0.4817746083224637,0.3598226062857105,0.0
1e-05,1.0,0.4817746083224637,0.4042424709954335,0.0
1e-05,1.0,0.4817746083224637,0.4541459388650518,5.079031394470958e-19
1e-05,1.0,0.4817746083224637,0.5102099571075231,4.260727396536823e-15
1e-05,1.0,0.4817746083224637,0.573195041625182,1.9922710655933573e-14
1e-05,1.0,0.4817746083224637,0.6439555935096224,4.2722761501427054e-14
1e-05,1.0,0.4817746083224637,0.7234514891067266,6.821096462926527e-14
1e-05,1.0,0.4817746083224637,0.8127611008676167,9.257140124699834e-14
1e-05,1.0,0.4817746083224637,0.9130959256151152,1.1271181130966182e-13
1e-05,1.0,0.4817746083224637,1.0258170186601063,1.2652144438171297e-13
1e-05,1.0,0.4817746083224637,1.1524534566987763,1.3306202492788516e-13
1e-05,1.0,0.4817746083224637,1.294723079942415,1.3267986538775675e-13
1e-05,1.0,0.4817746083224637,1.4545557948495271,1.268071804100634e-13
1e-05,1.0,0.4817746083224637,1.6341197535649394,1.1746487216985775e-13
1e-05,1.0,0.4817746083224637,1.835850765193496,1.065736120828981e-13
1e-05,1.0,0.4817746083224637,2.062485337876194,9.480141667428552e-14
1e-05,1.0,0.4817746083224637,2.3170977998889395,8.161500773551632e-14
1e-05,1.0,0.4817746083224637,2.6031420033166066,6.824718122656032e-14
1e-05,1.0,0.4817746083224637,2.9244981760182918,5.6269887017744654e-14
1e-05,1.0,0.4817746083224637,3.285525557436941,4.6136953378457085e-14
1e-05,1.0,0.4817746083224637,3.6911215322651687,3.723612005290657e-14
1e-05,1.0,0.4817746083224637,4.1467880641233,2.9435280965879124e-14
1e-05,1.0,0.4817746083224637,4.658706330431421,2.312984208509638e-14
1e-05,1.0,0.4817746083224637,5.233820570907402,1.810051327218396e-14
1e-05,1.0,0.4817746083224637,5.879932287106996,1.3922366358144936e-14
1e-05,1.0,0.4817746083224637,6.605806070835402,1.0631669497257151e-14
1e-05,1.0,0.4817746083224637,7.421288497006765,8.10812923937875e-15
1e-05,1.0,0.4817746083224637,8.337441693749241,6.081595388809052e-15
1e-05,1.0,0.4817746083224637,9.366693401651878,4.5329791472263926e-15
1e-05,1.0,0.4817746083224637,10.523005557727087,3.3540937183629402e-15
1e-05,1.0,0.4817746083224637,11.822063690952728,2.4373030155892833e-15
1e-05,1.0,0.4817746083224637,13.281489698569583,1.780589300060849e-15
1e-05,1.0,0.4817746083224637,14.921080889473224,1.2748799267280698e-15
1e-05,1.0,0.4817746083224637,16.763078537355728,8.996123651083564e-16
1e-05,1.0,0.4817746083224637,18.83246958655666,6.456587694080863e-16
1e-05,1.0,0.4817746083224637,21.157325603303395,4.3651100515810807e-16
1e-05,1.0,0.4817746083224637,23.769183570259635,2.9822942854659436e-16
1e-05,1.0,0.4817746083224637,26.70347368991138,2.0504793702859437e-16
1e-05,1.0,0.4817746083224637,30.0,1.249332666136839e-16
1e-05,1.0,0.5150607514479321,0.1,0.0
1e-05,1.0,0.5150607514479321,0.1123449344020514,0.0
1e-05,1.0,0.5150607514479321,0.1262138428580125,0.0
1e-05,1.0,0.5150607514479321,0.1417948589651424,0.0
1e-05,1.0,0.5150607514479321,0.1592993412898707,0.0
1e-05,1.0,0.5150607514479321,0.1789647404750054,0.0
1e-05,1.0,0.5150607514479321,0.2010578202894464,0.0
1e-05,1.0,0.5150607514479321,0.2258782763143731,0.0
1e-05,1.0,0.5150607514479321,0.2537628013538671,0.0
1e-05,1.0,0.5150607514479321,0.2850896527178103,0.0
1e-05,1.0,0.5150607514479321,0.3202837833328603,0.0
1e-05,1.0,0.5150607514479321,0.3598226062857105,0.0
1e-05,1.0,0.5150607514479321,0.4042424709954335,0.0
1e-05,1.0,0.5150607514479321,0.4541459388650518,0.0
1e-05,1.0,0.5150607514479321,0.5102099571075231,1.5563190628603066e-16
1e-05,1.0,0.5150607514479321,0.573195041625182,3.687705405176186e-15
1e-05,1.0,0.5150607514479321,0.6439555935096224,1.2802193055435365e-14
1e-05,1.0,0.5150607514479321,0.7234514891067266,2.5482803010052555e-14
1e-05,1.0,0.5150607514479321,0.8127611008676167,3.952713038996758e-14
1e-05,1.0,0.5150607514479321,0.9130959256151152,5.28830994001283e-14
1e-05,1.0,0.5150607514479321,1.0258170186601063,6.379771735656966e-14
1e-05,1.0,0.5150607514479321,1.1524534566987763,7.105268084354006e-14
1e-05,1.0,0.5150607514479321,1.294723079942415,7.413944416321189e-14
1e-05,1.0,0.5150607514479321,1.4545557948495271,7.330899675327723e-14
1e-05,1.0,0.5150607514479321,1.6341197535649394,6.946185998162123e-14
1e-05,1.0,0.5150607514479321,1.835850765193496,6.389379675615952e-14
1e-05,1.0,0.5150607514479321,2.062485337876194,5.76844478709742e-14
1e-05,1.0,0.5150607514479321,2.3170977998889395,5.082116273980109e-14
1e-05,1.0,0.5150607514479321,2.6031420033166066,4.3170642189328856e-14
1e-05,1.0,0.5150607514479321,2.9244981760182918,3.5801890282691325e-14
1e-05,1.0,0.5150607514479321,3.285525557436941,2.948408056734009e-14
1e-05,1.0,0.5150607514479321,3.6911215322651687,2.4061797384766915e-14
1e-05,1.0,0.5150607514479321,4.1467880641233,1.919604358294142e-14
1e-05,1.0,0.5150607514479321,4.658706330431421,1.5112207150374545e-14
1e-05,1.0,0.5150607514479321,5.233820570907402,1.1903811497702744e-14
1e-05,1.0,0.5150607514479321,5.879932287106996,9.214529171899768e-15
1e-05,1.0,0.5150607514479321,6.605806070835402,7.0510736022205975e-15
1e-05,1.0,0.5150607514479321,7.421288497006765,5.3991815292016404e-15
1e-05,1.0,0.5150607514479321,8.337441693749241,4.058453019034088e-15
1e-05,1.0,0.5150607514479321,9.366693401651878,3.0184896385070763e-15
1e-05,1.0,0.5150607514479321,10.523005557727087,2.2364337864422646e-15
1e-05,1.0,0.5150607514479321,11.822063690952728,1.6133052382645916e-15
1e-05,1.0,0.5150607514479321,13.281489698569583,1.1673761369516038e-15
1e-05,1.0,0.5150607514479321,14.921080889473224,8.331312417986663e-16
1e-05,1.0,0.5150607514479321,16.763078537355728,5.744625420572782e-16
1e-05,1.0,0.5150607514479321,18.83246958655666,4.062646817721078e-16
1e-05,1.0,0.5150607514479321,21.157325603303395,2.7071645591090403e-16
1e-05,1.0,0.5150607514479321,23.769183570259635,1.7624031177062455e-16
1e-05,1.0,0.5150607514479321,26.70347368991138,1.1974434777329677e-16
1e-05,1.0,0.5150607514479321,30.0,6.953237177138706e-17
1e-05,1.0,0.5506466573774781,0.1,0.0
1e-05,1.0,0.5506466573774781,0.1123449344020514,0.0
1e-05,1.0,0.5506466573774781,0.1262138428580125,0.0
1e-05,1.0,0.5506466573774781,0.1417948589651424,0.0
1e-05,1.0,0.5506466573774781,0.1592993412898707,0.0
1e-05,1.0,0.5506466573774781,0.1789647404750054,0.0
1e-05,1.0,0.5506466573774781,0.2010578202894464,0.0
1e-05,1.0,0.5506466573774781,0.2258782763143731,0.0
1e-05,1.0,0.5506466573774781,0.2537628013538671,0.0
1e-05,1.0,0.5506466573774781,0.2850896527178103,0.0
1e-05,1.0,0.5506466573774781,0.3202837833328603,0.0
1e-05,1.0,0.5506466573774781,0.3598226062857105,0.0
1e-05,1.0,0.5506466573774781,0.4042424709954335,0.0
1e-05,1.0,0.5506466573774781,0.4541459388650518,0.0
1e-05,1.0,0.5506466573774781,0.5102099571075231,0.0
1e-05,1.0,0.5506466573774781,0.573195041625182,2.395444036375204e-16
1e-05,1.0,0.5506466573774781,0.6439555935096224,2.453838212915689e-15
1e-05,1.0,0.5506466573774781,0.7234514891067266,7.368543492862812e-15
1e-05,1.0,0.5506466573774781,0.8127611008676167,1.4193945862057476e-14
1e-05,1.0,0.5506466573774781,0.9130959256151152,2.1791799603736962e-14
1e-05,1.0,0.5506466573774781,1.0258170186601063,2.898175730696724e-14
1e-05,1.0,0.5506466573774781,1.1524534566987763,3.4732278307110935e-14
1e-05,1.0,0.5506466573774781,1.294723079942415,3.83212432394542e-14
1e-05,1.0,0.5506466573774781,1.4545557948495271,3.949096979046435e-14
1e-05,1.0,0.5506466573774781,1.6341197535649394,3.849548432342202e-14
1e-05,1.0,0.5506466573774781,1.835850765193496,3.5985608677754134e-14
1e-05,1.0,0.5506466573774781,2.062485337876194,3.278620961166712e-14
1e-05,1.0,0.5506466573774781,2.3170977998889395,2.9346294271056205e-14
1e-05,1.0,0.5506466573774781,2.6031420033166066,2.5402065851593262e-14
1e-05,1.0,0.5506466573774781,2.9244981760182918,2.1228901021066026e-14
1e-05,1.0,0.5506466573774781,3.285525557436941,1.7504732941519925e-14
1e-05,1.0,0.5506466573774781,3.6911215322651687,1.4369265108512686e-14
1e-05,1.0,0.5506466573774781,4.1467880641233,1.1538484615111844e-14
1e-05,1.0,0.5506466573774781,4.658706330431421,9.104578117083041e-15
1e-05,1.0,0.5506466573774781,5.233820570907402,7.166318118728682e-15
1e-05,1.0,0.5506466573774781,5.879932287106996,5.565317911052184e-15
1e-05,1.0,0.5506466573774781,6.605806070835402,4.250283226908677e-15
1e-05,1.0,0.5506466573774781,7.421288497006765,3.242074134668975e-15
1e-05,1.0,0.5506466573774781,8.337441693749241,2.4267250406525603e-15
1e-05,1.0,0.5506466573774781,9.366693401651878,1.7879331486223685e-15
1e-05,1.0,0.5506466573774781,10.523005557727087,1.3148566931209984e-15
1e-05,1.0,0.5506466573774781,11.822063690952728,9.335520563769882e-16
1e-05,1.0,0.5506466573774781,13.281489698569583,6.62445608591753e-16
1e-05,1.0,0.5506466573774781,14.921080889473224,4.674834058363013e-16
1e-05,1.0,0.5506466573774781,16.763078537355728,3.106149851389019e-16
1e-05,1.0,0.5506466573774781,18.83246958655666,2.1391888393965383e-16
1e-05,1.0,0.5506466573774781,21.157325603303395,1.4109785708209273e-16
1e-05,1.0,0.5506466573774781,23.769183570259635,8.462955375581135e-17
1e-05,1.0,0.5506466573774781,26.70347368991138,5.720731226270565e-17
1e-05,1.0,0.5506466573774781,30.0,3.438565687186005e-17
1e-05,1.0,0.5886912183244501,0.1,0.0
1e-05,1.0,0.5886912183244501,0.1123449344020514,0.0
1e-05,1.0,0.5886912183244501,0.1262138428580125,0.0
1e-05,1.0,0.5886912183244501,0.1417948589651424,0.0
1e-05,1.0,0.5886912183244501,0.1592993412898707,0.0
1e-05,1.0,0.5886912183244501,0.1789647404750054,0.0
1e-05,1.0,0.5886912183244501,0.2010578202894464,0.0
1e-05,1.0,0.5886912183244501,0.2258782763143731,0.0
1e-05,1.0,0.5886912183244501,0.2537628013538671,0.0
1e-05,1.0,0.5886912183244501,0.2850896527178103,0.0
1e-05,1.0,0.5886912183244501,0.3202837833328603,0.0
1e-05,1.0,0.5886912183244501,0.3598226062857105,0.0
1e-05,1.0,0.5886912183244501,0.4042424709954335,0.0
1e-05,1.0,0.5886912183244501,0.4541459388650518,0.0
1e-05,1.0,0.5886912183244501,0.5102099571075231,0.0
1e-05,1.0,0.5886912183244501,0.573195041625182,1.3375141999014415e-18
1e-05,1.0,0.5886912183244501,0.6439555935096224,1.818727069950058e-16
1e-05,1.0,0.5886912183244501,0.7234514891067266,1.2391695175474181e-15
1e-05,1.0,0.5886912183244501,0.8127611008676167,3.456783376098349e-15
1e-05,1.0,0.5886912183244501,0.9130959256151152,6.598074721418411e-15
1e-05,1.0,0.5886912183244501,1.0258170186601063,1.0154675195069636e-14
1e-05,1.0,0.5886912183244501,1.1524534566987763,1.350090305159307e-14
1e-05,1.0,0.5886912183244501,1.294723079942415,1.6073527974367066e-14
1e-05,1.0,0.5886912183244501,1.4545557948495271,1.7514020367758524e-14
1e-05,1.0,0.5886912183244501,1.6341197535649394,1.7747596690879036e-14
1e-05,1.0,0.5886912183244501,1.835850765193496,1.6996305062399468e-14
1e-05,1.0,0.5886912183244501,2.062485337876194,1.5676823931554382e-14
1e-05,1.0,0.5886912183244501,2.3170977998889395,1.4175653407284972e-14
1e-05,1.0,0.5886912183244501,2.6031420033166066,1.2507945781209386e-14
1e-05,1.0,0.5886912183244501,2.9244981760182918,1.0582244039075656e-14
1e-05,1.0,0.5886912183244501,3.285525557436941,8.735338348156141e-15
1e-05,1.0,0.5886912183244501,3.6911215322651687,7.186225021842434e-15
1e-05,1.0,0.5886912183244501,4.1467880641233,5.798791510393735e-15
1e-05,1.0,0.5886912183244501,4.658706330431421,4.573226548288351e-15
1e-05,1.0,0.5886912183244501,5.233820570907402,3.585985890710474e-15
1e-05,1.0,0.5886912183244501,5.879932287106996,2.780462218249666e-15
1e-05,1.0,0.5886912183244501,6.605806070835402,2.103728320761852e-15
1e-05,1.0,0.5886912183244501,7.421288497006765,1.5932910189843464e-15
1e-05,1.0,0.5886912183244501,8.337441693749241,1.1784927748319857e-15
1e-05,1.0,0.5886912183244501,9.366693401651878,8.530727010141804e-16
1e-05,1.0,0.5886912183244501,10.523005557727087,6.20106664755502e-16
1e-05,1.0,0.5886912183244501,11.822063690952728,4.325916401802923e-16
1e-05,1.0,0.5886912183244501,13.281489698569583,2.98421186146646e-16
1e-05,1.0,0.5886912183244501,14.921080889473224,2.0884449300024772e-16
1e-05,1.0,0.5886912183244501,16.763078537355728,1.3475234409884252e-16
1e-05,1.0,0.5886912183244501,18.83246958655666,8.962753641037295e-17
1e-05,1.0,0.5886912183244501,21.157325603303395,6.032081104610963e-17
1e-05,1.0,0.5886912183244501,23.769183570259635,3.4985425931358656e-17
1e-05,1.0,0.5886912183244501,26.70347368991138,2.2889550395094968e-17
1e-05,1.0,0.5886912183244501,30.0,1.4911520951407216e-17
1e-05,1.0,0.6293643044758447,0.1,0.0
1e-05,1.0,0.6293643044758447,0.1123449344020514,0.0
1e-05,1.0,0.6293643044758447,0.1262138428580125,0.0
1e-05,1.0,0.6293643044758447,0.1417948589651424,0.0
1e-05,1.0,0.6293643044758447,0.1592993412898707,0.0
1e-05,1.0,0.6293643044758447,0.1789647404750054,0.0
1e-05,1.0,0.6293643044758447,0.2010578202894464,0.0
1e-05,1.0,0.6293643044758447,0.2258782763143731,0.0
1e-05,1.0,0.6293643044758447,0.2537628013538671,0.0
1e-05,1.0,0.6293643044758447,0.2850896527178103,0.0
1e-05,1.0,0.6293643044758447,0.3202837833328603,0.0
1e-05,1.0,0.6293643044758447,0.3598226062857105,0.0
1e-05,1.0,0.6293643044758447,0.4042424709954335,0.0
1e-05,1.0,0.6293643044758447,0.4541459388650518,0.0
1e-05,1.0,0.6293643044758447,0.5102099571075231,0.0
1e-05,1.0,0.6293643044758447,0.573195041625182,0.0
1e-05,1.0,0.6293643044758447,0.6439555935096224,2.6309449606216525e-18
1e-05,1.0,0.6293643044758447,0.7234514891067266,8.54198815954782e-17
1e-05,1.0,0.6293643044758447,0.8127611008676167,4.52158945641016e-16
1e-05,1.0,0.6293643044758447,0.9130959256151152,1.1923337238683776e-15
1e-05,1.0,0.6293643044758447,1.0258170186601063,2.250648519604336e-15
1e-05,1.0,0.6293643044758447,1.1524534566987763,3.4631630950994125e-15
1e-05,1.0,0.6293643044758447,1.294723079942415,4.5993580230222865e-15
1e-05,1.0,0.6293643044758447,1.4545557948495271,5.434574654890132e-15
1e-05,1.0,0.6293643044758447,1.6341197535649394,5.835488700389918e-15
1e-05,1.0,0.6293643044758447,1.835850765193496,5.809932249389047e-15
1e-05,1.0,0.6293643044758447,2.062485337876194,5.484923817977504e-15
1e-05,1.0,0.6293643044758447,2.3170977998889395,5.028007646273032e-15
1e-05,1.0,0.6293643044758447,2.6031420033166066,4.518655555785158e-15
1e-05,1.0,0.6293643044758447,2.9244981760182918,3.9103041281762385e-15
1e-05,1.0,0.6293643044758447,3.285525557436941,3.2496328516599888e-15
1e-05,1.0,0.6293643044758447,3.6911215322651687,2.675164908261512e-15
1e-05,1.0,0.6293643044758447,4.1467880641233,2.1789948318377807e-15
1e-05,1.0,0.6293643044758447,4.658706330431421,1.71798282301694e-15
1e-05,1.0,0.6293643044758447,5.233820570907402,1.346892161741951e-15
1e-05,1.0,0.6293643044758447,5.879932287106996,1.0422823903058432e-15
1e-05,1.0,0.6293643044758447,6.605806070835402,7.866057001485747e-16
1e-05,1.0,0.6293643044758447,7.421288497006765,5.902039754990018e-16
1e-05,1.0,0.6293643044758447,8.337441693749241,4.380663051714188e-16
1e-05,1.0,0.6293643044758447,9.366693401651878,3.132182822815726e-16
1e-05,1.0,0.6293643044758447,10.523005557727087,2.264596371474676e-16
1e-05,1.0,0.6293643044758447,11.822063690952728,1.5995724906622729e-16
1e-05,1.0,0.6293643044758447,13.281489698569583,1.0789497336304883e-16
1e-05,1.0,0.6293643044758447,14.921080889473224,7.589611756043713e-17
1e-05,1.0,0.6293643044758447,16.763078537355728,5.0672880308753877e-17
1e-05,1.0,0.6293643044758447,18.83246958655666,3.2370546256628425e-17
1e-05,1.0,0.6293643044758447,21.157325603303395,2.2475142648730263e-17
1e-05,1.0,0.6293643044758447,23.769183570259635,1.3926403238995023e-17
1e-05,1.0,0.6293643044758447,26.70347368991138,8.626709309336186e-18
1e-05,1.0,0.6293643044758447,30.0,6.00823263110434e-18
1e-05,1.0,0.6728475224681512,0.1,0.0
1e-05,1.0,0.6728475224681512,0.1123449344020514,0.0
1e-05,1.0,0.6728475224681512,0.1262138428580125,0.0
1e-05,1.0,0.6728475224681512,0.1417948589651424,0.0
1e-05,1.0,0.6728475224681512,0.1592993412898707,0.0
1e-05,1.0,0.6728475224681512,0.1789647404750054,0.0
1e-05,1.0,0.6728475224681512,0.2010578202894464,0.0
1e-05,1.0,0.6728475224681512,0.2258782763143731,0.0
1e-05,1.0,0.6728475224681512,0.2537628013538671,0.0
1e-05,1.0,0.6728475224681512,0.2850896527178103,0.0
1e-05,1.0,0.6728475224681512,0.3202837833328603,0.0
1e-05,1.0,0.6728475224681512,0.3598226062857105,0.0
1e-05,1.0,0.6728475224681512,0.4042424709954335,0.0
1e-05,1.0,0.6728475224681512,0.4541459388650518,0.0
1e-05,1.0,0.6728475224681512,0.5102099571075231,0.0
1e-05,1.0,0.6728475224681512,0.573195041625182,0.0
1e-05,1.0,0.6728475224681512,0.6439555935096224,9.021683432366936e-22
1e-05,1.0,0.6728475224681512,0.7234514891067266,1.9136800316960566e-18
1e-05,1.0,0.6728475224681512,0.8127611008676167,2.962647791789569e-17
1e-05,1.0,0.6728475224681512,0.9130959256151152,1.2740246161586968e-16
1e-05,1.0,0.6728475224681512,1.0258170186601063,3.1378456686189087e-16
1e-05,1.0,0.6728475224681512,1.1524534566987763,5.764003085879291e-16
1e-05,1.0,0.6728475224681512,1.294723079942415,8.757287195156694e-16
1e-05,1.0,0.6728475224681512,1.4545557948495271,1.1531153177897383e-15
1e-05,1.0,0.6728475224681512,1.6341197535649394,1.3494874360021944e-15
1e-05,1.0,0.6728475224681512,1.835850765193496,1.4318795730466514e-15
1e-05,1.0,0.6728475224681512,2.062485337876194,1.4107743202088147e-15
1e-05,1.0,0.6728475224681512,2.3170977998889395,1.3264855588160073e-15
1e-05,1.0,0.6728475224681512,2.6031420033166066,1.218121242095988e-15
1e-05,1.0,0.6728475224681512,2.9244981760182918,1.0900269929536485e-15
1e-05,1.0,0.6728475224681512,3.285525557436941,9.31237216255486e-16
1e-05,1.0,0.6728475224681512,3.6911215322651687,7.716898850159695e-16
1e-05,1.0,0.6728475224681512,4.1467880641233,6.375524890344924e-16
1e-05,1.0,0.6728475224681512,4.658706330431421,5.132426260739491e-16
1e-05,1.0,0.6728475224681512,5.233820570907402,4.0357023985799914e-16
1e-05,1.0,0.6728475224681512,5.879932287106996,3.169066498383479e-16
1e-05,1.0,0.6728475224681512,6.605806070835402,2.427001799472315e-16
1e-05,1.0,0.6728475224681512,7.421288497006765,1.8269837467171858e-16
1e-05,1.0,0.6728475224681512,8.337441693749241,1.3807230145301032e-16
1e-05,1.0,0.6728475224681512,9.366693401651878,1.0053238277839448e-16
1e-05,1.0,0.6728475224681512,10.523005557727087,7.283535507979395e-17
1e-05,1.0,0.6728475224681512,11.822063690952728,5.304922727399842e-17
1e-05,1.0,0.6728475224681512,13.281489698569583,3.656299562455774e-17
1e-05,1.0,0.6728475224681512,14.921080889473224,2.5685388071206e-17
1e-05,1.0,0.6728475224681512,16.763078537355728,1.8081119012245864e-17
1e-05,1.0,0.6728475224681512,18.83246958655666,1.1724561454388097e-17
1e-05,1.0,0.6728475224681512,21.157325603303395,8.15142124897883e-18
1e-05,1.0,0.6728475224681512,23.769183570259635,5.522563785659485e-18
1e-05,1.0,0.6728475224681512,26.70347368991138,3.3797503628838916e-18
1e-05,1.0,0.6728475224681512,30.0,2.401102769410007e-18
1e-05,1.0,0.7193350262668177,0.1,0.0
1e-05,1.0,0.7193350262668177,0.1123449344020514,0.0
1e-05,1.0,0.7193350262668177,0.1262138428580125,0.0
1e-05,1.0,0.7193350262668177,0.1417948589651424,0.0
1e-05,1.0,0.7193350262668177,0.1592993412898707,0.0
1e-05,1.0,0.7193350262668177,0.1789647404750054,0.0
1e-05,1.0,0.7193350262668177,0.2010578202894464,0.0
1e-05,1.0,0.7193350262668177,0.2258782763143731,0.0
1e-05,1.0,0.7193350262668177,0.2537628013538671,0.0
1e-05,1.0,0.7193350262668177,0.2850896527178103,0.0
1e-05,1.0,0.7193350262668177,0.3202837833328603,0.0
1e-05,1.0,0.7193350262668177,0.3598226062857105,0.0
1e-05,1.0,0.7193350262668177,0.4042424709954335,0.0
1e-05,1.0,0.7193350262668177,0.4541459388650518,0.0
1e-05,1.0,0.7193350262668177,0.5102099571075231,0.0
1e-05,1.0,0.7193350262668177,0.573195041625182,0.0
1e-05,1.0,0.7193350262668177,0.6439555935096224,0.0
1e-05,1.0,0.7193350262668177,0.7234514891067266,1.0882115554842107e-20
1e-05,1.0,0.7193350262668177,0.8127611008676167,9.809288831246569e-19
1e-05,1.0,0.7193350262668177,0.9130959256151152,9.26735377417793e-18
1e-05,1.0,0.7193350262668177,1.0258170186601063,3.35221058217223e-17
1e-05,1.0,0.7193350262668177,1.1524534566987763,7.698009960702574e-17
1e-05,1.0,0.7193350262668177,1.294723079942415,1.3670497626523958e-16
1e-05,1.0,0.7193350262668177,1.4545557948495271,2.0377941799822908e-16
1e-05,1.0,0.7193350262668177,1.6341197535649394,2.649149728601433e-16
1e-05,1.0,0.7193350262668177,1.835850765193496,3.069236381313083e-16
1e-05,1.0,0.7193350262668177,2.062485337876194,3.2324906617587877e-16
1e-05,1.0,0.7193350262668177,2.3170977998889395,3.17589884902064e-16
1e-05,1.0,0.7193350262668177,2.6031420033166066,2.995475615961926e-16
1e-05,1.0,0.7193350262668177,2.9244981760182918,2.764370049469577e-16
1e-05,1.0,0.7193350262668177,3.285525557436941,2.4702325509052517e-16
1e-05,1.0,0.7193350262668177,3.6911215322651687,2.1019159490945583e-16
1e-05,1.0,0.7193350262668177,4.1467880641233,1.7540856012197553e-16
1e-05,1.0,0.7193350262668177,4.658706330431421,1.454822781889461e-16
1e-05,1.0,0.7193350262668177,5.233820570907402,1.167004253747502e-16
1e-05,1.0,0.7193350262668177,5.879932287106996,9.282513351044928e-17
1e-05,1.0,0.7193350262668177,6.605806070835402,7.29089286814259e-17
1e-05,1.0,0.7193350262668177,7.421288497006765,5.598145496809086e-17
1e-05,1.0,0.7193350262668177,8.337441693749241,4.273195558572186e-17
1e-05,1.0,0.7193350262668177,9.366693401651878,3.236371662977926e-17
1e-05,1.0,0.7193350262668177,10.523005557727087,2.3688106959043378e-17
1e-05,1.0,0.7193350262668177,11.822063690952728,1.759653264012362e-17
1e-05,1.0,0.7193350262668177,13.281489698569583,1.2763425709520711e-17
1e-05,1.0,0.7193350262668177,14.921080889473224,8.9741226520968e-18
1e-05,1.0,0.7193350262668177,16.763078537355728,6.5295905109446e-18
1e-05,1.0,0.7193350262668177,18.83246958655666,4.496425354134159e-18
1e-05,1.0,0.7193350262668177,21.157325603303395,3.0869504812281235e-18
1e-05,1.0,0.7193350262668177,23.769183570259635,2.2113666788162273e-18
1e-05,1.0,0.7193350262668177,26.70347368991138,1.4303203440944651e-18
1e-05,1.0,0.7193350262668177,30.0,9.97117411630129e-19
1e-05,1.0,0.7690343840699453,0.1,0.0
1e-05,1.0,0.7690343840699453,0.1123449344020514,0.0
1e-05,1.0,0.7690343840699453,0.1262138428580125,0.0
1e-05,1.0,0.7690343840699453,0.1417948589651424,0.0
1e-05,1.0,0.7690343840699453,0.1592993412898707,0.0
1e-05,1.0,0.7690343840699453,0.1789647404750054,0.0
1e-05,1.0,0.7690343840699453,0.2010578202894464,0.0
1e-05,1.0,0.7690343840699453,0.2258782763143731,0.0
1e-05,1.0,0.7690343840699453,0.2537628013538671,0.0
1e-05,1.0,0.7690343840699453,0.2850896527178103,0.0
1e-05,1.0,0.7690343840699453,0.3202837833328603,0.0
1e-05,1.0,0.7690343840699453,0.3598226062857105,0.0
1e-05,1.0,0.7690343840699453,0.4042424709954335,0.0
1e-05,1.0,0.7690343840699453,0.4541459388650518,0.0
1e-05,1.0,0.7690343840699453,0.5102099571075231,0.0
1e-05,1.0,0.7690343840699453,0.573195041625182,0.0
1e-05,1.0,0.7690343840699453,0.6439555935096224,0.0
1e-05,1.0,0.7690343840699453,0.7234514891067266,0.0
1e-05,1.0,0.7690343840699453,0.8127611008676167,1.447348408881155e-20
1e-05,1.0,0.7690343840699453,0.9130959256151152,4.347237039972767e-19
1e-05,1.0,0.7690343840699453,1.0258170186601063,2.9259097924878514e-18
1e-05,1.0,0.7690343840699453,1.1524534566987763,9.249977153716856e-18
1e-05,1.0,0.7690343840699453,1.294723079942415,1.998685338834983e-17
1e-05,1.0,0.7690343840699453,1.4545557948495271,3.4366438119688764e-17
1e-05,1.0,0.7690343840699453,1.6341197535649394,5.0236775344443935e-17
1e-05,1.0,0.7690343840699453,1.835850765193496,6.445518306185354e-17
1e-05,1.0,0.7690343840699453,2.062485337876194,7.401752269744305e-17
1e-05,1.0,0.7690343840699453,2.3170977998889395,7.762587803634837e-17
1e-05,1.0,0.7690343840699453,2.6031420033166066,7.633036803338735e-17
1e-05,1.0,0.7690343840699453,2.9244981760182918,7.239132885321664e-17
1e-05,1.0,0.7690343840699453,3.285525557436941,6.71897683958741e-17
1e-05,1.0,0.7690343840699453,3.6911215322651687,5.996640316155796e-17
1e-05,1.0,0.7690343840699453,4.1467880641233,5.108284930680856e-17
1e-05,1.0,0.7690343840699453,4.658706330431421,4.303451875543428e-17
1e-05,1.0,0.7690343840699453,5.233820570907402,3.5747175907415296e-17
1e-05,1.0,0.7690343840699453,5.879932287106996,2.882691835994824e-17
1e-05,1.0,0.7690343840699453,6.605806070835402,2.3151746417021443e-17
1e-05,1.0,0.7690343840699453,7.421288497006765,1.820687537604071e-17
1e-05,1.0,0.7690343840699453,8.337441693749241,1.4134227811346338e-17
1e-05,1.0,0.7690343840699453,9.366693401651878,1.0941746456962426e-17
1e-05,1.0,0.7690343840699453,10.523005557727087,8.260298608047162e-18
1e-05,1.0,0.7690343840699453,11.822063690952728,6.206744127153187e-18
1e-05,1.0,0.7690343840699453,13.281489698569583,4.6676511212573985e-18
1e-05,1.0,0.7690343840699453,14.921080889473224,3.373973129618538e-18
1e-05,1.0,0.7690343840699453,16.763078537355728,2.4805649288477823e-18
1e-05,1.0,0.7690343840699453,18.83246958655666,1.810693353114668e-18
1e-05,1.0,0.7690343840699453,21.157325603303395,1.2520997271331079e-18
1e-05,1.0,0.7690343840699453,23.769183570259635,9.136016067670693e-19
1e-05,1.0,0.7690343840699453,26.70347368991138,6.382519815448995e-19
1e-05,1.0,0.7690343840699453,30.0,4.338481220594551e-19
1e-05,1.0,0.8221675051069615,0.1,0.0
1e-05,1.0,0.8221675051069615,0.1123449344020514,0.0
1e-05,1.0,0.8221675051069615,0.1262138428580125,0.0
1e-05,1.0,0.8221675051069615,0.1417948589651424,0.0
1e-05,1.0,0.8221675051069615,0.1592993412898707,0.0
1e-05,1.0,0.8221675051069615,0.1789647404750054,0.0
1e-05,1.0,0.8221675051069615,0.2010578202894464,0.0
1e-05,1.0,0.8221675051069615,0.2258782763143731,0.0
1e-05,1.0,0.8221675051069615,0.2537628013538671,0.0
1e-05,1.0,0.8221675051069615,0.2850896527178103,0.0
1e-05,1.0,0.8221675051069615,0.3202837833328603,0.0
1e-05,1.0,0.8221675051069615,0.3598226062857105,0.0
1e-05,1.0,0.8221675051069615,0.4042424709954335,0.0
1e-05,1.0,0.8221675051069615,0.4541459388650518,0.0
1e-05,1.0,0.8221675051069615,0.5102099571075231,0.0
1e-05,1.0,0.8221675051069615,0.573195041625182,0.0
1e-05,1.0,0.8221675051069615,0.6439555935096224,0.0
1e-05,1.0,0.8221675051069615,0.7234514891067266,0.0
1e-05,1.0,0.8221675051069615,0.8127611008676167,1.9039524068557617e-23
1e-05,1.0,0.8221675051069615,0.9130959256151152,1.0730140640622617e-20
1e-05,1.0,0.8221675051069615,1.0258170186601063,1.8097105040534446e-19
1e-05,1.0,0.8221675051069615,1.1524534566987763,9.61709010031594e-19
1e-05,1.0,0.8221675051069615,1.294723079942415,2.751820549826642e-18
1e-05,1.0,0.8221675051069615,1.4545557948495271,5.667936372488915e-18
1e-05,1.0,0.8221675051069615,1.6341197535649394,9.489186025912473e-18
1e-05,1.0,0.8221675051069615,1.835850765193496,1.3638896875955306e-17
1e-05,1.0,0.8221675051069615,2.062485337876194,1.729857392587634e-17
1e-05,1.0,0.8221675051069615,2.3170977998889395,1.972079356171861e-17
1e-05,1.0,0.8221675051069615,2.6031420033166066,2.0627069888579224e-17
1e-05,1.0,0.8221675051069615,2.9244981760182918,2.0319206054085412e-17
1e-05,1.0,0.8221675051069615,3.285525557436941,1.9385229615522283e-17
1e-05,1.0,0.8221675051069615,3.6911215322651687,1.8079586747618066e-17
1e-05,1.0,0.8221675051069615,4.1467880641233,1.6092356436607966e-17
1e-05,1.0,0.8221675051069615,4.658706330431421,1.375737129842199e-17
1e-05,1.0,0.8221675051069615,5.233820570907402,1.1685623061581046e-17
1e-05,1.0,0.8221675051069615,5.879932287106996,9.706565621234918e-18
1e-05,1.0,0.8221675051069615,6.605806070835402,7.895583835708293e-18
1e-05,1.0,0.8221675051069615,7.421288497006765,6.364962060210823e-18
1e-05,1.0,0.8221675051069615,8.337441693749241,5.034614498090565e-18
1e-05,1.0,0.8221675051069615,9.366693401651878,3.94541719047971e-18
1e-05,1.0,0.8221675051069615,10.523005557727087,3.0785484659965918e-18
1e-05,1.0,0.8221675051069615,11.822063690952728,2.335169001268639e-18
1e-05,1.0,0.8221675051069615,13.281489698569583,1.791436096148422e-18
1e-05,1.0,0.8221675051069615,14.921080889473224,1.3475600448540931e-18
1e-05,1.0,0.8221675051069615,16.763078537355728,9.931042628222929e-19
1e-05,1.0,0.8221675051069615,18.83246958655666,7.477655978233579e-19
1e-05,1.0,0.8221675051069615,21.157325603303395,5.381251479841421e-19
1e-05,1.0,0.8221675051069615,23.769183570259635,3.9136630415771583e-19
1e-05,1.0,0.8221675051069615,26.70347368991138,2.8864326500264204e-19
1e-05,1.0,0.8221675051069615,30.0,1.9881998712909602e-19
1e-05,1.0,0.8789716304704597,0.1,0.0
1e-05,1.0,0.8789716304704597,0.1123449344020514,0.0
1e-05,1.0,0.8789716304704597,0.1262138428580125,0.0
1e-05,1.0,0.8789716304704597,0.1417948589651424,0.0
1e-05,1.0,0.8789716304704597,0.1592993412898707,0.0
1e-05,1.0,0.8789716304704597,0.1789647404750054,0.0
1e-05,1.0,0.8789716304704597,0.2010578202894464,0.0
1e-05,1.0,0.8789716304704597,0.2258782763143731,0.0
1e-05,1.0,0.8789716304704597,0.2537628013538671,0.0
1e-05,1.0,0.8789716304704597,0.2850896527178103,0.0
1e-05,1.0,0.8789716304704597,0.3202837833328603,0.0
1e-05,1.0,0.8789716304704597,0.3598226062857105,0.0
1e-05,1.0,0.8789716304704597,0.4042424709954335,0.0
1e-05,1.0,0.8789716304704597,0.4541459388650518,0.0
1e-05,1.0,0.8789716304704597,0.5102099571075231,0.0
1e-05,1.0,0.8789716304704597,0.573195041625182,0.0
1e-05,1.0,0.8789716304704597,0.6439555935096224,0.0
1e-05,1.0,0.8789716304704597,0.7234514891067266,0.0
1e-05,1.0,0.8789716304704597,0.8127611008676167,0.0
1e-05,1.0,0.8789716304704597,0.9130959256151152,6.355712225027345e-23
1e-05,1.0,0.8789716304704597,1.0258170186601063,6.2486925605616266e-21
1e-05,1.0,0.8789716304704597,1.1524534566987763,7.261489010133532e-20
1e-05,1.0,0.8789716304704597,1.294723079942415,3.2626758838545183e-19
1e-05,1.0,0.8789716304704597,1.4545557948495271,8.67853919315769e-19
1e-05,1.0,0.8789716304704597,1.6341197535649394,1.7241033135613832e-18
1e-05,1.0,0.8789716304704597,1.835850765193496,2.8276179647442765e-18
1e-05,1.0,0.8789716304704597,2.062485337876194,4.010070214252157e-18
1e-05,1.0,0.8789716304704597,2.3170977998889395,5.038407432175661e-18
1e-05,1.0,0.8789716304704597,2.6031420033166066,5.709074055025826e-18
1e-05,1.0,0.8789716304704597,2.9244981760182918,5.95879506376188e-18
1e-05,1.0,0.8789716304704597,3.285525557436941,5.881881982179592e-18
1e-05,1.0,0.8789716304704597,3.6911215322651687,5.6444813676330375e-18
1e-05,1.0,0.8789716304704597,4.1467880641233,5.277643868590784e-18
1e-05,1.0,0.8789716304704597,4.658706330431421,4.679009833705318e-18
1e-05,1.0,0.8789716304704597,5.233820570907402,4.021210615754634e-18
1e-05,1.0,0.8789716304704597,5.879932287106996,3.4339938949047973e-18
1e-05,1.0,0.8789716304704597,6.605806070835402,2.8527600719324564e-18
1e-05,1.0,0.8789716304704597,7.421288497006765,2.338511857730941e-18
1e-05,1.0,0.8789716304704597,8.337441693749241,1.885411164268543e-18
1e-05,1.0,0.8789716304704597,9.366693401651878,1.5039544257506905e-18
1e-05,1.0,0.8789716304704597,10.523005557727087,1.18786309399428e-18
1e-05,1.0,0.8789716304704597,11.822063690952728,9.25894591049315e-19
1e-05,1.0,0.8789716304704597,13.281489698569583,7.147960217432166e-19
1e-05,1.0,0.8789716304704597,14.921080889473224,5.521201861464572e-19
1e-05,1.0,0.8789716304704597,16.763078537355728,4.1491772313534977e-19
1e-05,1.0,0.8789716304704597,18.83246958655666,3.152117025323575e-19
1e-05,1.0,0.8789716304704597,21.157325603303395,2.3738163032714447e-19
1e-05,1.0,0.8789716304704597,23.769183570259635,1.7227534440852046e-19
1e-05,1.0,0.8789716304704597,26.70347368991138,1.3009876804650466e-19
1e-05,1.0,0.8789716304704597,30.0,9.433687660387778e-20
1e-05,1.0,0.9397003924053006,0.1,0.0
1e-05,1.0,0.9397003924053006,0.1123449344020514,0.0
1e-05,1.0,0.9397003924053006,0.1262138428580125,0.0
1e-05,1.0,0.9397003924053006,0.1417948589651424,0.0
1e-05,1.0,0.9397003924053006,0.1592993412898707,0.0
1e-05,1.0,0.9397003924053006,0.1789647404750054,0.0
1e-05,1.0,0.9397003924053006,0.2010578202894464,0.0
1e-05,1.0,0.9397003924053006,0.2258782763143731,0.0
1e-05,1.0,0.9397003924053006,0.2537628013538671,0.0
1e-05,1.0,0.9397003924053006,0.2850896527178103,0.0
1e-05,1.0,0.9397003924053006,0.3202837833328603,0.0
1e-05,1.0,0.9397003924053006,0.3598226062857105,0.0
1e-05,1.0,0.9397003924053006,0.4042424709954335,0.0
1e-05,1.0,0.9397003924053006,0.4541459388650518,0.0
1e-05,1.0,0.9397003924053006,0.5102099571075231,0.0
1e-05,1.0,0.9397003924053006,0.573195041625182,0.0
1e-05,1.0,0.9397003924053006,0.6439555935096224,0.0
1e-05,1.0,0.9397003924053006,0.7234514891067266,0.0
1e-05,1.0,0.9397003924053006,0.8127611008676167,0.0
1e-05,1.0,0.9397003924053006,0.9130959256151152,2.095112142510628e-27
1e-05,1.0,0.9397003924053006,1.0258170186601063,7.995004167267524e-23
1e-05,1.0,0.9397003924053006,1.1524534566987763,3.1722885292959316e-21
1e-05,1.0,0.9397003924053006,1.294723079942415,2.8366953046984895e-20
1e-05,1.0,0.9397003924053006,1.4545557948495271,1.1275753951946232e-19
1e-05,1.0,0.9397003924053006,1.6341197535649394,2.83998349908761e-19
1e-05,1.0,0.9397003924053006,1.835850765193496,5.488834435343705e-19
1e-05,1.0,0.9397003924053006,2.062485337876194,8.85953040943745e-19
1e-05,1.0,0.9397003924053006,2.3170977998889395,1.2431647731562181e-18
1e-05,1.0,0.9397003924053006,2.6031420033166066,1.5499346196157154e-18
1e-05,1.0,0.9397003924053006,2.9244981760182918,1.7473169230738723e-18
1e-05,1.0,0.9397003924053006,3.285525557436941,1.820701013651186e-18
1e-05,1.0,0.9397003924053006,3.6911215322651687,1.801954731658812e-18
1e-05,1.0,0.9397003924053006,4.1467880641233,1.7394887471920935e-18
1e-05,1.0,0.9397003924053006,4.658706330431421,1.6254137939036067e-18
1e-05,1.0,0.9397003924053006,5.233820570907402,1.4360949368327172e-18
1e-05,1.0,0.9397003924053006,5.879932287106996,1.2425480256386599e-18
1e-05,1.0,0.9397003924053006,6.605806070835402,1.0631373317069501e-18
1e-05,1.0,0.9397003924053006,7.421288497006765,8.854037870530983e-19
1e-05,1.0,0.9397003924053006,8.337441693749241,7.290038991088666e-19
1e-05,1.0,0.9397003924053006,9.366693401651878,5.885591417517209e-19
1e-05,1.0,0.9397003924053006,10.523005557727087,4.727889792118739e-19
1e-05,1.0,0.9397003924053006,11.822063690952728,3.760873317572258e-19
1e-05,1.0,0.9397003924053006,13.281489698569583,2.9267673966240176e-19
1e-05,1.0,0.9397003924053006,14.921080889473224,2.3004686412056327e-19
1e-05,1.0,0.9397003924053006,16.763078537355728,1.774689333875005e-19
1e-05,1.0,0.9397003924053006,18.83246958655666,1.3503369240684596e-19
1e-05,1.0,0.9397003924053006,21.157325603303395,1.0460069374409715e-19
1e-05,1.0,0.9397003924053006,23.769183570259635,7.784130735600287e-20
1e-05,1.0,0.9397003924053006,26.70347368991138,5.882163868125671e-20
1e-05,1.0,0.9397003924053006,30.0,4.4918839896246965e-20
1e-05,1.0,1.004624946784733,0.1,0.0
1e-05,1.0,1.004624946784733,0.1123449344020514,0.0
1e-05,1.0,1.004624946784733,0.1262138428580125,0.0
1e-05,1.0,1.004624946784733,0.1417948589651424,0.0
1e-05,1.0,1.004624946784733,0.1592993412898707,0.0
1e-05,1.0,1.004624946784733,0.1789647404750054,0.0
1e-05,1.0,1.004624946784733,0.2010578202894464,0.0
1e-05,1.0,1.004624946784733,0.2258782763143731,0.0
1e-05,1.0,1.004624946784733,0.2537628013538671,0.0
1e-05,1.0,1.004624946784733,0.2850896527178103,0.0
1e-05,1.0,1.004624946784733,0.3202837833328603,0.0
1e-05,1.0,1.004624946784733,0.3598226062857105,0.0
1e-05,1.0,1.004624946784733,0.4042424709954335,0.0
1e-05,1.0,1.004624946784733,0.4541459388650518,0.0
1e-05,1.0,1.004624946784733,0.5102099571075231,0.0
1e-05,1.0,1.004624946784733,0.573195041625182,0.0
1e-05,1.0,1.004624946784733,0.6439555935096224,0.0
1e-05,1.0,1.004624946784733,0.7234514891067266,0.0
1e-05,1.0,1.004624946784733,0.8127611008676167,0.0
1e-05,1.0,1.004624946784733,0.9130959256151152,0.0
1e-05,1.0,1.004624946784733,1.0258170186601063,6.793680285256993e-26
1e-05,1.0,1.004624946784733,1.1524534566987763,6.396044084866713e-23
1e-05,1.0,1.004624946784733,1.294723079942415,1.4713318314967851e-21
1e-05,1.0,1.004624946784733,1.4545557948495271,1.0858193605653746e-20
1e-05,1.0,1.004624946784733,1.6341197535649394,3.938259399884048e-20
1e-05,1.0,1.004624946784733,1.835850765193496,9.514493864452028e-20
1e-05,1.0,1.004624946784733,2.062485337876194,1.8001111605424936e-19
1e-05,1.0,1.004624946784733,2.3170977998889395,2.8694392428359086e-19
1e-05,1.0,1.004624946784733,2.6031420033166066,3.9920822581784704e-19
1e-05,1.0,1.004624946784733,2.9244981760182918,4.945299004323831e-19
1e-05,1.0,1.004624946784733,3.285525557436941,5.552010976723668e-19
1e-05,1.0,1.004624946784733,3.6911215322651687,5.778847129193493e-19
1e-05,1.0,1.004624946784733,4.1467880641233,5.739578300238797e-19
1e-05,1.0,1.004624946784733,4.658706330431421,5.572006771848809e-19
1e-05,1.0,1.004624946784733,5.233820570907402,5.187584658997566e-19
1e-05,1.0,1.004624946784733,5.879932287106996,4.578118025805948e-19
1e-05,1.0,1.004624946784733,6.605806070835402,3.9892666756294296e-19
1e-05,1.0,1.004624946784733,7.421288497006765,3.4123661338374694e-19
1e-05,1.0,1.004624946784733,8.337441693749241,2.854289482464828e-19
1e-05,1.0,1.004624946784733,9.366693401651878,2.351623568692485e-19
1e-05,1.0,1.004624946784733,10.523005557727087,1.9108531441746532e-19
1e-05,1.0,1.004624946784733,11.822063690952728,1.5394382131025394e-19
1e-05,1.0,1.004624946784733,13.281489698569583,1.2283144655117916e-19
1e-05,1.0,1.004624946784733,14.921080889473224,9.654203014429393e-20
1e-05,1.0,1.004624946784733,16.763078537355728,7.645762809092977e-20
1e-05,1.0,1.004624946784733,18.83246958655666,5.896080902888843e-20
1e-05,1.0,1.004624946784733,21.157325603303395,4.590456524862442e-20
1e-05,1.0,1.004624946784733,23.769183570259635,3.5504282986356805e-20
1e-05,1.0,1.004624946784733,26.70347368991138,2.6731607930932096e-20
1e-05,1.0,1.004624946784733,30.0,2.093439546009869e-20
1e-05,1.0,1.0740351838300823,0.1,0.0
1e-05,1.0,1.0740351838300823,0.1123449344020514,0.0
1e-05,1.0,1.0740351838300823,0.1262138428580125,0.0
1e-05,1.0,1.0740351838300823,0.1417948589651424,0.0
1e-05,1.0,1.0740351838300823,0.1592993412898707,0.0
1e-05,1.0,1.0740351838300823,0.1789647404750054,0.0
1e-05,1.0,1.0740351838300823,0.2010578202894464,0.0
1e-05,1.0,1.0740351838300823,0.2258782763143731,0.0
1e-05,1.0,1.0740351838300823,0.2537628013538671,0.0
1e-05,1.0,1.0740351838300823,0.2850896527178103,0.0
1e-05,1.0,1.0740351838300823,0.3202837833328603,0.0
1e-05,1.0,1.0740351838300823,0.3598226062857105,0.0
1e-05,1.0,1.0740351838300823,0.4042424709954335,0.0
1e-05,1.0,1.0740351838300823,0.4541459388650518,0.0
1e-05,1.0,1.0740351838300823,0.5102099571075231,0.0
1e-05,1.0,1.0740351838300823,0.573195041625182,0.0
1e-05,1.0,1.0740351838300823,0.6439555935096224,0.0
1e-05,1.0,1.0740351838300823,0.7234514891067266,0.0
1e-05,1.0,1.0740351838300823,0.8127611008676167,0.0
1e-05,1.0,1.0740351838300823,0.9130959256151152,0.0
1e-05,1.0,1.0740351838300823,1.0258170186601063,1.1344196081619643e-39
1e-05,1.0,1.0740351838300823,1.1524534566987763,1.901820588821749e-25
1e-05,1.0,1.0740351838300823,1.294723079942415,3.9534590962793395e-23
1e-05,1.0,1.0740351838300823,1.4545557948495271,6.406609675011451e-22
1e-05,1.0,1.0740351838300823,1.6341197535649394,4.091086948102681e-21
1e-05,1.0,1.0740351838300823,1.835850765193496,1.3840297357496795e-20
1e-05,1.0,1.0740351838300823,2.062485337876194,3.23800275170051e-20
1e-05,1.0,1.0740351838300823,2.3170977998889395,6.02551146404385e-20
1e-05,1.0,1.0740351838300823,2.6031420033166066,9.510635517267039e-20
1e-05,1.0,1.0740351838300823,2.9244981760182918,1.3140292490311794e-19
1e-05,1.0,1.0740351838300823,3.285525557436941,1.6191377271689739e-19
1e-05,1.0,1.0740351838300823,3.6911215322651687,1.8118323416591286e-19
1e-05,1.0,1.0740351838300823,4.1467880641233,1.8852933734878067e-19
1e-05,1.0,1.0740351838300823,4.658706330431421,1.8808028828314572e-19
1e-05,1.0,1.0740351838300823,5.233820570907402,1.8344049788607285e-19
1e-05,1.0,1.0740351838300823,5.879932287106996,1.6984910593924342e-19
1e-05,1.0,1.0740351838300823,6.605806070835402,1.5016166672846453e-19
1e-05,1.0,1.0740351838300823,7.421288497006765,1.3161619228100082e-19
1e-05,1.0,1.0740351838300823,8.337441693749241,1.1251086917489649e-19
1e-05,1.0,1.0740351838300823,9.366693401651878,9.456383853065664e-20
1e-05,1.0,1.0740351838300823,10.523005557727087,7.782195049715266e-20
1e-05,1.0,1.0740351838300823,11.822063690952728,6.383094619705829e-20
1e-05,1.0,1.0740351838300823,13.281489698569583,5.157130880334791e-20
1e-05,1.0,1.0740351838300823,14.921080889473224,4.1119283339273075e-20
1e-05,1.0,1.0740351838300823,16.763078537355728,3.2884235112306784e-20
1e-05,1.0,1.0740351838300823,18.83246958655666,2.5925796653336898e-20
1e-05,1.0,1.0740351838300823,21.157325603303395,2.0262348297453426e-20
1e-05,1.0,1.0740351838300823,23.769183570259635,1.6051980885427928e-20
1e-05,1.0,1.0740351838300823,26.70347368991138,1.228344963735534e-20
1e-05,1.0,1.0740351838300823,30.0,9.63300199084845e-21
1e-05,1.0,1.1482410224799018,0.1,0.0
1e-05,1.0,1.1482410224799018,0.1123449344020514,0.0
1e-05,1.0,1.1482410224799018,0.1262138428580125,0.0
1e-05,1.0,1.1482410224799018,0.1417948589651424,0.0
1e-05,1.0,1.1482410224799018,0.1592993412898707,0.0
1e-05,1.0,1.1482410224799018,0.1789647404750054,0.0
1e-05,1.0,1.1482410224799018,0.2010578202894464,0.0
1e-05,1.0,1.1482410224799018,0.2258782763143731,0.0
1e-05,1.0,1.1482410224799018,0.2537628013538671,0.0
1e-05,1.0,1.1482410224799018,0.2850896527178103,0.0
1e-05,1.0,1.1482410224799018,0.3202837833328603,0.0
1e-05,1.0,1.1482410224799018,0.3598226062857105,0.0
1e-05,1.0,1.1482410224799018,0.4042424709954335,0.0
1e-05,1.0,1.1482410224799018,0.4541459388650518,0.0
1e-05,1.0,1.1482410224799018,0.5102099571075231,0.0
1e-05,1.0,1.1482410224799018,0.573195041625182,0.0
1e-05,1.0,1.1482410224799018,0.6439555935096224,0.0
1e-05,1.0,1.1482410224799018,0.7234514891067266,0.0
1e-05,1.0,1.1482410224799018,0.8127611008676167,0.0
1e-05,1.0,1.1482410224799018,0.9130959256151152,0.0
1e-05,1.0,1.1482410224799018,1.0258170186601063,0.0
1e-05,1.0,1.1482410224799018,1.1524534566987763,1.0154839838905336e-30
1e-05,1.0,1.1482410224799018,1.294723079942415,2.3248642844923845e-25
1e-05,1.0,1.1482410224799018,1.4545557948495271,2.0832428115580296e-23
1e-05,1.0,1.1482410224799018,1.6341197535649394,2.663223054944879e-22
1e-05,1.0,1.1482410224799018,1.835850765193496,1.5219492038277477e-21
1e-05,1.0,1.1482410224799018,2.062485337876194,4.8811776619168754e-21
1e-05,1.0,1.1482410224799018,2.3170977998889395,1.1140020689830306e-20
1e-05,1.0,1.1482410224799018,2.6031420033166066,2.0466054451041336e-20
1e-05,1.0,1.1482410224799018,2.9244981760182918,3.205546340963683e-20
1e-05,1.0,1.1482410224799018,3.285525557436941,4.404285502631837e-20
1e-05,1.0,1.1482410224799018,3.6911215322651687,5.403250469607391e-20
1e-05,1.0,1.1482410224799018,4.1467880641233,6.031962976427019e-20
1e-05,1.0,1.1482410224799018,4.658706330431421,6.280281865969961e-20
1e-05,1.0,1.1482410224799018,5.233820570907402,6.298927088740009e-20
1e-05,1.0,1.1482410224799018,5.879932287106996,6.15961971290613e-20
1e-05,1.0,1.1482410224799018,6.605806070835402,5.670563260121077e-20
1e-05,1.0,1.1482410224799018,7.421288497006765,5.037495612125767e-20
1e-05,1.0,1.1482410224799018,8.337441693749241,4.4281532005999277e-20
1e-05,1.0,1.1482410224799018,9.366693401651878,3.792408132822952e-20
1e-05,1.0,1.1482410224799018,10.523005557727087,3.195967715522811e-20
1e-05,1.0,1.1482410224799018,11.822063690952728,2.6354152265980413e-20
1e-05,1.0,1.1482410224799018,13.281489698569583,2.1747637840172596e-20
1e-05,1.0,1.1482410224799018,14.921080889473224,1.7647048878878004e-20
1e-05,1.0,1.1482410224799018,16.763078537355728,1.410119601610885e-20
1e-05,1.0,1.1482410224799018,18.83246958655666,1.1432350345842023e-20
1e-05,1.0,1.1482410224799018,21.157325603303395,8.987854375796973e-21
1e-05,1.0,1.1482410224799018,23.769183570259635,7.155015642345991e-21
1e-05,1.0,1.1482410224799018,26.70347368991138,5.685193276114538e-21
1e-05,1.0,1.1482410224799018,30.0,4.425441762015502e-21
1e-05,1.0,1.227573794187991,0.1,0.0
1e-05,1.0,1.227573794187991,0.1123449344020514,0.0
1e-05,1.0,1.227573794187991,0.1262138428580125,0.0
1e-05,1.0,1.227573794187991,0.1417948589651424,0.0
1e-05,1.0,1.227573794187991,0.1592993412898707,0.0
1e-05,1.0,1.227573794187991,0.1789647404750054,0.0
1e-05,1.0,1.227573794187991,0.2010578202894464,0.0
1e-05,1.0,1.227573794187991,0.2258782763143731,0.0
1e-05,1.0,1.227573794187991,0.2537628013538671,0.0
1e-05,1.0,1.227573794187991,0.2850896527178103,0.0
1e-05,1.0,1.227573794187991,0.3202837833328603,0.0
1e-05,1.0,1.227573794187991,0.3598226062857105,0.0
1e-05,1.0,1.227573794187991,0.4042424709954335,0.0
1e-05,1.0,1.227573794187991,0.4541459388650518,0.0
1e-05,1.0,1.227573794187991,0.5102099571075231,0.0
1e-05,1.0,1.227573794187991,0.573195041625182,0.0
1e-05,1.0,1.227573794187991,0.6439555935096224,0.0
1e-05,1.0,1.227573794187991,0.7234514891067266,0.0
1e-05,1.0,1.227573794187991,0.8127611008676167,0.0
1e-05,1.0,1.227573794187991,0.9130959256151152,0.0
1e-05,1.0,1.227573794187991,1.0258170186601063,0.0
1e-05,1.0,1.227573794187991,1.1524534566987763,0.0
1e-05,1.0,1.227573794187991,1.294723079942415,2.9872886740329653e-29
1e-05,1.0,1.227573794187991,1.4545557948495271,1.8367335511608127e-25
1e-05,1.0,1.227573794187991,1.6341197535649394,9.880620871569558e-24
1e-05,1.0,1.227573794187991,1.835850765193496,1.0682634849752063e-22
1e-05,1.0,1.227573794187991,2.062485337876194,5.602039836078769e-22
1e-05,1.0,1.227573794187991,2.3170977998889395,1.724571843462042e-21
1e-05,1.0,1.227573794187991,2.6031420033166066,3.861759202655231e-21
1e-05,1.0,1.227573794187991,2.9244981760182918,7.025888893955226e-21
1e-05,1.0,1.227573794187991,3.285525557436941,1.093981837227669e-20
1e-05,1.0,1.227573794187991,3.6911215322651687,1.4964761322258198e-20
1e-05,1.0,1.227573794187991,4.1467880641233,1.8295883264619773e-20
1e-05,1.0,1.227573794187991,4.658706330431421,2.039315372365129e-20
1e-05,1.0,1.227573794187991,5.233820570907402,2.1267101436365853e-20
1e-05,1.0,1.227573794187991,5.879932287106996,2.1461254189286608e-20
1e-05,1.0,1.227573794187991,6.605806070835402,2.0983804416809758e-20
1e-05,1.0,1.227573794187991,7.421288497006765,1.9238339860725444e-20
1e-05,1.0,1.227573794187991,8.337441693749241,1.7201595348112844e-20
1e-05,1.0,1.227573794187991,9.366693401651878,1.5136761611164044e-20
1e-05,1.0,1.227573794187991,10.523005557727087,1.3012488531096543e-20
1e-05,1.0,1.227573794187991,11.822063690952728,1.0958586203326844e-20
1e-05,1.0,1.227573794187991,13.281489698569583,9.111124522884085e-21
1e-05,1.0,1.227573794187991,14.921080889473224,7.524868508792127e-21
1e-05,1.0,1.227573794187991,16.763078537355728,6.127908868996367e-21
1e-05,1.0,1.227573794187991,18.83246958655666,4.9591723491014105e-21
1e-05,1.0,1.227573794187991,21.157325603303395,4.018387995635634e-21
1e-05,1.0,1.227573794187991,23.769183570259635,3.1951009479714114e-21
1e-05,1.0,1.227573794187991,26.70347368991138,2.5831583719184665e-21
1e-05,1.0,1.227573794187991,30.0,2.0439235250579322e-21
1e-05,1.0,1.312387722328982,0.1,0.0
1e-05,1.0,1.312387722328982,0.1123449344020514,0.0
1e-05,1.0,1.312387722328982,0.1262138428580125,0.0
1e-05,1.0,1.312387722328982,0.1417948589651424,0.0
1e-05,1.0,1.312387722328982,0.1592993412898707,0.0
1e-05,1.0,1.312387722328982,0.1789647404750054,0.0
1e-05,1.0,1.312387722328982,0.2010578202894464,0.0
1e-05,1.0,1.312387722328982,0.2258782763143731,0.0
1e-05,1.0,1.312387722328982,0.2537628013538671,0.0
1e-05,1.0,1.312387722328982,0.2850896527178103,0.0
1e-05,1.0,1.312387722328982,0.3202837833328603,0.0
1e-05,1.0,1.312387722328982,0.3598226062857105,0.0
1e-05,1.0,1.312387722328982,0.4042424709954335,0.0
1e-05,1.0,1.312387722328982,0.4541459388650518,0.0
1e-05,1.0,1.312387722328982,0.5102099571075231,0.0
1e-05,1.0,1.312387722328982,0.573195041625182,0.0
1e-05,1.0,1.312387722328982,0.6439555935096224,0.0
1e-05,1.0,1.312387722328982,0.7234514891067266,0.0
1e-05,1.0,1.312387722328982,0.8127611008676167,0.0
1e-05,1.0,1.312387722328982,0.9130959256151152,0.0
1e-05,1.0,1.312387722328982,1.0258170186601063,0.0
1e-05,1.0,1.312387722328982,1.1524534566987763,0.0
1e-05,1.0,1.312387722328982,1.294723079942415,0.0
1e-05,1.0,1.312387722328982,1.4545557948495271,9.599987371027049e-29
1e-05,1.0,1.312387722328982,1.6341197535649394,1.1489998459767582e-25
1e-05,1.0,1.312387722328982,1.835850765193496,4.353899330569692e-24
1e-05,1.0,1.312387722328982,2.062485337876194,4.163783132787386e-23
1e-05,1.0,1.312387722328982,2.3170977998889395,2.0430075160609564e-22
1e-05,1.0,1.312387722328982,2.6031420033166066,6.096042025639934e-22
1e-05,1.0,1.312387722328982,2.9244981760182918,1.345715175755029e-21
1e-05,1.0,1.312387722328982,3.285525557436941,2.4308563806750427e-21
1e-05,1.0,1.312387722328982,3.6911215322651687,3.7686619127865536e-21
1e-05,1.0,1.312387722328982,4.1467880641233,5.13806007475762e-21
1e-05,1.0,1.312387722328982,4.658706330431421,6.2658052117447775e-21
1e-05,1.0,1.312387722328982,5.233820570907402,6.97877719281733e-21
1e-05,1.0,1.312387722328982,5.879932287106996,7.29776304711306e-21
1e-05,1.0,1.312387722328982,6.605806070835402,7.412285869050269e-21
1e-05,1.0,1.312387722328982,7.421288497006765,7.22781477031805e-21
1e-05,1.0,1.312387722328982,8.337441693749241,6.616341186924347e-21
1e-05,1.0,1.312387722328982,9.366693401651878,5.956623849616939e-21
1e-05,1.0,1.312387722328982,10.523005557727087,5.242949709610753e-21
1e-05,1.0,1.312387722328982,11.822063690952728,4.5264441386801556e-21
1e-05,1.0,1.312387722328982,13.281489698569583,3.805276593778817e-21
1e-05,1.0,1.312387722328982,14.921080889473224,3.2008953947534376e-21
1e-05,1.0,1.312387722328982,16.763078537355728,2.6420880960738625e-21
1e-05,1.0,1.312387722328982,18.83246958655666,2.158465933528881e-21
1e-05,1.0,1.312387722328982,21.157325603303395,1.777811422352879e-21
1e-05,1.0,1.312387722328982,23.769183570259635,1.4259645311784282e-21
1e-05,1.0,1.312387722328982,26.70347368991138,1.161863381095499e-21
1e-05,1.0,1.312387722328982,30.0,9.49823928911454e-22
1e-05,1.0,1.4030615038170895,0.1,0.0
1e-05,1.0,1.4030615038170895,0.1123449344020514,0.0
1e-05,1.0,1.4030615038170895,0.1262138428580125,0.0
1e-05,1.0,1.4030615038170895,0.1417948589651424,0.0
1e-05,1.0,1.4030615038170895,0.1592993412898707,0.0
1e-05,1.0,1.4030615038170895,0.1789647404750054,0.0
1e-05,1.0,1.4030615038170895,0.2010578202894464,0.0
1e-05,1.0,1.4030615038170895,0.2258782763143731,0.0
1e-05,1.0,1.4030615038170895,0.2537628013538671,0.0
1e-05,1.0,1.4030615038170895,0.2850896527178103,0.0
1e-05,1.0,1.4030615038170895,0.3202837833328603,0.0
1e-05,1.0,1.4030615038170895,0.3598226062857105,0.0
1e-05,1.0,1.4030615038170895,0.4042424709954335,0.0
1e-05,1.0,1.4030615038170895,0.4541459388650518,0.0
1e-05,1.0,1.4030615038170895,0.5102099571075231,0.0
1e-05,1.0,1.4030615038170895,0.573195041625182,0.0
1e-05,1.0,1.4030615038170895,0.6439555935096224,0.0
1e-05,1.0,1.4030615038170895,0.7234514891067266,0.0
1e-05,1.0,1.4030615038170895,0.8127611008676167,0.0
1e-05,1.0,1.4030615038170895,0.9130959256151152,0.0
1e-05,1.0,1.4030615038170895,1.0258170186601063,0.0
1e-05,1.0,1.4030615038170895,1.1524534566987763,0.0
1e-05,1.0,1.4030615038170895,1.294723079942415,0.0
1e-05,1.0,1.4030615038170895,1.4545557948495271,7.196650594831284e-39
1e-05,1.0,1.4030615038170895,1.6341197535649394,1.3794952405163937e-28
1e-05,1.0,1.4030615038170895,1.835850765193496,6.189077181466083e-26
1e-05,1.0,1.4030615038170895,2.062485337876194,1.8162430700193215e-24
1e-05,1.0,1.4030615038170895,2.3170977998889395,1.5846126030468608e-23
1e-05,1.0,1.4030615038170895,2.6031420033166066,7.388533508055778e-23
1e-05,1.0,1.4030615038170895,2.9244981760182918,2.1537386317881983e-22
1e-05,1.0,1.4030615038170895,3.285525557436941,4.705569513910137e-22
1e-05,1.0,1.4030615038170895,3.6911215322651687,8.458206118466023e-22
1e-05,1.0,1.4030615038170895,4.1467880641233,1.3074739488021582e-21
1e-05,1.0,1.4030615038170895,4.658706330431421,1.778372973743463e-21
1e-05,1.0,1.4030615038170895,5.233820570907402,2.1651905127049774e-21
1e-05,1.0,1.4030615038170895,5.879932287106996,2.411667319534893e-21
1e-05,1.0,1.4030615038170895,6.605806070835402,2.5313404061688012e-21
1e-05,1.0,1.4030615038170895,7.421288497006765,2.5872509851539244e-21
1e-05,1.0,1.4030615038170895,8.337441693749241,2.5114640295422957e-21
1e-05,1.0,1.4030615038170895,9.366693401651878,2.3031104769680182e-21
1e-05,1.0,1.4030615038170895,10.523005557727087,2.0838332811755125e-21
1e-05,1.0,1.4030615038170895,11.822063690952728,1.8374570483484267e-21
1e-05,1.0,1.4030615038170895,13.281489698569583,1.5911504764472304e-21
1e-05,1.0,1.4030615038170895,14.921080889473224,1.3401446624466816e-21
1e-05,1.0,1.4030615038170895,16.763078537355728,1.136445003189102e-21
1e-05,1.0,1.4030615038170895,18.83246958655666,9.403148795777102e-22
1e-05,1.0,1.4030615038170895,21.157325603303395,7.720054860945753e-22
1e-05,1.0,1.4030615038170895,23.769183570259635,6.431984749698979e-22
1e-05,1.0,1.4030615038170895,26.70347368991138,5.175319300839464e-22
1e-05,1.0,1.4030615038170895,30.0,4.300425352529077e-22
1e-05,1.0,1.5,0.1,0.0
1e-05,1.0,1.5,0.1123449344020514,0.0
1e-05,1.0,1.5,0.1262138428580125,0.0
1e-05,1.0,1.5,0.1417948589651424,0.0
1e-05,1.0,1.5,0.1592993412898707,0.0
1e-05,1.0,1.5,0.1789647404750054,0.0
1e-05,1.0,1.5,0.2010578202894464,0.0
1e-05,1.0,1.5,0.2258782763143731,0.0
1e-05,1.0,1.5,0.2537628013538671,0.0
1e-05,1.0,1.5,0.2850896527178103,0.0
1e-05,1.0,1.5,0.3202837833328603,0.0
1e-05,1.0,1.5,0.3598226062857105,0.0
1e-05,1.0,1.5,0.4042424709954335,0.0
1e-05,1.0,1.5,0.4541459388650518,0.0
1e-05,1.0,1.5,0.5102099571075231,0.0
1e-05,1.0,1.5,0.573195041625182,0.0
1e-05,1.0,1.5,0.6439555935096224,0.0
1e-05,1.0,1.5,0.7234514891067266,0.0
1e-05,1.0,1.5,0.8127611008676167,0.0
1e-05,1.0,1.5,0.9130959256151152,0.0
1e-05,1.0,1.5,1.0258170186601063,0.0
1e-05,1.0,1.5,1.1524534566987763,0.0
1e-05,1.0,1.5,1.294723079942415,0.0
1e-05,1.0,1.5,1.4545557948495271,0.0
1e-05,1.0,1.5,1.6341197535649394,2.295143084808089e-35
1e-05,1.0,1.5,1.835850765193496,1.2285229328836699e-28
1e-05,1.0,1.5,2.062485337876194,2.984517607627321e-26
1e-05,1.0,1.5,2.3170977998889395,7.256642492767189e-25
1e-05,1.0,1.5,2.6031420033166066,5.908534967306556e-24
1e-05,1.0,1.5,2.9244981760182918,2.6512860582318864e-23
1e-05,1.0,1.5,3.285525557436941,7.599107486504663e-23
1e-05,1.0,1.5,3.6911215322651687,1.6487762828436279e-22
1e-05,1.0,1.5,4.1467880641233,2.9548446564930523e-22
1e-05,1.0,1.5,4.658706330431421,4.560130887057107e-22
1e-05,1.0,1.5,5.233820570907402,6.193716463151843e-22
1e-05,1.0,1.5,5.879932287106996,7.535615132393771e-22
1e-05,1.0,1.5,6.605806070835402,8.4005620239698245e-22
1e-05,1.0,1.5,7.421288497006765,8.859810976754687e-22
1e-05,1.0,1.5,8.337441693749241,9.102839655230803e-22
1e-05,1.0,1.5,9.366693401651878,8.790853497024026e-22
1e-05,1.0,1.5,10.523005557727087,8.101591845216263e-22
1e-05,1.0,1.5,11.822063690952728,7.351322451182661e-22
1e-05,1.0,1.5,13.281489698569583,6.511130994113726e-22
1e-05,1.0,1.5,14.921080889473224,5.635667415535242e-22
1e-05,1.0,1.5,16.763078537355728,4.7876626406123965e-22
1e-05,1.0,1.5,18.83246958655666,4.0656482818922075e-22
1e-05,1.0,1.5,21.157325603303395,3.3838880204353167e-22
1e-05,1.0,1.5,23.769183570259635,2.812470499254051e-22
1e-05,1.0,1.5,26.70347368991138,2.33105190883144e-22
1e-05,1.0,1.5,30.0,1.9303261629493816e-22
