eps2,cos_theta,m(GeV),Energy,flux_differential
0.0001,1.0,0.01,0.1,2.3354348069952923e-09
0.0001,1.0,0.01,0.1123449344020514,2.1551995240583872e-09
0.0001,1.0,0.01,0.1262138428580125,1.988362915886593e-09
0.0001,1.0,0.01,0.1417948589651424,1.832220305538e-09
0.0001,1.0,0.01,0.1592993412898707,1.684176869245569e-09
0.0001,1.0,0.01,0.1789647404750054,1.546109411249343e-09
0.0001,1.0,0.01,0.2010578202894464,1.4175577434509244e-09
0.0001,1.0,0.01,0.2258782763143731,1.299482798216986e-09
0.0001,1.0,0.01,0.2537628013538671,1.1924549940212391e-09
0.0001,1.0,0.01,0.2850896527178103,1.0954666641621641e-09
0.0001,1.0,0.01,0.3202837833328603,1.0093630485497068e-09
0.0001,1.0,0.01,0.3598226062857105,9.34117975213353e-10
0.0001,1.0,0.01,0.4042424709954335,8.698320052432225e-10
0.0001,1.0,0.01,0.4541459388650518,8.154842178562034e-10
0.0001,1.0,0.01,0.5102099571075231,7.700712651711319e-10
0.0001,1.0,0.01,0.573195041625182,7.318178032528079e-10
0.0001,1.0,0.01,0.6439555935096224,6.978764142112743e-10
0.0001,1.0,0.01,0.7234514891067266,6.642329355789746e-10
0.0001,1.0,0.01,0.8127611008676167,6.276961005774903e-10
0.0001,1.0,0.01,0.9130959256151152,5.862814918186168e-10
0.0001,1.0,0.01,1.0258170186601063,5.390674260996071e-10
0.0001,1.0,0.01,1.1524534566987763,4.862846748880999e-10
0.0001,1.0,0.01,1.294723079942415,4.2959083455193023e-10
0.0001,1.0,0.01,1.4545557948495271,3.715301955704458e-10
0.0001,1.0,0.01,1.6341197535649394,3.161109946060608e-10
0.0001,1.0,0.01,1.835850765193496,2.6687176441476163e-10
0.0001,1.0,0.01,2.062485337876194,2.2416043310600406e-10
0.0001,1.0,0.01,2.3170977998889395,1.845344315627156e-10
0.0001,1.0,0.01,2.6031420033166066,1.4856384761309578e-10
0.0001,1.0,0.01,2.9244981760182918,1.182435473792319e-10
0.0001,1.0,0.01,3.285525557436941,9.46755206887284e-11
0.0001,1.0,0.01,3.6911215322651687,7.565666504365082e-11
0.0001,1.0,0.01,4.1467880641233,5.916831837962092e-11
0.0001,1.0,0.01,4.658706330431421,4.578272005177675e-11
0.0001,1.0,0.01,5.233820570907402,3.595822467913954e-11
0.0001,1.0,0.01,5.879932287106996,2.8148041419544854e-11
0.0001,1.0,0.01,6.605806070835402,2.1553444814553378e-11
0.0001,1.0,0.01,7.421288497006765,1.6562778222427183e-11
0.0001,1.0,0.01,8.337441693749241,1.2979538896635065e-11
0.0001,1.0,0.01,9.366693401651878,9.953951272651469e-12
0.0001,1.0,0.01,10.523005557727087,7.558644928733901e-12
0.0001,1.0,0.01,11.822063690952728,5.920024941060631e-12
0.0001,1.0,0.01,13.281489698569583,4.566057050504628e-12
0.0001,1.0,0.01,14.921080889473224,3.46102354587755e-12
0.0001,1.0,0.01,16.763078537355728,2.72334672991068e-12
0.0001,1.0,0.01,18.83246958655666,2.1230784130392545e-12
0.0001,1.0,0.01,21.157325603303395,1.6218679201706912e-12
0.0001,1.0,0.01,23.769183570259635,1.2936984074559677e-12
0.0001,1.0,0.01,26.70347368991138,1.025506713392463e-12
0.0001,1.0,0.01,30.0,8.018402136559764e-13
0.0001,1.0,0.0106909069625186,0.1,2.309780579818635e-09
0.0001,1.0,0.0106909069625186,0.1123449344020514,2.135063778802851e-09
0.0001,1.0,0.0106909069625186,0.1262138428580125,1.9726751749046322e-09
0.0001,1.0,0.0106909069625186,0.1417948589651424,1.819948056443671e-09
0.0001,1.0,0.0106909069625186,0.1592993412898707,1.6747537129934922e-09
0.0001,1.0,0.0106909069625186,0.1789647404750054,1.5387883822950794e-09
0.0001,1.0,0.0106909069625186,0.2010578202894464,1.4119334867871516e-09
0.0001,1.0,0.0106909069625186,0.2258782763143731,1.2951635388245666e-09
0.0001,1.0,0.0106909069625186,0.2537628013538671,1.1892379670970473e-09
0.0001,1.0,0.0106909069625186,0.2850896527178103,1.0932266118116183e-09
0.0001,1.0,0.0106909069625186,0.3202837833328603,1.0079364217344765e-09
0.0001,1.0,0.0106909069625186,0.3598226062857105,9.33292447857807e-10
0.0001,1.0,0.0106909069625186,0.4042424709954335,8.694579632807151e-10
0.0001,1.0,0.0106909069625186,0.4541459388650518,8.154169010405904e-10
0.0001,1.0,0.0106909069625186,0.5102099571075231,7.702283919897591e-10
0.0001,1.0,0.0106909069625186,0.573195041625182,7.321147205258202e-10
0.0001,1.0,0.0106909069625186,0.6439555935096224,6.982826937981862e-10
0.0001,1.0,0.0106909069625186,0.7234514891067266,6.647442971064323e-10
0.0001,1.0,0.0106909069625186,0.8127611008676167,6.283185236659463e-10
0.0001,1.0,0.0106909069625186,0.9130959256151152,5.870096412514262e-10
0.0001,1.0,0.0106909069625186,1.0258170186601063,5.398912326817504e-10
0.0001,1.0,0.0106909069625186,1.1524534566987763,4.871860053020287e-10
0.0001,1.0,0.0106909069625186,1.294723079942415,4.3051370129297407e-10
0.0001,1.0,0.0106909069625186,1.4545557948495271,3.723858956786069e-10
0.0001,1.0,0.0106909069625186,1.6341197535649394,3.167836459761069e-10
0.0001,1.0,0.0106909069625186,1.835850765193496,2.672870325569133e-10
0.0001,1.0,0.0106909069625186,2.062485337876194,2.244597137244636e-10
0.0001,1.0,0.0106909069625186,2.3170977998889395,1.848409319869557e-10
0.0001,1.0,0.0106909069625186,2.6031420033166066,1.4882684652157095e-10
0.0001,1.0,0.0106909069625186,2.9244981760182918,1.1841415801837845e-10
0.0001,1.0,0.0106909069625186,3.285525557436941,9.475780178371336e-11
0.0001,1.0,0.0106909069625186,3.6911215322651687,7.574607840443154e-11
0.0001,1.0,0.0106909069625186,4.1467880641233,5.926602047036705e-11
0.0001,1.0,0.0106909069625186,4.658706330431421,4.584913766962489e-11
0.0001,1.0,0.0106909069625186,5.233820570907402,3.5991341619886187e-11
0.0001,1.0,0.0106909069625186,5.879932287106996,2.8183238017455603e-11
0.0001,1.0,0.0106909069625186,6.605806070835402,2.158502034644869e-11
0.0001,1.0,0.0106909069625186,7.421288497006765,1.6571106461455118e-11
0.0001,1.0,0.0106909069625186,8.337441693749241,1.298574647968604e-11
0.0001,1.0,0.0106909069625186,9.366693401651878,9.959831980965007e-12
0.0001,1.0,0.0106909069625186,10.523005557727087,7.559238973225601e-12
0.0001,1.0,0.0106909069625186,11.822063690952728,5.917944704485399e-12
0.0001,1.0,0.0106909069625186,13.281489698569583,4.567289627095293e-12
0.0001,1.0,0.0106909069625186,14.921080889473224,3.4616584203885633e-12
0.0001,1.0,0.0106909069625186,16.763078537355728,2.722318282904959e-12
0.0001,1.0,0.0106909069625186,18.83246958655666,2.123535031771361e-12
0.0001,1.0,0.0106909069625186,21.157325603303395,1.6220150222626929e-12
0.0001,1.0,0.0106909069625186,23.769183570259635,1.2931730466469898e-12
0.0001,1.0,0.0106909069625186,26.70347368991138,1.0256942155651029e-12
0.0001,1.0,0.0106909069625186,30.0,8.019789385537131e-13
0.0001,1.0,0.0114295491681229,0.1,2.2812898216917677e-09
0.0001,1.0,0.0114295491681229,0.1123449344020514,2.112916610274545e-09
0.0001,1.0,0.0114295491681229,0.1262138428580125,1.9558553124079677e-09
0.0001,1.0,0.0114295491681229,0.1417948589651424,1.8075051865861323e-09
0.0001,1.0,0.0114295491681229,0.1592993412898707,1.6659242226208562e-09
0.0001,1.0,0.0114295491681229,0.1789647404750054,1.5326113053856133e-09
0.0001,1.0,0.0114295491681229,0.2010578202894464,1.4078601513897486e-09
0.0001,1.0,0.0114295491681229,0.2258782763143731,1.2926357360210539e-09
0.0001,1.0,0.0114295491681229,0.2537628013538671,1.1879839428827878e-09
0.0001,1.0,0.0114295491681229,0.2850896527178103,1.0930367778626552e-09
0.0001,1.0,0.0114295491681229,0.3202837833328603,1.0086261152124002e-09
0.0001,1.0,0.0114295491681229,0.3598226062857105,9.34650683151813e-10
0.0001,1.0,0.0114295491681229,0.4042424709954335,8.713182396169411e-10
0.0001,1.0,0.0114295491681229,0.4541459388650518,8.176185902684989e-10
0.0001,1.0,0.0114295491681229,0.5102099571075231,7.726856597230124e-10
0.0001,1.0,0.0114295491681229,0.573195041625182,7.347267159200815e-10
0.0001,1.0,0.0114295491681229,0.6439555935096224,7.009817568662581e-10
0.0001,1.0,0.0114295491681229,0.7234514891067266,6.674361617922622e-10
0.0001,1.0,0.0114295491681229,0.8127611008676167,6.308835839706497e-10
0.0001,1.0,0.0114295491681229,0.9130959256151152,5.892903929761271e-10
0.0001,1.0,0.0114295491681229,1.0258170186601063,5.417502191400732e-10
0.0001,1.0,0.0114295491681229,1.1524534566987763,4.885196685699281e-10
0.0001,1.0,0.0114295491681229,1.294723079942415,4.312520681288587e-10
0.0001,1.0,0.0114295491681229,1.4545557948495271,3.7254745649172274e-10
0.0001,1.0,0.0114295491681229,1.6341197535649394,3.1645083385183074e-10
0.0001,1.0,0.0114295491681229,1.835850765193496,2.666597370181326e-10
0.0001,1.0,0.0114295491681229,2.062485337876194,2.2390863466410886e-10
0.0001,1.0,0.0114295491681229,2.3170977998889395,1.8453726984668011e-10
0.0001,1.0,0.0114295491681229,2.6031420033166066,1.4867955654304327e-10
0.0001,1.0,0.0114295491681229,2.9244981760182918,1.1831586415744613e-10
0.0001,1.0,0.0114295491681229,3.285525557436941,9.46421961935468e-11
0.0001,1.0,0.0114295491681229,3.6911215322651687,7.569213457449985e-11
0.0001,1.0,0.0114295491681229,4.1467880641233,5.925779692159146e-11
0.0001,1.0,0.0114295491681229,4.658706330431421,4.584274895388946e-11
0.0001,1.0,0.0114295491681229,5.233820570907402,3.596898378226703e-11
0.0001,1.0,0.0114295491681229,5.879932287106996,2.8179601261079904e-11
0.0001,1.0,0.0114295491681229,6.605806070835402,2.159212589500903e-11
0.0001,1.0,0.0114295491681229,7.421288497006765,1.6563714640625403e-11
0.0001,1.0,0.0114295491681229,8.337441693749241,1.2982668551785776e-11
0.0001,1.0,0.0114295491681229,9.366693401651878,9.96259540567696e-12
0.0001,1.0,0.0114295491681229,10.523005557727087,7.558953503956212e-12
0.0001,1.0,0.0114295491681229,11.822063690952728,5.916040839903369e-12
0.0001,1.0,0.0114295491681229,13.281489698569583,4.568772624868354e-12
0.0001,1.0,0.0114295491681229,14.921080889473224,3.4623965008419175e-12
0.0001,1.0,0.0114295491681229,16.763078537355728,2.720993165404279e-12
0.0001,1.0,0.0114295491681229,18.83246958655666,2.124169185583126e-12
0.0001,1.0,0.0114295491681229,21.157325603303395,1.6222018897350196e-12
0.0001,1.0,0.0114295491681229,23.769183570259635,1.292638802909924e-12
0.0001,1.0,0.0114295491681229,26.70347368991138,1.025886222295361e-12
0.0001,1.0,0.0114295491681229,30.0,8.021278862422819e-13
0.0001,1.0,0.0122192246779934,0.1,2.2508450314474924e-09
0.0001,1.0,0.0122192246779934,0.1123449344020514,2.0880768386659546e-09
0.0001,1.0,0.0122192246779934,0.1262138428580125,1.9354352523569174e-09
0.0001,1.0,0.0122192246779934,0.1417948589651424,1.7903004460744174e-09
0.0001,1.0,0.0122192246779934,0.1592993412898707,1.651462650209295e-09
0.0001,1.0,0.0122192246779934,0.1789647404750054,1.5202138961097564e-09
0.0001,1.0,0.0122192246779934,0.2010578202894464,1.3971619032768571e-09
0.0001,1.0,0.0122192246779934,0.2258782763143731,1.283398551434592e-09
0.0001,1.0,0.0122192246779934,0.2537628013538671,1.1799947952202947e-09
0.0001,1.0,0.0122192246779934,0.2850896527178103,1.0862155352874207e-09
0.0001,1.0,0.0122192246779934,0.3202837833328603,1.002750726657265e-09
0.0001,1.0,0.0122192246779934,0.3598226062857105,9.295320561932419e-10
0.0001,1.0,0.0122192246779934,0.4042424709954335,8.667397502029967e-10
0.0001,1.0,0.0122192246779934,0.4541459388650518,8.134320522523874e-10
0.0001,1.0,0.0122192246779934,0.5102099571075231,7.687747577659173e-10
0.0001,1.0,0.0122192246779934,0.573195041625182,7.310003690700311e-10
0.0001,1.0,0.0122192246779934,0.6439555935096224,6.974235808166324e-10
0.0001,1.0,0.0122192246779934,0.7234514891067266,6.641355353695625e-10
0.0001,1.0,0.0122192246779934,0.8127611008676167,6.279668509042213e-10
0.0001,1.0,0.0122192246779934,0.9130959256151152,5.869028223250146e-10
0.0001,1.0,0.0122192246779934,1.0258170186601063,5.40030112436644e-10
0.0001,1.0,0.0122192246779934,1.1524534566987763,4.875498951902863e-10
0.0001,1.0,0.0122192246779934,1.294723079942415,4.3101374360436725e-10
0.0001,1.0,0.0122192246779934,1.4545557948495271,3.728713008612886e-10
0.0001,1.0,0.0122192246779934,1.6341197535649394,3.1704224150651337e-10
0.0001,1.0,0.0122192246779934,1.835850765193496,2.671775229312697e-10
0.0001,1.0,0.0122192246779934,2.062485337876194,2.242807101375461e-10
0.0001,1.0,0.0122192246779934,2.3170977998889395,1.848764737356181e-10
0.0001,1.0,0.0122192246779934,2.6031420033166066,1.4894243476553524e-10
0.0001,1.0,0.0122192246779934,2.9244981760182918,1.1845557258583314e-10
0.0001,1.0,0.0122192246779934,3.285525557436941,9.465614702346572e-11
0.0001,1.0,0.0122192246779934,3.6911215322651687,7.571438433030492e-11
0.0001,1.0,0.0122192246779934,4.1467880641233,5.928850785538975e-11
0.0001,1.0,0.0122192246779934,4.658706330431421,4.585017355312093e-11
0.0001,1.0,0.0122192246779934,5.233820570907402,3.594822327125504e-11
0.0001,1.0,0.0122192246779934,5.879932287106996,2.8177413296398652e-11
0.0001,1.0,0.0122192246779934,6.605806070835402,2.15985712345582e-11
0.0001,1.0,0.0122192246779934,7.421288497006765,1.6557380583404177e-11
0.0001,1.0,0.0122192246779934,8.337441693749241,1.297862032335301e-11
0.0001,1.0,0.0122192246779934,9.366693401651878,9.96565016340409e-12
0.0001,1.0,0.0122192246779934,10.523005557727087,7.558780759266079e-12
0.0001,1.0,0.0122192246779934,11.822063690952728,5.913868295161424e-12
0.0001,1.0,0.0122192246779934,13.281489698569583,4.5702612664443795e-12
0.0001,1.0,0.0122192246779934,14.921080889473224,3.4631163467481133e-12
0.0001,1.0,0.0122192246779934,16.763078537355728,2.7193978087294404e-12
0.0001,1.0,0.0122192246779934,18.83246958655666,2.124807999844606e-12
0.0001,1.0,0.0122192246779934,21.157325603303395,1.6224362646450126e-12
0.0001,1.0,0.0122192246779934,23.769183570259635,1.2920751913605035e-12
0.0001,1.0,0.0122192246779934,26.70347368991138,1.0260679840419156e-12
0.0001,1.0,0.0122192246779934,30.0,8.022193360029703e-13
0.0001,1.0,0.013063459418654,0.1,2.2204707017649967e-09
0.0001,1.0,0.013063459418654,0.1123449344020514,2.0647436955271056e-09
0.0001,1.0,0.013063459418654,0.1262138428580125,1.917974004487104e-09
0.0001,1.0,0.013063459418654,0.1417948589651424,1.777311789677363e-09
0.0001,1.0,0.013063459418654,0.1592993412898707,1.642356653240223e-09
0.0001,1.0,0.013063459418654,0.1789647404750054,1.5139957048802643e-09
0.0001,1.0,0.013063459418654,0.2010578202894464,1.3932152966882255e-09
0.0001,1.0,0.013063459418654,0.2258782763143731,1.2812320130466069e-09
0.0001,1.0,0.013063459418654,0.2537628013538671,1.179283314891627e-09
0.0001,1.0,0.013063459418654,0.2850896527178103,1.0867952163504473e-09
0.0001,1.0,0.013063459418654,0.3202837833328603,1.004375974140448e-09
0.0001,1.0,0.013063459418654,0.3598226062857105,9.319685290931963e-10
0.0001,1.0,0.013063459418654,0.4042424709954335,8.697785904559515e-10
0.0001,1.0,0.013063459418654,0.4541459388650518,8.16910629635271e-10
0.0001,1.0,0.013063459418654,0.5102099571075231,7.725486138263361e-10
0.0001,1.0,0.013063459418654,0.573195041625182,7.349756061572041e-10
0.0001,1.0,0.013063459418654,0.6439555935096224,7.015162170902131e-10
0.0001,1.0,0.013063459418654,0.7234514891067266,6.683096344201368e-10
0.0001,1.0,0.013063459418654,0.8127611008676167,6.321722175473579e-10
0.0001,1.0,0.013063459418654,0.9130959256151152,5.910521942885802e-10
0.0001,1.0,0.013063459418654,1.0258170186601063,5.440368728660033e-10
0.0001,1.0,0.013063459418654,1.1524534566987763,4.913055401469859e-10
0.0001,1.0,0.013063459418654,1.294723079942415,4.3439338369763754e-10
0.0001,1.0,0.013063459418654,1.4545557948495271,3.757106771038693e-10
0.0001,1.0,0.013063459418654,1.6341197535649394,3.191937009016063e-10
0.0001,1.0,0.013063459418654,1.835850765193496,2.685672272444875e-10
0.0001,1.0,0.013063459418654,2.062485337876194,2.251044363105853e-10
0.0001,1.0,0.013063459418654,2.3170977998889395,1.8538133553618e-10
0.0001,1.0,0.013063459418654,2.6031420033166066,1.4917065255628822e-10
0.0001,1.0,0.013063459418654,2.9244981760182918,1.1846804498835387e-10
0.0001,1.0,0.013063459418654,3.285525557436941,9.454819764077652e-11
0.0001,1.0,0.013063459418654,3.6911215322651687,7.567918556348582e-11
0.0001,1.0,0.013063459418654,4.1467880641233,5.931829653355014e-11
0.0001,1.0,0.013063459418654,4.658706330431421,4.588799597113674e-11
0.0001,1.0,0.013063459418654,5.233820570907402,3.595680302310797e-11
0.0001,1.0,0.013063459418654,5.879932287106996,2.8198085551114185e-11
0.0001,1.0,0.013063459418654,6.605806070835402,2.16215958393605e-11
0.0001,1.0,0.013063459418654,7.421288497006765,1.6563162470213713e-11
0.0001,1.0,0.013063459418654,8.337441693749241,1.2979326381010557e-11
0.0001,1.0,0.013063459418654,9.366693401651878,9.97098056618235e-12
0.0001,1.0,0.013063459418654,10.523005557727087,7.55871389149891e-12
0.0001,1.0,0.013063459418654,11.822063690952728,5.910594044116809e-12
0.0001,1.0,0.013063459418654,13.281489698569583,4.5712963808117545e-12
0.0001,1.0,0.013063459418654,14.921080889473224,3.4635054377794653e-12
0.0001,1.0,0.013063459418654,16.763078537355728,2.7172437885587112e-12
0.0001,1.0,0.013063459418654,18.83246958655666,2.1251179352280008e-12
0.0001,1.0,0.013063459418654,21.157325603303395,1.62265258331445e-12
0.0001,1.0,0.013063459418654,23.769183570259635,1.2913672511559463e-12
0.0001,1.0,0.013063459418654,26.70347368991138,1.0261993528240373e-12
0.0001,1.0,0.013063459418654,30.0,8.022384306458541e-13
0.0001,1.0,0.0139660229253468,0.1,2.1833824226548267e-09
0.0001,1.0,0.0139660229253468,0.1123449344020514,2.034517149917422e-09
0.0001,1.0,0.0139660229253468,0.1262138428580125,1.893551610633184e-09
0.0001,1.0,0.0139660229253468,0.1417948589651424,1.7574942971908862e-09
0.0001,1.0,0.0139660229253468,0.1592993412898707,1.6264924326639903e-09
0.0001,1.0,0.0139660229253468,0.1789647404750054,1.5011682873213809e-09
0.0001,1.0,0.0139660229253468,0.2010578202894464,1.3828075667140203e-09
0.0001,1.0,0.0139660229253468,0.2258782763143731,1.2726933040326e-09
0.0001,1.0,0.0139660229253468,0.2537628013538671,1.1723327665296669e-09
0.0001,1.0,0.0139660229253468,0.2850896527178103,1.0811762558725647e-09
0.0001,1.0,0.0139660229253468,0.3202837833328603,9.99912668313673e-10
0.0001,1.0,0.0139660229253468,0.3598226062857105,9.283845148570976e-10
0.0001,1.0,0.0139660229253468,0.4042424709954335,8.668600139855699e-10
0.0001,1.0,0.0139660229253468,0.4541459388650518,8.144834306725259e-10
0.0001,1.0,0.0139660229253468,0.5102099571075231,7.704501998324186e-10
0.0001,1.0,0.0139660229253468,0.573195041625182,7.331181067416578e-10
0.0001,1.0,0.0139660229253468,0.6439555935096224,6.998250930075421e-10
0.0001,1.0,0.0139660229253468,0.7234514891067266,6.667397173008928e-10
0.0001,1.0,0.0139660229253468,0.8127611008676167,6.306777162874933e-10
0.0001,1.0,0.0139660229253468,0.9130959256151152,5.895736681023533e-10
0.0001,1.0,0.0139660229253468,1.0258170186601063,5.425333768693077e-10
0.0001,1.0,0.0139660229253468,1.1524534566987763,4.897668200498024e-10
0.0001,1.0,0.0139660229253468,1.294723079942415,4.3280256609528727e-10
0.0001,1.0,0.0139660229253468,1.4545557948495271,3.7411266749614793e-10
0.0001,1.0,0.0139660229253468,1.6341197535649394,3.1762757935983525e-10
0.0001,1.0,0.0139660229253468,1.835850765193496,2.671227637586374e-10
0.0001,1.0,0.0139660229253468,2.062485337876194,2.2405636481471021e-10
0.0001,1.0,0.0139660229253468,2.3170977998889395,1.849047100944561e-10
0.0001,1.0,0.0139660229253468,2.6031420033166066,1.490885958805798e-10
0.0001,1.0,0.0139660229253468,2.9244981760182918,1.185463022955446e-10
0.0001,1.0,0.0139660229253468,3.285525557436941,9.459148257841488e-11
0.0001,1.0,0.0139660229253468,3.6911215322651687,7.57107782699994e-11
0.0001,1.0,0.0139660229253468,4.1467880641233,5.935394247082918e-11
0.0001,1.0,0.0139660229253468,4.658706330431421,4.5895928051374966e-11
0.0001,1.0,0.0139660229253468,5.233820570907402,3.592683267078991e-11
0.0001,1.0,0.0139660229253468,5.879932287106996,2.818984908442461e-11
0.0001,1.0,0.0139660229253468,6.605806070835402,2.1624622746004327e-11
0.0001,1.0,0.0139660229253468,7.421288497006765,1.655736951048824e-11
0.0001,1.0,0.0139660229253468,8.337441693749241,1.2971725483690214e-11
0.0001,1.0,0.0139660229253468,9.366693401651878,9.973501826110818e-12
0.0001,1.0,0.0139660229253468,10.523005557727087,7.558530656448496e-12
0.0001,1.0,0.0139660229253468,11.822063690952728,5.9068801576940795e-12
0.0001,1.0,0.0139660229253468,13.281489698569583,4.572115306154456e-12
0.0001,1.0,0.0139660229253468,14.921080889473224,3.4638437698548514e-12
0.0001,1.0,0.0139660229253468,16.763078537355728,2.7152728840475723e-12
0.0001,1.0,0.0139660229253468,18.83246958655666,2.125369282345649e-12
0.0001,1.0,0.0139660229253468,21.157325603303395,1.6230605823422707e-12
0.0001,1.0,0.0139660229253468,23.769183570259635,1.2904652460767501e-12
0.0001,1.0,0.0139660229253468,26.70347368991138,1.026440419685311e-12
0.0001,1.0,0.0139660229253468,30.0,8.023032766768975e-13
0.0001,1.0,0.0149309451731285,0.1,2.146760242357673e-09
0.0001,1.0,0.0149309451731285,0.1123449344020514,2.004411670902759e-09
0.0001,1.0,0.0149309451731285,0.1262138428580125,1.868731204045755e-09
0.0001,1.0,0.0149309451731285,0.1417948589651424,1.7367760573207156e-09
0.0001,1.0,0.0149309451731285,0.1592993412898707,1.6091359422866672e-09
0.0001,1.0,0.0149309451731285,0.1789647404750054,1.486498982169686e-09
0.0001,1.0,0.0149309451731285,0.2010578202894464,1.3703496586535705e-09
0.0001,1.0,0.0149309451731285,0.2258782763143731,1.2621050374676156e-09
0.0001,1.0,0.0149309451731285,0.2537628013538671,1.1633539176434143e-09
0.0001,1.0,0.0149309451731285,0.2850896527178103,1.0736785927999957e-09
0.0001,1.0,0.0149309451731285,0.3202837833328603,9.9364754096421e-10
0.0001,1.0,0.0149309451731285,0.3598226062857105,9.231012886591979e-10
0.0001,1.0,0.0149309451731285,0.4042424709954335,8.622942571735246e-10
0.0001,1.0,0.0149309451731285,0.4541459388650518,8.104475722740878e-10
0.0001,1.0,0.0149309451731285,0.5102099571075231,7.667904748489467e-10
0.0001,1.0,0.0149309451731285,0.573195041625182,7.297170016360314e-10
0.0001,1.0,0.0149309451731285,0.6439555935096224,6.966512840761347e-10
0.0001,1.0,0.0149309451731285,0.7234514891067266,6.638752150352382e-10
0.0001,1.0,0.0149309451731285,0.8127611008676167,6.282498886045802e-10
0.0001,1.0,0.0149309451731285,0.9130959256151152,5.877308957441307e-10
0.0001,1.0,0.0149309451731285,1.0258170186601063,5.414178420130952e-10
0.0001,1.0,0.0149309451731285,1.1524534566987763,4.894693272273924e-10
0.0001,1.0,0.0149309451731285,1.294723079942415,4.333055604467174e-10
0.0001,1.0,0.0149309451731285,1.4545557948495271,3.752730966157285e-10
0.0001,1.0,0.0149309451731285,1.6341197535649394,3.1913446902671993e-10
0.0001,1.0,0.0149309451731285,1.835850765193496,2.686040199377523e-10
0.0001,1.0,0.0149309451731285,2.062485337876194,2.253730762038164e-10
0.0001,1.0,0.0149309451731285,2.3170977998889395,1.8618045791335145e-10
0.0001,1.0,0.0149309451731285,2.6031420033166066,1.5021548380330072e-10
0.0001,1.0,0.0149309451731285,2.9244981760182918,1.1940510379809405e-10
0.0001,1.0,0.0149309451731285,3.285525557436941,9.511871817738026e-11
0.0001,1.0,0.0149309451731285,3.6911215322651687,7.602574753059844e-11
0.0001,1.0,0.0149309451731285,4.1467880641233,5.953391111252098e-11
0.0001,1.0,0.0149309451731285,4.658706330431421,4.5955983665682984e-11
0.0001,1.0,0.0149309451731285,5.233820570907402,3.5910249657515365e-11
0.0001,1.0,0.0149309451731285,5.879932287106996,2.819002733012307e-11
0.0001,1.0,0.0149309451731285,6.605806070835402,2.163484774306121e-11
0.0001,1.0,0.0149309451731285,7.421288497006765,1.6554764705577638e-11
0.0001,1.0,0.0149309451731285,8.337441693749241,1.2965422376628864e-11
0.0001,1.0,0.0149309451731285,9.366693401651878,9.976438945218421e-12
0.0001,1.0,0.0149309451731285,10.523005557727087,7.558492959816723e-12
0.0001,1.0,0.0149309451731285,11.822063690952728,5.902461196692362e-12
0.0001,1.0,0.0149309451731285,13.281489698569583,4.57211555923668e-12
0.0001,1.0,0.0149309451731285,14.921080889473224,3.4643090657581627e-12
0.0001,1.0,0.0149309451731285,16.763078537355728,2.713185728940322e-12
0.0001,1.0,0.0149309451731285,18.83246958655666,2.125414580421528e-12
0.0001,1.0,0.0149309451731285,21.157325603303395,1.6236453810734432e-12
0.0001,1.0,0.0149309451731285,23.769183570259635,1.2894115018102146e-12
0.0001,1.0,0.0149309451731285,26.70347368991138,1.0266414914775812e-12
0.0001,1.0,0.0149309451731285,30.0,8.025219782054191e-13
0.0001,1.0,0.0159625345708383,0.1,2.1054563183305155e-09
0.0001,1.0,0.0159625345708383,0.1123449344020514,1.971361133792904e-09
0.0001,1.0,0.0159625345708383,0.1262138428580125,1.8426826777538424e-09
0.0001,1.0,0.0159625345708383,0.1417948589651424,1.7163670968413646e-09
0.0001,1.0,0.0159625345708383,0.1592993412898707,1.593604761277935e-09
0.0001,1.0,0.0159625345708383,0.1789647404750054,1.474686115741037e-09
0.0001,1.0,0.0159625345708383,0.2010578202894464,1.3615084196304688e-09
0.0001,1.0,0.0159625345708383,0.2258782763143731,1.2555779218975707e-09
0.0001,1.0,0.0159625345708383,0.2537628013538671,1.158649186093103e-09
0.0001,1.0,0.0159625345708383,0.2850896527178103,1.070602436668899e-09
0.0001,1.0,0.0159625345708383,0.3202837833328603,9.91887800766871e-10
0.0001,1.0,0.0159625345708383,0.3598226062857105,9.224107528502428e-10
0.0001,1.0,0.0159625345708383,0.4042424709954335,8.623811696622342e-10
0.0001,1.0,0.0159625345708383,0.4541459388650518,8.111343289349114e-10
0.0001,1.0,0.0159625345708383,0.5102099571075231,7.678824592125508e-10
0.0001,1.0,0.0159625345708383,0.573195041625182,7.31092785187566e-10
0.0001,1.0,0.0159625345708383,0.6439555935096224,6.981848798305404e-10
0.0001,1.0,0.0159625345708383,0.7234514891067266,6.654724498568346e-10
0.0001,1.0,0.0159625345708383,0.8127611008676167,6.297797909248974e-10
0.0001,1.0,0.0159625345708383,0.9130959256151152,5.890332604009578e-10
0.0001,1.0,0.0159625345708383,1.0258170186601063,5.423371566131475e-10
0.0001,1.0,0.0159625345708383,1.1524534566987763,4.89886878184159e-10
0.0001,1.0,0.0159625345708383,1.294723079942415,4.3313141891951e-10
0.0001,1.0,0.0159625345708383,1.4545557948495271,3.7448591461298785e-10
0.0001,1.0,0.0159625345708383,1.6341197535649394,3.1778391678283347e-10
0.0001,1.0,0.0159625345708383,1.835850765193496,2.668569090696635e-10
0.0001,1.0,0.0159625345708383,2.062485337876194,2.2363248649757965e-10
0.0001,1.0,0.0159625345708383,2.3170977998889395,1.848186014379362e-10
0.0001,1.0,0.0159625345708383,2.6031420033166066,1.4919114474832796e-10
0.0001,1.0,0.0159625345708383,2.9244981760182918,1.1862377631510516e-10
0.0001,1.0,0.0159625345708383,3.285525557436941,9.450745018492581e-11
0.0001,1.0,0.0159625345708383,3.6911215322651687,7.566832607044624e-11
0.0001,1.0,0.0159625345708383,4.1467880641233,5.940099227324513e-11
0.0001,1.0,0.0159625345708383,4.658706330431421,4.592606121434024e-11
0.0001,1.0,0.0159625345708383,5.233820570907402,3.5883599305449275e-11
0.0001,1.0,0.0159625345708383,5.879932287106996,2.818531095629712e-11
0.0001,1.0,0.0159625345708383,6.605806070835402,2.16437097351748e-11
0.0001,1.0,0.0159625345708383,7.421288497006765,1.654902400536573e-11
0.0001,1.0,0.0159625345708383,8.337441693749241,1.2958858562482002e-11
0.0001,1.0,0.0159625345708383,9.366693401651878,9.978789928989393e-12
0.0001,1.0,0.0159625345708383,10.523005557727087,7.559012409976874e-12
0.0001,1.0,0.0159625345708383,11.822063690952728,5.896820839372209e-12
0.0001,1.0,0.0159625345708383,13.281489698569583,4.5721586280147266e-12
0.0001,1.0,0.0159625345708383,14.921080889473224,3.4650064038614854e-12
0.0001,1.0,0.0159625345708383,16.763078537355728,2.7109931653107053e-12
0.0001,1.0,0.0159625345708383,18.83246958655666,2.1253710691249235e-12
0.0001,1.0,0.0159625345708383,21.157325603303395,1.6242983732030334e-12
0.0001,1.0,0.0159625345708383,23.769183570259635,1.288229592427277e-12
0.0001,1.0,0.0159625345708383,26.70347368991138,1.0267963719870333e-12
0.0001,1.0,0.0159625345708383,30.0,8.028307198640081e-13
0.0001,1.0,0.017065397198282,0.1,2.061171254423396e-09
0.0001,1.0,0.017065397198282,0.1123449344020514,1.934015508516341e-09
0.0001,1.0,0.017065397198282,0.1262138428580125,1.8109952760229848e-09
0.0001,1.0,0.017065397198282,0.1417948589651424,1.6891574442310945e-09
0.0001,1.0,0.017065397198282,0.1592993412898707,1.570077134711795e-09
0.0001,1.0,0.017065397198282,0.1789647404750054,1.4541477667613898e-09
0.0001,1.0,0.017065397198282,0.2010578202894464,1.3435172359053485e-09
0.0001,1.0,0.017065397198282,0.2258782763143731,1.2397696080988698e-09
0.0001,1.0,0.017065397198282,0.2537628013538671,1.1446481336269249e-09
0.0001,1.0,0.017065397198282,0.2850896527178103,1.0583125110342556e-09
0.0001,1.0,0.017065397198282,0.3202837833328603,9.810479447681474e-10
0.0001,1.0,0.017065397198282,0.3598226062857105,9.127139225871452e-10
0.0001,1.0,0.017065397198282,0.4042424709954335,8.53533928255688e-10
0.0001,1.0,0.017065397198282,0.4541459388650518,8.029375791678419e-10
0.0001,1.0,0.017065397198282,0.5102099571075231,7.601327208111149e-10
0.0001,1.0,0.017065397198282,0.573195041625182,7.236672119222364e-10
0.0001,1.0,0.017065397198282,0.6439555935096224,6.910405513799581e-10
0.0001,1.0,0.017065397198282,0.7234514891067266,6.587089916616119e-10
0.0001,1.0,0.017065397198282,0.8127611008676167,6.235487461213641e-10
0.0001,1.0,0.017065397198282,0.9130959256151152,5.835223476508809e-10
0.0001,1.0,0.017065397198282,1.0258170186601063,5.377244311373458e-10
0.0001,1.0,0.017065397198282,1.1524534566987763,4.863118854803144e-10
0.0001,1.0,0.017065397198282,1.294723079942415,4.3061736274695534e-10
0.0001,1.0,0.017065397198282,1.4545557948495271,3.7289888002978745e-10
0.0001,1.0,0.017065397198282,1.6341197535649394,3.1682883274725e-10
0.0001,1.0,0.017065397198282,1.835850765193496,2.6615285478444956e-10
0.0001,1.0,0.017065397198282,2.062485337876194,2.2300463251969544e-10
0.0001,1.0,0.017065397198282,2.3170977998889395,1.8443789726807394e-10
0.0001,1.0,0.017065397198282,2.6031420033166066,1.4900207197541837e-10
0.0001,1.0,0.017065397198282,2.9244981760182918,1.1849920520369155e-10
0.0001,1.0,0.017065397198282,3.285525557436941,9.434618718408657e-11
0.0001,1.0,0.017065397198282,3.6911215322651687,7.557642949052318e-11
0.0001,1.0,0.017065397198282,4.1467880641233,5.939322128947017e-11
0.0001,1.0,0.017065397198282,4.658706330431421,4.5933951005981107e-11
0.0001,1.0,0.017065397198282,5.233820570907402,3.586214475765522e-11
0.0001,1.0,0.017065397198282,5.879932287106996,2.8181631637117932e-11
0.0001,1.0,0.017065397198282,6.605806070835402,2.165535119859603e-11
0.0001,1.0,0.017065397198282,7.421288497006765,1.654226428064692e-11
0.0001,1.0,0.017065397198282,8.337441693749241,1.2950759659787282e-11
0.0001,1.0,0.017065397198282,9.366693401651878,9.980963970678843e-12
0.0001,1.0,0.017065397198282,10.523005557727087,7.55984186093351e-12
0.0001,1.0,0.017065397198282,11.822063690952728,5.89076410468184e-12
0.0001,1.0,0.017065397198282,13.281489698569583,4.572326859252648e-12
0.0001,1.0,0.017065397198282,14.921080889473224,3.465811229226343e-12
0.0001,1.0,0.017065397198282,16.763078537355728,2.7086124720236563e-12
0.0001,1.0,0.017065397198282,18.83246958655666,2.1253348761198715e-12
0.0001,1.0,0.017065397198282,21.157325603303395,1.6248870494136278e-12
0.0001,1.0,0.017065397198282,23.769183570259635,1.2869876065118158e-12
0.0001,1.0,0.017065397198282,26.70347368991138,1.0268590621436619e-12
0.0001,1.0,0.017065397198282,30.0,8.031900111477973e-13
0.0001,1.0,0.0182444573725259,0.1,2.0205184762468407e-09
0.0001,1.0,0.0182444573725259,0.1123449344020514,1.9028682056303565e-09
0.0001,1.0,0.0182444573725259,0.1262138428580125,1.78798252340614e-09
0.0001,1.0,0.0182444573725259,0.1417948589651424,1.6729150579901192e-09
0.0001,1.0,0.0182444573725259,0.1592993412898707,1.5594481845596321e-09
0.0001,1.0,0.0182444573725259,0.1789647404750054,1.447871966057359e-09
0.0001,1.0,0.0182444573725259,0.2010578202894464,1.3407704429357105e-09
0.0001,1.0,0.0182444573725259,0.2258782763143731,1.239750922237093e-09
0.0001,1.0,0.0182444573725259,0.2537628013538671,1.1467574155568717e-09
0.0001,1.0,0.0182444573725259,0.2850896527178103,1.062273542520838e-09
0.0001,1.0,0.0182444573725259,0.3202837833328603,9.865518836839034e-10
0.0001,1.0,0.0182444573725259,0.3598226062857105,9.194645239511447e-10
0.0001,1.0,0.0182444573725259,0.4042424709954335,8.612123654891799e-10
0.0001,1.0,0.0182444573725259,0.4541459388650518,8.11318824946691e-10
0.0001,1.0,0.0182444573725259,0.5102099571075231,7.690042821273472e-10
0.0001,1.0,0.0182444573725259,0.573195041625182,7.328666130569318e-10
0.0001,1.0,0.0182444573725259,0.6439555935096224,7.004076636073168e-10
0.0001,1.0,0.0182444573725259,0.7234514891067266,6.681097727321293e-10
0.0001,1.0,0.0182444573725259,0.8127611008676167,6.32801599995509e-10
0.0001,1.0,0.0182444573725259,0.9130959256151152,5.923811699544407e-10
0.0001,1.0,0.0182444573725259,1.0258170186601063,5.459423728430547e-10
0.0001,1.0,0.0182444573725259,1.1524534566987763,4.936479241555759e-10
0.0001,1.0,0.0182444573725259,1.294723079942415,4.368564077225121e-10
0.0001,1.0,0.0182444573725259,1.4545557948495271,3.778801593391209e-10
0.0001,1.0,0.0182444573725259,1.6341197535649394,3.2047200272494966e-10
0.0001,1.0,0.0182444573725259,1.835850765193496,2.6851635589159603e-10
0.0001,1.0,0.0182444573725259,2.062485337876194,2.24429795679004e-10
0.0001,1.0,0.0182444573725259,2.3170977998889395,1.8541512238230009e-10
0.0001,1.0,0.0182444573725259,2.6031420033166066,1.4960614322122027e-10
0.0001,1.0,0.0182444573725259,2.9244981760182918,1.1876098121486712e-10
0.0001,1.0,0.0182444573725259,3.285525557436941,9.434457230638489e-11
0.0001,1.0,0.0182444573725259,3.6911215322651687,7.555252746739059e-11
0.0001,1.0,0.0182444573725259,4.1467880641233,5.940804622517388e-11
0.0001,1.0,0.0182444573725259,4.658706330431421,4.594276595829308e-11
0.0001,1.0,0.0182444573725259,5.233820570907402,3.583018716015678e-11
0.0001,1.0,0.0182444573725259,5.879932287106996,2.8171170800896934e-11
0.0001,1.0,0.0182444573725259,6.605806070835402,2.1663902939952846e-11
0.0001,1.0,0.0182444573725259,7.421288497006765,1.6537445939593195e-11
0.0001,1.0,0.0182444573725259,8.337441693749241,1.2941060864994249e-11
0.0001,1.0,0.0182444573725259,9.366693401651878,9.98294766463789e-12
0.0001,1.0,0.0182444573725259,10.523005557727087,7.56042333797458e-12
0.0001,1.0,0.0182444573725259,11.822063690952728,5.885322025382158e-12
0.0001,1.0,0.0182444573725259,13.281489698569583,4.57272398161032e-12
0.0001,1.0,0.0182444573725259,14.921080889473224,3.4670303282086306e-12
0.0001,1.0,0.0182444573725259,16.763078537355728,2.7056225805219373e-12
0.0001,1.0,0.0182444573725259,18.83246958655666,2.1256421981569365e-12
0.0001,1.0,0.0182444573725259,21.157325603303395,1.6253589653906332e-12
0.0001,1.0,0.0182444573725259,23.769183570259635,1.2858924948031468e-12
0.0001,1.0,0.0182444573725259,26.70347368991138,1.0269307044835705e-12
0.0001,1.0,0.0182444573725259,30.0,8.036209794872151e-13
0.0001,1.0,0.0195049796351312,0.1,1.9689116791493056e-09
0.0001,1.0,0.0195049796351312,0.1123449344020514,1.8583555197583436e-09
0.0001,1.0,0.0195049796351312,0.1262138428580125,1.7492074807555945e-09
0.0001,1.0,0.0195049796351312,0.1417948589651424,1.6388025622665075e-09
0.0001,1.0,0.0195049796351312,0.1592993412898707,1.5293124283277279e-09
0.0001,1.0,0.0195049796351312,0.1789647404750054,1.4209895668675311e-09
0.0001,1.0,0.0195049796351312,0.2010578202894464,1.3167243412719148e-09
0.0001,1.0,0.0195049796351312,0.2258782763143731,1.2181250413557402e-09
0.0001,1.0,0.0195049796351312,0.2537628013538671,1.1272094481686832e-09
0.0001,1.0,0.0195049796351312,0.2850896527178103,1.0446558292284254e-09
0.0001,1.0,0.0195049796351312,0.3202837833328603,9.705766062728002e-10
0.0001,1.0,0.0195049796351312,0.3598226062857105,9.048176307497644e-10
0.0001,1.0,0.0195049796351312,0.4042424709954335,8.475703617470081e-10
0.0001,1.0,0.0195049796351312,0.4541459388650518,7.984367028493088e-10
0.0001,1.0,0.0195049796351312,0.5102099571075231,7.566705515486216e-10
0.0001,1.0,0.0195049796351312,0.573195041625182,7.209336402556898e-10
0.0001,1.0,0.0195049796351312,0.6439555935096224,6.888321334160531e-10
0.0001,1.0,0.0195049796351312,0.7234514891067266,6.570141222040727e-10
0.0001,1.0,0.0195049796351312,0.8127611008676167,6.223879415434638e-10
0.0001,1.0,0.0195049796351312,0.9130959256151152,5.828855157017266e-10
0.0001,1.0,0.0195049796351312,1.0258170186601063,5.376302601801657e-10
0.0001,1.0,0.0195049796351312,1.1524534566987763,4.867292958369917e-10
0.0001,1.0,0.0195049796351312,1.294723079942415,4.314279583322455e-10
0.0001,1.0,0.0195049796351312,1.4545557948495271,3.738999484377159e-10
0.0001,1.0,0.0195049796351312,1.6341197535649394,3.176740638591163e-10
0.0001,1.0,0.0195049796351312,1.835850765193496,2.665102708315529e-10
0.0001,1.0,0.0195049796351312,2.062485337876194,2.229580265244298e-10
0.0001,1.0,0.0195049796351312,2.3170977998889395,1.8461690028131958e-10
0.0001,1.0,0.0195049796351312,2.6031420033166066,1.4932656958139544e-10
0.0001,1.0,0.0195049796351312,2.9244981760182918,1.1874292245746132e-10
0.0001,1.0,0.0195049796351312,3.285525557436941,9.434059163638196e-11
0.0001,1.0,0.0195049796351312,3.6911215322651687,7.553795027593794e-11
0.0001,1.0,0.0195049796351312,4.1467880641233,5.943661942209217e-11
0.0001,1.0,0.0195049796351312,4.658706330431421,4.596556022980866e-11
0.0001,1.0,0.0195049796351312,5.233820570907402,3.580260030231186e-11
0.0001,1.0,0.0195049796351312,5.879932287106996,2.8159587772796072e-11
0.0001,1.0,0.0195049796351312,6.605806070835402,2.167284333913745e-11
0.0001,1.0,0.0195049796351312,7.421288497006765,1.653644953304069e-11
0.0001,1.0,0.0195049796351312,8.337441693749241,1.293054396117752e-11
0.0001,1.0,0.0195049796351312,9.366693401651878,9.984521013691913e-12
0.0001,1.0,0.0195049796351312,10.523005557727087,7.5616946836941e-12
0.0001,1.0,0.0195049796351312,11.822063690952728,5.87962865054989e-12
0.0001,1.0,0.0195049796351312,13.281489698569583,4.5728152911442e-12
0.0001,1.0,0.0195049796351312,14.921080889473224,3.4687252551335394e-12
0.0001,1.0,0.0195049796351312,16.763078537355728,2.7022420197062722e-12
0.0001,1.0,0.0195049796351312,18.83246958655666,2.125654469025452e-12
0.0001,1.0,0.0195049796351312,21.157325603303395,1.6260000100667611e-12
0.0001,1.0,0.0195049796351312,23.769183570259635,1.2849036895221258e-12
0.0001,1.0,0.0195049796351312,26.70347368991138,1.026922207945935e-12
0.0001,1.0,0.0195049796351312,30.0,8.041359809473023e-13
0.0001,1.0,0.0208525922585009,0.1,1.919734085470134e-09
0.0001,1.0,0.0208525922585009,0.1123449344020514,1.8186500456650485e-09
0.0001,1.0,0.0208525922585009,0.1262138428580125,1.7175518876721267e-09
0.0001,1.0,0.0208525922585009,0.1417948589651424,1.6140147532391553e-09
0.0001,1.0,0.0208525922585009,0.1592993412898707,1.5102734980884773e-09
0.0001,1.0,0.0208525922585009,0.1789647404750054,1.4065583770820273e-09
0.0001,1.0,0.0208525922585009,0.2010578202894464,1.3060072741997723e-09
0.0001,1.0,0.0208525922585009,0.2258782763143731,1.2104196722887476e-09
0.0001,1.0,0.0208525922585009,0.2537628013538671,1.1218531051826285e-09
0.0001,1.0,0.0208525922585009,0.2850896527178103,1.0413712489579304e-09
0.0001,1.0,0.0208525922585009,0.3202837833328603,9.690477988899052e-10
0.0001,1.0,0.0208525922585009,0.3598226062857105,9.047228955447028e-10
0.0001,1.0,0.0208525922585009,0.4042424709954335,8.48541618083218e-10
0.0001,1.0,0.0208525922585009,0.4541459388650518,8.002469751233203e-10
0.0001,1.0,0.0208525922585009,0.5102099571075231,7.590745349695608e-10
0.0001,1.0,0.0208525922585009,0.573195041625182,7.23738987599274e-10
0.0001,1.0,0.0208525922585009,0.6439555935096224,6.918890431626583e-10
0.0001,1.0,0.0208525922585009,0.7234514891067266,6.602220614512768e-10
0.0001,1.0,0.0208525922585009,0.8127611008676167,6.25630560215366e-10
0.0001,1.0,0.0208525922585009,0.9130959256151152,5.860026087461711e-10
0.0001,1.0,0.0208525922585009,1.0258170186601063,5.404622415773976e-10
0.0001,1.0,0.0208525922585009,1.1524534566987763,4.891492098881381e-10
0.0001,1.0,0.0208525922585009,1.294723079942415,4.333051238555777e-10
0.0001,1.0,0.0208525922585009,1.4545557948495271,3.75163689520452e-10
0.0001,1.0,0.0208525922585009,1.6341197535649394,3.182804022582081e-10
0.0001,1.0,0.0208525922585009,1.835850765193496,2.66504970445707e-10
0.0001,1.0,0.0208525922585009,2.062485337876194,2.2261762633868035e-10
0.0001,1.0,0.0208525922585009,2.3170977998889395,1.8441987383015145e-10
0.0001,1.0,0.0208525922585009,2.6031420033166066,1.4928783675119474e-10
0.0001,1.0,0.0208525922585009,2.9244981760182918,1.187236250010393e-10
0.0001,1.0,0.0208525922585009,3.285525557436941,9.423686936302721e-11
0.0001,1.0,0.0208525922585009,3.6911215322651687,7.544623814686497e-11
0.0001,1.0,0.0208525922585009,4.1467880641233,5.942605722896813e-11
0.0001,1.0,0.0208525922585009,4.658706330431421,4.597186336155777e-11
0.0001,1.0,0.0208525922585009,5.233820570907402,3.576522224307646e-11
0.0001,1.0,0.0208525922585009,5.879932287106996,2.814196906846661e-11
0.0001,1.0,0.0208525922585009,6.605806070835402,2.16797080568225e-11
0.0001,1.0,0.0208525922585009,7.421288497006765,1.6536138460807393e-11
0.0001,1.0,0.0208525922585009,8.337441693749241,1.291815626930143e-11
0.0001,1.0,0.0208525922585009,9.366693401651878,9.985743939586158e-12
0.0001,1.0,0.0208525922585009,10.523005557727087,7.563324461945996e-12
0.0001,1.0,0.0208525922585009,11.822063690952728,5.873235239161578e-12
0.0001,1.0,0.0208525922585009,13.281489698569583,4.572181816069533e-12
0.0001,1.0,0.0208525922585009,14.921080889473224,3.4701596487901094e-12
0.0001,1.0,0.0208525922585009,16.763078537355728,2.6990171161320126e-12
0.0001,1.0,0.0208525922585009,18.83246958655666,2.1251819718093947e-12
0.0001,1.0,0.0208525922585009,21.157325603303395,1.6268951119429432e-12
0.0001,1.0,0.0208525922585009,23.769183570259635,1.2835477166674313e-12
0.0001,1.0,0.0208525922585009,26.70347368991138,1.026881957263196e-12
0.0001,1.0,0.0208525922585009,30.0,8.047109486243298e-13
0.0001,1.0,0.022293312376297,0.1,1.865737381449836e-09
0.0001,1.0,0.022293312376297,0.1123449344020514,1.7729617623769538e-09
0.0001,1.0,0.022293312376297,0.1262138428580125,1.6785779912665018e-09
0.0001,1.0,0.022293312376297,0.1417948589651424,1.5807381196964325e-09
0.0001,1.0,0.022293312376297,0.1592993412898707,1.481666791135108e-09
0.0001,1.0,0.022293312376297,0.1789647404750054,1.3819720010160174e-09
0.0001,1.0,0.022293312376297,0.2010578202894464,1.2847690889645975e-09
0.0001,1.0,0.022293312376297,0.2258782763143731,1.1920379813634433e-09
0.0001,1.0,0.022293312376297,0.2537628013538671,1.1058886244556349e-09
0.0001,1.0,0.022293312376297,0.2850896527178103,1.0275357520004782e-09
0.0001,1.0,0.022293312376297,0.3202837833328603,9.570807567644572e-10
0.0001,1.0,0.022293312376297,0.3598226062857105,8.942827908849791e-10
0.0001,1.0,0.022293312376297,0.4042424709954335,8.392544924587645e-10
0.0001,1.0,0.022293312376297,0.4541459388650518,7.918572327197904e-10
0.0001,1.0,0.022293312376297,0.5102099571075231,7.51321669888602e-10
0.0001,1.0,0.022293312376297,0.573195041625182,7.164495390606349e-10
0.0001,1.0,0.022293312376297,0.6439555935096224,6.849696834194103e-10
0.0001,1.0,0.022293312376297,0.7234514891067266,6.537517317029463e-10
0.0001,1.0,0.022293312376297,0.8127611008676167,6.19732127392299e-10
0.0001,1.0,0.022293312376297,0.9130959256151152,5.808308456762675e-10
0.0001,1.0,0.022293312376297,1.0258170186601063,5.361670751352662e-10
0.0001,1.0,0.022293312376297,1.1524534566987763,4.858494204157786e-10
0.0001,1.0,0.022293312376297,1.294723079942415,4.310141698496947e-10
0.0001,1.0,0.022293312376297,1.4545557948495271,3.737598363401565e-10
0.0001,1.0,0.022293312376297,1.6341197535649394,3.1747321077842025e-10
0.0001,1.0,0.022293312376297,1.835850765193496,2.659144747421165e-10
0.0001,1.0,0.022293312376297,2.062485337876194,2.219903243717908e-10
0.0001,1.0,0.022293312376297,2.3170977998889395,1.8400605308409383e-10
0.0001,1.0,0.022293312376297,2.6031420033166066,1.49091594930812e-10
0.0001,1.0,0.022293312376297,2.9244981760182918,1.186021625561442e-10
0.0001,1.0,0.022293312376297,3.285525557436941,9.405022233901098e-11
0.0001,1.0,0.022293312376297,3.6911215322651687,7.528460702220002e-11
0.0001,1.0,0.022293312376297,4.1467880641233,5.936575551544329e-11
0.0001,1.0,0.022293312376297,4.658706330431421,4.594396900600468e-11
0.0001,1.0,0.022293312376297,5.233820570907402,3.5708831796046597e-11
0.0001,1.0,0.022293312376297,5.879932287106996,2.8114358382688227e-11
0.0001,1.0,0.022293312376297,6.605806070835402,2.168285416273421e-11
0.0001,1.0,0.022293312376297,7.421288497006765,1.6533914543777275e-11
0.0001,1.0,0.022293312376297,8.337441693749241,1.2906677440093469e-11
0.0001,1.0,0.022293312376297,9.366693401651878,9.988411183335118e-12
0.0001,1.0,0.022293312376297,10.523005557727087,7.566539680945326e-12
0.0001,1.0,0.022293312376297,11.822063690952728,5.865951858874344e-12
0.0001,1.0,0.022293312376297,13.281489698569583,4.572351925851879e-12
0.0001,1.0,0.022293312376297,14.921080889473224,3.4713898046748214e-12
0.0001,1.0,0.022293312376297,16.763078537355728,2.6965866534019233e-12
0.0001,1.0,0.022293312376297,18.83246958655666,2.12479404930246e-12
0.0001,1.0,0.022293312376297,21.157325603303395,1.6282688786771153e-12
0.0001,1.0,0.022293312376297,23.769183570259635,1.2820159068292765e-12
0.0001,1.0,0.022293312376297,26.70347368991138,1.0269921047241705e-12
0.0001,1.0,0.022293312376297,30.0,8.054160100559898e-13
0.0001,1.0,0.0238335728501356,0.1,1.8154703179074931e-09
0.0001,1.0,0.0238335728501356,0.1123449344020514,1.732724179475957e-09
0.0001,1.0,0.0238335728501356,0.1262138428580125,1.6466687954236833e-09
0.0001,1.0,0.0238335728501356,0.1417948589651424,1.5559020397303562e-09
0.0001,1.0,0.0238335728501356,0.1592993412898707,1.4626473977071469e-09
0.0001,1.0,0.0238335728501356,0.1789647404750054,1.3678319352385705e-09
0.0001,1.0,0.0238335728501356,0.2010578202894464,1.2745736917265155e-09
0.0001,1.0,0.0238335728501356,0.2258782763143731,1.1850817332773808e-09
0.0001,1.0,0.0238335728501356,0.2537628013538671,1.1015832501081676e-09
0.0001,1.0,0.0238335728501356,0.2850896527178103,1.0255238380330281e-09
0.0001,1.0,0.0238335728501356,0.3202837833328603,9.570218489938285e-10
0.0001,1.0,0.0238335728501356,0.3598226062857105,8.958538107416319e-10
0.0001,1.0,0.0238335728501356,0.4042424709954335,8.420625916659414e-10
0.0001,1.0,0.0238335728501356,0.4541459388650518,7.956202993876134e-10
0.0001,1.0,0.0238335728501356,0.5102099571075231,7.557724782132188e-10
0.0001,1.0,0.0238335728501356,0.573195041625182,7.213845125037099e-10
0.0001,1.0,0.0238335728501356,0.6439555935096224,6.902242919620701e-10
0.0001,1.0,0.0238335728501356,0.7234514891067266,6.592643542372416e-10
0.0001,1.0,0.0238335728501356,0.8127611008676167,6.254692185226429e-10
0.0001,1.0,0.0238335728501356,0.9130959256151152,5.866956702713728e-10
0.0001,1.0,0.0238335728501356,1.0258170186601063,5.420628642515857e-10
0.0001,1.0,0.0238335728501356,1.1524534566987763,4.916621767740262e-10
0.0001,1.0,0.0238335728501356,1.294723079942415,4.365781432953662e-10
0.0001,1.0,0.0238335728501356,1.4545557948495271,3.788633786682425e-10
0.0001,1.0,0.0238335728501356,1.6341197535649394,3.2184894611338307e-10
0.0001,1.0,0.0238335728501356,1.835850765193496,2.693269739847597e-10
0.0001,1.0,0.0238335728501356,2.062485337876194,2.244073888982317e-10
0.0001,1.0,0.0238335728501356,2.3170977998889395,1.8586221665570385e-10
0.0001,1.0,0.0238335728501356,2.6031420033166066,1.5052747239885965e-10
0.0001,1.0,0.0238335728501356,2.9244981760182918,1.196135611533119e-10
0.0001,1.0,0.0238335728501356,3.285525557436941,9.466448385505971e-11
0.0001,1.0,0.0238335728501356,3.6911215322651687,7.570990160223667e-11
0.0001,1.0,0.0238335728501356,4.1467880641233,5.975612687142116e-11
0.0001,1.0,0.0238335728501356,4.658706330431421,4.624288138401522e-11
0.0001,1.0,0.0238335728501356,5.233820570907402,3.586639456164119e-11
0.0001,1.0,0.0238335728501356,5.879932287106996,2.8201535241466013e-11
0.0001,1.0,0.0238335728501356,6.605806070835402,2.173688684689591e-11
0.0001,1.0,0.0238335728501356,7.421288497006765,1.654046073574325e-11
0.0001,1.0,0.0238335728501356,8.337441693749241,1.2892531030332124e-11
0.0001,1.0,0.0238335728501356,9.366693401651878,9.989654598663738e-12
0.0001,1.0,0.0238335728501356,10.523005557727087,7.56929736482263e-12
0.0001,1.0,0.0238335728501356,11.822063690952728,5.857310731370173e-12
0.0001,1.0,0.0238335728501356,13.281489698569583,4.571672448441375e-12
0.0001,1.0,0.0238335728501356,14.921080889473224,3.4727235721714783e-12
0.0001,1.0,0.0238335728501356,16.763078537355728,2.6932060361870036e-12
0.0001,1.0,0.0238335728501356,18.83246958655666,2.1239821344123775e-12
0.0001,1.0,0.0238335728501356,21.157325603303395,1.6294661744117905e-12
0.0001,1.0,0.0238335728501356,23.769183570259635,1.2799970290099397e-12
0.0001,1.0,0.0238335728501356,26.70347368991138,1.0268080502411628e-12
0.0001,1.0,0.0238335728501356,30.0,8.058996237877459e-13
0.0001,1.0,0.025480250992521,0.1,1.7553767452412293e-09
0.0001,1.0,0.025480250992521,0.1123449344020514,1.6822242781202888e-09
0.0001,1.0,0.025480250992521,0.1262138428580125,1.6043122605566253e-09
0.0001,1.0,0.025480250992521,0.1417948589651424,1.5206157552754597e-09
0.0001,1.0,0.025480250992521,0.1592993412898707,1.4330670201921903e-09
0.0001,1.0,0.025480250992521,0.1789647404750054,1.3433011675670525e-09
0.0001,1.0,0.025480250992521,0.2010578202894464,1.2540628647380165e-09
0.0001,1.0,0.025480250992521,0.2258782763143731,1.1679582834696692e-09
0.0001,1.0,0.025480250992521,0.2537628013538671,1.0872111480839002e-09
0.0001,1.0,0.025480250992521,0.2850896527178103,1.0135318588455205e-09
0.0001,1.0,0.025480250992521,0.3202837833328603,9.470530673935677e-10
0.0001,1.0,0.025480250992521,0.3598226062857105,8.876186697155131e-10
0.0001,1.0,0.025480250992521,0.4042424709954335,8.351493469906189e-10
0.0001,1.0,0.025480250992521,0.4541459388650518,7.897218704349243e-10
0.0001,1.0,0.025480250992521,0.5102099571075231,7.506362361528896e-10
0.0001,1.0,0.025480250992521,0.573195041625182,7.167824764642594e-10
0.0001,1.0,0.025480250992521,0.6439555935096224,6.860027919849345e-10
0.0001,1.0,0.025480250992521,0.7234514891067266,6.55373134017566e-10
0.0001,1.0,0.025480250992521,0.8127611008676167,6.218845385768713e-10
0.0001,1.0,0.025480250992521,0.9130959256151152,5.833725180809056e-10
0.0001,1.0,0.025480250992521,1.0258170186601063,5.38971751317036e-10
0.0001,1.0,0.025480250992521,1.1524534566987763,4.888074409152717e-10
0.0001,1.0,0.025480250992521,1.294723079942415,4.339234698078064e-10
0.0001,1.0,0.025480250992521,1.4545557948495271,3.76411777631792e-10
0.0001,1.0,0.025480250992521,1.6341197535649394,3.195451956466207e-10
0.0001,1.0,0.025480250992521,1.835850765193496,2.6711643350236727e-10
0.0001,1.0,0.025480250992521,2.062485337876194,2.2238244536893573e-10
0.0001,1.0,0.025480250992521,2.3170977998889395,1.8446037024922597e-10
0.0001,1.0,0.025480250992521,2.6031420033166066,1.497837235725865e-10
0.0001,1.0,0.025480250992521,2.9244981760182918,1.1923522241591493e-10
0.0001,1.0,0.025480250992521,3.285525557436941,9.43622081147692e-11
0.0001,1.0,0.025480250992521,3.6911215322651687,7.539936575414948e-11
0.0001,1.0,0.025480250992521,4.1467880641233,5.954745723108398e-11
0.0001,1.0,0.025480250992521,4.658706330431421,4.609104838584993e-11
0.0001,1.0,0.025480250992521,5.233820570907402,3.571047186472544e-11
0.0001,1.0,0.025480250992521,5.879932287106996,2.8103575085575632e-11
0.0001,1.0,0.025480250992521,6.605806070835402,2.1714932735280193e-11
0.0001,1.0,0.025480250992521,7.421288497006765,1.6537254809950647e-11
0.0001,1.0,0.025480250992521,8.337441693749241,1.2877199308338547e-11
0.0001,1.0,0.025480250992521,9.366693401651878,9.990518380048019e-12
0.0001,1.0,0.025480250992521,10.523005557727087,7.572603671479609e-12
0.0001,1.0,0.025480250992521,11.822063690952728,5.8509816264698005e-12
0.0001,1.0,0.025480250992521,13.281489698569583,4.570644223562984e-12
0.0001,1.0,0.025480250992521,14.921080889473224,3.4759249008709242e-12
0.0001,1.0,0.025480250992521,16.763078537355728,2.6895990511366173e-12
0.0001,1.0,0.025480250992521,18.83246958655666,2.1239530466050102e-12
0.0001,1.0,0.025480250992521,21.157325603303395,1.6311529636548886e-12
0.0001,1.0,0.025480250992521,23.769183570259635,1.278500918802524e-12
0.0001,1.0,0.025480250992521,26.70347368991138,1.0268798278004285e-12
0.0001,1.0,0.025480250992521,30.0,8.065913699185521e-13
0.0001,1.0,0.0272406992742666,0.1,1.6941250200345232e-09
0.0001,1.0,0.0272406992742666,0.1123449344020514,1.6300080062043567e-09
0.0001,1.0,0.0272406992742666,0.1262138428580125,1.5596082646524435e-09
0.0001,1.0,0.0272406992742666,0.1417948589651424,1.4823541436732744e-09
0.0001,1.0,0.0272406992742666,0.1592993412898707,1.400017701373825e-09
0.0001,1.0,0.0272406992742666,0.1789647404750054,1.3148642026577835e-09
0.0001,1.0,0.0272406992742666,0.2010578202894464,1.2294593509503261e-09
0.0001,1.0,0.0272406992742666,0.2258782763143731,1.1466536590257563e-09
0.0001,1.0,0.0272406992742666,0.2537628013538671,1.0687616343283503e-09
0.0001,1.0,0.0272406992742666,0.2850896527178103,9.975401476036362e-10
0.0001,1.0,0.0272406992742666,0.3202837833328603,9.331956032621488e-10
0.0001,1.0,0.0272406992742666,0.3598226062857105,8.755676331098772e-10
0.0001,1.0,0.0272406992742666,0.4042424709954335,8.245231856082458e-10
0.0001,1.0,0.0272406992742666,0.4541459388650518,7.801743077469479e-10
0.0001,1.0,0.0272406992742666,0.5102099571075231,7.418817797040474e-10
0.0001,1.0,0.0272406992742666,0.573195041625182,7.086290829589375e-10
0.0001,1.0,0.0272406992742666,0.6439555935096224,6.783126503467994e-10
0.0001,1.0,0.0272406992742666,0.7234514891067266,6.482069779159133e-10
0.0001,1.0,0.0272406992742666,0.8127611008676167,6.153863303751117e-10
0.0001,1.0,0.0272406992742666,0.9130959256151152,5.776918212831914e-10
0.0001,1.0,0.0272406992742666,1.0258170186601063,5.342640167436443e-10
0.0001,1.0,0.0272406992742666,1.1524534566987763,4.851974965720255e-10
0.0001,1.0,0.0272406992742666,1.294723079942415,4.314341041156485e-10
0.0001,1.0,0.0272406992742666,1.4545557948495271,3.7492435357204643e-10
0.0001,1.0,0.0272406992742666,1.6341197535649394,3.187454990537012e-10
0.0001,1.0,0.0272406992742666,1.835850765193496,2.6658682630111636e-10
0.0001,1.0,0.0272406992742666,2.062485337876194,2.2174920762964342e-10
0.0001,1.0,0.0272406992742666,2.3170977998889395,1.8393312342384047e-10
0.0001,1.0,0.0272406992742666,2.6031420033166066,1.4949217811913094e-10
0.0001,1.0,0.0272406992742666,2.9244981760182918,1.1904781276714495e-10
0.0001,1.0,0.0272406992742666,3.285525557436941,9.412967440550266e-11
0.0001,1.0,0.0272406992742666,3.6911215322651687,7.51791256001086e-11
0.0001,1.0,0.0272406992742666,4.1467880641233,5.946246510181795e-11
0.0001,1.0,0.0272406992742666,4.658706330431421,4.60770931060349e-11
0.0001,1.0,0.0272406992742666,5.233820570907402,3.566434833175644e-11
0.0001,1.0,0.0272406992742666,5.879932287106996,2.8070595393154542e-11
0.0001,1.0,0.0272406992742666,6.605806070835402,2.1715620508760947e-11
0.0001,1.0,0.0272406992742666,7.421288497006765,1.6540282028825774e-11
0.0001,1.0,0.0272406992742666,8.337441693749241,1.2857695624040278e-11
0.0001,1.0,0.0272406992742666,9.366693401651878,9.987940060358134e-12
0.0001,1.0,0.0272406992742666,10.523005557727087,7.575499841421153e-12
0.0001,1.0,0.0272406992742666,11.822063690952728,5.841918198380778e-12
0.0001,1.0,0.0272406992742666,13.281489698569583,4.567573476330395e-12
0.0001,1.0,0.0272406992742666,14.921080889473224,3.477691696623394e-12
0.0001,1.0,0.0272406992742666,16.763078537355728,2.6843048153205826e-12
0.0001,1.0,0.0272406992742666,18.83246958655666,2.122368165787497e-12
0.0001,1.0,0.0272406992742666,21.157325603303395,1.6314335819505195e-12
0.0001,1.0,0.0272406992742666,23.769183570259635,1.2766128819397509e-12
0.0001,1.0,0.0272406992742666,26.70347368991138,1.0261714254489245e-12
0.0001,1.0,0.0272406992742666,30.0,8.069656844499639e-13
0.0001,1.0,0.0291227781535133,0.1,1.6335126893150157e-09
0.0001,1.0,0.0291227781535133,0.1123449344020514,1.5798317477510535e-09
0.0001,1.0,0.0291227781535133,0.1262138428580125,1.5182033661193598e-09
0.0001,1.0,0.0291227781535133,0.1417948589651424,1.4485436442291285e-09
0.0001,1.0,0.0291227781535133,0.1592993412898707,1.372447896062724e-09
0.0001,1.0,0.0291227781535133,0.1789647404750054,1.2926147831276145e-09
0.0001,1.0,0.0291227781535133,0.2010578202894464,1.2115660954610428e-09
0.0001,1.0,0.0291227781535133,0.2258782763143731,1.132406090729971e-09
0.0001,1.0,0.0291227781535133,0.2537628013538671,1.0575429227209176e-09
0.0001,1.0,0.0291227781535133,0.2850896527178103,9.88902769463066e-10
0.0001,1.0,0.0291227781535133,0.3202837833328603,9.267696353126896e-10
0.0001,1.0,0.0291227781535133,0.3598226062857105,8.710625794211301e-10
0.0001,1.0,0.0291227781535133,0.4042424709954335,8.215037800713774e-10
0.0001,1.0,0.0291227781535133,0.4541459388650518,7.783114475048939e-10
0.0001,1.0,0.0291227781535133,0.5102099571075231,7.408714129177606e-10
0.0001,1.0,0.0291227781535133,0.573195041625182,7.082335698018448e-10
0.0001,1.0,0.0291227781535133,0.6439555935096224,6.783561064782912e-10
0.0001,1.0,0.0291227781535133,0.7234514891067266,6.486343010680695e-10
0.0001,1.0,0.0291227781535133,0.8127611008676167,6.161805518089923e-10
0.0001,1.0,0.0291227781535133,0.9130959256151152,5.788155474607493e-10
0.0001,1.0,0.0291227781535133,1.0258170186601063,5.3566476715692e-10
0.0001,1.0,0.0291227781535133,1.1524534566987763,4.868361641774377e-10
0.0001,1.0,0.0291227781535133,1.294723079942415,4.332111520356424e-10
0.0001,1.0,0.0291227781535133,1.4545557948495271,3.766948679633997e-10
0.0001,1.0,0.0291227781535133,1.6341197535649394,3.202800970352248e-10
0.0001,1.0,0.0291227781535133,1.835850765193496,2.6764042094438247e-10
0.0001,1.0,0.0291227781535133,2.062485337876194,2.222099512855152e-10
0.0001,1.0,0.0291227781535133,2.3170977998889395,1.841542785035341e-10
0.0001,1.0,0.0291227781535133,2.6031420033166066,1.497635465266896e-10
0.0001,1.0,0.0291227781535133,2.9244981760182918,1.192502231530479e-10
0.0001,1.0,0.0291227781535133,3.285525557436941,9.415941369062894e-11
0.0001,1.0,0.0291227781535133,3.6911215322651687,7.509585358226715e-11
0.0001,1.0,0.0291227781535133,4.1467880641233,5.947752242912397e-11
0.0001,1.0,0.0291227781535133,4.658706330431421,4.611816216533863e-11
0.0001,1.0,0.0291227781535133,5.233820570907402,3.565635831603676e-11
0.0001,1.0,0.0291227781535133,5.879932287106996,2.805003489960151e-11
0.0001,1.0,0.0291227781535133,6.605806070835402,2.1728759773411575e-11
0.0001,1.0,0.0291227781535133,7.421288497006765,1.6548128273473e-11
0.0001,1.0,0.0291227781535133,8.337441693749241,1.284290950926438e-11
0.0001,1.0,0.0291227781535133,9.366693401651878,9.990966997876133e-12
0.0001,1.0,0.0291227781535133,10.523005557727087,7.583383021659493e-12
0.0001,1.0,0.0291227781535133,11.822063690952728,5.834855627191358e-12
0.0001,1.0,0.0291227781535133,13.281489698569583,4.568869944940237e-12
0.0001,1.0,0.0291227781535133,14.921080889473224,3.48184820709784e-12
0.0001,1.0,0.0291227781535133,16.763078537355728,2.682487129974759e-12
0.0001,1.0,0.0291227781535133,18.83246958655666,2.122659812848252e-12
0.0001,1.0,0.0291227781535133,21.157325603303395,1.6337340151775132e-12
0.0001,1.0,0.0291227781535133,23.769183570259635,1.2757175191493208e-12
0.0001,1.0,0.0291227781535133,26.70347368991138,1.0265555486069445e-12
0.0001,1.0,0.0291227781535133,30.0,8.084636439176253e-13
0.0001,1.0,0.0311348911729281,0.1,1.5687264464595945e-09
0.0001,1.0,0.0311348911729281,0.1123449344020514,1.525670344614542e-09
0.0001,1.0,0.0311348911729281,0.1262138428580125,1.4730952712061698e-09
0.0001,1.0,0.0311348911729281,0.1417948589651424,1.4113213256834487e-09
0.0001,1.0,0.0311348911729281,0.1592993412898707,1.341912378221598e-09
0.0001,1.0,0.0311348911729281,0.1789647404750054,1.267647744371502e-09
0.0001,1.0,0.0311348911729281,0.2010578202894464,1.1911449512918328e-09
0.0001,1.0,0.0311348911729281,0.2258782763143731,1.115836878318817e-09
0.0001,1.0,0.0311348911729281,0.2537628013538671,1.0441300221883449e-09
0.0001,1.0,0.0311348911729281,0.2850896527178103,9.781502109172665e-10
0.0001,1.0,0.0311348911729281,0.3202837833328603,9.183177028302606e-10
0.0001,1.0,0.0311348911729281,0.3598226062857105,8.6459004187737e-10
0.0001,1.0,0.0311348911729281,0.4042424709954335,8.166280934146689e-10
0.0001,1.0,0.0311348911729281,0.4541459388650518,7.746423458580647e-10
0.0001,1.0,0.0311348911729281,0.5102099571075231,7.381094653375972e-10
0.0001,1.0,0.0311348911729281,0.573195041625182,7.061456671640478e-10
0.0001,1.0,0.0311348911729281,0.6439555935096224,6.767351354215819e-10
0.0001,1.0,0.0311348911729281,0.7234514891067266,6.473870624892166e-10
0.0001,1.0,0.0311348911729281,0.8127611008676167,6.152626677210905e-10
0.0001,1.0,0.0311348911729281,0.9130959256151152,5.781506597402341e-10
0.0001,1.0,0.0311348911729281,1.0258170186601063,5.35175567980795e-10
0.0001,1.0,0.0311348911729281,1.1524534566987763,4.864929595379607e-10
0.0001,1.0,0.0311348911729281,1.294723079942415,4.3292795870669803e-10
0.0001,1.0,0.0311348911729281,1.4545557948495271,3.7641139143248206e-10
0.0001,1.0,0.0311348911729281,1.6341197535649394,3.198759571358817e-10
0.0001,1.0,0.0311348911729281,1.835850765193496,2.669991641035752e-10
0.0001,1.0,0.0311348911729281,2.062485337876194,2.2131597631324528e-10
0.0001,1.0,0.0311348911729281,2.3170977998889395,1.8343606366608737e-10
0.0001,1.0,0.0311348911729281,2.6031420033166066,1.4950557084331084e-10
0.0001,1.0,0.0311348911729281,2.9244981760182918,1.192467309313811e-10
0.0001,1.0,0.0311348911729281,3.285525557436941,9.41640713835106e-11
0.0001,1.0,0.0311348911729281,3.6911215322651687,7.502153451992016e-11
0.0001,1.0,0.0311348911729281,4.1467880641233,5.948319630287847e-11
0.0001,1.0,0.0311348911729281,4.658706330431421,4.616206626364522e-11
0.0001,1.0,0.0311348911729281,5.233820570907402,3.5648509842352307e-11
0.0001,1.0,0.0311348911729281,5.879932287106996,2.8017480107198733e-11
0.0001,1.0,0.0311348911729281,6.605806070835402,2.173522269983213e-11
0.0001,1.0,0.0311348911729281,7.421288497006765,1.6551052721798733e-11
0.0001,1.0,0.0311348911729281,8.337441693749241,1.2820482698688802e-11
0.0001,1.0,0.0311348911729281,9.366693401651878,9.98520802243453e-12
0.0001,1.0,0.0311348911729281,10.523005557727087,7.585078373614946e-12
0.0001,1.0,0.0311348911729281,11.822063690952728,5.822643796692629e-12
0.0001,1.0,0.0311348911729281,13.281489698569583,4.563473114411375e-12
0.0001,1.0,0.0311348911729281,14.921080889473224,3.4812150416622993e-12
0.0001,1.0,0.0311348911729281,16.763078537355728,2.6768183557981845e-12
0.0001,1.0,0.0311348911729281,18.83246958655666,2.1192043261777838e-12
0.0001,1.0,0.0311348911729281,21.157325603303395,1.6332475626742236e-12
0.0001,1.0,0.0311348911729281,23.769183570259635,1.2725611459681182e-12
0.0001,1.0,0.0311348911729281,26.70347368991138,1.0248943268051748e-12
0.0001,1.0,0.0311348911729281,30.0,8.085681000969615e-13
0.0001,1.0,0.0332860224817918,0.1,1.5027404249744515e-09
0.0001,1.0,0.0332860224817918,0.1123449344020514,1.4699492599091093e-09
0.0001,1.0,0.0332860224817918,0.1262138428580125,1.4259334635111132e-09
0.0001,1.0,0.0332860224817918,0.1417948589651424,1.3716651045703033e-09
0.0001,1.0,0.0332860224817918,0.1592993412898707,1.3086835523304287e-09
0.0001,1.0,0.0332860224817918,0.1789647404750054,1.2398794690549397e-09
0.0001,1.0,0.0332860224817918,0.2010578202894464,1.1678458843592198e-09
0.0001,1.0,0.0332860224817918,0.2258782763143731,1.0963958272537648e-09
0.0001,1.0,0.0332860224817918,0.2537628013538671,1.027927589727635e-09
0.0001,1.0,0.0332860224817918,0.2850896527178103,9.646445583763658e-10
0.0001,1.0,0.0332860224817918,0.3202837833328603,9.072065486291385e-10
0.0001,1.0,0.0332860224817918,0.3598226062857105,8.555424007353266e-10
0.0001,1.0,0.0332860224817918,0.4042424709954335,8.09231821810242e-10
0.0001,1.0,0.0332860224817918,0.4541459388650518,7.685358284715499e-10
0.0001,1.0,0.0332860224817918,0.5102099571075231,7.329690288548363e-10
0.0001,1.0,0.0332860224817918,0.573195041625182,7.017160681053063e-10
0.0001,1.0,0.0332860224817918,0.6439555935096224,6.72841844305713e-10
0.0001,1.0,0.0332860224817918,0.7234514891067266,6.440006944941581e-10
0.0001,1.0,0.0332860224817918,0.8127611008676167,6.124192624333704e-10
0.0001,1.0,0.0332860224817918,0.9130959256151152,5.758904331978874e-10
0.0001,1.0,0.0332860224817918,1.0258170186601063,5.335252116524908e-10
0.0001,1.0,0.0332860224817918,1.1524534566987763,4.855091573843628e-10
0.0001,1.0,0.0332860224817918,1.294723079942415,4.325826823650407e-10
0.0001,1.0,0.0332860224817918,1.4545557948495271,3.765869181625907e-10
0.0001,1.0,0.0332860224817918,1.6341197535649394,3.203229798351626e-10
0.0001,1.0,0.0332860224817918,1.835850765193496,2.673820848686842e-10
0.0001,1.0,0.0332860224817918,2.062485337876194,2.2134766642456063e-10
0.0001,1.0,0.0332860224817918,2.3170977998889395,1.8328748889856446e-10
0.0001,1.0,0.0332860224817918,2.6031420033166066,1.4957941502355316e-10
0.0001,1.0,0.0332860224817918,2.9244981760182918,1.1939109552760263e-10
0.0001,1.0,0.0332860224817918,3.285525557436941,9.420909264370827e-11
0.0001,1.0,0.0332860224817918,3.6911215322651687,7.494669187326921e-11
0.0001,1.0,0.0332860224817918,4.1467880641233,5.949705600894179e-11
0.0001,1.0,0.0332860224817918,4.658706330431421,4.6223640268624265e-11
0.0001,1.0,0.0332860224817918,5.233820570907402,3.56604728305571e-11
0.0001,1.0,0.0332860224817918,5.879932287106996,2.801098262729525e-11
0.0001,1.0,0.0332860224817918,6.605806070835402,2.176356409793944e-11
0.0001,1.0,0.0332860224817918,7.421288497006765,1.6584880006443833e-11
0.0001,1.0,0.0332860224817918,8.337441693749241,1.282110453545943e-11
0.0001,1.0,0.0332860224817918,9.366693401651878,1.0003306245856434e-11
0.0001,1.0,0.0332860224817918,10.523005557727087,7.609718567902341e-12
0.0001,1.0,0.0332860224817918,11.822063690952728,5.8344147184570376e-12
0.0001,1.0,0.0332860224817918,13.281489698569583,4.576184623618064e-12
0.0001,1.0,0.0332860224817918,14.921080889473224,3.4989662453768777e-12
0.0001,1.0,0.0332860224817918,16.763078537355728,2.68553841915166e-12
0.0001,1.0,0.0332860224817918,18.83246958655666,2.1286420997560153e-12
0.0001,1.0,0.0332860224817918,21.157325603303395,1.6439754349160542e-12
0.0001,1.0,0.0332860224817918,23.769183570259635,1.277936748342809e-12
0.0001,1.0,0.0332860224817918,26.70347368991138,1.0297395516360121e-12
0.0001,1.0,0.0332860224817918,30.0,8.133942249618387e-13
0.0001,1.0,0.035585776950514,0.1,1.4368448173167925e-09
0.0001,1.0,0.035585776950514,0.1123449344020514,1.4143269549608181e-09
0.0001,1.0,0.035585776950514,0.1262138428580125,1.3789590748194e-09
0.0001,1.0,0.035585776950514,0.1417948589651424,1.33224729023445e-09
0.0001,1.0,0.035585776950514,0.1592993412898707,1.2758417107486555e-09
0.0001,1.0,0.035585776950514,0.1789647404750054,1.2125775735610662e-09
0.0001,1.0,0.035585776950514,0.2010578202894464,1.145223454170438e-09
0.0001,1.0,0.035585776950514,0.2258782763143731,1.0776853406789992e-09
0.0001,1.0,0.035585776950514,0.2537628013538671,1.012558220859529e-09
0.0001,1.0,0.035585776950514,0.2850896527178103,9.520471422608305e-10
0.0001,1.0,0.035585776950514,0.3202837833328603,8.970755064016572e-10
0.0001,1.0,0.035585776950514,0.3598226062857105,8.475198281855275e-10
0.0001,1.0,0.035585776950514,0.4042424709954335,8.029646158851598e-10
0.0001,1.0,0.035585776950514,0.4541459388650518,7.636006054005026e-10
0.0001,1.0,0.035585776950514,0.5102099571075231,7.290620502347024e-10
0.0001,1.0,0.035585776950514,0.573195041625182,6.985608203236163e-10
0.0001,1.0,0.035585776950514,0.6439555935096224,6.702700303467184e-10
0.0001,1.0,0.035585776950514,0.7234514891067266,6.419841482591334e-10
0.0001,1.0,0.035585776950514,0.8127611008676167,6.109997039457181e-10
0.0001,1.0,0.035585776950514,0.9130959256151152,5.751149610639364e-10
0.0001,1.0,0.035585776950514,1.0258170186601063,5.334206855124444e-10
0.0001,1.0,0.035585776950514,1.1524534566987763,4.861553826408769e-10
0.0001,1.0,0.035585776950514,1.294723079942415,4.339473449726874e-10
0.0001,1.0,0.035585776950514,1.4545557948495271,3.785072553498221e-10
0.0001,1.0,0.035585776950514,1.6341197535649394,3.2245490760747573e-10
0.0001,1.0,0.035585776950514,1.835850765193496,2.6928918618281213e-10
0.0001,1.0,0.035585776950514,2.062485337876194,2.226089343252016e-10
0.0001,1.0,0.035585776950514,2.3170977998889395,1.8394764985155409e-10
0.0001,1.0,0.035585776950514,2.6031420033166066,1.5009218791741692e-10
0.0001,1.0,0.035585776950514,2.9244981760182918,1.19732037393776e-10
0.0001,1.0,0.035585776950514,3.285525557436941,9.430374814857555e-11
0.0001,1.0,0.035585776950514,3.6911215322651687,7.482868678973895e-11
0.0001,1.0,0.035585776950514,4.1467880641233,5.946122254893068e-11
0.0001,1.0,0.035585776950514,4.658706330431421,4.6244875379197774e-11
0.0001,1.0,0.035585776950514,5.233820570907402,3.564535647282972e-11
0.0001,1.0,0.035585776950514,5.879932287106996,2.795732623322527e-11
0.0001,1.0,0.035585776950514,6.605806070835402,2.175604005582804e-11
0.0001,1.0,0.035585776950514,7.421288497006765,1.6583865226288043e-11
0.0001,1.0,0.035585776950514,8.337441693749241,1.2792270866211153e-11
0.0001,1.0,0.035585776950514,9.366693401651878,9.989445617739501e-12
0.0001,1.0,0.035585776950514,10.523005557727087,7.607358478279039e-12
0.0001,1.0,0.035585776950514,11.822063690952728,5.817568584926561e-12
0.0001,1.0,0.035585776950514,13.281489698569583,4.56531243521118e-12
0.0001,1.0,0.035585776950514,14.921080889473224,3.4955335895455787e-12
0.0001,1.0,0.035585776950514,16.763078537355728,2.6759079072024555e-12
0.0001,1.0,0.035585776950514,18.83246958655666,2.1218354392748165e-12
0.0001,1.0,0.035585776950514,21.157325603303395,1.6412724167784602e-12
0.0001,1.0,0.035585776950514,23.769183570259635,1.2730939303434537e-12
0.0001,1.0,0.035585776950514,26.70347368991138,1.0263929026523178e-12
0.0001,1.0,0.035585776950514,30.0,8.125142069891452e-13
0.0001,1.0,0.0380444230566885,0.1,1.3660010724972622e-09
0.0001,1.0,0.0380444230566885,0.1123449344020514,1.3532217760210082e-09
0.0001,1.0,0.0380444230566885,0.1262138428580125,1.3262109811467748e-09
0.0001,1.0,0.0380444230566885,0.1417948589651424,1.2868332736436302e-09
0.0001,1.0,0.0380444230566885,0.1592993412898707,1.2371665323482705e-09
0.0001,1.0,0.0380444230566885,0.1789647404750054,1.1795537851359932e-09
0.0001,1.0,0.0380444230566885,0.2010578202894464,1.1170449463920557e-09
0.0001,1.0,0.0380444230566885,0.2258782763143731,1.0534785341845872e-09
0.0001,1.0,0.0380444230566885,0.2537628013538671,9.917770813404113e-10
0.0001,1.0,0.0380444230566885,0.2850896527178103,9.340899532366893e-10
0.0001,1.0,0.0380444230566885,0.3202837833328603,8.816241541618423e-10
0.0001,1.0,0.0380444230566885,0.3598226062857105,8.342440729316877e-10
0.0001,1.0,0.0380444230566885,0.4042424709954335,7.915051028648724e-10
0.0001,1.0,0.0380444230566885,0.4541459388650518,7.535438291229813e-10
0.0001,1.0,0.0380444230566885,0.5102099571075231,7.200961018338493e-10
0.0001,1.0,0.0380444230566885,0.573195041625182,6.903982267137749e-10
0.0001,1.0,0.0380444230566885,0.6439555935096224,6.627520696991441e-10
0.0001,1.0,0.0380444230566885,0.7234514891067266,6.350803979478269e-10
0.0001,1.0,0.0380444230566885,0.8127611008676167,6.047622179529407e-10
0.0001,1.0,0.0380444230566885,0.9130959256151152,5.69514590980738e-10
0.0001,1.0,0.0380444230566885,1.0258170186601063,5.285042488066795e-10
0.0001,1.0,0.0380444230566885,1.1524534566987763,4.822167050570903e-10
0.0001,1.0,0.0380444230566885,1.294723079942415,4.310817788412047e-10
0.0001,1.0,0.0380444230566885,1.4545557948495271,3.766838071288833e-10
0.0001,1.0,0.0380444230566885,1.6341197535649394,3.214773178364359e-10
0.0001,1.0,0.0380444230566885,1.835850765193496,2.6879989659359224e-10
0.0001,1.0,0.0380444230566885,2.062485337876194,2.2223816461660912e-10
0.0001,1.0,0.0380444230566885,2.3170977998889395,1.836328352897725e-10
0.0001,1.0,0.0380444230566885,2.6031420033166066,1.5025923325285104e-10
0.0001,1.0,0.0380444230566885,2.9244981760182918,1.2017223777313972e-10
0.0001,1.0,0.0380444230566885,3.285525557436941,9.471332870019505e-11
0.0001,1.0,0.0380444230566885,3.6911215322651687,7.500429907671916e-11
0.0001,1.0,0.0380444230566885,4.1467880641233,5.958224918384007e-11
0.0001,1.0,0.0380444230566885,4.658706330431421,4.6340930459490745e-11
0.0001,1.0,0.0380444230566885,5.233820570907402,3.565075025420413e-11
0.0001,1.0,0.0380444230566885,5.879932287106996,2.7902626834818174e-11
0.0001,1.0,0.0380444230566885,6.605806070835402,2.1747776707132434e-11
0.0001,1.0,0.0380444230566885,7.421288497006765,1.6586998449533207e-11
0.0001,1.0,0.0380444230566885,8.337441693749241,1.2764691691111287e-11
0.0001,1.0,0.0380444230566885,9.366693401651878,9.97497971651834e-12
0.0001,1.0,0.0380444230566885,10.523005557727087,7.608041593800799e-12
0.0001,1.0,0.0380444230566885,11.822063690952728,5.802182486763394e-12
0.0001,1.0,0.0380444230566885,13.281489698569583,4.555196092808e-12
0.0001,1.0,0.0380444230566885,14.921080889473224,3.4924802566985512e-12
0.0001,1.0,0.0380444230566885,16.763078537355728,2.668565418291912e-12
0.0001,1.0,0.0380444230566885,18.83246958655666,2.1154443339321594e-12
0.0001,1.0,0.0380444230566885,21.157325603303395,1.6391853616280343e-12
0.0001,1.0,0.0380444230566885,23.769183570259635,1.2689507864777189e-12
0.0001,1.0,0.0380444230566885,26.70347368991138,1.0236560268394682e-12
0.0001,1.0,0.0380444230566885,30.0,8.118435816160693e-13
0.0001,1.0,0.0406729387341756,0.1,1.2932278171084145e-09
0.0001,1.0,0.0406729387341756,0.1123449344020514,1.2905156261703512e-09
0.0001,1.0,0.0406729387341756,0.1262138428580125,1.2724320904171384e-09
0.0001,1.0,0.0406729387341756,0.1417948589651424,1.2408604073827017e-09
0.0001,1.0,0.0406729387341756,0.1592993412898707,1.198556541408435e-09
0.0001,1.0,0.0406729387341756,0.1789647404750054,1.1472810655161484e-09
0.0001,1.0,0.0406729387341756,0.2010578202894464,1.0899314748228029e-09
0.0001,1.0,0.0406729387341756,0.2258782763143731,1.0305367571083665e-09
0.0001,1.0,0.0406729387341756,0.2537628013538671,9.723736892256081e-10
0.0001,1.0,0.0406729387341756,0.2850896527178103,9.176226044968085e-10
0.0001,1.0,0.0406729387341756,0.3202837833328603,8.677002139672536e-10
0.0001,1.0,0.0406729387341756,0.3598226062857105,8.225228499337629e-10
0.0001,1.0,0.0406729387341756,0.4042424709954335,7.816720393908709e-10
0.0001,1.0,0.0406729387341756,0.4541459388650518,7.45156845516234e-10
0.0001,1.0,0.0406729387341756,0.5102099571075231,7.128668850516626e-10
0.0001,1.0,0.0406729387341756,0.573195041625182,6.840019341915062e-10
0.0001,1.0,0.0406729387341756,0.6439555935096224,6.570159130649793e-10
0.0001,1.0,0.0406729387341756,0.7234514891067266,6.299120909563439e-10
0.0001,1.0,0.0406729387341756,0.8127611008676167,6.001000477869788e-10
0.0001,1.0,0.0406729387341756,0.9130959256151152,5.650820482962595e-10
0.0001,1.0,0.0406729387341756,1.0258170186601063,5.241575780601954e-10
0.0001,1.0,0.0406729387341756,1.1524534566987763,4.783762592082468e-10
0.0001,1.0,0.0406729387341756,1.294723079942415,4.279565526650845e-10
0.0001,1.0,0.0406729387341756,1.4545557948495271,3.742322984278154e-10
0.0001,1.0,0.0406729387341756,1.6341197535649394,3.195258224764203e-10
0.0001,1.0,0.0406729387341756,1.835850765193496,2.6707890799331683e-10
0.0001,1.0,0.0406729387341756,2.062485337876194,2.204713802565078e-10
0.0001,1.0,0.0406729387341756,2.3170977998889395,1.8184265115577517e-10
0.0001,1.0,0.0406729387341756,2.6031420033166066,1.4899778001860134e-10
0.0001,1.0,0.0406729387341756,2.9244981760182918,1.1938208295742517e-10
0.0001,1.0,0.0406729387341756,3.285525557436941,9.416326201423057e-11
0.0001,1.0,0.0406729387341756,3.6911215322651687,7.450442130966977e-11
0.0001,1.0,0.0406729387341756,4.1467880641233,5.930977521497467e-11
0.0001,1.0,0.0406729387341756,4.658706330431421,4.6271471483333996e-11
0.0001,1.0,0.0406729387341756,5.233820570907402,3.563410617441066e-11
0.0001,1.0,0.0406729387341756,5.879932287106996,2.7852490623567706e-11
0.0001,1.0,0.0406729387341756,6.605806070835402,2.1746699011886308e-11
0.0001,1.0,0.0406729387341756,7.421288497006765,1.6604162261455e-11
0.0001,1.0,0.0406729387341756,8.337441693749241,1.2744414564057435e-11
0.0001,1.0,0.0406729387341756,9.366693401651878,9.972077480616258e-12
0.0001,1.0,0.0406729387341756,10.523005557727087,7.616087485255186e-12
0.0001,1.0,0.0406729387341756,11.822063690952728,5.799945892818481e-12
0.0001,1.0,0.0406729387341756,13.281489698569583,4.552481638788642e-12
0.0001,1.0,0.0406729387341756,14.921080889473224,3.4969461270977585e-12
0.0001,1.0,0.0406729387341756,16.763078537355728,2.6674724663866668e-12
0.0001,1.0,0.0406729387341756,18.83246958655666,2.1147567161890445e-12
0.0001,1.0,0.0406729387341756,21.157325603303395,1.6421843230311397e-12
0.0001,1.0,0.0406729387341756,23.769183570259635,1.268601261676267e-12
0.0001,1.0,0.0406729387341756,26.70347368991138,1.0235148018909083e-12
0.0001,1.0,0.0406729387341756,30.0,8.131979640595664e-13
0.0001,1.0,0.0434830603899293,0.1,1.2224581816137772e-09
0.0001,1.0,0.0434830603899293,0.1123449344020514,1.2302950050251353e-09
0.0001,1.0,0.0434830603899293,0.1262138428580125,1.2213234323665063e-09
0.0001,1.0,0.0434830603899293,0.1417948589651424,1.1981349855077525e-09
0.0001,1.0,0.0434830603899293,0.1592993412898707,1.16366425501634e-09
0.0001,1.0,0.0434830603899293,0.1789647404750054,1.1191572656389069e-09
0.0001,1.0,0.0434830603899293,0.2010578202894464,1.0672888368175692e-09
0.0001,1.0,0.0434830603899293,0.2258782763143731,1.0122304797771472e-09
0.0001,1.0,0.0434830603899293,0.2537628013538671,9.57706046712877e-10
0.0001,1.0,0.0434830603899293,0.2850896527178103,9.059891977957325e-10
0.0001,1.0,0.0434830603899293,0.3202837833328603,8.586352426570216e-10
0.0001,1.0,0.0434830603899293,0.3598226062857105,8.156964631717572e-10
0.0001,1.0,0.0434830603899293,0.4042424709954335,7.76781615471988e-10
0.0001,1.0,0.0434830603899293,0.4541459388650518,7.41778362903903e-10
0.0001,1.0,0.0434830603899293,0.5102099571075231,7.106796532399722e-10
0.0001,1.0,0.0434830603899293,0.573195041625182,6.827031716610425e-10
0.0001,1.0,0.0434830603899293,0.6439555935096224,6.5638943587727e-10
0.0001,1.0,0.0434830603899293,0.7234514891067266,6.298481791045563e-10
0.0001,1.0,0.0434830603899293,0.8127611008676167,6.00397491029655e-10
0.0001,1.0,0.0434830603899293,0.9130959256151152,5.653111682641478e-10
0.0001,1.0,0.0434830603899293,1.0258170186601063,5.240681535670638e-10
0.0001,1.0,0.0434830603899293,1.1524534566987763,4.782902160945289e-10
0.0001,1.0,0.0434830603899293,1.294723079942415,4.2833658054284395e-10
0.0001,1.0,0.0434830603899293,1.4545557948495271,3.75037876603979e-10
0.0001,1.0,0.0434830603899293,1.6341197535649394,3.205372617380633e-10
0.0001,1.0,0.0434830603899293,1.835850765193496,2.6797547252762673e-10
0.0001,1.0,0.0434830603899293,2.062485337876194,2.2093049351320681e-10
0.0001,1.0,0.0434830603899293,2.3170977998889395,1.817954109191795e-10
0.0001,1.0,0.0434830603899293,2.6031420033166066,1.4903957375713443e-10
0.0001,1.0,0.0434830603899293,2.9244981760182918,1.1956193028942488e-10
0.0001,1.0,0.0434830603899293,3.285525557436941,9.427549038419609e-11
0.0001,1.0,0.0434830603899293,3.6911215322651687,7.440804381570627e-11
0.0001,1.0,0.0434830603899293,4.1467880641233,5.922886517420775e-11
0.0001,1.0,0.0434830603899293,4.658706330431421,4.627117923115613e-11
0.0001,1.0,0.0434830603899293,5.233820570907402,3.561779368106967e-11
0.0001,1.0,0.0434830603899293,5.879932287106996,2.7775079312225655e-11
0.0001,1.0,0.0434830603899293,6.605806070835402,2.172447915647359e-11
0.0001,1.0,0.0434830603899293,7.421288497006765,1.661086084204852e-11
0.0001,1.0,0.0434830603899293,8.337441693749241,1.2727697589017458e-11
0.0001,1.0,0.0434830603899293,9.366693401651878,9.961141939388677e-12
0.0001,1.0,0.0434830603899293,10.523005557727087,7.62577651624103e-12
0.0001,1.0,0.0434830603899293,11.822063690952728,5.79661068020883e-12
0.0001,1.0,0.0434830603899293,13.281489698569583,4.5490119434346446e-12
0.0001,1.0,0.0434830603899293,14.921080889473224,3.502624417819812e-12
0.0001,1.0,0.0434830603899293,16.763078537355728,2.6670682973117455e-12
0.0001,1.0,0.0434830603899293,18.83246958655666,2.1134624130375284e-12
0.0001,1.0,0.0434830603899293,21.157325603303395,1.6449076053008324e-12
0.0001,1.0,0.0434830603899293,23.769183570259635,1.268625834457265e-12
0.0001,1.0,0.0434830603899293,26.70347368991138,1.0227722358404998e-12
0.0001,1.0,0.0434830603899293,30.0,8.146594647337072e-13
0.0001,1.0,0.0464873353074313,0.1,1.1504137183103295e-09
0.0001,1.0,0.0464873353074313,0.1123449344020514,1.168616352904034e-09
0.0001,1.0,0.0464873353074313,0.1262138428580125,1.16864106276955e-09
0.0001,1.0,0.0464873353074313,0.1417948589651424,1.1539732646870342e-09
0.0001,1.0,0.0464873353074313,0.1592993412898707,1.1275558894748328e-09
0.0001,1.0,0.0464873353074313,0.1789647404750054,1.090018394215837e-09
0.0001,1.0,0.0464873353074313,0.2010578202894464,1.0437735475848525e-09
0.0001,1.0,0.0464873353074313,0.2258782763143731,9.9314521862658e-10
0.0001,1.0,0.0464873353074313,0.2537628013538671,9.423488343686555e-10
0.0001,1.0,0.0464873353074313,0.2850896527178103,8.937397654568607e-10
0.0001,1.0,0.0464873353074313,0.3202837833328603,8.489784065322914e-10
0.0001,1.0,0.0464873353074313,0.3598226062857105,8.082954790153704e-10
0.0001,1.0,0.0464873353074313,0.4042424709954335,7.713630350174056e-10
0.0001,1.0,0.0464873353074313,0.4541459388650518,7.379311262002876e-10
0.0001,1.0,0.0464873353074313,0.5102099571075231,7.08071081484463e-10
0.0001,1.0,0.0464873353074313,0.573195041625182,6.810200167820883e-10
0.0001,1.0,0.0464873353074313,0.6439555935096224,6.554294549173617e-10
0.0001,1.0,0.0464873353074313,0.7234514891067266,6.294712376803408e-10
0.0001,1.0,0.0464873353074313,0.8127611008676167,6.002961396361504e-10
0.0001,1.0,0.0464873353074313,0.9130959256151152,5.650625546215395e-10
0.0001,1.0,0.0464873353074313,1.0258170186601063,5.234075023065711e-10
0.0001,1.0,0.0464873353074313,1.1524534566987763,4.773665417201368e-10
0.0001,1.0,0.0464873353074313,1.294723079942415,4.278921315002543e-10
0.0001,1.0,0.0464873353074313,1.4545557948495271,3.752086548950205e-10
0.0001,1.0,0.0464873353074313,1.6341197535649394,3.211143199993598e-10
0.0001,1.0,0.0464873353074313,1.835850765193496,2.686226150608665e-10
0.0001,1.0,0.0464873353074313,2.062485337876194,2.2127191679182704e-10
0.0001,1.0,0.0464873353074313,2.3170977998889395,1.816590734111354e-10
0.0001,1.0,0.0464873353074313,2.6031420033166066,1.4897911721932625e-10
0.0001,1.0,0.0464873353074313,2.9244981760182918,1.1970531411618312e-10
0.0001,1.0,0.0464873353074313,3.285525557436941,9.44181110322904e-11
0.0001,1.0,0.0464873353074313,3.6911215322651687,7.437087300881748e-11
0.0001,1.0,0.0464873353074313,4.1467880641233,5.918357872581248e-11
0.0001,1.0,0.0464873353074313,4.658706330431421,4.632946860420327e-11
0.0001,1.0,0.0464873353074313,5.233820570907402,3.566795980236155e-11
0.0001,1.0,0.0464873353074313,5.879932287106996,2.774724247972808e-11
0.0001,1.0,0.0464873353074313,6.605806070835402,2.173486035455355e-11
0.0001,1.0,0.0464873353074313,7.421288497006765,1.664271738518157e-11
0.0001,1.0,0.0464873353074313,8.337441693749241,1.2718876347173055e-11
0.0001,1.0,0.0464873353074313,9.366693401651878,9.956491379127942e-12
0.0001,1.0,0.0464873353074313,10.523005557727087,7.637090565789545e-12
0.0001,1.0,0.0464873353074313,11.822063690952728,5.7942684119600805e-12
0.0001,1.0,0.0464873353074313,13.281489698569583,4.5433092498619646e-12
0.0001,1.0,0.0464873353074313,14.921080889473224,3.5062622210651896e-12
0.0001,1.0,0.0464873353074313,16.763078537355728,2.6669029006554768e-12
0.0001,1.0,0.0464873353074313,18.83246958655666,2.1104335291166537e-12
0.0001,1.0,0.0464873353074313,21.157325603303395,1.6472642933506822e-12
0.0001,1.0,0.0464873353074313,23.769183570259635,1.268197397308461e-12
0.0001,1.0,0.0464873353074313,26.70347368991138,1.0222541178233056e-12
0.0001,1.0,0.0464873353074313,30.0,8.158179672051725e-13
0.0001,1.0,0.0496991776707157,0.1,1.077895717965197e-09
0.0001,1.0,0.0496991776707157,0.1123449344020514,1.1064624136418309e-09
0.0001,1.0,0.0496991776707157,0.1262138428580125,1.1155169867138957e-09
0.0001,1.0,0.0496991776707157,0.1417948589651424,1.10980110991775e-09
0.0001,1.0,0.0496991776707157,0.1592993412898707,1.0915115588157187e-09
0.0001,1.0,0.0496991776707157,0.1789647404750054,1.0611062216622684e-09
0.0001,1.0,0.0496991776707157,0.2010578202894464,1.020650651802452e-09
0.0001,1.0,0.0496991776707157,0.2258782763143731,9.745517085503878e-10
0.0001,1.0,0.0496991776707157,0.2537628013538671,9.275639559077353e-10
0.0001,1.0,0.0496991776707157,0.2850896527178103,8.821335519995343e-10
0.0001,1.0,0.0496991776707157,0.3202837833328603,8.399889050629333e-10
0.0001,1.0,0.0496991776707157,0.3598226062857105,8.015900175023637e-10
0.0001,1.0,0.0496991776707157,0.4042424709954335,7.666644511546718e-10
0.0001,1.0,0.0496991776707157,0.4541459388650518,7.34858173440596e-10
0.0001,1.0,0.0496991776707157,0.5102099571075231,7.062729286582937e-10
0.0001,1.0,0.0496991776707157,0.573195041625182,6.80184604648893e-10
0.0001,1.0,0.0496991776707157,0.6439555935096224,6.553609587966569e-10
0.0001,1.0,0.0496991776707157,0.7234514891067266,6.299705996487422e-10
0.0001,1.0,0.0496991776707157,0.8127611008676167,6.00966276423156e-10
0.0001,1.0,0.0496991776707157,0.9130959256151152,5.655268637336137e-10
0.0001,1.0,0.0496991776707157,1.0258170186601063,5.233942303829588e-10
0.0001,1.0,0.0496991776707157,1.1524534566987763,4.768166531384417e-10
0.0001,1.0,0.0496991776707157,1.294723079942415,4.2752419577243523e-10
0.0001,1.0,0.0496991776707157,1.4545557948495271,3.7547668700363214e-10
0.0001,1.0,0.0496991776707157,1.6341197535649394,3.218063960134197e-10
0.0001,1.0,0.0496991776707157,1.835850765193496,2.6939094298813406e-10
0.0001,1.0,0.0496991776707157,2.062485337876194,2.216967281027288e-10
0.0001,1.0,0.0496991776707157,2.3170977998889395,1.8149122834487338e-10
0.0001,1.0,0.0496991776707157,2.6031420033166066,1.4869434767131889e-10
0.0001,1.0,0.0496991776707157,2.9244981760182918,1.196004346002529e-10
0.0001,1.0,0.0496991776707157,3.285525557436941,9.431690365080106e-11
0.0001,1.0,0.0496991776707157,3.6911215322651687,7.410628236204538e-11
0.0001,1.0,0.0496991776707157,4.1467880641233,5.893801570975792e-11
0.0001,1.0,0.0496991776707157,4.658706330431421,4.6239725242682994e-11
0.0001,1.0,0.0496991776707157,5.233820570907402,3.562784454839079e-11
0.0001,1.0,0.0496991776707157,5.879932287106996,2.7647129818658755e-11
0.0001,1.0,0.0496991776707157,6.605806070835402,2.1687370292488297e-11
0.0001,1.0,0.0496991776707157,7.421288497006765,1.663891747083514e-11
0.0001,1.0,0.0496991776707157,8.337441693749241,1.2696818219514758e-11
0.0001,1.0,0.0496991776707157,9.366693401651878,9.936291298491103e-12
0.0001,1.0,0.0496991776707157,10.523005557727087,7.641044532545067e-12
0.0001,1.0,0.0496991776707157,11.822063690952728,5.793476204203137e-12
0.0001,1.0,0.0496991776707157,13.281489698569583,4.536443666784631e-12
0.0001,1.0,0.0496991776707157,14.921080889473224,3.5093981581798636e-12
0.0001,1.0,0.0496991776707157,16.763078537355728,2.6672723372932306e-12
0.0001,1.0,0.0496991776707157,18.83246958655666,2.1076806654216e-12
0.0001,1.0,0.0496991776707157,21.157325603303395,1.6485009716856366e-12
0.0001,1.0,0.0496991776707157,23.769183570259635,1.2683942842784198e-12
0.0001,1.0,0.0496991776707157,26.70347368991138,1.0211539419382606e-12
0.0001,1.0,0.0496991776707157,30.0,8.169115455232587e-13
0.0001,1.0,0.0531329284591305,0.1,1.0028979746485538e-09
0.0001,1.0,0.0531329284591305,0.1123449344020514,1.041429141086171e-09
0.0001,1.0,0.0531329284591305,0.1262138428580125,1.0594121856514195e-09
0.0001,1.0,0.0531329284591305,0.1417948589651424,1.0625534889982434e-09
0.0001,1.0,0.0531329284591305,0.1592993412898707,1.0523583347600957e-09
0.0001,1.0,0.0531329284591305,0.1789647404750054,1.0289949285063432e-09
0.0001,1.0,0.0531329284591305,0.2010578202894464,9.944131565745997e-10
0.0001,1.0,0.0531329284591305,0.2258782763143731,9.529546750448065e-10
0.0001,1.0,0.0531329284591305,0.2537628013538671,9.097171758230651e-10
0.0001,1.0,0.0531329284591305,0.2850896527178103,8.675321414583003e-10
0.0001,1.0,0.0531329284591305,0.3202837833328603,8.280420393502179e-10
0.0001,1.0,0.0531329284591305,0.3598226062857105,7.919521453286332e-10
0.0001,1.0,0.0531329284591305,0.4042424709954335,7.590319087567738e-10
0.0001,1.0,0.0531329284591305,0.4541459388650518,7.289055657683681e-10
0.0001,1.0,0.0531329284591305,0.5102099571075231,7.016290317155339e-10
0.0001,1.0,0.0531329284591305,0.573195041625182,6.765589165982661e-10
0.0001,1.0,0.0531329284591305,0.6439555935096224,6.525540952848601e-10
0.0001,1.0,0.0531329284591305,0.7234514891067266,6.27737485120007e-10
0.0001,1.0,0.0531329284591305,0.8127611008676167,5.988822825958788e-10
0.0001,1.0,0.0531329284591305,0.9130959256151152,5.633078545872851e-10
0.0001,1.0,0.0531329284591305,1.0258170186601063,5.208047148195656e-10
0.0001,1.0,0.0531329284591305,1.1524534566987763,4.737459270605988e-10
0.0001,1.0,0.0531329284591305,1.294723079942415,4.245229420280744e-10
0.0001,1.0,0.0531329284591305,1.4545557948495271,3.7346506687862725e-10
0.0001,1.0,0.0531329284591305,1.6341197535649394,3.207181006444751e-10
0.0001,1.0,0.0531329284591305,1.835850765193496,2.6891672046286386e-10
0.0001,1.0,0.0531329284591305,2.062485337876194,2.2139463554189514e-10
0.0001,1.0,0.0531329284591305,2.3170977998889395,1.8101741683151785e-10
0.0001,1.0,0.0531329284591305,2.6031420033166066,1.483354916219849e-10
0.0001,1.0,0.0531329284591305,2.9244981760182918,1.1970791111675358e-10
0.0001,1.0,0.0531329284591305,3.285525557436941,9.460434230258657e-11
0.0001,1.0,0.0531329284591305,3.6911215322651687,7.427781948115909e-11
0.0001,1.0,0.0531329284591305,4.1467880641233,5.898757672592553e-11
0.0001,1.0,0.0531329284591305,4.658706330431421,4.637467499927136e-11
0.0001,1.0,0.0531329284591305,5.233820570907402,3.574381636676855e-11
0.0001,1.0,0.0531329284591305,5.879932287106996,2.7656806685800566e-11
0.0001,1.0,0.0531329284591305,6.605806070835402,2.1702669696711802e-11
0.0001,1.0,0.0531329284591305,7.421288497006765,1.6674836254607558e-11
0.0001,1.0,0.0531329284591305,8.337441693749241,1.269668911197e-11
0.0001,1.0,0.0531329284591305,9.366693401651878,9.923981874956274e-12
0.0001,1.0,0.0531329284591305,10.523005557727087,7.648428504247199e-12
0.0001,1.0,0.0531329284591305,11.822063690952728,5.792992422688249e-12
0.0001,1.0,0.0531329284591305,13.281489698569583,4.526797101844017e-12
0.0001,1.0,0.0531329284591305,14.921080889473224,3.5114759945699244e-12
0.0001,1.0,0.0531329284591305,16.763078537355728,2.6682519399037416e-12
0.0001,1.0,0.0531329284591305,18.83246958655666,2.103279592153336e-12
0.0001,1.0,0.0531329284591305,21.157325603303395,1.6502755775360588e-12
0.0001,1.0,0.0531329284591305,23.769183570259635,1.2686327762744957e-12
0.0001,1.0,0.0531329284591305,26.70347368991138,1.019506838926993e-12
0.0001,1.0,0.0531329284591305,30.0,8.179816893677942e-13
0.0001,1.0,0.0568039194802724,0.1,9.304752554202758e-10
0.0001,1.0,0.0568039194802724,0.1123449344020514,9.796149095836548e-10
0.0001,1.0,0.0568039194802724,0.1262138428580125,1.0071924120488223e-09
0.0001,1.0,0.0568039194802724,0.1417948589651424,1.0196606760676015e-09
0.0001,1.0,0.0568039194802724,0.1592993412898707,1.0178129082371325e-09
0.0001,1.0,0.0568039194802724,0.1789647404750054,1.0016745731847446e-09
0.0001,1.0,0.0568039194802724,0.2010578202894464,9.731531869773566e-10
0.0001,1.0,0.0568039194802724,0.2258782763143731,9.364950984788512e-10
0.0001,1.0,0.0568039194802724,0.2537628013538671,8.970492264885347e-10
0.0001,1.0,0.0568039194802724,0.2850896527178103,8.581277444355831e-10
0.0001,1.0,0.0568039194802724,0.3202837833328603,8.213487458120093e-10
0.0001,1.0,0.0568039194802724,0.3598226062857105,7.875859744359222e-10
0.0001,1.0,0.0568039194802724,0.4042424709954335,7.566642899911005e-10
0.0001,1.0,0.0568039194802724,0.4541459388650518,7.282632143645539e-10
0.0001,1.0,0.0568039194802724,0.5102099571075231,7.02328257903374e-10
0.0001,1.0,0.0568039194802724,0.573195041625182,6.782962332749637e-10
0.0001,1.0,0.0568039194802724,0.6439555935096224,6.551208020573043e-10
0.0001,1.0,0.0568039194802724,0.7234514891067266,6.307955678804976e-10
0.0001,1.0,0.0568039194802724,0.8127611008676167,6.019636657662921e-10
0.0001,1.0,0.0568039194802724,0.9130959256151152,5.661208353132959e-10
0.0001,1.0,0.0568039194802724,1.0258170186601063,5.230601110864269e-10
0.0001,1.0,0.0568039194802724,1.1524534566987763,4.751631055598961e-10
0.0001,1.0,0.0568039194802724,1.294723079942415,4.253014920433076e-10
0.0001,1.0,0.0568039194802724,1.4545557948495271,3.7466788114099477e-10
0.0001,1.0,0.0568039194802724,1.6341197535649394,3.224290157765189e-10
0.0001,1.0,0.0568039194802724,1.835850765193496,2.707787272204041e-10
0.0001,1.0,0.0568039194802724,2.062485337876194,2.2293233298452707e-10
0.0001,1.0,0.0568039194802724,2.3170977998889395,1.8183723628456853e-10
0.0001,1.0,0.0568039194802724,2.6031420033166066,1.4864223327035125e-10
0.0001,1.0,0.0568039194802724,2.9244981760182918,1.2007217995325628e-10
0.0001,1.0,0.0568039194802724,3.285525557436941,9.489474541019313e-11
0.0001,1.0,0.0568039194802724,3.6911215322651687,7.43230659149636e-11
0.0001,1.0,0.0568039194802724,4.1467880641233,5.888303338712968e-11
0.0001,1.0,0.0568039194802724,4.658706330431421,4.638200763959177e-11
0.0001,1.0,0.0568039194802724,5.233820570907402,3.578699688982643e-11
0.0001,1.0,0.0568039194802724,5.879932287106996,2.761056524567458e-11
0.0001,1.0,0.0568039194802724,6.605806070835402,2.1673771614910148e-11
0.0001,1.0,0.0568039194802724,7.421288497006765,1.6688362069226956e-11
0.0001,1.0,0.0568039194802724,8.337441693749241,1.2692974244702045e-11
0.0001,1.0,0.0568039194802724,9.366693401651878,9.899547947605005e-12
0.0001,1.0,0.0568039194802724,10.523005557727087,7.649944771414468e-12
0.0001,1.0,0.0568039194802724,11.822063690952728,5.793684407834846e-12
0.0001,1.0,0.0568039194802724,13.281489698569583,4.514006258064477e-12
0.0001,1.0,0.0568039194802724,14.921080889473224,3.5126273288168474e-12
0.0001,1.0,0.0568039194802724,16.763078537355728,2.6694706870690744e-12
0.0001,1.0,0.0568039194802724,18.83246958655666,2.0986613496903407e-12
0.0001,1.0,0.0568039194802724,21.157325603303395,1.6511357264812853e-12
0.0001,1.0,0.0568039194802724,23.769183570259635,1.269681114633647e-12
0.0001,1.0,0.0568039194802724,26.70347368991138,1.0179024205878008e-12
0.0001,1.0,0.0568039194802724,30.0,8.187911233143371e-13
0.0001,1.0,0.0607285418269992,0.1,8.536269372418017e-10
0.0001,1.0,0.0607285418269992,0.1123449344020514,9.12975906218213e-10
0.0001,1.0,0.0607285418269992,0.1262138428580125,9.50041850364399e-10
0.0001,1.0,0.0607285418269992,0.1417948589651424,9.716696119154948e-10
0.0001,1.0,0.0607285418269992,0.1592993412898707,9.781648090670002e-10
0.0001,1.0,0.0607285418269992,0.1789647404750054,9.691735096871605e-10
0.0001,1.0,0.0607285418269992,0.2010578202894464,9.467072419321722e-10
0.0001,1.0,0.0607285418269992,0.2258782763143731,9.149138940466651e-10
0.0001,1.0,0.0607285418269992,0.2537628013538671,8.792603625879836e-10
0.0001,1.0,0.0607285418269992,0.2850896527178103,8.435736836831425e-10
0.0001,1.0,0.0607285418269992,0.3202837833328603,8.095315669660495e-10
0.0001,1.0,0.0607285418269992,0.3598226062857105,7.780934427743334e-10
0.0001,1.0,0.0607285418269992,0.4042424709954335,7.491925196715513e-10
0.0001,1.0,0.0607285418269992,0.4541459388650518,7.225313226746529e-10
0.0001,1.0,0.0607285418269992,0.5102099571075231,6.979648292039414e-10
0.0001,1.0,0.0607285418269992,0.573195041625182,6.750345384454089e-10
0.0001,1.0,0.0607285418269992,0.6439555935096224,6.527198189384717e-10
0.0001,1.0,0.0607285418269992,0.7234514891067266,6.288703143477548e-10
0.0001,1.0,0.0607285418269992,0.8127611008676167,6.000709309710315e-10
0.0001,1.0,0.0607285418269992,0.9130959256151152,5.639903491760708e-10
0.0001,1.0,0.0607285418269992,1.0258170186601063,5.204563006592552e-10
0.0001,1.0,0.0607285418269992,1.1524534566987763,4.718352207233761e-10
0.0001,1.0,0.0607285418269992,1.294723079942415,4.213540218956115e-10
0.0001,1.0,0.0607285418269992,1.4545557948495271,3.7125894445036777e-10
0.0001,1.0,0.0607285418269992,1.6341197535649394,3.2019080781947797e-10
0.0001,1.0,0.0607285418269992,1.835850765193496,2.694455935541732e-10
0.0001,1.0,0.0607285418269992,2.062485337876194,2.2204952450978118e-10
0.0001,1.0,0.0607285418269992,2.3170977998889395,1.8094507383690383e-10
0.0001,1.0,0.0607285418269992,2.6031420033166066,1.4774596309433138e-10
0.0001,1.0,0.0607285418269992,2.9244981760182918,1.1972766331923168e-10
0.0001,1.0,0.0607285418269992,3.285525557436941,9.48979499307504e-11
0.0001,1.0,0.0607285418269992,3.6911215322651687,7.434936199093299e-11
0.0001,1.0,0.0607285418269992,4.1467880641233,5.878896596313483e-11
0.0001,1.0,0.0607285418269992,4.658706330431421,4.641397414567973e-11
0.0001,1.0,0.0607285418269992,5.233820570907402,3.5873451128628714e-11
0.0001,1.0,0.0607285418269992,5.879932287106996,2.762761605118018e-11
0.0001,1.0,0.0607285418269992,6.605806070835402,2.1679127064256492e-11
0.0001,1.0,0.0607285418269992,7.421288497006765,1.674238399126122e-11
0.0001,1.0,0.0607285418269992,8.337441693749241,1.2731348549429618e-11
0.0001,1.0,0.0607285418269992,9.366693401651878,9.90920458685867e-12
0.0001,1.0,0.0607285418269992,10.523005557727087,7.681486993284263e-12
0.0001,1.0,0.0607285418269992,11.822063690952728,5.821959542616364e-12
0.0001,1.0,0.0607285418269992,13.281489698569583,4.52181267645627e-12
0.0001,1.0,0.0607285418269992,14.921080889473224,3.5282774177710034e-12
0.0001,1.0,0.0607285418269992,16.763078537355728,2.6841582919855734e-12
0.0001,1.0,0.0607285418269992,18.83246958655666,2.1001380694479404e-12
0.0001,1.0,0.0607285418269992,21.157325603303395,1.6557044803435763e-12
0.0001,1.0,0.0607285418269992,23.769183570259635,1.2719297025730328e-12
0.0001,1.0,0.0607285418269992,26.70347368991138,1.0155165392240523e-12
0.0001,1.0,0.0607285418269992,30.0,8.195828730145339e-13
0.0001,1.0,0.0649243190641871,0.1,7.782997034353605e-10
0.0001,1.0,0.0649243190641871,0.1123449344020514,8.487877629279284e-10
0.0001,1.0,0.0649243190641871,0.1262138428580125,8.961506514438598e-10
0.0001,1.0,0.0649243190641871,0.1417948589651424,9.273202401698849e-10
0.0001,1.0,0.0649243190641871,0.1592993412898707,9.421162417171737e-10
0.0001,1.0,0.0649243190641871,0.1789647404750054,9.402848992436514e-10
0.0001,1.0,0.0649243190641871,0.2010578202894464,9.238779911000635e-10
0.0001,1.0,0.0649243190641871,0.2258782763143731,8.970087784195697e-10
0.0001,1.0,0.0649243190641871,0.2537628013538671,8.652562842076949e-10
0.0001,1.0,0.0649243190641871,0.2850896527178103,8.327947576574036e-10
0.0001,1.0,0.0649243190641871,0.3202837833328603,8.014838944320313e-10
0.0001,1.0,0.0649243190641871,0.3598226062857105,7.723610502913218e-10
0.0001,1.0,0.0649243190641871,0.4042424709954335,7.45476458601324e-10
0.0001,1.0,0.0649243190641871,0.4541459388650518,7.205849927362239e-10
0.0001,1.0,0.0649243190641871,0.5102099571075231,6.974082136265953e-10
0.0001,1.0,0.0649243190641871,0.573195041625182,6.755988425171797e-10
0.0001,1.0,0.0649243190641871,0.6439555935096224,6.54134112941312e-10
0.0001,1.0,0.0649243190641871,0.7234514891067266,6.306743635233439e-10
0.0001,1.0,0.0649243190641871,0.8127611008676167,6.018906299679517e-10
0.0001,1.0,0.0649243190641871,0.9130959256151152,5.656058999654858e-10
0.0001,1.0,0.0649243190641871,1.0258170186601063,5.216292513640252e-10
0.0001,1.0,0.0649243190641871,1.1524534566987763,4.721828278451554e-10
0.0001,1.0,0.0649243190641871,1.294723079942415,4.206720348246416e-10
0.0001,1.0,0.0649243190641871,1.4545557948495271,3.702153437901094e-10
0.0001,1.0,0.0649243190641871,1.6341197535649394,3.1985598728949337e-10
0.0001,1.0,0.0649243190641871,1.835850765193496,2.6964141312453785e-10
0.0001,1.0,0.0649243190641871,2.062485337876194,2.223369439385029e-10
0.0001,1.0,0.0649243190641871,2.3170977998889395,1.8089651439265318e-10
0.0001,1.0,0.0649243190641871,2.6031420033166066,1.472934266248516e-10
0.0001,1.0,0.0649243190641871,2.9244981760182918,1.1954677688363917e-10
0.0001,1.0,0.0649243190641871,3.285525557436941,9.494643304641041e-11
0.0001,1.0,0.0649243190641871,3.6911215322651687,7.436047324434672e-11
0.0001,1.0,0.0649243190641871,4.1467880641233,5.86350103620383e-11
0.0001,1.0,0.0649243190641871,4.658706330431421,4.638455190562403e-11
0.0001,1.0,0.0649243190641871,5.233820570907402,3.592841703539233e-11
0.0001,1.0,0.0649243190641871,5.879932287106996,2.7618465475762616e-11
0.0001,1.0,0.0649243190641871,6.605806070835402,2.1645542692608776e-11
0.0001,1.0,0.0649243190641871,7.421288497006765,1.675674330604733e-11
0.0001,1.0,0.0649243190641871,8.337441693749241,1.2738764685859102e-11
0.0001,1.0,0.0649243190641871,9.366693401651878,9.876496957303851e-12
0.0001,1.0,0.0649243190641871,10.523005557727087,7.674236644266001e-12
0.0001,1.0,0.0649243190641871,11.822063690952728,5.818845538840555e-12
0.0001,1.0,0.0649243190641871,13.281489698569583,4.4978484750350164e-12
0.0001,1.0,0.0649243190641871,14.921080889473224,3.5173077199098266e-12
0.0001,1.0,0.0649243190641871,16.763078537355728,2.676262944663169e-12
0.0001,1.0,0.0649243190641871,18.83246958655666,2.087136397234492e-12
0.0001,1.0,0.0649243190641871,21.157325603303395,1.6515520465041006e-12
0.0001,1.0,0.0649243190641871,23.769183570259635,1.2725123135126604e-12
0.0001,1.0,0.0649243190641871,26.70347368991138,1.0132005120376643e-12
0.0001,1.0,0.0649243190641871,30.0,8.196302900096809e-13
0.0001,1.0,0.06940998547201,0.1,7.016744591626326e-10
0.0001,1.0,0.06940998547201,0.1123449344020514,7.843405656423664e-10
0.0001,1.0,0.06940998547201,0.1262138428580125,8.424568503138125e-10
0.0001,1.0,0.06940998547201,0.1417948589651424,8.834307781543728e-10
0.0001,1.0,0.06940998547201,0.1592993412898707,9.067507999179616e-10
0.0001,1.0,0.06940998547201,0.1789647404750054,9.121228977816716e-10
0.0001,1.0,0.06940998547201,0.2010578202894464,9.018167735361824e-10
0.0001,1.0,0.06940998547201,0.2258782763143731,8.799644980068041e-10
0.0001,1.0,0.06940998547201,0.2537628013538671,8.520880934977799e-10
0.0001,1.0,0.06940998547201,0.2850896527178103,8.22869481513264e-10
0.0001,1.0,0.06940998547201,0.3202837833328603,7.94295743234895e-10
0.0001,1.0,0.06940998547201,0.3598226062857105,7.674308644675629e-10
0.0001,1.0,0.06940998547201,0.4042424709954335,7.425645987816956e-10
0.0001,1.0,0.06940998547201,0.4541459388650518,7.194397446291133e-10
0.0001,1.0,0.06940998547201,0.5102099571075231,6.977034105473315e-10
0.0001,1.0,0.06940998547201,0.573195041625182,6.770405083241777e-10
0.0001,1.0,0.06940998547201,0.6439555935096224,6.564180865628663e-10
0.0001,1.0,0.06940998547201,0.7234514891067266,6.333228720469178e-10
0.0001,1.0,0.06940998547201,0.8127611008676167,6.045305290158267e-10
0.0001,1.0,0.06940998547201,0.9130959256151152,5.679924210500113e-10
0.0001,1.0,0.06940998547201,1.0258170186601063,5.235157488114117e-10
0.0001,1.0,0.06940998547201,1.1524534566987763,4.731577749233626e-10
0.0001,1.0,0.06940998547201,1.294723079942415,4.204680894992932e-10
0.0001,1.0,0.06940998547201,1.4545557948495271,3.6917997978490944e-10
0.0001,1.0,0.06940998547201,1.6341197535649394,3.193977622818658e-10
0.0001,1.0,0.06940998547201,1.835850765193496,2.6984647876280337e-10
0.0001,1.0,0.06940998547201,2.062485337876194,2.227571862571202e-10
0.0001,1.0,0.06940998547201,2.3170977998889395,1.810455944449136e-10
0.0001,1.0,0.06940998547201,2.6031420033166066,1.46958195913773e-10
0.0001,1.0,0.06940998547201,2.9244981760182918,1.193543302313022e-10
0.0001,1.0,0.06940998547201,3.285525557436941,9.500113533335385e-11
0.0001,1.0,0.06940998547201,3.6911215322651687,7.438527288633173e-11
0.0001,1.0,0.06940998547201,4.1467880641233,5.844324479003848e-11
0.0001,1.0,0.06940998547201,4.658706330431421,4.626694777400632e-11
0.0001,1.0,0.06940998547201,5.233820570907402,3.589303209303923e-11
0.0001,1.0,0.06940998547201,5.879932287106996,2.753867890509082e-11
0.0001,1.0,0.06940998547201,6.605806070835402,2.152746822177174e-11
0.0001,1.0,0.06940998547201,7.421288497006765,1.67108800970901e-11
0.0001,1.0,0.06940998547201,8.337441693749241,1.2708681342426705e-11
0.0001,1.0,0.06940998547201,9.366693401651878,9.819019630673661e-12
0.0001,1.0,0.06940998547201,10.523005557727087,7.64961278737093e-12
0.0001,1.0,0.06940998547201,11.822063690952728,5.812699068662917e-12
0.0001,1.0,0.06940998547201,13.281489698569583,4.477029453961386e-12
0.0001,1.0,0.06940998547201,14.921080889473224,3.5121979509813488e-12
0.0001,1.0,0.06940998547201,16.763078537355728,2.6815202064217482e-12
0.0001,1.0,0.06940998547201,18.83246958655666,2.0818806186155074e-12
0.0001,1.0,0.06940998547201,21.157325603303395,1.6518500517518232e-12
0.0001,1.0,0.06940998547201,23.769183570259635,1.275074285780074e-12
0.0001,1.0,0.06940998547201,26.70347368991138,1.0100834057561274e-12
0.0001,1.0,0.06940998547201,30.0,8.199697396249073e-13
0.0001,1.0,0.0742055696951029,0.1,6.249671589342927e-10
0.0001,1.0,0.0742055696951029,0.1123449344020514,7.220634587627196e-10
0.0001,1.0,0.0742055696951029,0.1262138428580125,7.924521966005907e-10
0.0001,1.0,0.0742055696951029,0.1417948589651424,8.438928782394203e-10
0.0001,1.0,0.0742055696951029,0.1592993412898707,8.759151197960101e-10
0.0001,1.0,0.0742055696951029,0.1789647404750054,8.886647837826694e-10
0.0001,1.0,0.0742055696951029,0.2010578202894464,8.843794115037853e-10
0.0001,1.0,0.0742055696951029,0.2258782763143731,8.675928393863296e-10
0.0001,1.0,0.0742055696951029,0.2537628013538671,8.437158787941858e-10
0.0001,1.0,0.0742055696951029,0.2850896527178103,8.176854815283542e-10
0.0001,1.0,0.0742055696951029,0.3202837833328603,7.918616945337353e-10
0.0001,1.0,0.0742055696951029,0.3598226062857105,7.672677919277452e-10
0.0001,1.0,0.0742055696951029,0.4042424709954335,7.443544773689923e-10
0.0001,1.0,0.0742055696951029,0.4541459388650518,7.229805613845787e-10
0.0001,1.0,0.0742055696951029,0.5102099571075231,7.027311211326053e-10
0.0001,1.0,0.0742055696951029,0.573195041625182,6.832106010215538e-10
0.0001,1.0,0.0742055696951029,0.6439555935096224,6.633912020073081e-10
0.0001,1.0,0.0742055696951029,0.7234514891067266,6.405875272088507e-10
0.0001,1.0,0.0742055696951029,0.8127611008676167,6.117651714275142e-10
0.0001,1.0,0.0742055696951029,0.9130959256151152,5.74976010650479e-10
0.0001,1.0,0.0742055696951029,1.0258170186601063,5.299591836416158e-10
0.0001,1.0,0.0742055696951029,1.1524534566987763,4.785607756840178e-10
0.0001,1.0,0.0742055696951029,1.294723079942415,4.243146237209861e-10
0.0001,1.0,0.0742055696951029,1.4545557948495271,3.71287928504411e-10
0.0001,1.0,0.0742055696951029,1.6341197535649394,3.210291770151061e-10
0.0001,1.0,0.0742055696951029,1.835850765193496,2.716043636365361e-10
0.0001,1.0,0.0742055696951029,2.062485337876194,2.2430759449168732e-10
0.0001,1.0,0.0742055696951029,2.3170977998889395,1.820386796080496e-10
0.0001,1.0,0.0742055696951029,2.6031420033166066,1.4723724077862132e-10
0.0001,1.0,0.0742055696951029,2.9244981760182918,1.195830395939716e-10
0.0001,1.0,0.0742055696951029,3.285525557436941,9.548046417366379e-11
0.0001,1.0,0.0742055696951029,3.6911215322651687,7.484330473053289e-11
0.0001,1.0,0.0742055696951029,4.1467880641233,5.863911967124326e-11
0.0001,1.0,0.0742055696951029,4.658706330431421,4.643960720395373e-11
0.0001,1.0,0.0742055696951029,5.233820570907402,3.6111944953749014e-11
0.0001,1.0,0.0742055696951029,5.879932287106996,2.7681055639707646e-11
0.0001,1.0,0.0742055696951029,6.605806070835402,2.1550864203352922e-11
0.0001,1.0,0.0742055696951029,7.421288497006765,1.6758355099748695e-11
0.0001,1.0,0.0742055696951029,8.337441693749241,1.274450729696529e-11
0.0001,1.0,0.0742055696951029,9.366693401651878,9.798748659128285e-12
0.0001,1.0,0.0742055696951029,10.523005557727087,7.652138218807049e-12
0.0001,1.0,0.0742055696951029,11.822063690952728,5.825779073954572e-12
0.0001,1.0,0.0742055696951029,13.281489698569583,4.468394487576618e-12
0.0001,1.0,0.0742055696951029,14.921080889473224,3.5108933698634618e-12
0.0001,1.0,0.0742055696951029,16.763078537355728,2.6868430369733118e-12
0.0001,1.0,0.0742055696951029,18.83246958655666,2.0767939421620117e-12
0.0001,1.0,0.0742055696951029,21.157325603303395,1.6509224939958433e-12
0.0001,1.0,0.0742055696951029,23.769183570259635,1.277093427859481e-12
0.0001,1.0,0.0742055696951029,26.70347368991138,1.0072030955700572e-12
0.0001,1.0,0.0742055696951029,30.0,8.197487920022091e-13
0.0001,1.0,0.0793324841711038,0.1,5.396264257069091e-10
0.0001,1.0,0.0793324841711038,0.1123449344020514,6.521252014484901e-10
0.0001,1.0,0.0793324841711038,0.1262138428580125,7.334758759504783e-10
0.0001,1.0,0.0793324841711038,0.1417948589651424,7.941263306242529e-10
0.0001,1.0,0.0793324841711038,0.1592993412898707,8.335836352485256e-10
0.0001,1.0,0.0793324841711038,0.1789647404750054,8.524985989707223e-10
0.0001,1.0,0.0793324841711038,0.2010578202894464,8.536618629672465e-10
0.0001,1.0,0.0793324841711038,0.2258782763143731,8.415078429796452e-10
0.0001,1.0,0.0793324841711038,0.2537628013538671,8.214794883780371e-10
0.0001,1.0,0.0793324841711038,0.2850896527178103,7.986359476795525e-10
0.0001,1.0,0.0793324841711038,0.3202837833328603,7.754859944302317e-10
0.0001,1.0,0.0793324841711038,0.3598226062857105,7.531720908738831e-10
0.0001,1.0,0.0793324841711038,0.4042424709954335,7.321941183809703e-10
0.0001,1.0,0.0793324841711038,0.4541459388650518,7.125015473163348e-10
0.0001,1.0,0.0793324841711038,0.5102099571075231,6.93769394302306e-10
0.0001,1.0,0.0793324841711038,0.573195041625182,6.754637210639478e-10
0.0001,1.0,0.0793324841711038,0.6439555935096224,6.56528731900423e-10
0.0001,1.0,0.0793324841711038,0.7234514891067266,6.343100866795813e-10
0.0001,1.0,0.0793324841711038,0.8127611008676167,6.059961638505017e-10
0.0001,1.0,0.0793324841711038,0.9130959256151152,5.698082536899192e-10
0.0001,1.0,0.0793324841711038,1.0258170186601063,5.254517699417454e-10
0.0001,1.0,0.0793324841711038,1.1524534566987763,4.744862786633336e-10
0.0001,1.0,0.0793324841711038,1.294723079942415,4.203158668526325e-10
0.0001,1.0,0.0793324841711038,1.4545557948495271,3.6704847638873613e-10
0.0001,1.0,0.0793324841711038,1.6341197535649394,3.1734399862153225e-10
0.0001,1.0,0.0793324841711038,1.835850765193496,2.6953054834693685e-10
0.0001,1.0,0.0793324841711038,2.062485337876194,2.2334987029673282e-10
0.0001,1.0,0.0793324841711038,2.3170977998889395,1.815170304217376e-10
0.0001,1.0,0.0793324841711038,2.6031420033166066,1.464957280765202e-10
0.0001,1.0,0.0793324841711038,2.9244981760182918,1.187661323666887e-10
0.0001,1.0,0.0793324841711038,3.285525557436941,9.504020718109572e-11
0.0001,1.0,0.0793324841711038,3.6911215322651687,7.453844794267476e-11
0.0001,1.0,0.0793324841711038,4.1467880641233,5.821907705940972e-11
0.0001,1.0,0.0793324841711038,4.658706330431421,4.607104786652828e-11
0.0001,1.0,0.0793324841711038,5.233820570907402,3.59418630574858e-11
0.0001,1.0,0.0793324841711038,5.879932287106996,2.7566262638360526e-11
0.0001,1.0,0.0793324841711038,6.605806070835402,2.140598997923424e-11
0.0001,1.0,0.0793324841711038,7.421288497006765,1.6712861313556848e-11
0.0001,1.0,0.0793324841711038,8.337441693749241,1.2752317886305912e-11
0.0001,1.0,0.0793324841711038,9.366693401651878,9.773971447469251e-12
0.0001,1.0,0.0793324841711038,10.523005557727087,7.643564457772397e-12
0.0001,1.0,0.0793324841711038,11.822063690952728,5.836948601772882e-12
0.0001,1.0,0.0793324841711038,13.281489698569583,4.457618184960155e-12
0.0001,1.0,0.0793324841711038,14.921080889473224,3.506100887863218e-12
0.0001,1.0,0.0793324841711038,16.763078537355728,2.691970411392817e-12
0.0001,1.0,0.0793324841711038,18.83246958655666,2.0711977936393913e-12
0.0001,1.0,0.0793324841711038,21.157325603303395,1.6492052842177735e-12
0.0001,1.0,0.0793324841711038,23.769183570259635,1.2797744918327548e-12
0.0001,1.0,0.0793324841711038,26.70347368991138,1.0042171787471774e-12
0.0001,1.0,0.0793324841711038,30.0,8.19105915493558e-13
0.0001,1.0,0.0848136207378754,0.1,4.4844395560018844e-10
0.0001,1.0,0.0848136207378754,0.1123449344020514,5.823478636915219e-10
0.0001,1.0,0.0848136207378754,0.1262138428580125,6.778827002745589e-10
0.0001,1.0,0.0848136207378754,0.1417948589651424,7.49194176040361e-10
0.0001,1.0,0.0848136207378754,0.1592993412898707,7.971335740928305e-10
0.0001,1.0,0.0848136207378754,0.1789647404750054,8.229161993604209e-10
0.0001,1.0,0.0848136207378754,0.2010578202894464,8.296584169879615e-10
0.0001,1.0,0.0848136207378754,0.2258782763143731,8.223092347288456e-10
0.0001,1.0,0.0848136207378754,0.2537628013538671,8.062023967764036e-10
0.0001,1.0,0.0848136207378754,0.2850896527178103,7.864880553356186e-10
0.0001,1.0,0.0848136207378754,0.3202837833328603,7.660408916741405e-10
0.0001,1.0,0.0848136207378754,0.3598226062857105,7.459856680593947e-10
0.0001,1.0,0.0848136207378754,0.4042424709954335,7.268930000214101e-10
0.0001,1.0,0.0848136207378754,0.4541459388650518,7.088791389095135e-10
0.0001,1.0,0.0848136207378754,0.5102099571075231,6.916148341069157e-10
0.0001,1.0,0.0848136207378754,0.573195041625182,6.745304532304262e-10
0.0001,1.0,0.0848136207378754,0.6439555935096224,6.564449826628557e-10
0.0001,1.0,0.0848136207378754,0.7234514891067266,6.346887829524867e-10
0.0001,1.0,0.0848136207378754,0.8127611008676167,6.066997714395993e-10
0.0001,1.0,0.0848136207378754,0.9130959256151152,5.707724807058239e-10
0.0001,1.0,0.0848136207378754,1.0258170186601063,5.265814838994342e-10
0.0001,1.0,0.0848136207378754,1.1524534566987763,4.754819982698171e-10
0.0001,1.0,0.0848136207378754,1.294723079942415,4.207010817270674e-10
0.0001,1.0,0.0848136207378754,1.4545557948495271,3.663494983592837e-10
0.0001,1.0,0.0848136207378754,1.6341197535649394,3.1591729961845534e-10
0.0001,1.0,0.0848136207378754,1.835850765193496,2.6885852220677515e-10
0.0001,1.0,0.0848136207378754,2.062485337876194,2.2334742294387505e-10
0.0001,1.0,0.0848136207378754,2.3170977998889395,1.8166256385849173e-10
0.0001,1.0,0.0848136207378754,2.6031420033166066,1.462892045525689e-10
0.0001,1.0,0.0848136207378754,2.9244981760182918,1.1829620846152933e-10
0.0001,1.0,0.0848136207378754,3.285525557436941,9.493895034838138e-11
0.0001,1.0,0.0848136207378754,3.6911215322651687,7.459472840602123e-11
0.0001,1.0,0.0848136207378754,4.1467880641233,5.8149161650515424e-11
0.0001,1.0,0.0848136207378754,4.658706330431421,4.593438335386818e-11
0.0001,1.0,0.0848136207378754,5.233820570907402,3.59595311564709e-11
0.0001,1.0,0.0848136207378754,5.879932287106996,2.7607340247134814e-11
0.0001,1.0,0.0848136207378754,6.605806070835402,2.135527941792006e-11
0.0001,1.0,0.0848136207378754,7.421288497006765,1.6704830350918545e-11
0.0001,1.0,0.0848136207378754,8.337441693749241,1.2773105725596491e-11
0.0001,1.0,0.0848136207378754,9.366693401651878,9.754623710466677e-12
0.0001,1.0,0.0848136207378754,10.523005557727087,7.632019571582278e-12
0.0001,1.0,0.0848136207378754,11.822063690952728,5.845433838748735e-12
0.0001,1.0,0.0848136207378754,13.281489698569583,4.45011234812955e-12
0.0001,1.0,0.0848136207378754,14.921080889473224,3.5002765981734355e-12
0.0001,1.0,0.0848136207378754,16.763078537355728,2.6955888996602065e-12
0.0001,1.0,0.0848136207378754,18.83246958655666,2.067072615635406e-12
0.0001,1.0,0.0848136207378754,21.157325603303395,1.646536084184331e-12
0.0001,1.0,0.0848136207378754,23.769183570259635,1.2819366486691974e-12
0.0001,1.0,0.0848136207378754,26.70347368991138,1.0017983086618412e-12
0.0001,1.0,0.0848136207378754,30.0,8.183619333936786e-13
0.0001,1.0,0.0906734528462968,0.1,3.389403948627422e-10
0.0001,1.0,0.0906734528462968,0.1123449344020514,5.080176827231175e-10
0.0001,1.0,0.0906734528462968,0.1262138428580125,6.204478600163043e-10
0.0001,1.0,0.0906734528462968,0.1417948589651424,7.041549824522532e-10
0.0001,1.0,0.0906734528462968,0.1592993412898707,7.610788936766984e-10
0.0001,1.0,0.0906734528462968,0.1789647404750054,7.937789987288153e-10
0.0001,1.0,0.0906734528462968,0.2010578202894464,8.062693508278313e-10
0.0001,1.0,0.0906734528462968,0.2258782763143731,8.035373492252011e-10
0.0001,1.0,0.0906734528462968,0.2537628013538671,7.913728663796618e-10
0.0001,1.0,0.0906734528462968,0.2850896527178103,7.748153420336778e-10
0.0001,1.0,0.0906734528462968,0.3202837833328603,7.569770754783876e-10
0.0001,1.0,0.0906734528462968,0.3598226062857105,7.392006878701994e-10
0.0001,1.0,0.0906734528462968,0.4042424709954335,7.219924679334417e-10
0.0001,1.0,0.0906734528462968,0.4541459388650518,7.055888727400703e-10
0.0001,1.0,0.0906734528462968,0.5102099571075231,6.897900758407701e-10
0.0001,1.0,0.0906734528462968,0.573195041625182,6.739159791109113e-10
0.0001,1.0,0.0906734528462968,0.6439555935096224,6.566672689855398e-10
0.0001,1.0,0.0906734528462968,0.7234514891067266,6.35445119783488e-10
0.0001,1.0,0.0906734528462968,0.8127611008676167,6.078358135291868e-10
0.0001,1.0,0.0906734528462968,0.9130959256151152,5.722492554013291e-10
0.0001,1.0,0.0906734528462968,1.0258170186601063,5.283181353166851e-10
0.0001,1.0,0.0906734528462968,1.1524534566987763,4.771988100988284e-10
0.0001,1.0,0.0906734528462968,1.294723079942415,4.219234730575241e-10
0.0001,1.0,0.0906734528462968,1.4545557948495271,3.665040364513017e-10
0.0001,1.0,0.0906734528462968,1.6341197535649394,3.149385140006366e-10
0.0001,1.0,0.0906734528462968,1.835850765193496,2.681935832528079e-10
0.0001,1.0,0.0906734528462968,2.062485337876194,2.234332522332925e-10
0.0001,1.0,0.0906734528462968,2.3170977998889395,1.819882550053851e-10
0.0001,1.0,0.0906734528462968,2.6031420033166066,1.4632799761422643e-10
0.0001,1.0,0.0906734528462968,2.9244981760182918,1.1793253808288417e-10
0.0001,1.0,0.0906734528462968,3.285525557436941,9.48802587762224e-11
0.0001,1.0,0.0906734528462968,3.6911215322651687,7.473318361530943e-11
0.0001,1.0,0.0906734528462968,4.1467880641233,5.818059412011642e-11
0.0001,1.0,0.0906734528462968,4.658706330431421,4.5804873093819395e-11
0.0001,1.0,0.0906734528462968,5.233820570907402,3.595657546393811e-11
0.0001,1.0,0.0906734528462968,5.879932287106996,2.7642861561213897e-11
0.0001,1.0,0.0906734528462968,6.605806070835402,2.12891503650945e-11
0.0001,1.0,0.0906734528462968,7.421288497006765,1.6674496219697768e-11
0.0001,1.0,0.0906734528462968,8.337441693749241,1.278830511207732e-11
0.0001,1.0,0.0906734528462968,9.366693401651878,9.734921919408689e-12
0.0001,1.0,0.0906734528462968,10.523005557727087,7.612247561269603e-12
0.0001,1.0,0.0906734528462968,11.822063690952728,5.853647735075396e-12
0.0001,1.0,0.0906734528462968,13.281489698569583,4.4437975019972675e-12
0.0001,1.0,0.0906734528462968,14.921080889473224,3.4908574750788674e-12
0.0001,1.0,0.0906734528462968,16.763078537355728,2.699605206067841e-12
0.0001,1.0,0.0906734528462968,18.83246958655666,2.0635951953067334e-12
0.0001,1.0,0.0906734528462968,21.157325603303395,1.6429262355478764e-12
0.0001,1.0,0.0906734528462968,23.769183570259635,1.28404752269275e-12
0.0001,1.0,0.0906734528462968,26.70347368991138,9.9945868205412e-13
0.0001,1.0,0.0906734528462968,30.0,8.169943072685886e-13
0.0001,1.0,0.0969381448350081,0.1,1.6852087119337086e-10
0.0001,1.0,0.0969381448350081,0.1123449344020514,4.2368783702030157e-10
0.0001,1.0,0.0969381448350081,0.1262138428580125,5.602858265231939e-10
0.0001,1.0,0.0969381448350081,0.1417948589651424,6.585366137657812e-10
0.0001,1.0,0.0969381448350081,0.1592993412898707,7.257280911161255e-10
0.0001,1.0,0.0969381448350081,0.1789647404750054,7.658563325338225e-10
0.0001,1.0,0.0969381448350081,0.2010578202894464,7.839680214371204e-10
0.0001,1.0,0.0969381448350081,0.2258782763143731,7.860653252353671e-10
0.0001,1.0,0.0969381448350081,0.2537628013538671,7.777353154950221e-10
0.0001,1.0,0.0969381448350081,0.2850896527178103,7.64301426316491e-10
0.0001,1.0,0.0969381448350081,0.3202837833328603,7.491499355130546e-10
0.0001,1.0,0.0969381448350081,0.3598226062857105,7.335532261517274e-10
0.0001,1.0,0.0969381448350081,0.4042424709954335,7.18239714081527e-10
0.0001,1.0,0.0969381448350081,0.4541459388650518,7.034551757755919e-10
0.0001,1.0,0.0969381448350081,0.5102099571075231,6.89033837871812e-10
0.0001,1.0,0.0969381448350081,0.573195041625182,6.743895071037988e-10
0.0001,1.0,0.0969381448350081,0.6439555935096224,6.5796416882256e-10
0.0001,1.0,0.0969381448350081,0.7234514891067266,6.373029755590379e-10
0.0001,1.0,0.0969381448350081,0.8127611008676167,6.101664281364728e-10
0.0001,1.0,0.0969381448350081,0.9130959256151152,5.74966031277972e-10
0.0001,1.0,0.0969381448350081,1.0258170186601063,5.31356100615886e-10
0.0001,1.0,0.0969381448350081,1.1524534566987763,4.803117788586139e-10
0.0001,1.0,0.0969381448350081,1.294723079942415,4.2459753188045494e-10
0.0001,1.0,0.0969381448350081,1.4545557948495271,3.6808372932216054e-10
0.0001,1.0,0.0969381448350081,1.6341197535649394,3.150506597996298e-10
0.0001,1.0,0.0969381448350081,1.835850765193496,2.678201292399917e-10
0.0001,1.0,0.0969381448350081,2.062485337876194,2.236933767593627e-10
0.0001,1.0,0.0969381448350081,2.3170977998889395,1.8248103412269424e-10
0.0001,1.0,0.0969381448350081,2.6031420033166066,1.4654884831127195e-10
0.0001,1.0,0.0969381448350081,2.9244981760182918,1.176499725535568e-10
0.0001,1.0,0.0969381448350081,3.285525557436941,9.479803490482534e-11
0.0001,1.0,0.0969381448350081,3.6911215322651687,7.491918758441537e-11
0.0001,1.0,0.0969381448350081,4.1467880641233,5.833990814735312e-11
0.0001,1.0,0.0969381448350081,4.658706330431421,4.577759630438096e-11
0.0001,1.0,0.0969381448350081,5.233820570907402,3.604656593364252e-11
0.0001,1.0,0.0969381448350081,5.879932287106996,2.7789706511718497e-11
0.0001,1.0,0.0969381448350081,6.605806070835402,2.133367384392679e-11
0.0001,1.0,0.0969381448350081,7.421288497006765,1.670592505284653e-11
0.0001,1.0,0.0969381448350081,8.337441693749241,1.2853701240891312e-11
0.0001,1.0,0.0969381448350081,9.366693401651878,9.759259172739593e-12
0.0001,1.0,0.0969381448350081,10.523005557727087,7.610259292554949e-12
0.0001,1.0,0.0969381448350081,11.822063690952728,5.865984974027506e-12
0.0001,1.0,0.0969381448350081,13.281489698569583,4.442280779194121e-12
0.0001,1.0,0.0969381448350081,14.921080889473224,3.47989695086383e-12
0.0001,1.0,0.0969381448350081,16.763078537355728,2.7018445809346864e-12
0.0001,1.0,0.0969381448350081,18.83246958655666,2.061995755389941e-12
0.0001,1.0,0.0969381448350081,21.157325603303395,1.6380340787127438e-12
0.0001,1.0,0.0969381448350081,23.769183570259635,1.2858649617496932e-12
0.0001,1.0,0.0969381448350081,26.70347368991138,9.977954841070421e-13
0.0001,1.0,0.0969381448350081,30.0,8.15245816009775e-13
0.0001,1.0,0.1036356687550228,0.1,2.3963090787524386e-11
0.0001,1.0,0.1036356687550228,0.1123449344020514,3.143777247040112e-10
0.0001,1.0,0.1036356687550228,0.1262138428580125,4.901391297992554e-10
0.0001,1.0,0.1036356687550228,0.1417948589651424,6.072115084378036e-10
0.0001,1.0,0.1036356687550228,0.1592993412898707,6.854834267032048e-10
0.0001,1.0,0.1036356687550228,0.1789647404750054,7.332920348341061e-10
0.0001,1.0,0.1036356687550228,0.2010578202894464,7.57234829640721e-10
0.0001,1.0,0.1036356687550228,0.2258782763143731,7.63761504592034e-10
0.0001,1.0,0.1036356687550228,0.2537628013538671,7.593642235642563e-10
0.0001,1.0,0.1036356687550228,0.2850896527178103,7.490594550037642e-10
0.0001,1.0,0.1036356687550228,0.3202837833328603,7.364686619229773e-10
0.0001,1.0,0.1036356687550228,0.3598226062857105,7.231484989307681e-10
0.0001,1.0,0.1036356687550228,0.4042424709954335,7.096871613308975e-10
0.0001,1.0,0.1036356687550228,0.4541459388650518,6.964650487141364e-10
0.0001,1.0,0.1036356687550228,0.5102099571075231,6.834545491968433e-10
0.0001,1.0,0.1036356687550228,0.573195041625182,6.699923444274573e-10
0.0001,1.0,0.1036356687550228,0.6439555935096224,6.544392679288444e-10
0.0001,1.0,0.1036356687550228,0.7234514891067266,6.344953676671495e-10
0.0001,1.0,0.1036356687550228,0.8127611008676167,6.08035442436989e-10
0.0001,1.0,0.1036356687550228,0.9130959256151152,5.735510262995912e-10
0.0001,1.0,0.1036356687550228,1.0258170186601063,5.306943086067883e-10
0.0001,1.0,0.1036356687550228,1.1524534566987763,4.802752512095407e-10
0.0001,1.0,0.1036356687550228,1.294723079942415,4.2479905896585644e-10
0.0001,1.0,0.1036356687550228,1.4545557948495271,3.678802968792134e-10
0.0001,1.0,0.1036356687550228,1.6341197535649394,3.1389453552639425e-10
0.0001,1.0,0.1036356687550228,1.835850765193496,2.6607778398543075e-10
0.0001,1.0,0.1036356687550228,2.062485337876194,2.228743159164177e-10
0.0001,1.0,0.1036356687550228,2.3170977998889395,1.8234590737360206e-10
0.0001,1.0,0.1036356687550228,2.6031420033166066,1.4645349372155041e-10
0.0001,1.0,0.1036356687550228,2.9244981760182918,1.1710435867606098e-10
0.0001,1.0,0.1036356687550228,3.285525557436941,9.424106279794832e-11
0.0001,1.0,0.1036356687550228,3.6911215322651687,7.466154064185814e-11
0.0001,1.0,0.1036356687550228,4.1467880641233,5.811293235180312e-11
0.0001,1.0,0.1036356687550228,4.658706330431421,4.538293748389836e-11
0.0001,1.0,0.1036356687550228,5.233820570907402,3.5781511691720143e-11
0.0001,1.0,0.1036356687550228,5.879932287106996,2.7654103760564193e-11
0.0001,1.0,0.1036356687550228,6.605806070835402,2.1180538794796477e-11
0.0001,1.0,0.1036356687550228,7.421288497006765,1.65600400709211e-11
0.0001,1.0,0.1036356687550228,8.337441693749241,1.2797480041840126e-11
0.0001,1.0,0.1036356687550228,9.366693401651878,9.719777363651721e-12
0.0001,1.0,0.1036356687550228,10.523005557727087,7.557501833421499e-12
0.0001,1.0,0.1036356687550228,11.822063690952728,5.857538328269112e-12
0.0001,1.0,0.1036356687550228,13.281489698569583,4.441713925470779e-12
0.0001,1.0,0.1036356687550228,14.921080889473224,3.4655933978218423e-12
0.0001,1.0,0.1036356687550228,16.763078537355728,2.7033514252141e-12
0.0001,1.0,0.1036356687550228,18.83246958655666,2.061479422768986e-12
0.0001,1.0,0.1036356687550228,21.157325603303395,1.6321441914926764e-12
0.0001,1.0,0.1036356687550228,23.769183570259635,1.2867555181698662e-12
0.0001,1.0,0.1036356687550228,26.70347368991138,9.966612927391748e-13
0.0001,1.0,0.1036356687550228,30.0,8.128813334262452e-13
0.0001,1.0,0.1107959292658349,0.1,0.0
0.0001,1.0,0.1107959292658349,0.1123449344020514,1.342226896806119e-10
0.0001,1.0,0.1107959292658349,0.1262138428580125,4.071118886939485e-10
0.0001,1.0,0.1107959292658349,0.1417948589651424,5.51510337607458e-10
0.0001,1.0,0.1107959292658349,0.1592993412898707,6.446717202646818e-10
0.0001,1.0,0.1107959292658349,0.1789647404750054,7.01329055072835e-10
0.0001,1.0,0.1107959292658349,0.2010578202894464,7.313368974904165e-10
0.0001,1.0,0.1107959292658349,0.2258782763143731,7.42792571214081e-10
0.0001,1.0,0.1107959292658349,0.2537628013538671,7.421358923406023e-10
0.0001,1.0,0.1107959292658349,0.2850896527178103,7.35034926354663e-10
0.0001,1.0,0.1107959292658349,0.3202837833328603,7.251252018118367e-10
0.0001,1.0,0.1107959292658349,0.3598226062857105,7.139514329048889e-10
0.0001,1.0,0.1107959292658349,0.4042424709954335,7.02411447704014e-10
0.0001,1.0,0.1107959292658349,0.4541459388650518,6.907628366308506e-10
0.0001,1.0,0.1107959292658349,0.5102099571075231,6.790751800410967e-10
0.0001,1.0,0.1107959292658349,0.573195041625182,6.668120421785761e-10
0.0001,1.0,0.1107959292658349,0.6439555935096224,6.521292591238533e-10
0.0001,1.0,0.1107959292658349,0.7234514891067266,6.329322166005044e-10
0.0001,1.0,0.1107959292658349,0.8127611008676167,6.072221565091884e-10
0.0001,1.0,0.1107959292658349,0.9130959256151152,5.735086287944519e-10
0.0001,1.0,0.1107959292658349,1.0258170186601063,5.31457560685436e-10
0.0001,1.0,0.1107959292658349,1.1524534566987763,4.817547611732788e-10
0.0001,1.0,0.1107959292658349,1.294723079942415,4.266037829215899e-10
0.0001,1.0,0.1107959292658349,1.4545557948495271,3.693297908886953e-10
0.0001,1.0,0.1107959292658349,1.6341197535649394,3.1430352725495766e-10
0.0001,1.0,0.1107959292658349,1.835850765193496,2.652735511051274e-10
0.0001,1.0,0.1107959292658349,2.062485337876194,2.2239772630083499e-10
0.0001,1.0,0.1107959292658349,2.3170977998889395,1.8251392786351938e-10
0.0001,1.0,0.1107959292658349,2.6031420033166066,1.467127450864997e-10
0.0001,1.0,0.1107959292658349,2.9244981760182918,1.169717294302266e-10
0.0001,1.0,0.1107959292658349,3.285525557436941,9.392779630472112e-11
0.0001,1.0,0.1107959292658349,3.6911215322651687,7.470104787790647e-11
0.0001,1.0,0.1107959292658349,4.1467880641233,5.823904108116081e-11
0.0001,1.0,0.1107959292658349,4.658706330431421,4.530895014184999e-11
0.0001,1.0,0.1107959292658349,5.233820570907402,3.571903399648229e-11
0.0001,1.0,0.1107959292658349,5.879932287106996,2.7692560041649485e-11
0.0001,1.0,0.1107959292658349,6.605806070835402,2.117683693845112e-11
0.0001,1.0,0.1107959292658349,7.421288497006765,1.6493113439834992e-11
0.0001,1.0,0.1107959292658349,8.337441693749241,1.279417637392676e-11
0.0001,1.0,0.1107959292658349,9.366693401651878,9.718097234162186e-12
0.0001,1.0,0.1107959292658349,10.523005557727087,7.518266152962277e-12
0.0001,1.0,0.1107959292658349,11.822063690952728,5.849837977960147e-12
0.0001,1.0,0.1107959292658349,13.281489698569583,4.4414877922966946e-12
0.0001,1.0,0.1107959292658349,14.921080889473224,3.4454142472798444e-12
0.0001,1.0,0.1107959292658349,16.763078537355728,2.698908188563221e-12
0.0001,1.0,0.1107959292658349,18.83246958655666,2.06006978942998e-12
0.0001,1.0,0.1107959292658349,21.157325603303395,1.6221996888377778e-12
0.0001,1.0,0.1107959292658349,23.769183570259635,1.284762047298169e-12
0.0001,1.0,0.1107959292658349,26.70347368991138,9.943374283109093e-13
0.0001,1.0,0.1107959292658349,30.0,8.083406227284216e-13
0.0001,1.0,0.1184508971606838,0.1,0.0
0.0001,1.0,0.1184508971606838,0.1123449344020514,4.1753467449851805e-12
0.0001,1.0,0.1184508971606838,0.1262138428580125,2.8666059960424134e-10
0.0001,1.0,0.1184508971606838,0.1417948589651424,4.861298761582766e-10
0.0001,1.0,0.1184508971606838,0.1592993412898707,5.990253440541768e-10
0.0001,1.0,0.1184508971606838,0.1789647404750054,6.667463650689569e-10
0.0001,1.0,0.1184508971606838,0.2010578202894464,7.037215282140365e-10
0.0001,1.0,0.1184508971606838,0.2258782763143731,7.198989202983262e-10
0.0001,1.0,0.1184508971606838,0.2537628013538671,7.234130442209469e-10
0.0001,1.0,0.1184508971606838,0.2850896527178103,7.194665561809045e-10
0.0001,1.0,0.1184508971606838,0.3202837833328603,7.121759467365806e-10
0.0001,1.0,0.1184508971606838,0.3598226062857105,7.03355504581936e-10
0.0001,1.0,0.1184508971606838,0.4042424709954335,6.936368198929086e-10
0.0001,1.0,0.1184508971606838,0.4541459388650518,6.835859897133912e-10
0.0001,1.0,0.1184508971606838,0.5102099571075231,6.732729923668348e-10
0.0001,1.0,0.1184508971606838,0.573195041625182,6.621004520158393e-10
0.0001,1.0,0.1184508971606838,0.6439555935096224,6.483935587408701e-10
0.0001,1.0,0.1184508971606838,0.7234514891067266,6.300573807882766e-10
0.0001,1.0,0.1184508971606838,0.8127611008676167,6.05214860237212e-10
0.0001,1.0,0.1184508971606838,0.9130959256151152,5.725106243222222e-10
0.0001,1.0,0.1184508971606838,1.0258170186601063,5.315425136590963e-10
0.0001,1.0,0.1184508971606838,1.1524534566987763,4.829265734717012e-10
0.0001,1.0,0.1184508971606838,1.294723079942415,4.285875550332604e-10
0.0001,1.0,0.1184508971606838,1.4545557948495271,3.714804028371664e-10
0.0001,1.0,0.1184508971606838,1.6341197535649394,3.158676205090818e-10
0.0001,1.0,0.1184508971606838,1.835850765193496,2.657122840674106e-10
0.0001,1.0,0.1184508971606838,2.062485337876194,2.226611491358533e-10
0.0001,1.0,0.1184508971606838,2.3170977998889395,1.8357864166214956e-10
0.0001,1.0,0.1184508971606838,2.6031420033166066,1.4798696565999236e-10
0.0001,1.0,0.1184508971606838,2.9244981760182918,1.1783123501848073e-10
0.0001,1.0,0.1184508971606838,3.285525557436941,9.425006405292989e-11
0.0001,1.0,0.1184508971606838,3.6911215322651687,7.514654190936496e-11
0.0001,1.0,0.1184508971606838,4.1467880641233,5.866358273189355e-11
0.0001,1.0,0.1184508971606838,4.658706330431421,4.545192204960121e-11
0.0001,1.0,0.1184508971606838,5.233820570907402,3.5712231006045347e-11
0.0001,1.0,0.1184508971606838,5.879932287106996,2.7750192944799914e-11
0.0001,1.0,0.1184508971606838,6.605806070835402,2.1184369781871016e-11
0.0001,1.0,0.1184508971606838,7.421288497006765,1.6406742863792423e-11
0.0001,1.0,0.1184508971606838,8.337441693749241,1.277514481318778e-11
0.0001,1.0,0.1184508971606838,9.366693401651878,9.719850421173144e-12
0.0001,1.0,0.1184508971606838,10.523005557727087,7.477907423454551e-12
0.0001,1.0,0.1184508971606838,11.822063690952728,5.837510498123738e-12
0.0001,1.0,0.1184508971606838,13.281489698569583,4.442561060521389e-12
0.0001,1.0,0.1184508971606838,14.921080889473224,3.4268950659215917e-12
0.0001,1.0,0.1184508971606838,16.763078537355728,2.6929997575196883e-12
0.0001,1.0,0.1184508971606838,18.83246958655666,2.05932957082219e-12
0.0001,1.0,0.1184508971606838,21.157325603303395,1.6125700724394851e-12
0.0001,1.0,0.1184508971606838,23.769183570259635,1.2819128383409365e-12
0.0001,1.0,0.1184508971606838,26.70347368991138,9.92851280044153e-13
0.0001,1.0,0.1184508971606838,30.0,8.035112080326821e-13
0.0001,1.0,0.1266347521171734,0.1,0.0
0.0001,1.0,0.1266347521171734,0.1123449344020514,0.0
0.0001,1.0,0.1266347521171734,0.1262138428580125,9.526302968381593e-11
0.0001,1.0,0.1266347521171734,0.1417948589651424,3.9770112702014745e-10
0.0001,1.0,0.1266347521171734,0.1592993412898707,5.436930331707797e-10
0.0001,1.0,0.1266347521171734,0.1789647404750054,6.254922742433808e-10
0.0001,1.0,0.1266347521171734,0.2010578202894464,6.706096340380813e-10
0.0001,1.0,0.1266347521171734,0.2258782763143731,6.925550251109489e-10
0.0001,1.0,0.1266347521171734,0.2537628013538671,6.999733373544308e-10
0.0001,1.0,0.1266347521171734,0.2850896527178103,6.995682407827147e-10
0.0001,1.0,0.1266347521171734,0.3202837833328603,6.950475744301797e-10
0.0001,1.0,0.1266347521171734,0.3598226062857105,6.884317801669548e-10
0.0001,1.0,0.1266347521171734,0.4042424709954335,6.807509522621937e-10
0.0001,1.0,0.1266347521171734,0.4541459388650518,6.7229505608369e-10
0.0001,1.0,0.1266347521171734,0.5102099571075231,6.63288909131834e-10
0.0001,1.0,0.1266347521171734,0.573195041625182,6.532741400742597e-10
0.0001,1.0,0.1266347521171734,0.6439555935096224,6.405259704568706e-10
0.0001,1.0,0.1266347521171734,0.7234514891067266,6.231137366558893e-10
0.0001,1.0,0.1266347521171734,0.8127611008676167,5.992523782400682e-10
0.0001,1.0,0.1266347521171734,0.9130959256151152,5.675925108979485e-10
0.0001,1.0,0.1266347521171734,1.0258170186601063,5.278186862844145e-10
0.0001,1.0,0.1266347521171734,1.1524534566987763,4.804883662148553e-10
0.0001,1.0,0.1266347521171734,1.294723079942415,4.2721191571593223e-10
0.0001,1.0,0.1266347521171734,1.4545557948495271,3.7064356607959347e-10
0.0001,1.0,0.1266347521171734,1.6341197535649394,3.14786714399162e-10
0.0001,1.0,0.1266347521171734,1.835850765193496,2.6369247841510295e-10
0.0001,1.0,0.1266347521171734,2.062485337876194,2.200523738698633e-10
0.0001,1.0,0.1266347521171734,2.3170977998889395,1.8188520738071762e-10
0.0001,1.0,0.1266347521171734,2.6031420033166066,1.4695651535834882e-10
0.0001,1.0,0.1266347521171734,2.9244981760182918,1.1687675824230536e-10
0.0001,1.0,0.1266347521171734,3.285525557436941,9.305955679255785e-11
0.0001,1.0,0.1266347521171734,3.6911215322651687,7.436136291112635e-11
0.0001,1.0,0.1266347521171734,4.1467880641233,5.826125477025897e-11
0.0001,1.0,0.1266347521171734,4.658706330431421,4.510247693785408e-11
0.0001,1.0,0.1266347521171734,5.233820570907402,3.5356980795063816e-11
0.0001,1.0,0.1266347521171734,5.879932287106996,2.762432178979e-11
0.0001,1.0,0.1266347521171734,6.605806070835402,2.1146176469155694e-11
0.0001,1.0,0.1266347521171734,7.421288497006765,1.630482712572372e-11
0.0001,1.0,0.1266347521171734,8.337441693749241,1.2729505607999376e-11
0.0001,1.0,0.1266347521171734,9.366693401651878,9.711296976875367e-12
0.0001,1.0,0.1266347521171734,10.523005557727087,7.432129148500583e-12
0.0001,1.0,0.1266347521171734,11.822063690952728,5.813071742623947e-12
0.0001,1.0,0.1266347521171734,13.281489698569583,4.438702559766525e-12
0.0001,1.0,0.1266347521171734,14.921080889473224,3.40457629725127e-12
0.0001,1.0,0.1266347521171734,16.763078537355728,2.681604566503157e-12
0.0001,1.0,0.1266347521171734,18.83246958655666,2.05883953952466e-12
0.0001,1.0,0.1266347521171734,21.157325603303395,1.6010478867434182e-12
0.0001,1.0,0.1266347521171734,23.769183570259635,1.2777647509905576e-12
0.0001,1.0,0.1266347521171734,26.70347368991138,9.924134287053517e-13
0.0001,1.0,0.1266347521171734,30.0,7.978839683398611e-13
0.0001,1.0,0.1353840353106312,0.1,0.0
0.0001,1.0,0.1353840353106312,0.1123449344020514,0.0
0.0001,1.0,0.1353840353106312,0.1262138428580125,0.0
0.0001,1.0,0.1353840353106312,0.1417948589651424,2.49517489633151e-10
0.0001,1.0,0.1353840353106312,0.1592993412898707,4.78503505247587e-10
0.0001,1.0,0.1353840353106312,0.1789647404750054,5.827353326826293e-10
0.0001,1.0,0.1353840353106312,0.2010578202894464,6.387486666326528e-10
0.0001,1.0,0.1353840353106312,0.2258782763143731,6.669410231524727e-10
0.0001,1.0,0.1353840353106312,0.2537628013538671,6.793955785335784e-10
0.0001,1.0,0.1353840353106312,0.2850896527178103,6.824159683187661e-10
0.0001,1.0,0.1353840353106312,0.3202837833328603,6.808334214616998e-10
0.0001,1.0,0.1353840353106312,0.3598226062857105,6.767855609011507e-10
0.0001,1.0,0.1353840353106312,0.4042424709954335,6.709967980545157e-10
0.0001,1.0,0.1353840353106312,0.4541459388650518,6.642719154797761e-10
0.0001,1.0,0.1353840353106312,0.5102099571075231,6.566881327615397e-10
0.0001,1.0,0.1353840353106312,0.573195041625182,6.477172966275095e-10
0.0001,1.0,0.1353840353106312,0.6439555935096224,6.360033604016106e-10
0.0001,1.0,0.1353840353106312,0.7234514891067266,6.195622455734961e-10
0.0001,1.0,0.1353840353106312,0.8127611008676167,5.966357279434318e-10
0.0001,1.0,0.1353840353106312,0.9130959256151152,5.659671533849211e-10
0.0001,1.0,0.1353840353106312,1.0258170186601063,5.272577271789754e-10
0.0001,1.0,0.1353840353106312,1.1524534566987763,4.811594395354528e-10
0.0001,1.0,0.1353840353106312,1.294723079942415,4.2899055560800394e-10
0.0001,1.0,0.1353840353106312,1.4545557948495271,3.729820512123272e-10
0.0001,1.0,0.1353840353106312,1.6341197535649394,3.168880543358755e-10
0.0001,1.0,0.1353840353106312,1.835850765193496,2.646821860913404e-10
0.0001,1.0,0.1353840353106312,2.062485337876194,2.1964903000630997e-10
0.0001,1.0,0.1353840353106312,2.3170977998889395,1.816137542347944e-10
0.0001,1.0,0.1353840353106312,2.6031420033166066,1.4708202485823132e-10
0.0001,1.0,0.1353840353106312,2.9244981760182918,1.168905356679395e-10
0.0001,1.0,0.1353840353106312,3.285525557436941,9.259589430927624e-11
0.0001,1.0,0.1353840353106312,3.6911215322651687,7.394480427632823e-11
0.0001,1.0,0.1353840353106312,4.1467880641233,5.814005338815287e-11
0.0001,1.0,0.1353840353106312,4.658706330431421,4.498964725667178e-11
0.0001,1.0,0.1353840353106312,5.233820570907402,3.510164363564001e-11
0.0001,1.0,0.1353840353106312,5.879932287106996,2.7525922741924166e-11
0.0001,1.0,0.1353840353106312,6.605806070835402,2.1128647779929998e-11
0.0001,1.0,0.1353840353106312,7.421288497006765,1.621892856555591e-11
0.0001,1.0,0.1353840353106312,8.337441693749241,1.2687209399439881e-11
0.0001,1.0,0.1353840353106312,9.366693401651878,9.717993491253793e-12
0.0001,1.0,0.1353840353106312,10.523005557727087,7.409145762130053e-12
0.0001,1.0,0.1353840353106312,11.822063690952728,5.799714762891953e-12
0.0001,1.0,0.1353840353106312,13.281489698569583,4.449670301100103e-12
0.0001,1.0,0.1353840353106312,14.921080889473224,3.3974794820196727e-12
0.0001,1.0,0.1353840353106312,16.763078537355728,2.679152847237061e-12
0.0001,1.0,0.1353840353106312,18.83246958655666,2.066538858529705e-12
0.0001,1.0,0.1353840353106312,21.157325603303395,1.5983226291067277e-12
0.0001,1.0,0.1353840353106312,23.769183570259635,1.2784798691749093e-12
0.0001,1.0,0.1353840353106312,26.70347368991138,9.957827564156286e-13
0.0001,1.0,0.1353840353106312,30.0,7.951943782025255e-13
0.0001,1.0,0.1447378125716298,0.1,0.0
0.0001,1.0,0.1447378125716298,0.1123449344020514,0.0
0.0001,1.0,0.1447378125716298,0.1262138428580125,0.0
0.0001,1.0,0.1447378125716298,0.1417948589651424,6.051104878343411e-11
0.0001,1.0,0.1447378125716298,0.1592993412898707,3.8257441312807965e-10
0.0001,1.0,0.1447378125716298,0.1789647404750054,5.268140039027644e-10
0.0001,1.0,0.1447378125716298,0.2010578202894464,6.000909072414707e-10
0.0001,1.0,0.1447378125716298,0.2258782763143731,6.372703890604019e-10
0.0001,1.0,0.1447378125716298,0.2537628013538671,6.546782866413598e-10
0.0001,1.0,0.1447378125716298,0.2850896527178103,6.621365240370092e-10
0.0001,1.0,0.1447378125716298,0.3202837833328603,6.637149440757277e-10
0.0001,1.0,0.1447378125716298,0.3598226062857105,6.621523679425709e-10
0.0001,1.0,0.1447378125716298,0.4042424709954335,6.587208629746376e-10
0.0001,1.0,0.1447378125716298,0.4541459388650518,6.536923513188197e-10
0.0001,1.0,0.1447378125716298,0.5102099571075231,6.475355359365748e-10
0.0001,1.0,0.1447378125716298,0.573195041625182,6.39808177231847e-10
0.0001,1.0,0.1447378125716298,0.6439555935096224,6.290801011436133e-10
0.0001,1.0,0.1447378125716298,0.7234514891067266,6.136990652441004e-10
0.0001,1.0,0.1447378125716298,0.8127611008676167,5.914719905625011e-10
0.0001,1.0,0.1447378125716298,0.9130959256151152,5.606175439187255e-10
0.0001,1.0,0.1447378125716298,1.0258170186601063,5.218375973626853e-10
0.0001,1.0,0.1447378125716298,1.1524534566987763,4.769184083682412e-10
0.0001,1.0,0.1447378125716298,1.294723079942415,4.2638757085260054e-10
0.0001,1.0,0.1447378125716298,1.4545557948495271,3.7179352482165376e-10
0.0001,1.0,0.1447378125716298,1.6341197535649394,3.163797844650369e-10
0.0001,1.0,0.1447378125716298,1.835850765193496,2.639609269716776e-10
0.0001,1.0,0.1447378125716298,2.062485337876194,2.1811663911805488e-10
0.0001,1.0,0.1447378125716298,2.3170977998889395,1.8012140376823136e-10
0.0001,1.0,0.1447378125716298,2.6031420033166066,1.465446442306949e-10
0.0001,1.0,0.1447378125716298,2.9244981760182918,1.1672815522939445e-10
0.0001,1.0,0.1447378125716298,3.285525557436941,9.220491952954493e-11
0.0001,1.0,0.1447378125716298,3.6911215322651687,7.34621311373008e-11
0.0001,1.0,0.1447378125716298,4.1467880641233,5.800715897258967e-11
0.0001,1.0,0.1447378125716298,4.658706330431421,4.4935906337515175e-11
0.0001,1.0,0.1447378125716298,5.233820570907402,3.4879124356858445e-11
0.0001,1.0,0.1447378125716298,5.879932287106996,2.7389618609878283e-11
0.0001,1.0,0.1447378125716298,6.605806070835402,2.1082193258418987e-11
0.0001,1.0,0.1447378125716298,7.421288497006765,1.6112056453637067e-11
0.0001,1.0,0.1447378125716298,8.337441693749241,1.2588074886570699e-11
0.0001,1.0,0.1447378125716298,9.366693401651878,9.679935394261451e-12
0.0001,1.0,0.1447378125716298,10.523005557727087,7.352216489759429e-12
0.0001,1.0,0.1447378125716298,11.822063690952728,5.742325433380373e-12
0.0001,1.0,0.1447378125716298,13.281489698569583,4.4246257191325e-12
0.0001,1.0,0.1447378125716298,14.921080889473224,3.364228692918619e-12
0.0001,1.0,0.1447378125716298,16.763078537355728,2.6509237354670335e-12
0.0001,1.0,0.1447378125716298,18.83246958655666,2.0533147905515188e-12
0.0001,1.0,0.1447378125716298,21.157325603303395,1.5809271648994233e-12
0.0001,1.0,0.1447378125716298,23.769183570259635,1.2658964015416862e-12
0.0001,1.0,0.1447378125716298,26.70347368991138,9.909578209438627e-13
0.0001,1.0,0.1447378125716298,30.0,7.865547100432346e-13
0.0001,1.0,0.1547378488161755,0.1,0.0
0.0001,1.0,0.1547378488161755,0.1123449344020514,0.0
0.0001,1.0,0.1547378488161755,0.1262138428580125,0.0
0.0001,1.0,0.1547378488161755,0.1417948589651424,0.0
0.0001,1.0,0.1547378488161755,0.1592993412898707,2.046146543235101e-10
0.0001,1.0,0.1547378488161755,0.1789647404750054,4.6339481419271963e-10
0.0001,1.0,0.1547378488161755,0.2010578202894464,5.673201481337744e-10
0.0001,1.0,0.1547378488161755,0.2258782763143731,6.18124237297463e-10
0.0001,1.0,0.1547378488161755,0.2537628013538671,6.432580160488257e-10
0.0001,1.0,0.1547378488161755,0.2850896527178103,6.551321476027307e-10
0.0001,1.0,0.1547378488161755,0.3202837833328603,6.60590398076235e-10
0.0001,1.0,0.1547378488161755,0.3598226062857105,6.621624336340379e-10
0.0001,1.0,0.1547378488161755,0.4042424709954335,6.609193427873445e-10
0.0001,1.0,0.1547378488161755,0.4541459388650518,6.579936672210262e-10
0.0001,1.0,0.1547378488161755,0.5102099571075231,6.534427624176201e-10
0.0001,1.0,0.1547378488161755,0.573195041625182,6.468517979810024e-10
0.0001,1.0,0.1547378488161755,0.6439555935096224,6.372729654622345e-10
0.0001,1.0,0.1547378488161755,0.7234514891067266,6.226052688892125e-10
0.0001,1.0,0.1547378488161755,0.8127611008676167,5.997965471658661e-10
0.0001,1.0,0.1547378488161755,0.9130959256151152,5.673529516899353e-10
0.0001,1.0,0.1547378488161755,1.0258170186601063,5.263363834216001e-10
0.0001,1.0,0.1547378488161755,1.1524534566987763,4.798518175341749e-10
0.0001,1.0,0.1547378488161755,1.294723079942415,4.2990274898965847e-10
0.0001,1.0,0.1547378488161755,1.4545557948495271,3.762330177778241e-10
0.0001,1.0,0.1547378488161755,1.6341197535649394,3.210425328052218e-10
0.0001,1.0,0.1547378488161755,1.835850765193496,2.6788194650879164e-10
0.0001,1.0,0.1547378488161755,2.062485337876194,2.2046547008866588e-10
0.0001,1.0,0.1547378488161755,2.3170977998889395,1.811136219838556e-10
0.0001,1.0,0.1547378488161755,2.6031420033166066,1.4761641974064303e-10
0.0001,1.0,0.1547378488161755,2.9244981760182918,1.1769174325043755e-10
0.0001,1.0,0.1547378488161755,3.285525557436941,9.262696557442765e-11
0.0001,1.0,0.1547378488161755,3.6911215322651687,7.336306189779933e-11
0.0001,1.0,0.1547378488161755,4.1467880641233,5.807253590068022e-11
0.0001,1.0,0.1547378488161755,4.658706330431421,4.504650929801415e-11
0.0001,1.0,0.1547378488161755,5.233820570907402,3.478585306075718e-11
0.0001,1.0,0.1547378488161755,5.879932287106996,2.7308227821225802e-11
0.0001,1.0,0.1547378488161755,6.605806070835402,2.110359288112101e-11
0.0001,1.0,0.1547378488161755,7.421288497006765,1.609225691969533e-11
0.0001,1.0,0.1547378488161755,8.337441693749241,1.2527962216014938e-11
0.0001,1.0,0.1547378488161755,9.366693401651878,9.675349618365333e-12
0.0001,1.0,0.1547378488161755,10.523005557727087,7.333370057010093e-12
0.0001,1.0,0.1547378488161755,11.822063690952728,5.7025860829146244e-12
0.0001,1.0,0.1547378488161755,13.281489698569583,4.4100904120579585e-12
0.0001,1.0,0.1547378488161755,14.921080889473224,3.3463043691826937e-12
0.0001,1.0,0.1547378488161755,16.763078537355728,2.6275660297873866e-12
0.0001,1.0,0.1547378488161755,18.83246958655666,2.0469359604374464e-12
0.0001,1.0,0.1547378488161755,21.157325603303395,1.5715017286513896e-12
0.0001,1.0,0.1547378488161755,23.769183570259635,1.2569938507353505e-12
0.0001,1.0,0.1547378488161755,26.70347368991138,9.88968393059857e-13
0.0001,1.0,0.1547378488161755,30.0,7.816165095905716e-13
0.0001,1.0,0.1654287945274008,0.1,0.0
0.0001,1.0,0.1654287945274008,0.1123449344020514,0.0
0.0001,1.0,0.1654287945274008,0.1262138428580125,0.0
0.0001,1.0,0.1654287945274008,0.1417948589651424,0.0
0.0001,1.0,0.1654287945274008,0.1592993412898707,2.7168523745435282e-11
0.0001,1.0,0.1654287945274008,0.1789647404750054,3.537937627193699e-10
0.0001,1.0,0.1654287945274008,0.2010578202894464,5.124189205867099e-10
0.0001,1.0,0.1654287945274008,0.2258782763143731,5.847697426617337e-10
0.0001,1.0,0.1654287945274008,0.2537628013538671,6.189349434376848e-10
0.0001,1.0,0.1654287945274008,0.2850896527178103,6.374684079518722e-10
0.0001,1.0,0.1654287945274008,0.3202837833328603,6.47105615195684e-10
0.0001,1.0,0.1654287945274008,0.3598226062857105,6.519653221598715e-10
0.0001,1.0,0.1654287945274008,0.4042424709954335,6.53789114443746e-10
0.0001,1.0,0.1654287945274008,0.4541459388650518,6.528910367397096e-10
0.0001,1.0,0.1654287945274008,0.5102099571075231,6.500907620174241e-10
0.0001,1.0,0.1654287945274008,0.573195041625182,6.450369135465209e-10
0.0001,1.0,0.1654287945274008,0.6439555935096224,6.364904081017165e-10
0.0001,1.0,0.1654287945274008,0.7234514891067266,6.221689296473995e-10
0.0001,1.0,0.1654287945274008,0.8127611008676167,5.986776433858059e-10
0.0001,1.0,0.1654287945274008,0.9130959256151152,5.647198353466856e-10
0.0001,1.0,0.1654287945274008,1.0258170186601063,5.217050295390874e-10
0.0001,1.0,0.1654287945274008,1.1524534566987763,4.730262134381016e-10
0.0001,1.0,0.1654287945274008,1.294723079942415,4.2229333535486805e-10
0.0001,1.0,0.1654287945274008,1.4545557948495271,3.7047757323186556e-10
0.0001,1.0,0.1654287945274008,1.6341197535649394,3.1703775968287883e-10
0.0001,1.0,0.1654287945274008,1.835850765193496,2.648529616998933e-10
0.0001,1.0,0.1654287945274008,2.062485337876194,2.175564221851383e-10
0.0001,1.0,0.1654287945274008,2.3170977998889395,1.7789008671095833e-10
0.0001,1.0,0.1654287945274008,2.6031420033166066,1.45353294639105e-10
0.0001,1.0,0.1654287945274008,2.9244981760182918,1.165044637514e-10
0.0001,1.0,0.1654287945274008,3.285525557436941,9.180180090868245e-11
0.0001,1.0,0.1654287945274008,3.6911215322651687,7.241017175683492e-11
0.0001,1.0,0.1654287945274008,4.1467880641233,5.747504965266636e-11
0.0001,1.0,0.1654287945274008,4.658706330431421,4.475395037147989e-11
0.0001,1.0,0.1654287945274008,5.233820570907402,3.44840381059511e-11
0.0001,1.0,0.1654287945274008,5.879932287106996,2.6992921169850073e-11
0.0001,1.0,0.1654287945274008,6.605806070835402,2.095265722310197e-11
0.0001,1.0,0.1654287945274008,7.421288497006765,1.5973571767008203e-11
0.0001,1.0,0.1654287945274008,8.337441693749241,1.23727579532359e-11
0.0001,1.0,0.1654287945274008,9.366693401651878,9.602253886898957e-12
0.0001,1.0,0.1654287945274008,10.523005557727087,7.28747353441833e-12
0.0001,1.0,0.1654287945274008,11.822063690952728,5.6369093250170086e-12
0.0001,1.0,0.1654287945274008,13.281489698569583,4.385541904977503e-12
0.0001,1.0,0.1654287945274008,14.921080889473224,3.3320147301899315e-12
0.0001,1.0,0.1654287945274008,16.763078537355728,2.6033094389682543e-12
0.0001,1.0,0.1654287945274008,18.83246958655666,2.0382140622371686e-12
0.0001,1.0,0.1654287945274008,21.157325603303395,1.5624407958593784e-12
0.0001,1.0,0.1654287945274008,23.769183570259635,1.2461777110861518e-12
0.0001,1.0,0.1654287945274008,26.70347368991138,9.860176468194002e-13
0.0001,1.0,0.1654287945274008,30.0,7.760875396795608e-13
0.0001,1.0,0.1768583851214056,0.1,0.0
0.0001,1.0,0.1768583851214056,0.1123449344020514,0.0
0.0001,1.0,0.1768583851214056,0.1262138428580125,0.0
0.0001,1.0,0.1768583851214056,0.1417948589651424,0.0
0.0001,1.0,0.1768583851214056,0.1592993412898707,0.0
0.0001,1.0,0.1768583851214056,0.1789647404750054,1.515500202066283e-10
0.0001,1.0,0.1768583851214056,0.2010578202894464,4.4554061201143335e-10
0.0001,1.0,0.1768583851214056,0.2258782763143731,5.526456261592793e-10
0.0001,1.0,0.1768583851214056,0.2537628013538671,6.031913978861073e-10
0.0001,1.0,0.1768583851214056,0.2850896527178103,6.28836500323772e-10
0.0001,1.0,0.1768583851214056,0.3202837833328603,6.445057395585596e-10
0.0001,1.0,0.1768583851214056,0.3598226062857105,6.537570877649063e-10
0.0001,1.0,0.1768583851214056,0.4042424709954335,6.584919053567393e-10
0.0001,1.0,0.1768583851214056,0.4541459388650518,6.604805084953807e-10
0.0001,1.0,0.1768583851214056,0.5102099571075231,6.597356056891139e-10
0.0001,1.0,0.1768583851214056,0.573195041625182,6.561149637907851e-10
0.0001,1.0,0.1768583851214056,0.6439555935096224,6.487623479214977e-10
0.0001,1.0,0.1768583851214056,0.7234514891067266,6.343512542919434e-10
0.0001,1.0,0.1768583851214056,0.8127611008676167,6.099922103971979e-10
0.0001,1.0,0.1768583851214056,0.9130959256151152,5.746487386293496e-10
0.0001,1.0,0.1768583851214056,1.0258170186601063,5.294046208920238e-10
0.0001,1.0,0.1768583851214056,1.1524534566987763,4.778417537662026e-10
0.0001,1.0,0.1768583851214056,1.294723079942415,4.241737745742548e-10
0.0001,1.0,0.1768583851214056,1.4545557948495271,3.716703195551455e-10
0.0001,1.0,0.1768583851214056,1.6341197535649394,3.191861387139737e-10
0.0001,1.0,0.1768583851214056,1.835850765193496,2.672243653471779e-10
0.0001,1.0,0.1768583851214056,2.062485337876194,2.191940915842143e-10
0.0001,1.0,0.1768583851214056,2.3170977998889395,1.7813045778557455e-10
0.0001,1.0,0.1768583851214056,2.6031420033166066,1.4497334859390235e-10
0.0001,1.0,0.1768583851214056,2.9244981760182918,1.1644084253607644e-10
0.0001,1.0,0.1768583851214056,3.285525557436941,9.166770829525773e-11
0.0001,1.0,0.1768583851214056,3.6911215322651687,7.18395087195942e-11
0.0001,1.0,0.1768583851214056,4.1467880641233,5.694740465955009e-11
0.0001,1.0,0.1768583851214056,4.658706330431421,4.450935149511759e-11
0.0001,1.0,0.1768583851214056,5.233820570907402,3.424741275926836e-11
0.0001,1.0,0.1768583851214056,5.879932287106996,2.6674524596824668e-11
0.0001,1.0,0.1768583851214056,6.605806070835402,2.0791707992354095e-11
0.0001,1.0,0.1768583851214056,7.421288497006765,1.5871478934283034e-11
0.0001,1.0,0.1768583851214056,8.337441693749241,1.2223632608731766e-11
0.0001,1.0,0.1768583851214056,9.366693401651878,9.525623981401145e-12
0.0001,1.0,0.1768583851214056,10.523005557727087,7.249985548338916e-12
0.0001,1.0,0.1768583851214056,11.822063690952728,5.5760589013650966e-12
0.0001,1.0,0.1768583851214056,13.281489698569583,4.3539441707396066e-12
0.0001,1.0,0.1768583851214056,14.921080889473224,3.3163767279797947e-12
0.0001,1.0,0.1768583851214056,16.763078537355728,2.573798143220365e-12
0.0001,1.0,0.1768583851214056,18.83246958655666,2.024916983840263e-12
0.0001,1.0,0.1768583851214056,21.157325603303395,1.5536453083905264e-12
0.0001,1.0,0.1768583851214056,23.769183570259635,1.2334421568504066e-12
0.0001,1.0,0.1768583851214056,26.70347368991138,9.808115303478507e-13
0.0001,1.0,0.1768583851214056,30.0,7.709588378272124e-13
0.0001,1.0,0.1890776540874238,0.1,0.0
0.0001,1.0,0.1890776540874238,0.1123449344020514,0.0
0.0001,1.0,0.1890776540874238,0.1262138428580125,0.0
0.0001,1.0,0.1890776540874238,0.1417948589651424,0.0
0.0001,1.0,0.1890776540874238,0.1592993412898707,0.0
0.0001,1.0,0.1890776540874238,0.1789647404750054,2.8612692996473763e-12
0.0001,1.0,0.1890776540874238,0.2010578202894464,3.1652993548559184e-10
0.0001,1.0,0.1890776540874238,0.2258782763143731,4.962723629769636e-10
0.0001,1.0,0.1890776540874238,0.2537628013538671,5.680336890946906e-10
0.0001,1.0,0.1890776540874238,0.2850896527178103,6.062482247981439e-10
0.0001,1.0,0.1890776540874238,0.3202837833328603,6.286357825045596e-10
0.0001,1.0,0.1890776540874238,0.3598226062857105,6.431238148802001e-10
0.0001,1.0,0.1890776540874238,0.4042424709954335,6.525021567105611e-10
0.0001,1.0,0.1890776540874238,0.4541459388650518,6.573402907104436e-10
0.0001,1.0,0.1890776540874238,0.5102099571075231,6.591139437611591e-10
0.0001,1.0,0.1890776540874238,0.573195041625182,6.576561589696158e-10
0.0001,1.0,0.1890776540874238,0.6439555935096224,6.511834381487247e-10
0.0001,1.0,0.1890776540874238,0.7234514891067266,6.369810127490816e-10
0.0001,1.0,0.1890776540874238,0.8127611008676167,6.123973402337729e-10
0.0001,1.0,0.1890776540874238,0.9130959256151152,5.762488284560283e-10
0.0001,1.0,0.1890776540874238,1.0258170186601063,5.298236870461386e-10
0.0001,1.0,0.1890776540874238,1.1524534566987763,4.763655470610029e-10
0.0001,1.0,0.1890776540874238,1.294723079942415,4.2018202366535366e-10
0.0001,1.0,0.1890776540874238,1.4545557948495271,3.6600866984390397e-10
0.0001,1.0,0.1890776540874238,1.6341197535649394,3.148661003169625e-10
0.0001,1.0,0.1890776540874238,1.835850765193496,2.645294346842445e-10
0.0001,1.0,0.1890776540874238,2.062485337876194,2.1728619226669048e-10
0.0001,1.0,0.1890776540874238,2.3170977998889395,1.7608515415968615e-10
0.0001,1.0,0.1890776540874238,2.6031420033166066,1.427877530206368e-10
0.0001,1.0,0.1890776540874238,2.9244981760182918,1.1527397339822061e-10
0.0001,1.0,0.1890776540874238,3.285525557436941,9.111877407125757e-11
0.0001,1.0,0.1890776540874238,3.6911215322651687,7.128640869431382e-11
0.0001,1.0,0.1890776540874238,4.1467880641233,5.6327853274771915e-11
0.0001,1.0,0.1890776540874238,4.658706330431421,4.4222535645278717e-11
0.0001,1.0,0.1890776540874238,5.233820570907402,3.4064688498151735e-11
0.0001,1.0,0.1890776540874238,5.879932287106996,2.6383205065404802e-11
0.0001,1.0,0.1890776540874238,6.605806070835402,2.0632878784221932e-11
0.0001,1.0,0.1890776540874238,7.421288497006765,1.5798763828894175e-11
0.0001,1.0,0.1890776540874238,8.337441693749241,1.209642119063361e-11
0.0001,1.0,0.1890776540874238,9.366693401651878,9.443500759328093e-12
0.0001,1.0,0.1890776540874238,10.523005557727087,7.209227451604304e-12
0.0001,1.0,0.1890776540874238,11.822063690952728,5.509841218419092e-12
0.0001,1.0,0.1890776540874238,13.281489698569583,4.31363862151749e-12
0.0001,1.0,0.1890776540874238,14.921080889473224,3.2966508639156314e-12
0.0001,1.0,0.1890776540874238,16.763078537355728,2.5422212191527313e-12
0.0001,1.0,0.1890776540874238,18.83246958655666,2.0077208082342994e-12
0.0001,1.0,0.1890776540874238,21.157325603303395,1.5433136953548913e-12
0.0001,1.0,0.1890776540874238,23.769183570259635,1.2181644859050317e-12
0.0001,1.0,0.1890776540874238,26.70347368991138,9.736453806989864e-13
0.0001,1.0,0.1890776540874238,30.0,7.654309143122172e-13
0.0001,1.0,0.2021411608539931,0.1,0.0
0.0001,1.0,0.2021411608539931,0.1123449344020514,0.0
0.0001,1.0,0.2021411608539931,0.1262138428580125,0.0
0.0001,1.0,0.2021411608539931,0.1417948589651424,0.0
0.0001,1.0,0.2021411608539931,0.1592993412898707,0.0
0.0001,1.0,0.2021411608539931,0.1789647404750054,0.0
0.0001,1.0,0.2021411608539931,0.2010578202894464,1.0307640923675665e-10
0.0001,1.0,0.2021411608539931,0.2258782763143731,4.110307595585841e-10
0.0001,1.0,0.2021411608539931,0.2537628013538671,5.236050739218492e-10
0.0001,1.0,0.2021411608539931,0.2850896527178103,5.769813244344814e-10
0.0001,1.0,0.2021411608539931,0.3202837833328603,6.104415675164541e-10
0.0001,1.0,0.2021411608539931,0.3598226062857105,6.322587669598655e-10
0.0001,1.0,0.2021411608539931,0.4042424709954335,6.462902589028848e-10
0.0001,1.0,0.2021411608539931,0.4541459388650518,6.557220459996337e-10
0.0001,1.0,0.2021411608539931,0.5102099571075231,6.606342971919402e-10
0.0001,1.0,0.2021411608539931,0.573195041625182,6.612318976494234e-10
0.0001,1.0,0.2021411608539931,0.6439555935096224,6.563136149318952e-10
0.0001,1.0,0.2021411608539931,0.7234514891067266,6.426738438829174e-10
0.0001,1.0,0.2021411608539931,0.8127611008676167,6.182866156496813e-10
0.0001,1.0,0.2021411608539931,0.9130959256151152,5.823993951560458e-10
0.0001,1.0,0.2021411608539931,1.0258170186601063,5.356276980901819e-10
0.0001,1.0,0.2021411608539931,1.1524534566987763,4.810457866090552e-10
0.0001,1.0,0.2021411608539931,1.294723079942415,4.228973881123333e-10
0.0001,1.0,0.2021411608539931,1.4545557948495271,3.6606706970690136e-10
0.0001,1.0,0.2021411608539931,1.6341197535649394,3.13979554798237e-10
0.0001,1.0,0.2021411608539931,1.835850765193496,2.647645538166427e-10
0.0001,1.0,0.2021411608539931,2.062485337876194,2.178807984240527e-10
0.0001,1.0,0.2021411608539931,2.3170977998889395,1.7617272503399577e-10
0.0001,1.0,0.2021411608539931,2.6031420033166066,1.4189837229144397e-10
0.0001,1.0,0.2021411608539931,2.9244981760182918,1.1452120972776945e-10
0.0001,1.0,0.2021411608539931,3.285525557436941,9.073704204087208e-11
0.0001,1.0,0.2021411608539931,3.6911215322651687,7.081221627385684e-11
0.0001,1.0,0.2021411608539931,4.1467880641233,5.5624352997829417e-11
0.0001,1.0,0.2021411608539931,4.658706330431421,4.382215252009539e-11
0.0001,1.0,0.2021411608539931,5.233820570907402,3.382696286258126e-11
0.0001,1.0,0.2021411608539931,5.879932287106996,2.606181320605964e-11
0.0001,1.0,0.2021411608539931,6.605806070835402,2.0393925170326334e-11
0.0001,1.0,0.2021411608539931,7.421288497006765,1.5666420445728752e-11
0.0001,1.0,0.2021411608539931,8.337441693749241,1.1943155963739131e-11
0.0001,1.0,0.2021411608539931,9.366693401651878,9.318701651605205e-12
0.0001,1.0,0.2021411608539931,10.523005557727087,7.144760308542198e-12
0.0001,1.0,0.2021411608539931,11.822063690952728,5.436302789354864e-12
0.0001,1.0,0.2021411608539931,13.281489698569583,4.255327001928082e-12
0.0001,1.0,0.2021411608539931,14.921080889473224,3.2659832468924053e-12
0.0001,1.0,0.2021411608539931,16.763078537355728,2.5044749839605574e-12
0.0001,1.0,0.2021411608539931,18.83246958655666,1.9805525546179195e-12
0.0001,1.0,0.2021411608539931,21.157325603303395,1.5287183625154432e-12
0.0001,1.0,0.2021411608539931,23.769183570259635,1.1981946630318812e-12
0.0001,1.0,0.2021411608539931,26.70347368991138,9.622339628824193e-13
0.0001,1.0,0.2021411608539931,30.0,7.578667798553043e-13
0.0001,1.0,0.2161072343985556,0.1,0.0
0.0001,1.0,0.2161072343985556,0.1123449344020514,0.0
0.0001,1.0,0.2161072343985556,0.1262138428580125,0.0
0.0001,1.0,0.2161072343985556,0.1417948589651424,0.0
0.0001,1.0,0.2161072343985556,0.1592993412898707,0.0
0.0001,1.0,0.2161072343985556,0.1789647404750054,0.0
0.0001,1.0,0.2161072343985556,0.2010578202894464,0.0
0.0001,1.0,0.2161072343985556,0.2258782763143731,2.512535736152534e-10
0.0001,1.0,0.2161072343985556,0.2537628013538671,4.5318987661681113e-10
0.0001,1.0,0.2161072343985556,0.2850896527178103,5.339973380792392e-10
0.0001,1.0,0.2161072343985556,0.3202837833328603,5.797685735024658e-10
0.0001,1.0,0.2161072343985556,0.3598226062857105,6.108288284277966e-10
0.0001,1.0,0.2161072343985556,0.4042424709954335,6.327425932345038e-10
0.0001,1.0,0.2161072343985556,0.4541459388650518,6.467969994144447e-10
0.0001,1.0,0.2161072343985556,0.5102099571075231,6.557736963722069e-10
0.0001,1.0,0.2161072343985556,0.573195041625182,6.596856913788744e-10
0.0001,1.0,0.2161072343985556,0.6439555935096224,6.561483950036805e-10
0.0001,1.0,0.2161072343985556,0.7234514891067266,6.434919277310899e-10
0.0001,1.0,0.2161072343985556,0.8127611008676167,6.19750610582412e-10
0.0001,1.0,0.2161072343985556,0.9130959256151152,5.838420198164346e-10
0.0001,1.0,0.2161072343985556,1.0258170186601063,5.369168180656507e-10
0.0001,1.0,0.2161072343985556,1.1524534566987763,4.815040565151598e-10
0.0001,1.0,0.2161072343985556,1.294723079942415,4.2156402713706287e-10
0.0001,1.0,0.2161072343985556,1.4545557948495271,3.6244738033976163e-10
0.0001,1.0,0.2161072343985556,1.6341197535649394,3.08533857386575e-10
0.0001,1.0,0.2161072343985556,1.835850765193496,2.6040509839744693e-10
0.0001,1.0,0.2161072343985556,2.062485337876194,2.1503186710874758e-10
0.0001,1.0,0.2161072343985556,2.3170977998889395,1.7388829806308446e-10
0.0001,1.0,0.2161072343985556,2.6031420033166066,1.3941945875930892e-10
0.0001,1.0,0.2161072343985556,2.9244981760182918,1.1234677802844147e-10
0.0001,1.0,0.2161072343985556,3.285525557436941,8.945811805736624e-11
0.0001,1.0,0.2161072343985556,3.6911215322651687,6.991423042950629e-11
0.0001,1.0,0.2161072343985556,4.1467880641233,5.464214486452504e-11
0.0001,1.0,0.2161072343985556,4.658706330431421,4.309417137539051e-11
0.0001,1.0,0.2161072343985556,5.233820570907402,3.3375146204812454e-11
0.0001,1.0,0.2161072343985556,5.879932287106996,2.5614129668136804e-11
0.0001,1.0,0.2161072343985556,6.605806070835402,2.000574618689689e-11
0.0001,1.0,0.2161072343985556,7.421288497006765,1.5437012520396272e-11
0.0001,1.0,0.2161072343985556,8.337441693749241,1.1737460345790362e-11
0.0001,1.0,0.2161072343985556,9.366693401651878,9.1320180104627e-12
0.0001,1.0,0.2161072343985556,10.523005557727087,7.03446923205274e-12
0.0001,1.0,0.2161072343985556,11.822063690952728,5.334853264371592e-12
0.0001,1.0,0.2161072343985556,13.281489698569583,4.170409076697686e-12
0.0001,1.0,0.2161072343985556,14.921080889473224,3.2154553714889344e-12
0.0001,1.0,0.2161072343985556,16.763078537355728,2.4559391383709433e-12
0.0001,1.0,0.2161072343985556,18.83246958655666,1.943734477701473e-12
0.0001,1.0,0.2161072343985556,21.157325603303395,1.5059764011793802e-12
0.0001,1.0,0.2161072343985556,23.769183570259635,1.1752630279735523e-12
0.0001,1.0,0.2161072343985556,26.70347368991138,9.4650990494152e-13
0.0001,1.0,0.2161072343985556,30.0,7.476605146399182e-13
0.0001,1.0,0.2310382336882168,0.1,0.0
0.0001,1.0,0.2310382336882168,0.1123449344020514,0.0
0.0001,1.0,0.2310382336882168,0.1262138428580125,0.0
0.0001,1.0,0.2310382336882168,0.1417948589651424,0.0
0.0001,1.0,0.2310382336882168,0.1592993412898707,0.0
0.0001,1.0,0.2310382336882168,0.1789647404750054,0.0
0.0001,1.0,0.2310382336882168,0.2010578202894464,0.0
0.0001,1.0,0.2310382336882168,0.2258782763143731,5.333521690212151e-11
0.0001,1.0,0.2310382336882168,0.2537628013538671,3.444289030297477e-10
0.0001,1.0,0.2310382336882168,0.2850896527178103,4.6231397255301214e-10
0.0001,1.0,0.2310382336882168,0.3202837833328603,5.297441553750562e-10
0.0001,1.0,0.2310382336882168,0.3598226062857105,5.741211006866174e-10
0.0001,1.0,0.2310382336882168,0.4042424709954335,6.043362300437425e-10
0.0001,1.0,0.2310382336882168,0.4541459388650518,6.264857314443484e-10
0.0001,1.0,0.2310382336882168,0.5102099571075231,6.409600913447203e-10
0.0001,1.0,0.2310382336882168,0.573195041625182,6.482452829638448e-10
0.0001,1.0,0.2310382336882168,0.6439555935096224,6.478712759279556e-10
0.0001,1.0,0.2310382336882168,0.7234514891067266,6.37303546784441e-10
0.0001,1.0,0.2310382336882168,0.8127611008676167,6.150965250688363e-10
0.0001,1.0,0.2310382336882168,0.9130959256151152,5.811710142478867e-10
0.0001,1.0,0.2310382336882168,1.0258170186601063,5.359365493877839e-10
0.0001,1.0,0.2310382336882168,1.1524534566987763,4.815819854255176e-10
0.0001,1.0,0.2310382336882168,1.294723079942415,4.22012502824393e-10
0.0001,1.0,0.2310382336882168,1.4545557948495271,3.619125114008256e-10
0.0001,1.0,0.2310382336882168,1.6341197535649394,3.0615390274509443e-10
0.0001,1.0,0.2310382336882168,1.835850765193496,2.576080880920321e-10
0.0001,1.0,0.2310382336882168,2.062485337876194,2.1349400541375081e-10
0.0001,1.0,0.2310382336882168,2.3170977998889395,1.7293163008956692e-10
0.0001,1.0,0.2310382336882168,2.6031420033166066,1.3822180939398038e-10
0.0001,1.0,0.2310382336882168,2.9244981760182918,1.1075653833657138e-10
0.0001,1.0,0.2310382336882168,3.285525557436941,8.846982097009485e-11
0.0001,1.0,0.2310382336882168,3.6911215322651687,6.923814473647572e-11
0.0001,1.0,0.2310382336882168,4.1467880641233,5.382522120197703e-11
0.0001,1.0,0.2310382336882168,4.658706330431421,4.236235713365166e-11
0.0001,1.0,0.2310382336882168,5.233820570907402,3.289769478253163e-11
0.0001,1.0,0.2310382336882168,5.879932287106996,2.5175471412379013e-11
0.0001,1.0,0.2310382336882168,6.605806070835402,1.957580090009091e-11
0.0001,1.0,0.2310382336882168,7.421288497006765,1.5158789636201018e-11
0.0001,1.0,0.2310382336882168,8.337441693749241,1.151965834699826e-11
0.0001,1.0,0.2310382336882168,9.366693401651878,8.91721821981645e-12
0.0001,1.0,0.2310382336882168,10.523005557727087,6.8964004643103464e-12
0.0001,1.0,0.2310382336882168,11.822063690952728,5.228308344416967e-12
0.0001,1.0,0.2310382336882168,13.281489698569583,4.069186103182298e-12
0.0001,1.0,0.2310382336882168,14.921080889473224,3.1520404661122632e-12
0.0001,1.0,0.2310382336882168,16.763078537355728,2.4026706937792422e-12
0.0001,1.0,0.2310382336882168,18.83246958655666,1.898083121214017e-12
0.0001,1.0,0.2310382336882168,21.157325603303395,1.4791637701234909e-12
0.0001,1.0,0.2310382336882168,23.769183570259635,1.1488485454772077e-12
0.0001,1.0,0.2310382336882168,26.70347368991138,9.270473687955271e-13
0.0001,1.0,0.2310382336882168,30.0,7.35358367627841e-13
0.0001,1.0,0.2470008261145366,0.1,0.0
0.0001,1.0,0.2470008261145366,0.1123449344020514,0.0
0.0001,1.0,0.2470008261145366,0.1262138428580125,0.0
0.0001,1.0,0.2470008261145366,0.1417948589651424,0.0
0.0001,1.0,0.2470008261145366,0.1592993412898707,0.0
0.0001,1.0,0.2470008261145366,0.1789647404750054,0.0
0.0001,1.0,0.2470008261145366,0.2010578202894464,0.0
0.0001,1.0,0.2470008261145366,0.2258782763143731,0.0
0.0001,1.0,0.2470008261145366,0.2537628013538671,1.5613664338151071e-10
0.0001,1.0,0.2470008261145366,0.2850896527178103,3.7086186413687134e-10
0.0001,1.0,0.2470008261145366,0.3202837833328603,4.631164498675556e-10
0.0001,1.0,0.2470008261145366,0.3598226062857105,5.244476006645309e-10
0.0001,1.0,0.2470008261145366,0.4042424709954335,5.688288956980511e-10
0.0001,1.0,0.2470008261145366,0.4541459388650518,5.991232766939352e-10
0.0001,1.0,0.2470008261145366,0.5102099571075231,6.206044192514682e-10
0.0001,1.0,0.2470008261145366,0.573195041625182,6.338223402878394e-10
0.0001,1.0,0.2470008261145366,0.6439555935096224,6.365932155748224e-10
0.0001,1.0,0.2470008261145366,0.7234514891067266,6.285391253104997e-10
0.0001,1.0,0.2470008261145366,0.8127611008676167,6.08619242439939e-10
0.0001,1.0,0.2470008261145366,0.9130959256151152,5.759525869676285e-10
0.0001,1.0,0.2470008261145366,1.0258170186601063,5.320588055630769e-10
0.0001,1.0,0.2470008261145366,1.1524534566987763,4.788251270316465e-10
0.0001,1.0,0.2470008261145366,1.294723079942415,4.193049130084427e-10
0.0001,1.0,0.2470008261145366,1.4545557948495271,3.585064298127119e-10
0.0001,1.0,0.2470008261145366,1.6341197535649394,3.0132255515153996e-10
0.0001,1.0,0.2470008261145366,1.835850765193496,2.5152700923859144e-10
0.0001,1.0,0.2470008261145366,2.062485337876194,2.087628418881256e-10
0.0001,1.0,0.2470008261145366,2.3170977998889395,1.69552097905056e-10
0.0001,1.0,0.2470008261145366,2.6031420033166066,1.3526813639838264e-10
0.0001,1.0,0.2470008261145366,2.9244981760182918,1.0776737578548158e-10
0.0001,1.0,0.2470008261145366,3.285525557436941,8.616945532972307e-11
0.0001,1.0,0.2470008261145366,3.6911215322651687,6.762613989408119e-11
0.0001,1.0,0.2470008261145366,4.1467880641233,5.2460921374115736e-11
0.0001,1.0,0.2470008261145366,4.658706330431421,4.114127305707485e-11
0.0001,1.0,0.2470008261145366,5.233820570907402,3.209117877181443e-11
0.0001,1.0,0.2470008261145366,5.879932287106996,2.4575201736050363e-11
0.0001,1.0,0.2470008261145366,6.605806070835402,1.9011337636143557e-11
0.0001,1.0,0.2470008261145366,7.421288497006765,1.4778390088356332e-11
0.0001,1.0,0.2470008261145366,8.337441693749241,1.1240356269285908e-11
0.0001,1.0,0.2470008261145366,9.366693401651878,8.655251223961378e-12
0.0001,1.0,0.2470008261145366,10.523005557727087,6.7204499027865155e-12
0.0001,1.0,0.2470008261145366,11.822063690952728,5.09513228824158e-12
0.0001,1.0,0.2470008261145366,13.281489698569583,3.9478848317881005e-12
0.0001,1.0,0.2470008261145366,14.921080889473224,3.070789825861251e-12
0.0001,1.0,0.2470008261145366,16.763078537355728,2.337493692213149e-12
0.0001,1.0,0.2470008261145366,18.83246958655666,1.8438600018055384e-12
0.0001,1.0,0.2470008261145366,21.157325603303395,1.4419027912544992e-12
0.0001,1.0,0.2470008261145366,23.769183570259635,1.1178498736771682e-12
0.0001,1.0,0.2470008261145366,26.70347368991138,9.029965903165797e-13
0.0001,1.0,0.2470008261145366,30.0,7.179996948034868e-13
0.0001,1.0,0.2640662851655757,0.1,0.0
0.0001,1.0,0.2640662851655757,0.1123449344020514,0.0
0.0001,1.0,0.2640662851655757,0.1262138428580125,0.0
0.0001,1.0,0.2640662851655757,0.1417948589651424,0.0
0.0001,1.0,0.2640662851655757,0.1592993412898707,0.0
0.0001,1.0,0.2640662851655757,0.1789647404750054,0.0
0.0001,1.0,0.2640662851655757,0.2010578202894464,0.0
0.0001,1.0,0.2640662851655757,0.2258782763143731,0.0
0.0001,1.0,0.2640662851655757,0.2537628013538671,1.5093219027560656e-11
0.0001,1.0,0.2640662851655757,0.2850896527178103,2.3717130560963495e-10
0.0001,1.0,0.2640662851655757,0.3202837833328603,3.7590400161415337e-10
0.0001,1.0,0.2640662851655757,0.3598226062857105,4.6094560181681964e-10
0.0001,1.0,0.2640662851655757,0.4042424709954335,5.193886661444392e-10
0.0001,1.0,0.2640662851655757,0.4541459388650518,5.638632808833907e-10
0.0001,1.0,0.2640662851655757,0.5102099571075231,5.952396980182488e-10
0.0001,1.0,0.2640662851655757,0.573195041625182,6.144179629118302e-10
0.0001,1.0,0.2640662851655757,0.6439555935096224,6.23011207548643e-10
0.0001,1.0,0.2640662851655757,0.7234514891067266,6.187081722545925e-10
0.0001,1.0,0.2640662851655757,0.8127611008676167,5.994171424469025e-10
0.0001,1.0,0.2640662851655757,0.9130959256151152,5.670806835043663e-10
0.0001,1.0,0.2640662851655757,1.0258170186601063,5.244951384991437e-10
0.0001,1.0,0.2640662851655757,1.1524534566987763,4.728921692668348e-10
0.0001,1.0,0.2640662851655757,1.294723079942415,4.148163932267152e-10
0.0001,1.0,0.2640662851655757,1.4545557948495271,3.544278027472081e-10
0.0001,1.0,0.2640662851655757,1.6341197535649394,2.964438309017853e-10
0.0001,1.0,0.2640662851655757,1.835850765193496,2.45517006021527e-10
0.0001,1.0,0.2640662851655757,2.062485337876194,2.03104812797437e-10
0.0001,1.0,0.2640662851655757,2.3170977998889395,1.6536465191820922e-10
0.0001,1.0,0.2640662851655757,2.6031420033166066,1.319402631001076e-10
0.0001,1.0,0.2640662851655757,2.9244981760182918,1.0454573570350052e-10
0.0001,1.0,0.2640662851655757,3.285525557436941,8.342935235558347e-11
0.0001,1.0,0.2640662851655757,3.6911215322651687,6.572094606979265e-11
0.0001,1.0,0.2640662851655757,4.1467880641233,5.091861515465426e-11
0.0001,1.0,0.2640662851655757,4.658706330431421,3.9744079409514605e-11
0.0001,1.0,0.2640662851655757,5.233820570907402,3.108981086975456e-11
0.0001,1.0,0.2640662851655757,5.879932287106996,2.382250349151056e-11
0.0001,1.0,0.2640662851655757,6.605806070835402,1.8342763798263322e-11
0.0001,1.0,0.2640662851655757,7.421288497006765,1.4279298308387532e-11
0.0001,1.0,0.2640662851655757,8.337441693749241,1.087536058463247e-11
0.0001,1.0,0.2640662851655757,9.366693401651878,8.337832785515951e-12
0.0001,1.0,0.2640662851655757,10.523005557727087,6.482224254811714e-12
0.0001,1.0,0.2640662851655757,11.822063690952728,4.923601438736503e-12
0.0001,1.0,0.2640662851655757,13.281489698569583,3.798420800169794e-12
0.0001,1.0,0.2640662851655757,14.921080889473224,2.9608561634773084e-12
0.0001,1.0,0.2640662851655757,16.763078537355728,2.2572273544753542e-12
0.0001,1.0,0.2640662851655757,18.83246958655666,1.7742538649492923e-12
0.0001,1.0,0.2640662851655757,21.157325603303395,1.3925684172572273e-12
0.0001,1.0,0.2640662851655757,23.769183570259635,1.079223936983867e-12
0.0001,1.0,0.2640662851655757,26.70347368991138,8.709083056866926e-13
0.0001,1.0,0.2640662851655757,30.0,6.95711638515161e-13
0.0001,1.0,0.2823108086643086,0.1,0.0
0.0001,1.0,0.2823108086643086,0.1123449344020514,0.0
0.0001,1.0,0.2823108086643086,0.1262138428580125,0.0
0.0001,1.0,0.2823108086643086,0.1417948589651424,0.0
0.0001,1.0,0.2823108086643086,0.1592993412898707,0.0
0.0001,1.0,0.2823108086643086,0.1789647404750054,0.0
0.0001,1.0,0.2823108086643086,0.2010578202894464,0.0
0.0001,1.0,0.2823108086643086,0.2258782763143731,0.0
0.0001,1.0,0.2823108086643086,0.2537628013538671,0.0
0.0001,1.0,0.2823108086643086,0.2850896527178103,8.047142585079615e-11
0.0001,1.0,0.2823108086643086,0.3202837833328603,2.682331722865839e-10
0.0001,1.0,0.2823108086643086,0.3598226062857105,3.822786417815438e-10
0.0001,1.0,0.2823108086643086,0.4042424709954335,4.661895085443576e-10
0.0001,1.0,0.2823108086643086,0.4541459388650518,5.253825144616645e-10
0.0001,1.0,0.2823108086643086,0.5102099571075231,5.691217429561338e-10
0.0001,1.0,0.2823108086643086,0.573195041625182,5.998694795393765e-10
0.0001,1.0,0.2823108086643086,0.6439555935096224,6.14871314690359e-10
0.0001,1.0,0.2823108086643086,0.7234514891067266,6.126270774788943e-10
0.0001,1.0,0.2823108086643086,0.8127611008676167,5.93394895800442e-10
0.0001,1.0,0.2823108086643086,0.9130959256151152,5.584751282270107e-10
0.0001,1.0,0.2823108086643086,1.0258170186601063,5.129716419765161e-10
0.0001,1.0,0.2823108086643086,1.1524534566987763,4.6225015668471886e-10
0.0001,1.0,0.2823108086643086,1.294723079942415,4.065419153630693e-10
0.0001,1.0,0.2823108086643086,1.4545557948495271,3.475452048412862e-10
0.0001,1.0,0.2823108086643086,1.6341197535649394,2.902139844296324e-10
0.0001,1.0,0.2823108086643086,1.835850765193496,2.3871556374940023e-10
0.0001,1.0,0.2823108086643086,2.062485337876194,1.9597134966156173e-10
0.0001,1.0,0.2823108086643086,2.3170977998889395,1.5974869686494548e-10
0.0001,1.0,0.2823108086643086,2.6031420033166066,1.273535224863669e-10
0.0001,1.0,0.2823108086643086,2.9244981760182918,1.0040481943170106e-10
0.0001,1.0,0.2823108086643086,3.285525557436941,7.977454874084554e-11
0.0001,1.0,0.2823108086643086,3.6911215322651687,6.293549260007462e-11
0.0001,1.0,0.2823108086643086,4.1467880641233,4.874830695856929e-11
0.0001,1.0,0.2823108086643086,4.658706330431421,3.7870186612015734e-11
0.0001,1.0,0.2823108086643086,5.233820570907402,2.963662081981549e-11
0.0001,1.0,0.2823108086643086,5.879932287106996,2.274837535027217e-11
0.0001,1.0,0.2823108086643086,6.605806070835402,1.7439305798320507e-11
0.0001,1.0,0.2823108086643086,7.421288497006765,1.3577036942192519e-11
0.0001,1.0,0.2823108086643086,8.337441693749241,1.0361595087543704e-11
0.0001,1.0,0.2823108086643086,9.366693401651878,7.908505386932454e-12
0.0001,1.0,0.2823108086643086,10.523005557727087,6.15501444844882e-12
0.0001,1.0,0.2823108086643086,11.822063690952728,4.680998228179519e-12
0.0001,1.0,0.2823108086643086,13.281489698569583,3.5973781131601078e-12
0.0001,1.0,0.2823108086643086,14.921080889473224,2.811652624494224e-12
0.0001,1.0,0.2823108086643086,16.763078537355728,2.1426123652685643e-12
0.0001,1.0,0.2823108086643086,18.83246958655666,1.6825446347630254e-12
0.0001,1.0,0.2823108086643086,21.157325603303395,1.3238584724032346e-12
0.0001,1.0,0.2823108086643086,23.769183570259635,1.025075979485061e-12
0.0001,1.0,0.2823108086643086,26.70347368991138,8.294752430134192e-13
0.0001,1.0,0.2823108086643086,30.0,6.632598616833644e-13
0.0001,1.0,0.3018158589943526,0.1,0.0
0.0001,1.0,0.3018158589943526,0.1123449344020514,0.0
0.0001,1.0,0.3018158589943526,0.1262138428580125,0.0
0.0001,1.0,0.3018158589943526,0.1417948589651424,0.0
0.0001,1.0,0.3018158589943526,0.1592993412898707,0.0
0.0001,1.0,0.3018158589943526,0.1789647404750054,0.0
0.0001,1.0,0.3018158589943526,0.2010578202894464,0.0
0.0001,1.0,0.3018158589943526,0.2258782763143731,0.0
0.0001,1.0,0.3018158589943526,0.2537628013538671,0.0
0.0001,1.0,0.3018158589943526,0.2850896527178103,4.940471806206137e-13
0.0001,1.0,0.3018158589943526,0.3202837833328603,1.4371669749980542e-10
0.0001,1.0,0.3018158589943526,0.3598226062857105,2.82541295966241e-10
0.0001,1.0,0.3018158589943526,0.4042424709954335,3.830089163845178e-10
0.0001,1.0,0.3018158589943526,0.4541459388650518,4.6468166327255154e-10
0.0001,1.0,0.3018158589943526,0.5102099571075231,5.261266707110052e-10
0.0001,1.0,0.3018158589943526,0.573195041625182,5.673985366737532e-10
0.0001,1.0,0.3018158589943526,0.6439555935096224,5.908168032797106e-10
0.0001,1.0,0.3018158589943526,0.7234514891067266,5.935845962821865e-10
0.0001,1.0,0.3018158589943526,0.8127611008676167,5.745388881591957e-10
0.0001,1.0,0.3018158589943526,0.9130959256151152,5.384994734260509e-10
0.0001,1.0,0.3018158589943526,1.0258170186601063,4.917380800079461e-10
0.0001,1.0,0.3018158589943526,1.1524534566987763,4.394964763005627e-10
0.0001,1.0,0.3018158589943526,1.294723079942415,3.8618254525804454e-10
0.0001,1.0,0.3018158589943526,1.4545557948495271,3.3118682638251725e-10
0.0001,1.0,0.3018158589943526,1.6341197535649394,2.7639790664913517e-10
0.0001,1.0,0.3018158589943526,1.835850765193496,2.2638756964443325e-10
0.0001,1.0,0.3018158589943526,2.062485337876194,1.847049712710985e-10
0.0001,1.0,0.3018158589943526,2.3170977998889395,1.5038899449643788e-10
0.0001,1.0,0.3018158589943526,2.6031420033166066,1.2000408315274576e-10
0.0001,1.0,0.3018158589943526,2.9244981760182918,9.442350178327276e-11
0.0001,1.0,0.3018158589943526,3.285525557436941,7.462095289916437e-11
0.0001,1.0,0.3018158589943526,3.6911215322651687,5.896380820229812e-11
0.0001,1.0,0.3018158589943526,4.1467880641233,4.5704455990348284e-11
0.0001,1.0,0.3018158589943526,4.658706330431421,3.535539327341743e-11
0.0001,1.0,0.3018158589943526,5.233820570907402,2.767906300137133e-11
0.0001,1.0,0.3018158589943526,5.879932287106996,2.1256586724336937e-11
0.0001,1.0,0.3018158589943526,6.605806070835402,1.6249628254275534e-11
0.0001,1.0,0.3018158589943526,7.421288497006765,1.2653687876260631e-11
0.0001,1.0,0.3018158589943526,8.337441693749241,9.6545854891317e-12
0.0001,1.0,0.3018158589943526,9.366693401651878,7.359580280530667e-12
0.0001,1.0,0.3018158589943526,10.523005557727087,5.727648791772016e-12
0.0001,1.0,0.3018158589943526,11.822063690952728,4.3545380664104546e-12
0.0001,1.0,0.3018158589943526,13.281489698569583,3.3477477453831545e-12
0.0001,1.0,0.3018158589943526,14.921080889473224,2.614164717613697e-12
0.0001,1.0,0.3018158589943526,16.763078537355728,1.99418431578051e-12
0.0001,1.0,0.3018158589943526,18.83246958655666,1.5679862325771076e-12
0.0001,1.0,0.3018158589943526,21.157325603303395,1.231762441967379e-12
0.0001,1.0,0.3018158589943526,23.769183570259635,9.569980536667757e-13
0.0001,1.0,0.3018158589943526,26.70347368991138,7.739910015421504e-13
0.0001,1.0,0.3018158589943526,30.0,6.193605166149077e-13
0.0001,1.0,0.3226685268321269,0.1,0.0
0.0001,1.0,0.3226685268321269,0.1123449344020514,0.0
0.0001,1.0,0.3226685268321269,0.1262138428580125,0.0
0.0001,1.0,0.3226685268321269,0.1417948589651424,0.0
0.0001,1.0,0.3226685268321269,0.1592993412898707,0.0
0.0001,1.0,0.3226685268321269,0.1789647404750054,0.0
0.0001,1.0,0.3226685268321269,0.2010578202894464,0.0
0.0001,1.0,0.3226685268321269,0.2258782763143731,0.0
0.0001,1.0,0.3226685268321269,0.2537628013538671,0.0
0.0001,1.0,0.3226685268321269,0.2850896527178103,0.0
0.0001,1.0,0.3226685268321269,0.3202837833328603,2.521741344234669e-11
0.0001,1.0,0.3226685268321269,0.3598226062857105,1.5917892225837886e-10
0.0001,1.0,0.3226685268321269,0.4042424709954335,2.781355672348966e-10
0.0001,1.0,0.3226685268321269,0.4541459388650518,3.716002135192935e-10
0.0001,1.0,0.3226685268321269,0.5102099571075231,4.4703286843282007e-10
0.0001,1.0,0.3226685268321269,0.573195041625182,5.05089462811141e-10
0.0001,1.0,0.3226685268321269,0.6439555935096224,5.386310349269223e-10
0.0001,1.0,0.3226685268321269,0.7234514891067266,5.458269158494216e-10
0.0001,1.0,0.3226685268321269,0.8127611008676167,5.313783093709164e-10
0.0001,1.0,0.3226685268321269,0.9130959256151152,4.986522443449731e-10
0.0001,1.0,0.3226685268321269,1.0258170186601063,4.525183688513861e-10
0.0001,1.0,0.3226685268321269,1.1524534566987763,4.0124381954946275e-10
0.0001,1.0,0.3226685268321269,1.294723079942415,3.5106059306466107e-10
0.0001,1.0,0.3226685268321269,1.4545557948495271,3.014509326650391e-10
0.0001,1.0,0.3226685268321269,1.6341197535649394,2.5184091353828994e-10
0.0001,1.0,0.3226685268321269,1.835850765193496,2.0621217942211448e-10
0.0001,1.0,0.3226685268321269,2.062485337876194,1.674329440071552e-10
0.0001,1.0,0.3226685268321269,2.3170977998889395,1.361518165135214e-10
0.0001,1.0,0.3226685268321269,2.6031420033166066,1.0894973974729042e-10
0.0001,1.0,0.3226685268321269,2.9244981760182918,8.560588154226971e-11
0.0001,1.0,0.3226685268321269,3.285525557436941,6.749490998064637e-11
0.0001,1.0,0.3226685268321269,3.6911215322651687,5.335653936654151e-11
0.0001,1.0,0.3226685268321269,4.1467880641233,4.130012642023836e-11
0.0001,1.0,0.3226685268321269,4.658706330431421,3.192095424477742e-11
0.0001,1.0,0.3226685268321269,5.233820570907402,2.496525989335073e-11
0.0001,1.0,0.3226685268321269,5.879932287106996,1.9147260026643605e-11
0.0001,1.0,0.3226685268321269,6.605806070835402,1.464151680199277e-11
0.0001,1.0,0.3226685268321269,7.421288497006765,1.1379585496827372e-11
0.0001,1.0,0.3226685268321269,8.337441693749241,8.67412834603159e-12
0.0001,1.0,0.3226685268321269,9.366693401651878,6.619107590488849e-12
0.0001,1.0,0.3226685268321269,10.523005557727087,5.139000376328263e-12
0.0001,1.0,0.3226685268321269,11.822063690952728,3.906243502463703e-12
0.0001,1.0,0.3226685268321269,13.281489698569583,3.0076080039258917e-12
0.0001,1.0,0.3226685268321269,14.921080889473224,2.3432358639293427e-12
0.0001,1.0,0.3226685268321269,16.763078537355728,1.7899187484270072e-12
0.0001,1.0,0.3226685268321269,18.83246958655666,1.4089895627262549e-12
0.0001,1.0,0.3226685268321269,21.157325603303395,1.1064772066025806e-12
0.0001,1.0,0.3226685268321269,23.769183570259635,8.625093554938956e-13
0.0001,1.0,0.3226685268321269,26.70347368991138,6.981780828859598e-13
0.0001,1.0,0.3226685268321269,30.0,5.590648688001927e-13
0.0001,1.0,0.3449619200095219,0.1,0.0
0.0001,1.0,0.3449619200095219,0.1123449344020514,0.0
0.0001,1.0,0.3449619200095219,0.1262138428580125,0.0
0.0001,1.0,0.3449619200095219,0.1417948589651424,0.0
0.0001,1.0,0.3449619200095219,0.1592993412898707,0.0
0.0001,1.0,0.3449619200095219,0.1789647404750054,0.0
0.0001,1.0,0.3449619200095219,0.2010578202894464,0.0
0.0001,1.0,0.3449619200095219,0.2258782763143731,0.0
0.0001,1.0,0.3449619200095219,0.2537628013538671,0.0
0.0001,1.0,0.3449619200095219,0.2850896527178103,0.0
0.0001,1.0,0.3449619200095219,0.3202837833328603,0.0
0.0001,1.0,0.3449619200095219,0.3598226062857105,4.2190694790185915e-11
0.0001,1.0,0.3449619200095219,0.4042424709954335,1.4661621336607722e-10
0.0001,1.0,0.3449619200095219,0.4541459388650518,2.5366787610082675e-10
0.0001,1.0,0.3449619200095219,0.5102099571075231,3.471639682939019e-10
0.0001,1.0,0.3449619200095219,0.573195041625182,4.156889226570979e-10
0.0001,1.0,0.3449619200095219,0.6439555935096224,4.587281147828259e-10
0.0001,1.0,0.3449619200095219,0.7234514891067266,4.772891873449818e-10
0.0001,1.0,0.3449619200095219,0.8127611008676167,4.702020600116435e-10
0.0001,1.0,0.3449619200095219,0.9130959256151152,4.4097910075961147e-10
0.0001,1.0,0.3449619200095219,1.0258170186601063,3.989951236380176e-10
0.0001,1.0,0.3449619200095219,1.1524534566987763,3.518179883155726e-10
0.0001,1.0,0.3449619200095219,1.294723079942415,3.047310568110521e-10
0.0001,1.0,0.3449619200095219,1.4545557948495271,2.604921479966653e-10
0.0001,1.0,0.3449619200095219,1.6341197535649394,2.173046697084139e-10
0.0001,1.0,0.3449619200095219,1.835850765193496,1.7691732057779196e-10
0.0001,1.0,0.3449619200095219,2.062485337876194,1.4278652940986516e-10
0.0001,1.0,0.3449619200095219,2.3170977998889395,1.1591611650298354e-10
0.0001,1.0,0.3449619200095219,2.6031420033166066,9.249595420190669e-11
0.0001,1.0,0.3449619200095219,2.9244981760182918,7.248858292892652e-11
0.0001,1.0,0.3449619200095219,3.285525557436941,5.718438616442923e-11
0.0001,1.0,0.3449619200095219,3.6911215322651687,4.50422620037735e-11
0.0001,1.0,0.3449619200095219,4.1467880641233,3.478121387984974e-11
0.0001,1.0,0.3449619200095219,4.658706330431421,2.693131178154795e-11
0.0001,1.0,0.3449619200095219,5.233820570907402,2.0993066151691013e-11
0.0001,1.0,0.3449619200095219,5.879932287106996,1.60545575567095e-11
0.0001,1.0,0.3449619200095219,6.605806070835402,1.2304961155224169e-11
0.0001,1.0,0.3449619200095219,7.421288497006765,9.52673691928678e-12
0.0001,1.0,0.3449619200095219,8.337441693749241,7.233069231814579e-12
0.0001,1.0,0.3449619200095219,9.366693401651878,5.539606178206983e-12
0.0001,1.0,0.3449619200095219,10.523005557727087,4.286371760581647e-12
0.0001,1.0,0.3449619200095219,11.822063690952728,3.2504057927257382e-12
0.0001,1.0,0.3449619200095219,13.281489698569583,2.5183688062859293e-12
0.0001,1.0,0.3449619200095219,14.921080889473224,1.9525444726048996e-12
0.0001,1.0,0.3449619200095219,16.763078537355728,1.4921080946013646e-12
0.0001,1.0,0.3449619200095219,18.83246958655666,1.1815905367309962e-12
0.0001,1.0,0.3449619200095219,21.157325603303395,9.223125937229084e-13
0.0001,1.0,0.3449619200095219,23.769183570259635,7.257260862081433e-13
0.0001,1.0,0.3449619200095219,26.70347368991138,5.882882242461346e-13
0.0001,1.0,0.3449619200095219,30.0,4.680730417664922e-13
0.0001,1.0,0.3687955792433599,0.1,0.0
0.0001,1.0,0.3687955792433599,0.1123449344020514,0.0
0.0001,1.0,0.3687955792433599,0.1262138428580125,0.0
0.0001,1.0,0.3687955792433599,0.1417948589651424,0.0
0.0001,1.0,0.3687955792433599,0.1592993412898707,0.0
0.0001,1.0,0.3687955792433599,0.1789647404750054,0.0
0.0001,1.0,0.3687955792433599,0.2010578202894464,0.0
0.0001,1.0,0.3687955792433599,0.2258782763143731,0.0
0.0001,1.0,0.3687955792433599,0.2537628013538671,0.0
0.0001,1.0,0.3687955792433599,0.2850896527178103,0.0
0.0001,1.0,0.3687955792433599,0.3202837833328603,0.0
0.0001,1.0,0.3687955792433599,0.3598226062857105,1.3800364110781852e-12
0.0001,1.0,0.3687955792433599,0.4042424709954335,3.340387497008024e-11
0.0001,1.0,0.3687955792433599,0.4541459388650518,9.901068671223128e-11
0.0001,1.0,0.3687955792433599,0.5102099571075231,1.7545363752767697e-10
0.0001,1.0,0.3687955792433599,0.573195041625182,2.4525953193406957e-10
0.0001,1.0,0.3687955792433599,0.6439555935096224,2.957971368023097e-10
0.0001,1.0,0.3687955792433599,0.7234514891067266,3.1998697851398335e-10
0.0001,1.0,0.3687955792433599,0.8127611008676167,3.19057618412162e-10
0.0001,1.0,0.3687955792433599,0.9130959256151152,3.0173023498759567e-10
0.0001,1.0,0.3687955792433599,1.0258170186601063,2.738164878816993e-10
0.0001,1.0,0.3687955792433599,1.1524534566987763,2.401445262220743e-10
0.0001,1.0,0.3687955792433599,1.294723079942415,2.0713686245715368e-10
0.0001,1.0,0.3687955792433599,1.4545557948495271,1.772177105609935e-10
0.0001,1.0,0.3687955792433599,1.6341197535649394,1.4721196336592535e-10
0.0001,1.0,0.3687955792433599,1.835850765193496,1.190360604774759e-10
0.0001,1.0,0.3687955792433599,2.062485337876194,9.638254508752049e-11
0.0001,1.0,0.3687955792433599,2.3170977998889395,7.817429832014936e-11
0.0001,1.0,0.3687955792433599,2.6031420033166066,6.170830982550085e-11
0.0001,1.0,0.3687955792433599,2.9244981760182918,4.8348097495230764e-11
0.0001,1.0,0.3687955792433599,3.285525557436941,3.838364404227601e-11
0.0001,1.0,0.3687955792433599,3.6911215322651687,2.988792989697452e-11
0.0001,1.0,0.3687955792433599,4.1467880641233,2.301726908072829e-11
0.0001,1.0,0.3687955792433599,4.658706330431421,1.802131009827321e-11
0.0001,1.0,0.3687955792433599,5.233820570907402,1.3893602544692829e-11
0.0001,1.0,0.3687955792433599,5.879932287106996,1.0599981133057158e-11
0.0001,1.0,0.3687955792433599,6.605806070835402,8.239896116599549e-12
0.0001,1.0,0.3687955792433599,7.421288497006765,6.301184614934398e-12
0.0001,1.0,0.3687955792433599,8.337441693749241,4.794474425261426e-12
0.0001,1.0,0.3687955792433599,9.366693401651878,3.720632916660488e-12
0.0001,1.0,0.3687955792433599,10.523005557727087,2.8319681284257893e-12
0.0001,1.0,0.3687955792433599,11.822063690952728,2.1714878586239218e-12
0.0001,1.0,0.3687955792433599,13.281489698569583,1.6898354727685672e-12
0.0001,1.0,0.3687955792433599,14.921080889473224,1.2910364591634482e-12
0.0001,1.0,0.3687955792433599,16.763078537355728,1.011357596898241e-12
0.0001,1.0,0.3687955792433599,18.83246958655666,7.930488588172948e-13
0.0001,1.0,0.3687955792433599,21.157325603303395,6.179330935207028e-13
0.0001,1.0,0.3687955792433599,23.769183570259635,4.980828981127391e-13
0.0001,1.0,0.3687955792433599,26.70347368991138,3.9615623389893383e-13
0.0001,1.0,0.3687955792433599,30.0,3.2259740868089563e-13
0.0001,1.0,0.3942759225878933,0.1,0.0
0.0001,1.0,0.3942759225878933,0.1123449344020514,0.0
0.0001,1.0,0.3942759225878933,0.1262138428580125,0.0
0.0001,1.0,0.3942759225878933,0.1417948589651424,0.0
0.0001,1.0,0.3942759225878933,0.1592993412898707,0.0
0.0001,1.0,0.3942759225878933,0.1789647404750054,0.0
0.0001,1.0,0.3942759225878933,0.2010578202894464,0.0
0.0001,1.0,0.3942759225878933,0.2258782763143731,0.0
0.0001,1.0,0.3942759225878933,0.2537628013538671,0.0
0.0001,1.0,0.3942759225878933,0.2850896527178103,0.0
0.0001,1.0,0.3942759225878933,0.3202837833328603,0.0
0.0001,1.0,0.3942759225878933,0.3598226062857105,0.0
0.0001,1.0,0.3942759225878933,0.4042424709954335,5.318108245141199e-13
0.0001,1.0,0.3942759225878933,0.4541459388650518,3.174235183901698e-12
0.0001,1.0,0.3942759225878933,0.5102099571075231,7.006963040545364e-12
0.0001,1.0,0.3942759225878933,0.573195041625182,1.1058089128513131e-11
0.0001,1.0,0.3942759225878933,0.6439555935096224,1.4564406735326e-11
0.0001,1.0,0.3942759225878933,0.7234514891067266,1.6994049590903368e-11
0.0001,1.0,0.3942759225878933,0.8127611008676167,1.805821216820851e-11
0.0001,1.0,0.3942759225878933,0.9130959256151152,1.7780888297468483e-11
0.0001,1.0,0.3942759225878933,1.0258170186601063,1.6507962206739635e-11
0.0001,1.0,0.3942759225878933,1.1524534566987763,1.476431748165194e-11
0.0001,1.0,0.3942759225878933,1.294723079942415,1.294165836856234e-11
0.0001,1.0,0.3942759225878933,1.4545557948495271,1.1136106786967197e-11
0.0001,1.0,0.3942759225878933,1.6341197535649394,9.341835693382657e-12
0.0001,1.0,0.3942759225878933,1.835850765193496,7.612928033109066e-12
0.0001,1.0,0.3942759225878933,2.062485337876194,6.081901601045866e-12
0.0001,1.0,0.3942759225878933,2.3170977998889395,4.820312042847832e-12
0.0001,1.0,0.3942759225878933,2.6031420033166066,3.7714153183935135e-12
0.0001,1.0,0.3942759225878933,2.9244981760182918,2.8988124072974718e-12
0.0001,1.0,0.3942759225878933,3.285525557436941,2.2097744965856613e-12
0.0001,1.0,0.3942759225878933,3.6911215322651687,1.6689250040932334e-12
0.0001,1.0,0.3942759225878933,4.1467880641233,1.2437747884575066e-12
0.0001,1.0,0.3942759225878933,4.658706330431421,9.199513081428834e-13
0.0001,1.0,0.3942759225878933,5.233820570907402,6.786954095397524e-13
0.0001,1.0,0.3942759225878933,5.879932287106996,4.948265601678368e-13
0.0001,1.0,0.3942759225878933,6.605806070835402,3.572343547823885e-13
0.0001,1.0,0.3942759225878933,7.421288497006765,2.5880618543714065e-13
0.0001,1.0,0.3942759225878933,8.337441693749241,1.8595146845080992e-13
0.0001,1.0,0.3942759225878933,9.366693401651878,1.3177552303244114e-13
0.0001,1.0,0.3942759225878933,10.523005557727087,9.386893127914271e-14
0.0001,1.0,0.3942759225878933,11.822063690952728,6.696357940666271e-14
0.0001,1.0,0.3942759225878933,13.281489698569583,4.6896224858611424e-14
0.0001,1.0,0.3942759225878933,14.921080889473224,3.283955545445344e-14
0.0001,1.0,0.3942759225878933,16.763078537355728,2.3399572570008e-14
0.0001,1.0,0.3942759225878933,18.83246958655666,1.6146902594222914e-14
0.0001,1.0,0.3942759225878933,21.157325603303395,1.109367935702752e-14
0.0001,1.0,0.3942759225878933,23.769183570259635,7.924639247041997e-15
0.0001,1.0,0.3942759225878933,26.70347368991138,5.279849298285676e-15
0.0001,1.0,0.3942759225878933,30.0,3.592726162723289e-15
0.0001,1.0,0.421516720594837,0.1,0.0
0.0001,1.0,0.421516720594837,0.1123449344020514,0.0
0.0001,1.0,0.421516720594837,0.1262138428580125,0.0
0.0001,1.0,0.421516720594837,0.1417948589651424,0.0
0.0001,1.0,0.421516720594837,0.1592993412898707,0.0
0.0001,1.0,0.421516720594837,0.1789647404750054,0.0
0.0001,1.0,0.421516720594837,0.2010578202894464,0.0
0.0001,1.0,0.421516720594837,0.2258782763143731,0.0
0.0001,1.0,0.421516720594837,0.2537628013538671,0.0
0.0001,1.0,0.421516720594837,0.2850896527178103,0.0
0.0001,1.0,0.421516720594837,0.3202837833328603,0.0
0.0001,1.0,0.421516720594837,0.3598226062857105,0.0
0.0001,1.0,0.421516720594837,0.4042424709954335,7.823280713208753e-15
0.0001,1.0,0.421516720594837,0.4541459388650518,4.1271004461191876e-13
0.0001,1.0,0.421516720594837,0.5102099571075231,1.3228932291741546e-12
0.0001,1.0,0.421516720594837,0.573195041625182,2.4387673655484423e-12
0.0001,1.0,0.421516720594837,0.6439555935096224,3.5516653218572433e-12
0.0001,1.0,0.421516720594837,0.7234514891067266,4.495043377263702e-12
0.0001,1.0,0.421516720594837,0.8127611008676167,5.152423911277448e-12
0.0001,1.0,0.421516720594837,0.9130959256151152,5.4695557691275625e-12
0.0001,1.0,0.421516720594837,1.0258170186601063,5.460755842633451e-12
0.0001,1.0,0.421516720594837,1.1524534566987763,5.199439401386652e-12
0.0001,1.0,0.421516720594837,1.294723079942415,4.784884989727216e-12
0.0001,1.0,0.421516720594837,1.4545557948495271,4.30404103289194e-12
0.0001,1.0,0.421516720594837,1.6341197535649394,3.802834694403308e-12
0.0001,1.0,0.421516720594837,1.835850765193496,3.2821997043273454e-12
0.0001,1.0,0.421516720594837,2.062485337876194,2.7488694436853875e-12
0.0001,1.0,0.421516720594837,2.3170977998889395,2.255404061536385e-12
0.0001,1.0,0.421516720594837,2.6031420033166066,1.8314983171901075e-12
0.0001,1.0,0.421516720594837,2.9244981760182918,1.4717454190722974e-12
0.0001,1.0,0.421516720594837,3.285525557436941,1.1648927749699647e-12
0.0001,1.0,0.421516720594837,3.6911215322651687,9.075062452646073e-13
0.0001,1.0,0.421516720594837,4.1467880641233,7.005489766626437e-13
0.0001,1.0,0.421516720594837,4.658706330431421,5.368525084500911e-13
0.0001,1.0,0.421516720594837,5.233820570907402,4.0738192867220626e-13
0.0001,1.0,0.421516720594837,5.879932287106996,3.058254773481036e-13
0.0001,1.0,0.421516720594837,6.605806070835402,2.283366672877227e-13
0.0001,1.0,0.421516720594837,7.421288497006765,1.694279006377383e-13
0.0001,1.0,0.421516720594837,8.337441693749241,1.245779283743557e-13
0.0001,1.0,0.421516720594837,9.366693401651878,9.107333913379347e-14
0.0001,1.0,0.421516720594837,10.523005557727087,6.598673965513326e-14
0.0001,1.0,0.421516720594837,11.822063690952728,4.774884995557964e-14
0.0001,1.0,0.421516720594837,13.281489698569583,3.445730126028295e-14
0.0001,1.0,0.421516720594837,14.921080889473224,2.436318821012993e-14
0.0001,1.0,0.421516720594837,16.763078537355728,1.747131103565496e-14
0.0001,1.0,0.421516720594837,18.83246958655666,1.2402919538693598e-14
0.0001,1.0,0.421516720594837,21.157325603303395,8.49566847317714e-15
0.0001,1.0,0.421516720594837,23.769183570259635,6.0639628464456944e-15
0.0001,1.0,0.421516720594837,26.70347368991138,4.134940422025374e-15
0.0001,1.0,0.421516720594837,30.0,2.7311823712529437e-15
0.0001,1.0,0.4506396043025368,0.1,0.0
0.0001,1.0,0.4506396043025368,0.1123449344020514,0.0
0.0001,1.0,0.4506396043025368,0.1262138428580125,0.0
0.0001,1.0,0.4506396043025368,0.1417948589651424,0.0
0.0001,1.0,0.4506396043025368,0.1592993412898707,0.0
0.0001,1.0,0.4506396043025368,0.1789647404750054,0.0
0.0001,1.0,0.4506396043025368,0.2010578202894464,0.0
0.0001,1.0,0.4506396043025368,0.2258782763143731,0.0
0.0001,1.0,0.4506396043025368,0.2537628013538671,0.0
0.0001,1.0,0.4506396043025368,0.2850896527178103,0.0
0.0001,1.0,0.4506396043025368,0.3202837833328603,0.0
0.0001,1.0,0.4506396043025368,0.3598226062857105,0.0
0.0001,1.0,0.4506396043025368,0.4042424709954335,0.0
0.0001,1.0,0.4506396043025368,0.4541459388650518,3.3404336343923984e-14
0.0001,1.0,0.4506396043025368,0.5102099571075231,2.9358637952598606e-13
0.0001,1.0,0.4506396043025368,0.573195041625182,7.227607169532004e-13
0.0001,1.0,0.4506396043025368,0.6439555935096224,1.2164255770837214e-12
0.0001,1.0,0.4506396043025368,0.7234514891067266,1.694816975183558e-12
0.0001,1.0,0.4506396043025368,0.8127611008676167,2.0946108209190424e-12
0.0001,1.0,0.4506396043025368,0.9130959256151152,2.3718962120510512e-12
0.0001,1.0,0.4506396043025368,1.0258170186601063,2.507182548351876e-12
0.0001,1.0,0.4506396043025368,1.1524534566987763,2.507139497235923e-12
0.0001,1.0,0.4506396043025368,1.294723079942415,2.400248057544989e-12
0.0001,1.0,0.4506396043025368,1.4545557948495271,2.225071870418024e-12
0.0001,1.0,0.4506396043025368,1.6341197535649394,2.0180126984834804e-12
0.0001,1.0,0.4506396043025368,1.835850765193496,1.7971615366796187e-12
0.0001,1.0,0.4506396043025368,2.062485337876194,1.5571804088749869e-12
0.0001,1.0,0.4506396043025368,2.3170977998889395,1.3085742011594432e-12
0.0001,1.0,0.4506396043025368,2.6031420033166066,1.0795646307907435e-12
0.0001,1.0,0.4506396043025368,2.9244981760182918,8.830944054829338e-13
0.0001,1.0,0.4506396043025368,3.285525557436941,7.150987877080144e-13
0.0001,1.0,0.4506396043025368,3.6911215322651687,5.681978764439417e-13
0.0001,1.0,0.4506396043025368,4.1467880641233,4.4474788315443885e-13
0.0001,1.0,0.4506396043025368,4.658706330431421,3.470245420692105e-13
0.0001,1.0,0.4506396043025368,5.233820570907402,2.682157141801981e-13
0.0001,1.0,0.4506396043025368,5.879932287106996,2.0422467325153088e-13
0.0001,1.0,0.4506396043025368,6.605806070835402,1.5497721608555782e-13
0.0001,1.0,0.4506396043025368,7.421288497006765,1.1694844686426007e-13
0.0001,1.0,0.4506396043025368,8.337441693749241,8.703399764305291e-14
0.0001,1.0,0.4506396043025368,9.366693401651878,6.45646688024653e-14
0.0001,1.0,0.4506396043025368,10.523005557727087,4.73757926714005e-14
0.0001,1.0,0.4506396043025368,11.822063690952728,3.4440579873276184e-14
0.0001,1.0,0.4506396043025368,13.281489698569583,2.5157672338600668e-14
0.0001,1.0,0.4506396043025368,14.921080889473224,1.7932623986718877e-14
0.0001,1.0,0.4506396043025368,16.763078537355728,1.279932295035192e-14
0.0001,1.0,0.4506396043025368,18.83246958655666,9.20048020125336e-15
0.0001,1.0,0.4506396043025368,21.157325603303395,6.273889038227759e-15
0.0001,1.0,0.4506396043025368,23.769183570259635,4.411166219738805e-15
0.0001,1.0,0.4506396043025368,26.70347368991138,3.0483389178924937e-15
0.0001,1.0,0.4506396043025368,30.0,1.9497449740277888e-15
0.0001,1.0,0.4817746083224637,0.1,0.0
0.0001,1.0,0.4817746083224637,0.1123449344020514,0.0
0.0001,1.0,0.4817746083224637,0.1262138428580125,0.0
0.0001,1.0,0.4817746083224637,0.1417948589651424,0.0
0.0001,1.0,0.4817746083224637,0.1592993412898707,0.0
0.0001,1.0,0.4817746083224637,0.1789647404750054,0.0
0.0001,1.0,0.4817746083224637,0.2010578202894464,0.0
0.0001,1.0,0.4817746083224637,0.2258782763143731,0.0
0.0001,1.0,0.4817746083224637,0.2537628013538671,0.0
0.0001,1.0,0.4817746083224637,0.2850896527178103,0.0
0.0001,1.0,0.4817746083224637,0.3202837833328603,0.0
0.0001,1.0,0.4817746083224637,0.3598226062857105,0.0
0.0001,1.0,0.4817746083224637,0.4042424709954335,0.0
0.0001,1.0,0.4817746083224637,0.4541459388650518,5.079031394470958e-18
0.0001,1.0,0.4817746083224637,0.5102099571075231,4.2607273965368223e-14
0.0001,1.0,0.4817746083224637,0.573195041625182,1.9922710655933573e-13
0.0001,1.0,0.4817746083224637,0.6439555935096224,4.2722761501427053e-13
0.0001,1.0,0.4817746083224637,0.7234514891067266,6.821096462926526e-13
0.0001,1.0,0.4817746083224637,0.8127611008676167,9.257140124699834e-13
0.0001,1.0,0.4817746083224637,0.9130959256151152,1.1271181130966182e-12
0.0001,1.0,0.4817746083224637,1.0258170186601063,1.2652144438171296e-12
0.0001,1.0,0.4817746083224637,1.1524534566987763,1.3306202492788516e-12
0.0001,1.0,0.4817746083224637,1.294723079942415,1.3267986538775674e-12
0.0001,1.0,0.4817746083224637,1.4545557948495271,1.268071804100634e-12
0.0001,1.0,0.4817746083224637,1.6341197535649394,1.1746487216985773e-12
0.0001,1.0,0.4817746083224637,1.835850765193496,1.065736120828981e-12
0.0001,1.0,0.4817746083224637,2.062485337876194,9.48014166742855e-13
0.0001,1.0,0.4817746083224637,2.3170977998889395,8.161500773551632e-13
0.0001,1.0,0.4817746083224637,2.6031420033166066,6.824718122656032e-13
0.0001,1.0,0.4817746083224637,2.9244981760182918,5.626988701774465e-13
0.0001,1.0,0.4817746083224637,3.285525557436941,4.613695337845708e-13
0.0001,1.0,0.4817746083224637,3.6911215322651687,3.7236120052906574e-13
0.0001,1.0,0.4817746083224637,4.1467880641233,2.943528096587912e-13
0.0001,1.0,0.4817746083224637,4.658706330431421,2.312984208509638e-13
0.0001,1.0,0.4817746083224637,5.233820570907402,1.8100513272183958e-13
0.0001,1.0,0.4817746083224637,5.879932287106996,1.3922366358144934e-13
0.0001,1.0,0.4817746083224637,6.605806070835402,1.063166949725715e-13
0.0001,1.0,0.4817746083224637,7.421288497006765,8.10812923937875e-14
0.0001,1.0,0.4817746083224637,8.337441693749241,6.081595388809052e-14
0.0001,1.0,0.4817746083224637,9.366693401651878,4.5329791472263926e-14
0.0001,1.0,0.4817746083224637,10.523005557727087,3.35409371836294e-14
0.0001,1.0,0.4817746083224637,11.822063690952728,2.4373030155892832e-14
0.0001,1.0,0.4817746083224637,13.281489698569583,1.780589300060849e-14
0.0001,1.0,0.4817746083224637,14.921080889473224,1.2748799267280698e-14
0.0001,1.0,0.4817746083224637,16.763078537355728,8.996123651083564e-15
0.0001,1.0,0.4817746083224637,18.83246958655666,6.456587694080862e-15
0.0001,1.0,0.4817746083224637,21.157325603303395,4.3651100515810804e-15
0.0001,1.0,0.4817746083224637,23.769183570259635,2.9822942854659437e-15
0.0001,1.0,0.4817746083224637,26.70347368991138,2.0504793702859438e-15
0.0001,1.0,0.4817746083224637,30.0,1.249332666136839e-15
0.0001,1.0,0.5150607514479321,0.1,0.0
0.0001,1.0,0.5150607514479321,0.1123449344020514,0.0
0.0001,1.0,0.5150607514479321,0.1262138428580125,0.0
0.0001,1.0,0.5150607514479321,0.1417948589651424,0.0
0.0001,1.0,0.5150607514479321,0.1592993412898707,0.0
0.0001,1.0,0.5150607514479321,0.1789647404750054,0.0
0.0001,1.0,0.5150607514479321,0.2010578202894464,0.0
0.0001,1.0,0.5150607514479321,0.2258782763143731,0.0
0.0001,1.0,0.5150607514479321,0.2537628013538671,0.0
0.0001,1.0,0.5150607514479321,0.2850896527178103,0.0
0.0001,1.0,0.5150607514479321,0.3202837833328603,0.0
0.0001,1.0,0.5150607514479321,0.3598226062857105,0.0
0.0001,1.0,0.5150607514479321,0.4042424709954335,0.0
0.0001,1.0,0.5150607514479321,0.4541459388650518,0.0
0.0001,1.0,0.5150607514479321,0.5102099571075231,1.5563190628603065e-15
0.0001,1.0,0.5150607514479321,0.573195041625182,3.6877054051761856e-14
0.0001,1.0,0.5150607514479321,0.6439555935096224,1.2802193055435365e-13
0.0001,1.0,0.5150607514479321,0.7234514891067266,2.548280301005255e-13
0.0001,1.0,0.5150607514479321,0.8127611008676167,3.952713038996758e-13
0.0001,1.0,0.5150607514479321,0.9130959256151152,5.28830994001283e-13
0.0001,1.0,0.5150607514479321,1.0258170186601063,6.379771735656966e-13
0.0001,1.0,0.5150607514479321,1.1524534566987763,7.105268084354006e-13
0.0001,1.0,0.5150607514479321,1.294723079942415,7.413944416321188e-13
0.0001,1.0,0.5150607514479321,1.4545557948495271,7.330899675327723e-13
0.0001,1.0,0.5150607514479321,1.6341197535649394,6.946185998162122e-13
0.0001,1.0,0.5150607514479321,1.835850765193496,6.389379675615951e-13
0.0001,1.0,0.5150607514479321,2.062485337876194,5.76844478709742e-13
0.0001,1.0,0.5150607514479321,2.3170977998889395,5.082116273980109e-13
0.0001,1.0,0.5150607514479321,2.6031420033166066,4.3170642189328854e-13
0.0001,1.0,0.5150607514479321,2.9244981760182918,3.5801890282691326e-13
0.0001,1.0,0.5150607514479321,3.285525557436941,2.9484080567340083e-13
0.0001,1.0,0.5150607514479321,3.6911215322651687,2.4061797384766913e-13
0.0001,1.0,0.5150607514479321,4.1467880641233,1.9196043582941421e-13
0.0001,1.0,0.5150607514479321,4.658706330431421,1.5112207150374545e-13
0.0001,1.0,0.5150607514479321,5.233820570907402,1.1903811497702744e-13
0.0001,1.0,0.5150607514479321,5.879932287106996,9.214529171899768e-14
0.0001,1.0,0.5150607514479321,6.605806070835402,7.051073602220598e-14
0.0001,1.0,0.5150607514479321,7.421288497006765,5.399181529201641e-14
0.0001,1.0,0.5150607514479321,8.337441693749241,4.058453019034088e-14
0.0001,1.0,0.5150607514479321,9.366693401651878,3.018489638507076e-14
0.0001,1.0,0.5150607514479321,10.523005557727087,2.2364337864422642e-14
0.0001,1.0,0.5150607514479321,11.822063690952728,1.6133052382645918e-14
0.0001,1.0,0.5150607514479321,13.281489698569583,1.1673761369516039e-14
0.0001,1.0,0.5150607514479321,14.921080889473224,8.331312417986663e-15
0.0001,1.0,0.5150607514479321,16.763078537355728,5.744625420572781e-15
0.0001,1.0,0.5150607514479321,18.83246958655666,4.0626468177210775e-15
0.0001,1.0,0.5150607514479321,21.157325603303395,2.70716455910904e-15
0.0001,1.0,0.5150607514479321,23.769183570259635,1.7624031177062453e-15
0.0001,1.0,0.5150607514479321,26.70347368991138,1.1974434777329675e-15
0.0001,1.0,0.5150607514479321,30.0,6.953237177138706e-16
0.0001,1.0,0.5506466573774781,0.1,0.0
0.0001,1.0,0.5506466573774781,0.1123449344020514,0.0
0.0001,1.0,0.5506466573774781,0.1262138428580125,0.0
0.0001,1.0,0.5506466573774781,0.1417948589651424,0.0
0.0001,1.0,0.5506466573774781,0.1592993412898707,0.0
0.0001,1.0,0.5506466573774781,0.1789647404750054,0.0
0.0001,1.0,0.5506466573774781,0.2010578202894464,0.0
0.0001,1.0,0.5506466573774781,0.2258782763143731,0.0
0.0001,1.0,0.5506466573774781,0.2537628013538671,0.0
0.0001,1.0,0.5506466573774781,0.2850896527178103,0.0
0.0001,1.0,0.5506466573774781,0.3202837833328603,0.0
0.0001,1.0,0.5506466573774781,0.3598226062857105,0.0
0.0001,1.0,0.5506466573774781,0.4042424709954335,0.0
0.0001,1.0,0.5506466573774781,0.4541459388650518,0.0
0.0001,1.0,0.5506466573774781,0.5102099571075231,0.0
0.0001,1.0,0.5506466573774781,0.573195041625182,2.3954440363752037e-15
0.0001,1.0,0.5506466573774781,0.6439555935096224,2.4538382129156892e-14
0.0001,1.0,0.5506466573774781,0.7234514891067266,7.368543492862813e-14
0.0001,1.0,0.5506466573774781,0.8127611008676167,1.4193945862057477e-13
0.0001,1.0,0.5506466573774781,0.9130959256151152,2.1791799603736962e-13
0.0001,1.0,0.5506466573774781,1.0258170186601063,2.8981757306967245e-13
0.0001,1.0,0.5506466573774781,1.1524534566987763,3.473227830711093e-13
0.0001,1.0,0.5506466573774781,1.294723079942415,3.83212432394542e-13
0.0001,1.0,0.5506466573774781,1.4545557948495271,3.949096979046435e-13
0.0001,1.0,0.5506466573774781,1.6341197535649394,3.849548432342202e-13
0.0001,1.0,0.5506466573774781,1.835850765193496,3.5985608677754135e-13
0.0001,1.0,0.5506466573774781,2.062485337876194,3.2786209611667114e-13
0.0001,1.0,0.5506466573774781,2.3170977998889395,2.9346294271056206e-13
0.0001,1.0,0.5506466573774781,2.6031420033166066,2.5402065851593263e-13
0.0001,1.0,0.5506466573774781,2.9244981760182918,2.1228901021066023e-13
0.0001,1.0,0.5506466573774781,3.285525557436941,1.7504732941519925e-13
0.0001,1.0,0.5506466573774781,3.6911215322651687,1.4369265108512688e-13
0.0001,1.0,0.5506466573774781,4.1467880641233,1.1538484615111844e-13
0.0001,1.0,0.5506466573774781,4.658706330431421,9.104578117083041e-14
0.0001,1.0,0.5506466573774781,5.233820570907402,7.166318118728683e-14
0.0001,1.0,0.5506466573774781,5.879932287106996,5.5653179110521846e-14
0.0001,1.0,0.5506466573774781,6.605806070835402,4.250283226908677e-14
0.0001,1.0,0.5506466573774781,7.421288497006765,3.242074134668975e-14
0.0001,1.0,0.5506466573774781,8.337441693749241,2.4267250406525603e-14
0.0001,1.0,0.5506466573774781,9.366693401651878,1.7879331486223686e-14
0.0001,1.0,0.5506466573774781,10.523005557727087,1.3148566931209984e-14
0.0001,1.0,0.5506466573774781,11.822063690952728,9.335520563769882e-15
0.0001,1.0,0.5506466573774781,13.281489698569583,6.624456085917529e-15
0.0001,1.0,0.5506466573774781,14.921080889473224,4.674834058363012e-15
0.0001,1.0,0.5506466573774781,16.763078537355728,3.106149851389019e-15
0.0001,1.0,0.5506466573774781,18.83246958655666,2.1391888393965385e-15
0.0001,1.0,0.5506466573774781,21.157325603303395,1.4109785708209273e-15
0.0001,1.0,0.5506466573774781,23.769183570259635,8.462955375581135e-16
0.0001,1.0,0.5506466573774781,26.70347368991138,5.720731226270565e-16
0.0001,1.0,0.5506466573774781,30.0,3.438565687186005e-16
0.0001,1.0,0.5886912183244501,0.1,0.0
0.0001,1.0,0.5886912183244501,0.1123449344020514,0.0
0.0001,1.0,0.5886912183244501,0.1262138428580125,0.0
0.0001,1.0,0.5886912183244501,0.1417948589651424,0.0
0.0001,1.0,0.5886912183244501,0.1592993412898707,0.0
0.0001,1.0,0.5886912183244501,0.1789647404750054,0.0
0.0001,1.0,0.5886912183244501,0.2010578202894464,0.0
0.0001,1.0,0.5886912183244501,0.2258782763143731,0.0
0.0001,1.0,0.5886912183244501,0.2537628013538671,0.0
0.0001,1.0,0.5886912183244501,0.2850896527178103,0.0
0.0001,1.0,0.5886912183244501,0.3202837833328603,0.0
0.0001,1.0,0.5886912183244501,0.3598226062857105,0.0
0.0001,1.0,0.5886912183244501,0.4042424709954335,0.0
0.0001,1.0,0.5886912183244501,0.4541459388650518,0.0
0.0001,1.0,0.5886912183244501,0.5102099571075231,0.0
0.0001,1.0,0.5886912183244501,0.573195041625182,1.3375141999014415e-17
0.0001,1.0,0.5886912183244501,0.6439555935096224,1.818727069950058e-15
0.0001,1.0,0.5886912183244501,0.7234514891067266,1.2391695175474181e-14
0.0001,1.0,0.5886912183244501,0.8127611008676167,3.456783376098349e-14
0.0001,1.0,0.5886912183244501,0.9130959256151152,6.59807472141841e-14
0.0001,1.0,0.5886912183244501,1.0258170186601063,1.0154675195069636e-13
0.0001,1.0,0.5886912183244501,1.1524534566987763,1.3500903051593072e-13
0.0001,1.0,0.5886912183244501,1.294723079942415,1.6073527974367064e-13
0.0001,1.0,0.5886912183244501,1.4545557948495271,1.7514020367758524e-13
0.0001,1.0,0.5886912183244501,1.6341197535649394,1.7747596690879035e-13
0.0001,1.0,0.5886912183244501,1.835850765193496,1.6996305062399466e-13
0.0001,1.0,0.5886912183244501,2.062485337876194,1.5676823931554382e-13
0.0001,1.0,0.5886912183244501,2.3170977998889395,1.4175653407284973e-13
0.0001,1.0,0.5886912183244501,2.6031420033166066,1.2507945781209385e-13
0.0001,1.0,0.5886912183244501,2.9244981760182918,1.0582244039075656e-13
0.0001,1.0,0.5886912183244501,3.285525557436941,8.73533834815614e-14
0.0001,1.0,0.5886912183244501,3.6911215322651687,7.186225021842433e-14
0.0001,1.0,0.5886912183244501,4.1467880641233,5.798791510393735e-14
0.0001,1.0,0.5886912183244501,4.658706330431421,4.573226548288351e-14
0.0001,1.0,0.5886912183244501,5.233820570907402,3.585985890710474e-14
0.0001,1.0,0.5886912183244501,5.879932287106996,2.7804622182496663e-14
0.0001,1.0,0.5886912183244501,6.605806070835402,2.103728320761852e-14
0.0001,1.0,0.5886912183244501,7.421288497006765,1.5932910189843464e-14
0.0001,1.0,0.5886912183244501,8.337441693749241,1.1784927748319856e-14
0.0001,1.0,0.5886912183244501,9.366693401651878,8.530727010141803e-15
0.0001,1.0,0.5886912183244501,10.523005557727087,6.201066647555019e-15
0.0001,1.0,0.5886912183244501,11.822063690952728,4.3259164018029224e-15
0.0001,1.0,0.5886912183244501,13.281489698569583,2.98421186146646e-15
0.0001,1.0,0.5886912183244501,14.921080889473224,2.088444930002477e-15
0.0001,1.0,0.5886912183244501,16.763078537355728,1.3475234409884252e-15
0.0001,1.0,0.5886912183244501,18.83246958655666,8.962753641037295e-16
0.0001,1.0,0.5886912183244501,21.157325603303395,6.032081104610962e-16
0.0001,1.0,0.5886912183244501,23.769183570259635,3.498542593135865e-16
0.0001,1.0,0.5886912183244501,26.70347368991138,2.288955039509497e-16
0.0001,1.0,0.5886912183244501,30.0,1.4911520951407218e-16
0.0001,1.0,0.6293643044758447,0.1,0.0
0.0001,1.0,0.6293643044758447,0.1123449344020514,0.0
0.0001,1.0,0.6293643044758447,0.1262138428580125,0.0
0.0001,1.0,0.6293643044758447,0.1417948589651424,0.0
0.0001,1.0,0.6293643044758447,0.1592993412898707,0.0
0.0001,1.0,0.6293643044758447,0.1789647404750054,0.0
0.0001,1.0,0.6293643044758447,0.2010578202894464,0.0
0.0001,1.0,0.6293643044758447,0.2258782763143731,0.0
0.0001,1.0,0.6293643044758447,0.2537628013538671,0.0
0.0001,1.0,0.6293643044758447,0.2850896527178103,0.0
0.0001,1.0,0.6293643044758447,0.3202837833328603,0.0
0.0001,1.0,0.6293643044758447,0.3598226062857105,0.0
0.0001,1.0,0.6293643044758447,0.4042424709954335,0.0
0.0001,1.0,0.6293643044758447,0.4541459388650518,0.0
0.0001,1.0,0.6293643044758447,0.5102099571075231,0.0
0.0001,1.0,0.6293643044758447,0.573195041625182,0.0
0.0001,1.0,0.6293643044758447,0.6439555935096224,2.630944960621652e-17
0.0001,1.0,0.6293643044758447,0.7234514891067266,8.541988159547819e-16
0.0001,1.0,0.6293643044758447,0.8127611008676167,4.52158945641016e-15
0.0001,1.0,0.6293643044758447,0.9130959256151152,1.1923337238683776e-14
0.0001,1.0,0.6293643044758447,1.0258170186601063,2.250648519604336e-14
0.0001,1.0,0.6293643044758447,1.1524534566987763,3.463163095099413e-14
0.0001,1.0,0.6293643044758447,1.294723079942415,4.5993580230222865e-14
0.0001,1.0,0.6293643044758447,1.4545557948495271,5.434574654890131e-14
0.0001,1.0,0.6293643044758447,1.6341197535649394,5.835488700389918e-14
0.0001,1.0,0.6293643044758447,1.835850765193496,5.809932249389046e-14
0.0001,1.0,0.6293643044758447,2.062485337876194,5.484923817977504e-14
0.0001,1.0,0.6293643044758447,2.3170977998889395,5.028007646273032e-14
0.0001,1.0,0.6293643044758447,2.6031420033166066,4.518655555785158e-14
0.0001,1.0,0.6293643044758447,2.9244981760182918,3.910304128176238e-14
0.0001,1.0,0.6293643044758447,3.285525557436941,3.249632851659989e-14
0.0001,1.0,0.6293643044758447,3.6911215322651687,2.675164908261512e-14
0.0001,1.0,0.6293643044758447,4.1467880641233,2.1789948318377803e-14
0.0001,1.0,0.6293643044758447,4.658706330431421,1.71798282301694e-14
0.0001,1.0,0.6293643044758447,5.233820570907402,1.3468921617419508e-14
0.0001,1.0,0.6293643044758447,5.879932287106996,1.0422823903058432e-14
0.0001,1.0,0.6293643044758447,6.605806070835402,7.866057001485747e-15
0.0001,1.0,0.6293643044758447,7.421288497006765,5.9020397549900185e-15
0.0001,1.0,0.6293643044758447,8.337441693749241,4.3806630517141876e-15
0.0001,1.0,0.6293643044758447,9.366693401651878,3.132182822815726e-15
0.0001,1.0,0.6293643044758447,10.523005557727087,2.2645963714746757e-15
0.0001,1.0,0.6293643044758447,11.822063690952728,1.5995724906622728e-15
0.0001,1.0,0.6293643044758447,13.281489698569583,1.0789497336304883e-15
0.0001,1.0,0.6293643044758447,14.921080889473224,7.589611756043713e-16
0.0001,1.0,0.6293643044758447,16.763078537355728,5.067288030875387e-16
0.0001,1.0,0.6293643044758447,18.83246958655666,3.2370546256628425e-16
0.0001,1.0,0.6293643044758447,21.157325603303395,2.247514264873026e-16
0.0001,1.0,0.6293643044758447,23.769183570259635,1.3926403238995024e-16
0.0001,1.0,0.6293643044758447,26.70347368991138,8.626709309336186e-17
0.0001,1.0,0.6293643044758447,30.0,6.00823263110434e-17
0.0001,1.0,0.6728475224681512,0.1,0.0
0.0001,1.0,0.6728475224681512,0.1123449344020514,0.0
0.0001,1.0,0.6728475224681512,0.1262138428580125,0.0
0.0001,1.0,0.6728475224681512,0.1417948589651424,0.0
0.0001,1.0,0.6728475224681512,0.1592993412898707,0.0
0.0001,1.0,0.6728475224681512,0.1789647404750054,0.0
0.0001,1.0,0.6728475224681512,0.2010578202894464,0.0
0.0001,1.0,0.6728475224681512,0.2258782763143731,0.0
0.0001,1.0,0.6728475224681512,0.2537628013538671,0.0
0.0001,1.0,0.6728475224681512,0.2850896527178103,0.0
0.0001,1.0,0.6728475224681512,0.3202837833328603,0.0
0.0001,1.0,0.6728475224681512,0.3598226062857105,0.0
0.0001,1.0,0.6728475224681512,0.4042424709954335,0.0
0.0001,1.0,0.6728475224681512,0.4541459388650518,0.0
0.0001,1.0,0.6728475224681512,0.5102099571075231,0.0
0.0001,1.0,0.6728475224681512,0.573195041625182,0.0
0.0001,1.0,0.6728475224681512,0.6439555935096224,9.021683432366937e-21
0.0001,1.0,0.6728475224681512,0.7234514891067266,1.9136800316960566e-17
0.0001,1.0,0.6728475224681512,0.8127611008676167,2.962647791789569e-16
0.0001,1.0,0.6728475224681512,0.9130959256151152,1.2740246161586967e-15
0.0001,1.0,0.6728475224681512,1.0258170186601063,3.1378456686189088e-15
0.0001,1.0,0.6728475224681512,1.1524534566987763,5.764003085879291e-15
0.0001,1.0,0.6728475224681512,1.294723079942415,8.757287195156693e-15
0.0001,1.0,0.6728475224681512,1.4545557948495271,1.1531153177897383e-14
0.0001,1.0,0.6728475224681512,1.6341197535649394,1.3494874360021944e-14
0.0001,1.0,0.6728475224681512,1.835850765193496,1.4318795730466513e-14
0.0001,1.0,0.6728475224681512,2.062485337876194,1.4107743202088147e-14
0.0001,1.0,0.6728475224681512,2.3170977998889395,1.3264855588160073e-14
0.0001,1.0,0.6728475224681512,2.6031420033166066,1.2181212420959879e-14
0.0001,1.0,0.6728475224681512,2.9244981760182918,1.0900269929536484e-14
0.0001,1.0,0.6728475224681512,3.285525557436941,9.312372162554861e-15
0.0001,1.0,0.6728475224681512,3.6911215322651687,7.716898850159694e-15
0.0001,1.0,0.6728475224681512,4.1467880641233,6.375524890344923e-15
0.0001,1.0,0.6728475224681512,4.658706330431421,5.132426260739491e-15
0.0001,1.0,0.6728475224681512,5.233820570907402,4.035702398579991e-15
0.0001,1.0,0.6728475224681512,5.879932287106996,3.169066498383479e-15
0.0001,1.0,0.6728475224681512,6.605806070835402,2.427001799472315e-15
0.0001,1.0,0.6728475224681512,7.421288497006765,1.8269837467171858e-15
0.0001,1.0,0.6728475224681512,8.337441693749241,1.3807230145301031e-15
0.0001,1.0,0.6728475224681512,9.366693401651878,1.0053238277839448e-15
0.0001,1.0,0.6728475224681512,10.523005557727087,7.283535507979395e-16
0.0001,1.0,0.6728475224681512,11.822063690952728,5.304922727399842e-16
0.0001,1.0,0.6728475224681512,13.281489698569583,3.656299562455774e-16
0.0001,1.0,0.6728475224681512,14.921080889473224,2.5685388071206e-16
0.0001,1.0,0.6728475224681512,16.763078537355728,1.8081119012245863e-16
0.0001,1.0,0.6728475224681512,18.83246958655666,1.1724561454388098e-16
0.0001,1.0,0.6728475224681512,21.157325603303395,8.15142124897883e-17
0.0001,1.0,0.6728475224681512,23.769183570259635,5.5225637856594843e-17
0.0001,1.0,0.6728475224681512,26.70347368991138,3.379750362883891e-17
0.0001,1.0,0.6728475224681512,30.0,2.401102769410007e-17
0.0001,1.0,0.7193350262668177,0.1,0.0
0.0001,1.0,0.7193350262668177,0.1123449344020514,0.0
0.0001,1.0,0.7193350262668177,0.1262138428580125,0.0
0.0001,1.0,0.7193350262668177,0.1417948589651424,0.0
0.0001,1.0,0.7193350262668177,0.1592993412898707,0.0
0.0001,1.0,0.7193350262668177,0.1789647404750054,0.0
0.0001,1.0,0.7193350262668177,0.2010578202894464,0.0
0.0001,1.0,0.7193350262668177,0.2258782763143731,0.0
0.0001,1.0,0.7193350262668177,0.2537628013538671,0.0
0.0001,1.0,0.7193350262668177,0.2850896527178103,0.0
0.0001,1.0,0.7193350262668177,0.3202837833328603,0.0
0.0001,1.0,0.7193350262668177,0.3598226062857105,0.0
0.0001,1.0,0.7193350262668177,0.4042424709954335,0.0
0.0001,1.0,0.7193350262668177,0.4541459388650518,0.0
0.0001,1.0,0.7193350262668177,0.5102099571075231,0.0
0.0001,1.0,0.7193350262668177,0.573195041625182,0.0
0.0001,1.0,0.7193350262668177,0.6439555935096224,0.0
0.0001,1.0,0.7193350262668177,0.7234514891067266,1.0882115554842106e-19
0.0001,1.0,0.7193350262668177,0.8127611008676167,9.809288831246568e-18
0.0001,1.0,0.7193350262668177,0.9130959256151152,9.26735377417793e-17
0.0001,1.0,0.7193350262668177,1.0258170186601063,3.35221058217223e-16
0.0001,1.0,0.7193350262668177,1.1524534566987763,7.698009960702574e-16
0.0001,1.0,0.7193350262668177,1.294723079942415,1.3670497626523957e-15
0.0001,1.0,0.7193350262668177,1.4545557948495271,2.0377941799822904e-15
0.0001,1.0,0.7193350262668177,1.6341197535649394,2.649149728601433e-15
0.0001,1.0,0.7193350262668177,1.835850765193496,3.069236381313083e-15
0.0001,1.0,0.7193350262668177,2.062485337876194,3.232490661758788e-15
0.0001,1.0,0.7193350262668177,2.3170977998889395,3.17589884902064e-15
0.0001,1.0,0.7193350262668177,2.6031420033166066,2.995475615961926e-15
0.0001,1.0,0.7193350262668177,2.9244981760182918,2.764370049469577e-15
0.0001,1.0,0.7193350262668177,3.285525557436941,2.4702325509052517e-15
0.0001,1.0,0.7193350262668177,3.6911215322651687,2.1019159490945585e-15
0.0001,1.0,0.7193350262668177,4.1467880641233,1.7540856012197553e-15
0.0001,1.0,0.7193350262668177,4.658706330431421,1.4548227818894608e-15
0.0001,1.0,0.7193350262668177,5.233820570907402,1.167004253747502e-15
0.0001,1.0,0.7193350262668177,5.879932287106996,9.282513351044927e-16
0.0001,1.0,0.7193350262668177,6.605806070835402,7.29089286814259e-16
0.0001,1.0,0.7193350262668177,7.421288497006765,5.598145496809085e-16
0.0001,1.0,0.7193350262668177,8.337441693749241,4.273195558572186e-16
0.0001,1.0,0.7193350262668177,9.366693401651878,3.236371662977926e-16
0.0001,1.0,0.7193350262668177,10.523005557727087,2.3688106959043374e-16
0.0001,1.0,0.7193350262668177,11.822063690952728,1.7596532640123618e-16
0.0001,1.0,0.7193350262668177,13.281489698569583,1.276342570952071e-16
0.0001,1.0,0.7193350262668177,14.921080889473224,8.974122652096798e-17
0.0001,1.0,0.7193350262668177,16.763078537355728,6.5295905109446e-17
0.0001,1.0,0.7193350262668177,18.83246958655666,4.4964253541341594e-17
0.0001,1.0,0.7193350262668177,21.157325603303395,3.0869504812281235e-17
0.0001,1.0,0.7193350262668177,23.769183570259635,2.211366678816227e-17
0.0001,1.0,0.7193350262668177,26.70347368991138,1.430320344094465e-17
0.0001,1.0,0.7193350262668177,30.0,9.971174116301289e-18
0.0001,1.0,0.7690343840699453,0.1,0.0
0.0001,1.0,0.7690343840699453,0.1123449344020514,0.0
0.0001,1.0,0.7690343840699453,0.1262138428580125,0.0
0.0001,1.0,0.7690343840699453,0.1417948589651424,0.0
0.0001,1.0,0.7690343840699453,0.1592993412898707,0.0
0.0001,1.0,0.7690343840699453,0.1789647404750054,0.0
0.0001,1.0,0.7690343840699453,0.2010578202894464,0.0
0.0001,1.0,0.7690343840699453,0.2258782763143731,0.0
0.0001,1.0,0.7690343840699453,0.2537628013538671,0.0
0.0001,1.0,0.7690343840699453,0.2850896527178103,0.0
0.0001,1.0,0.7690343840699453,0.3202837833328603,0.0
0.0001,1.0,0.7690343840699453,0.3598226062857105,0.0
0.0001,1.0,0.7690343840699453,0.4042424709954335,0.0
0.0001,1.0,0.7690343840699453,0.4541459388650518,0.0
0.0001,1.0,0.7690343840699453,0.5102099571075231,0.0
0.0001,1.0,0.7690343840699453,0.573195041625182,0.0
0.0001,1.0,0.7690343840699453,0.6439555935096224,0.0
0.0001,1.0,0.7690343840699453,0.7234514891067266,0.0
0.0001,1.0,0.7690343840699453,0.8127611008676167,1.447348408881155e-19
0.0001,1.0,0.7690343840699453,0.9130959256151152,4.347237039972767e-18
0.0001,1.0,0.7690343840699453,1.0258170186601063,2.9259097924878514e-17
0.0001,1.0,0.7690343840699453,1.1524534566987763,9.249977153716857e-17
0.0001,1.0,0.7690343840699453,1.294723079942415,1.9986853388349826e-16
0.0001,1.0,0.7690343840699453,1.4545557948495271,3.436643811968876e-16
0.0001,1.0,0.7690343840699453,1.6341197535649394,5.023677534444393e-16
0.0001,1.0,0.7690343840699453,1.835850765193496,6.445518306185353e-16
0.0001,1.0,0.7690343840699453,2.062485337876194,7.401752269744306e-16
0.0001,1.0,0.7690343840699453,2.3170977998889395,7.762587803634838e-16
0.0001,1.0,0.7690343840699453,2.6031420033166066,7.633036803338735e-16
0.0001,1.0,0.7690343840699453,2.9244981760182918,7.239132885321665e-16
0.0001,1.0,0.7690343840699453,3.285525557436941,6.71897683958741e-16
0.0001,1.0,0.7690343840699453,3.6911215322651687,5.996640316155796e-16
0.0001,1.0,0.7690343840699453,4.1467880641233,5.108284930680856e-16
0.0001,1.0,0.7690343840699453,4.658706330431421,4.3034518755434276e-16
0.0001,1.0,0.7690343840699453,5.233820570907402,3.5747175907415295e-16
0.0001,1.0,0.7690343840699453,5.879932287106996,2.8826918359948243e-16
0.0001,1.0,0.7690343840699453,6.605806070835402,2.3151746417021445e-16
0.0001,1.0,0.7690343840699453,7.421288497006765,1.8206875376040707e-16
0.0001,1.0,0.7690343840699453,8.337441693749241,1.4134227811346338e-16
0.0001,1.0,0.7690343840699453,9.366693401651878,1.0941746456962426e-16
0.0001,1.0,0.7690343840699453,10.523005557727087,8.260298608047162e-17
0.0001,1.0,0.7690343840699453,11.822063690952728,6.206744127153187e-17
0.0001,1.0,0.7690343840699453,13.281489698569583,4.667651121257398e-17
0.0001,1.0,0.7690343840699453,14.921080889473224,3.373973129618538e-17
0.0001,1.0,0.7690343840699453,16.763078537355728,2.4805649288477823e-17
0.0001,1.0,0.7690343840699453,18.83246958655666,1.810693353114668e-17
0.0001,1.0,0.7690343840699453,21.157325603303395,1.252099727133108e-17
0.0001,1.0,0.7690343840699453,23.769183570259635,9.136016067670694e-18
0.0001,1.0,0.7690343840699453,26.70347368991138,6.382519815448995e-18
0.0001,1.0,0.7690343840699453,30.0,4.33848122059455e-18
0.0001,1.0,0.8221675051069615,0.1,0.0
0.0001,1.0,0.8221675051069615,0.1123449344020514,0.0
0.0001,1.0,0.8221675051069615,0.1262138428580125,0.0
0.0001,1.0,0.8221675051069615,0.1417948589651424,0.0
0.0001,1.0,0.8221675051069615,0.1592993412898707,0.0
0.0001,1.0,0.8221675051069615,0.1789647404750054,0.0
0.0001,1.0,0.8221675051069615,0.2010578202894464,0.0
0.0001,1.0,0.8221675051069615,0.2258782763143731,0.0
0.0001,1.0,0.8221675051069615,0.2537628013538671,0.0
0.0001,1.0,0.8221675051069615,0.2850896527178103,0.0
0.0001,1.0,0.8221675051069615,0.3202837833328603,0.0
0.0001,1.0,0.8221675051069615,0.3598226062857105,0.0
0.0001,1.0,0.8221675051069615,0.4042424709954335,0.0
0.0001,1.0,0.8221675051069615,0.4541459388650518,0.0
0.0001,1.0,0.8221675051069615,0.5102099571075231,0.0
0.0001,1.0,0.8221675051069615,0.573195041625182,0.0
0.0001,1.0,0.8221675051069615,0.6439555935096224,0.0
0.0001,1.0,0.8221675051069615,0.7234514891067266,0.0
0.0001,1.0,0.8221675051069615,0.8127611008676167,1.9039524068557615e-22
0.0001,1.0,0.8221675051069615,0.9130959256151152,1.0730140640622616e-19
0.0001,1.0,0.8221675051069615,1.0258170186601063,1.8097105040534446e-18
0.0001,1.0,0.8221675051069615,1.1524534566987763,9.61709010031594e-18
0.0001,1.0,0.8221675051069615,1.294723079942415,2.751820549826642e-17
0.0001,1.0,0.8221675051069615,1.4545557948495271,5.667936372488915e-17
0.0001,1.0,0.8221675051069615,1.6341197535649394,9.489186025912473e-17
0.0001,1.0,0.8221675051069615,1.835850765193496,1.3638896875955305e-16
0.0001,1.0,0.8221675051069615,2.062485337876194,1.7298573925876342e-16
0.0001,1.0,0.8221675051069615,2.3170977998889395,1.9720793561718612e-16
0.0001,1.0,0.8221675051069615,2.6031420033166066,2.0627069888579222e-16
0.0001,1.0,0.8221675051069615,2.9244981760182918,2.031920605408541e-16
0.0001,1.0,0.8221675051069615,3.285525557436941,1.9385229615522281e-16
0.0001,1.0,0.8221675051069615,3.6911215322651687,1.8079586747618064e-16
0.0001,1.0,0.8221675051069615,4.1467880641233,1.6092356436607967e-16
0.0001,1.0,0.8221675051069615,4.658706330431421,1.375737129842199e-16
0.0001,1.0,0.8221675051069615,5.233820570907402,1.1685623061581046e-16
0.0001,1.0,0.8221675051069615,5.879932287106996,9.706565621234917e-17
0.0001,1.0,0.8221675051069615,6.605806070835402,7.895583835708293e-17
0.0001,1.0,0.8221675051069615,7.421288497006765,6.364962060210822e-17
0.0001,1.0,0.8221675051069615,8.337441693749241,5.034614498090565e-17
0.0001,1.0,0.8221675051069615,9.366693401651878,3.94541719047971e-17
0.0001,1.0,0.8221675051069615,10.523005557727087,3.0785484659965916e-17
0.0001,1.0,0.8221675051069615,11.822063690952728,2.335169001268639e-17
0.0001,1.0,0.8221675051069615,13.281489698569583,1.791436096148422e-17
0.0001,1.0,0.8221675051069615,14.921080889473224,1.3475600448540931e-17
0.0001,1.0,0.8221675051069615,16.763078537355728,9.931042628222928e-18
0.0001,1.0,0.8221675051069615,18.83246958655666,7.477655978233579e-18
0.0001,1.0,0.8221675051069615,21.157325603303395,5.381251479841422e-18
0.0001,1.0,0.8221675051069615,23.769183570259635,3.913663041577158e-18
0.0001,1.0,0.8221675051069615,26.70347368991138,2.8864326500264204e-18
0.0001,1.0,0.8221675051069615,30.0,1.9881998712909603e-18
0.0001,1.0,0.8789716304704597,0.1,0.0
0.0001,1.0,0.8789716304704597,0.1123449344020514,0.0
0.0001,1.0,0.8789716304704597,0.1262138428580125,0.0
0.0001,1.0,0.8789716304704597,0.1417948589651424,0.0
0.0001,1.0,0.8789716304704597,0.1592993412898707,0.0
0.0001,1.0,0.8789716304704597,0.1789647404750054,0.0
0.0001,1.0,0.8789716304704597,0.2010578202894464,0.0
0.0001,1.0,0.8789716304704597,0.2258782763143731,0.0
0.0001,1.0,0.8789716304704597,0.2537628013538671,0.0
0.0001,1.0,0.8789716304704597,0.2850896527178103,0.0
0.0001,1.0,0.8789716304704597,0.3202837833328603,0.0
0.0001,1.0,0.8789716304704597,0.3598226062857105,0.0
0.0001,1.0,0.8789716304704597,0.4042424709954335,0.0
0.0001,1.0,0.8789716304704597,0.4541459388650518,0.0
0.0001,1.0,0.8789716304704597,0.5102099571075231,0.0
0.0001,1.0,0.8789716304704597,0.573195041625182,0.0
0.0001,1.0,0.8789716304704597,0.6439555935096224,0.0
0.0001,1.0,0.8789716304704597,0.7234514891067266,0.0
0.0001,1.0,0.8789716304704597,0.8127611008676167,0.0
0.0001,1.0,0.8789716304704597,0.9130959256151152,6.355712225027345e-22
0.0001,1.0,0.8789716304704597,1.0258170186601063,6.248692560561626e-20
0.0001,1.0,0.8789716304704597,1.1524534566987763,7.261489010133531e-19
0.0001,1.0,0.8789716304704597,1.294723079942415,3.2626758838545184e-18
0.0001,1.0,0.8789716304704597,1.4545557948495271,8.67853919315769e-18
0.0001,1.0,0.8789716304704597,1.6341197535649394,1.724103313561383e-17
0.0001,1.0,0.8789716304704597,1.835850765193496,2.827617964744276e-17
0.0001,1.0,0.8789716304704597,2.062485337876194,4.0100702142521565e-17
0.0001,1.0,0.8789716304704597,2.3170977998889395,5.03840743217566e-17
0.0001,1.0,0.8789716304704597,2.6031420033166066,5.709074055025825e-17
0.0001,1.0,0.8789716304704597,2.9244981760182918,5.95879506376188e-17
0.0001,1.0,0.8789716304704597,3.285525557436941,5.881881982179592e-17
0.0001,1.0,0.8789716304704597,3.6911215322651687,5.644481367633037e-17
0.0001,1.0,0.8789716304704597,4.1467880641233,5.277643868590784e-17
0.0001,1.0,0.8789716304704597,4.658706330431421,4.6790098337053175e-17
0.0001,1.0,0.8789716304704597,5.233820570907402,4.0212106157546335e-17
0.0001,1.0,0.8789716304704597,5.879932287106996,3.433993894904797e-17
0.0001,1.0,0.8789716304704597,6.605806070835402,2.852760071932456e-17
0.0001,1.0,0.8789716304704597,7.421288497006765,2.3385118577309406e-17
0.0001,1.0,0.8789716304704597,8.337441693749241,1.885411164268543e-17
0.0001,1.0,0.8789716304704597,9.366693401651878,1.5039544257506905e-17
0.0001,1.0,0.8789716304704597,10.523005557727087,1.1878630939942799e-17
0.0001,1.0,0.8789716304704597,11.822063690952728,9.25894591049315e-18
0.0001,1.0,0.8789716304704597,13.281489698569583,7.147960217432166e-18
0.0001,1.0,0.8789716304704597,14.921080889473224,5.521201861464572e-18
0.0001,1.0,0.8789716304704597,16.763078537355728,4.149177231353498e-18
0.0001,1.0,0.8789716304704597,18.83246958655666,3.152117025323575e-18
0.0001,1.0,0.8789716304704597,21.157325603303395,2.3738163032714447e-18
0.0001,1.0,0.8789716304704597,23.769183570259635,1.7227534440852045e-18
0.0001,1.0,0.8789716304704597,26.70347368991138,1.3009876804650467e-18
0.0001,1.0,0.8789716304704597,30.0,9.433687660387777e-19
0.0001,1.0,0.9397003924053006,0.1,0.0
0.0001,1.0,0.9397003924053006,0.1123449344020514,0.0
0.0001,1.0,0.9397003924053006,0.1262138428580125,0.0
0.0001,1.0,0.9397003924053006,0.1417948589651424,0.0
0.0001,1.0,0.9397003924053006,0.1592993412898707,0.0
0.0001,1.0,0.9397003924053006,0.1789647404750054,0.0
0.0001,1.0,0.9397003924053006,0.2010578202894464,0.0
0.0001,1.0,0.9397003924053006,0.2258782763143731,0.0
0.0001,1.0,0.9397003924053006,0.2537628013538671,0.0
0.0001,1.0,0.9397003924053006,0.2850896527178103,0.0
0.0001,1.0,0.9397003924053006,0.3202837833328603,0.0
0.0001,1.0,0.9397003924053006,0.3598226062857105,0.0
0.0001,1.0,0.9397003924053006,0.4042424709954335,0.0
0.0001,1.0,0.9397003924053006,0.4541459388650518,0.0
0.0001,1.0,0.9397003924053006,0.5102099571075231,0.0
0.0001,1.0,0.9397003924053006,0.573195041625182,0.0
0.0001,1.0,0.9397003924053006,0.6439555935096224,0.0
0.0001,1.0,0.9397003924053006,0.7234514891067266,0.0
0.0001,1.0,0.9397003924053006,0.8127611008676167,0.0
0.0001,1.0,0.9397003924053006,0.9130959256151152,2.095112142510628e-26
0.0001,1.0,0.9397003924053006,1.0258170186601063,7.995004167267523e-22
0.0001,1.0,0.9397003924053006,1.1524534566987763,3.1722885292959316e-20
0.0001,1.0,0.9397003924053006,1.294723079942415,2.8366953046984895e-19
0.0001,1.0,0.9397003924053006,1.4545557948495271,1.1275753951946232e-18
0.0001,1.0,0.9397003924053006,1.6341197535649394,2.83998349908761e-18
0.0001,1.0,0.9397003924053006,1.835850765193496,5.488834435343705e-18
0.0001,1.0,0.9397003924053006,2.062485337876194,8.85953040943745e-18
0.0001,1.0,0.9397003924053006,2.3170977998889395,1.2431647731562181e-17
0.0001,1.0,0.9397003924053006,2.6031420033166066,1.5499346196157152e-17
0.0001,1.0,0.9397003924053006,2.9244981760182918,1.7473169230738723e-17
0.0001,1.0,0.9397003924053006,3.285525557436941,1.8207010136511862e-17
0.0001,1.0,0.9397003924053006,3.6911215322651687,1.801954731658812e-17
0.0001,1.0,0.9397003924053006,4.1467880641233,1.7394887471920933e-17
0.0001,1.0,0.9397003924053006,4.658706330431421,1.6254137939036065e-17
0.0001,1.0,0.9397003924053006,5.233820570907402,1.436094936832717e-17
0.0001,1.0,0.9397003924053006,5.879932287106996,1.2425480256386598e-17
0.0001,1.0,0.9397003924053006,6.605806070835402,1.0631373317069501e-17
0.0001,1.0,0.9397003924053006,7.421288497006765,8.854037870530984e-18
0.0001,1.0,0.9397003924053006,8.337441693749241,7.290038991088665e-18
0.0001,1.0,0.9397003924053006,9.366693401651878,5.885591417517208e-18
0.0001,1.0,0.9397003924053006,10.523005557727087,4.727889792118739e-18
0.0001,1.0,0.9397003924053006,11.822063690952728,3.7608733175722575e-18
0.0001,1.0,0.9397003924053006,13.281489698569583,2.9267673966240175e-18
0.0001,1.0,0.9397003924053006,14.921080889473224,2.3004686412056327e-18
0.0001,1.0,0.9397003924053006,16.763078537355728,1.774689333875005e-18
0.0001,1.0,0.9397003924053006,18.83246958655666,1.3503369240684594e-18
0.0001,1.0,0.9397003924053006,21.157325603303395,1.0460069374409714e-18
0.0001,1.0,0.9397003924053006,23.769183570259635,7.784130735600287e-19
0.0001,1.0,0.9397003924053006,26.70347368991138,5.882163868125671e-19
0.0001,1.0,0.9397003924053006,30.0,4.491883989624697e-19
0.0001,1.0,1.004624946784733,0.1,0.0
0.0001,1.0,1.004624946784733,0.1123449344020514,0.0
0.0001,1.0,1.004624946784733,0.1262138428580125,0.0
0.0001,1.0,1.004624946784733,0.1417948589651424,0.0
0.0001,1.0,1.004624946784733,0.1592993412898707,0.0
0.0001,1.0,1.004624946784733,0.1789647404750054,0.0
0.0001,1.0,1.004624946784733,0.2010578202894464,0.0
0.0001,1.0,1.004624946784733,0.2258782763143731,0.0
0.0001,1.0,1.004624946784733,0.2537628013538671,0.0
0.0001,1.0,1.004624946784733,0.2850896527178103,0.0
0.0001,1.0,1.004624946784733,0.3202837833328603,0.0
0.0001,1.0,1.004624946784733,0.3598226062857105,0.0
0.0001,1.0,1.004624946784733,0.4042424709954335,0.0
0.0001,1.0,1.004624946784733,0.4541459388650518,0.0
0.0001,1.0,1.004624946784733,0.5102099571075231,0.0
0.0001,1.0,1.004624946784733,0.573195041625182,0.0
0.0001,1.0,1.004624946784733,0.6439555935096224,0.0
0.0001,1.0,1.004624946784733,0.7234514891067266,0.0
0.0001,1.0,1.004624946784733,0.8127611008676167,0.0
0.0001,1.0,1.004624946784733,0.9130959256151152,0.0
0.0001,1.0,1.004624946784733,1.0258170186601063,6.793680285256993e-25
0.0001,1.0,1.004624946784733,1.1524534566987763,6.396044084866712e-22
0.0001,1.0,1.004624946784733,1.294723079942415,1.471331831496785e-20
0.0001,1.0,1.004624946784733,1.4545557948495271,1.0858193605653746e-19
0.0001,1.0,1.004624946784733,1.6341197535649394,3.9382593998840474e-19
0.0001,1.0,1.004624946784733,1.835850765193496,9.514493864452027e-19
0.0001,1.0,1.004624946784733,2.062485337876194,1.8001111605424935e-18
0.0001,1.0,1.004624946784733,2.3170977998889395,2.8694392428359085e-18
0.0001,1.0,1.004624946784733,2.6031420033166066,3.99208225817847e-18
0.0001,1.0,1.004624946784733,2.9244981760182918,4.9452990043238305e-18
0.0001,1.0,1.004624946784733,3.285525557436941,5.552010976723668e-18
0.0001,1.0,1.004624946784733,3.6911215322651687,5.778847129193492e-18
0.0001,1.0,1.004624946784733,4.1467880641233,5.739578300238796e-18
0.0001,1.0,1.004624946784733,4.658706330431421,5.572006771848808e-18
0.0001,1.0,1.004624946784733,5.233820570907402,5.1875846589975654e-18
0.0001,1.0,1.004624946784733,5.879932287106996,4.5781180258059475e-18
0.0001,1.0,1.004624946784733,6.605806070835402,3.989266675629429e-18
0.0001,1.0,1.004624946784733,7.421288497006765,3.4123661338374695e-18
0.0001,1.0,1.004624946784733,8.337441693749241,2.8542894824648277e-18
0.0001,1.0,1.004624946784733,9.366693401651878,2.351623568692485e-18
0.0001,1.0,1.004624946784733,10.523005557727087,1.9108531441746532e-18
0.0001,1.0,1.004624946784733,11.822063690952728,1.5394382131025392e-18
0.0001,1.0,1.004624946784733,13.281489698569583,1.2283144655117915e-18
0.0001,1.0,1.004624946784733,14.921080889473224,9.654203014429393e-19
0.0001,1.0,1.004624946784733,16.763078537355728,7.645762809092976e-19
0.0001,1.0,1.004624946784733,18.83246958655666,5.896080902888843e-19
0.0001,1.0,1.004624946784733,21.157325603303395,4.590456524862442e-19
0.0001,1.0,1.004624946784733,23.769183570259635,3.55042829863568e-19
0.0001,1.0,1.004624946784733,26.70347368991138,2.6731607930932095e-19
0.0001,1.0,1.004624946784733,30.0,2.093439546009869e-19
0.0001,1.0,1.0740351838300823,0.1,0.0
0.0001,1.0,1.0740351838300823,0.1123449344020514,0.0
0.0001,1.0,1.0740351838300823,0.1262138428580125,0.0
0.0001,1.0,1.0740351838300823,0.1417948589651424,0.0
0.0001,1.0,1.0740351838300823,0.1592993412898707,0.0
0.0001,1.0,1.0740351838300823,0.1789647404750054,0.0
0.0001,1.0,1.0740351838300823,0.2010578202894464,0.0
0.0001,1.0,1.0740351838300823,0.2258782763143731,0.0
0.0001,1.0,1.0740351838300823,0.2537628013538671,0.0
0.0001,1.0,1.0740351838300823,0.2850896527178103,0.0
0.0001,1.0,1.0740351838300823,0.3202837833328603,0.0
0.0001,1.0,1.0740351838300823,0.3598226062857105,0.0
0.0001,1.0,1.0740351838300823,0.4042424709954335,0.0
0.0001,1.0,1.0740351838300823,0.4541459388650518,0.0
0.0001,1.0,1.0740351838300823,0.5102099571075231,0.0
0.0001,1.0,1.0740351838300823,0.573195041625182,0.0
0.0001,1.0,1.0740351838300823,0.6439555935096224,0.0
0.0001,1.0,1.0740351838300823,0.7234514891067266,0.0
0.0001,1.0,1.0740351838300823,0.8127611008676167,0.0
0.0001,1.0,1.0740351838300823,0.9130959256151152,0.0
0.0001,1.0,1.0740351838300823,1.0258170186601063,1.1344196081619644e-38
0.0001,1.0,1.0740351838300823,1.1524534566987763,1.901820588821749e-24
0.0001,1.0,1.0740351838300823,1.294723079942415,3.9534590962793395e-22
0.0001,1.0,1.0740351838300823,1.4545557948495271,6.406609675011451e-21
0.0001,1.0,1.0740351838300823,1.6341197535649394,4.0910869481026807e-20
0.0001,1.0,1.0740351838300823,1.835850765193496,1.3840297357496793e-19
0.0001,1.0,1.0740351838300823,2.062485337876194,3.23800275170051e-19
0.0001,1.0,1.0740351838300823,2.3170977998889395,6.0255114640438505e-19
0.0001,1.0,1.0740351838300823,2.6031420033166066,9.510635517267039e-19
0.0001,1.0,1.0740351838300823,2.9244981760182918,1.3140292490311793e-18
0.0001,1.0,1.0740351838300823,3.285525557436941,1.6191377271689739e-18
0.0001,1.0,1.0740351838300823,3.6911215322651687,1.8118323416591282e-18
0.0001,1.0,1.0740351838300823,4.1467880641233,1.8852933734878067e-18
0.0001,1.0,1.0740351838300823,4.658706330431421,1.880802882831457e-18
0.0001,1.0,1.0740351838300823,5.233820570907402,1.8344049788607286e-18
0.0001,1.0,1.0740351838300823,5.879932287106996,1.6984910593924343e-18
0.0001,1.0,1.0740351838300823,6.605806070835402,1.5016166672846452e-18
0.0001,1.0,1.0740351838300823,7.421288497006765,1.316161922810008e-18
0.0001,1.0,1.0740351838300823,8.337441693749241,1.1251086917489649e-18
0.0001,1.0,1.0740351838300823,9.366693401651878,9.456383853065665e-19
0.0001,1.0,1.0740351838300823,10.523005557727087,7.782195049715266e-19
0.0001,1.0,1.0740351838300823,11.822063690952728,6.383094619705829e-19
0.0001,1.0,1.0740351838300823,13.281489698569583,5.157130880334791e-19
0.0001,1.0,1.0740351838300823,14.921080889473224,4.111928333927307e-19
0.0001,1.0,1.0740351838300823,16.763078537355728,3.288423511230678e-19
0.0001,1.0,1.0740351838300823,18.83246958655666,2.5925796653336894e-19
0.0001,1.0,1.0740351838300823,21.157325603303395,2.0262348297453426e-19
0.0001,1.0,1.0740351838300823,23.769183570259635,1.6051980885427927e-19
0.0001,1.0,1.0740351838300823,26.70347368991138,1.228344963735534e-19
0.0001,1.0,1.0740351838300823,30.0,9.633001990848449e-20
0.0001,1.0,1.1482410224799018,0.1,0.0
0.0001,1.0,1.1482410224799018,0.1123449344020514,0.0
0.0001,1.0,1.1482410224799018,0.1262138428580125,0.0
0.0001,1.0,1.1482410224799018,0.1417948589651424,0.0
0.0001,1.0,1.1482410224799018,0.1592993412898707,0.0
0.0001,1.0,1.1482410224799018,0.1789647404750054,0.0
0.0001,1.0,1.1482410224799018,0.2010578202894464,0.0
0.0001,1.0,1.1482410224799018,0.2258782763143731,0.0
0.0001,1.0,1.1482410224799018,0.2537628013538671,0.0
0.0001,1.0,1.1482410224799018,0.2850896527178103,0.0
0.0001,1.0,1.1482410224799018,0.3202837833328603,0.0
0.0001,1.0,1.1482410224799018,0.3598226062857105,0.0
0.0001,1.0,1.1482410224799018,0.4042424709954335,0.0
0.0001,1.0,1.1482410224799018,0.4541459388650518,0.0
0.0001,1.0,1.1482410224799018,0.5102099571075231,0.0
0.0001,1.0,1.1482410224799018,0.573195041625182,0.0
0.0001,1.0,1.1482410224799018,0.6439555935096224,0.0
0.0001,1.0,1.1482410224799018,0.7234514891067266,0.0
0.0001,1.0,1.1482410224799018,0.8127611008676167,0.0
0.0001,1.0,1.1482410224799018,0.9130959256151152,0.0
0.0001,1.0,1.1482410224799018,1.0258170186601063,0.0
0.0001,1.0,1.1482410224799018,1.1524534566987763,1.0154839838905336e-29
0.0001,1.0,1.1482410224799018,1.294723079942415,2.3248642844923848e-24
0.0001,1.0,1.1482410224799018,1.4545557948495271,2.0832428115580296e-22
0.0001,1.0,1.1482410224799018,1.6341197535649394,2.663223054944879e-21
0.0001,1.0,1.1482410224799018,1.835850765193496,1.5219492038277475e-20
0.0001,1.0,1.1482410224799018,2.062485337876194,4.881177661916876e-20
0.0001,1.0,1.1482410224799018,2.3170977998889395,1.1140020689830305e-19
0.0001,1.0,1.1482410224799018,2.6031420033166066,2.0466054451041337e-19
0.0001,1.0,1.1482410224799018,2.9244981760182918,3.205546340963683e-19
0.0001,1.0,1.1482410224799018,3.285525557436941,4.404285502631837e-19
0.0001,1.0,1.1482410224799018,3.6911215322651687,5.40325046960739e-19
0.0001,1.0,1.1482410224799018,4.1467880641233,6.031962976427019e-19
0.0001,1.0,1.1482410224799018,4.658706330431421,6.280281865969961e-19
0.0001,1.0,1.1482410224799018,5.233820570907402,6.298927088740009e-19
0.0001,1.0,1.1482410224799018,5.879932287106996,6.159619712906129e-19
0.0001,1.0,1.1482410224799018,6.605806070835402,5.670563260121077e-19
0.0001,1.0,1.1482410224799018,7.421288497006765,5.037495612125767e-19
0.0001,1.0,1.1482410224799018,8.337441693749241,4.428153200599927e-19
0.0001,1.0,1.1482410224799018,9.366693401651878,3.7924081328229515e-19
0.0001,1.0,1.1482410224799018,10.523005557727087,3.195967715522811e-19
0.0001,1.0,1.1482410224799018,11.822063690952728,2.635415226598041e-19
0.0001,1.0,1.1482410224799018,13.281489698569583,2.17476378401726e-19
0.0001,1.0,1.1482410224799018,14.921080889473224,1.7647048878878004e-19
0.0001,1.0,1.1482410224799018,16.763078537355728,1.410119601610885e-19
0.0001,1.0,1.1482410224799018,18.83246958655666,1.1432350345842023e-19
0.0001,1.0,1.1482410224799018,21.157325603303395,8.987854375796973e-20
0.0001,1.0,1.1482410224799018,23.769183570259635,7.15501564234599e-20
0.0001,1.0,1.1482410224799018,26.70347368991138,5.685193276114537e-20
0.0001,1.0,1.1482410224799018,30.0,4.425441762015501e-20
0.0001,1.0,1.227573794187991,0.1,0.0
0.0001,1.0,1.227573794187991,0.1123449344020514,0.0
0.0001,1.0,1.227573794187991,0.1262138428580125,0.0
0.0001,1.0,1.227573794187991,0.1417948589651424,0.0
0.0001,1.0,1.227573794187991,0.1592993412898707,0.0
0.0001,1.0,1.227573794187991,0.1789647404750054,0.0
0.0001,1.0,1.227573794187991,0.2010578202894464,0.0
0.0001,1.0,1.227573794187991,0.2258782763143731,0.0
0.0001,1.0,1.227573794187991,0.2537628013538671,0.0
0.0001,1.0,1.227573794187991,0.2850896527178103,0.0
0.0001,1.0,1.227573794187991,0.3202837833328603,0.0
0.0001,1.0,1.227573794187991,0.3598226062857105,0.0
0.0001,1.0,1.227573794187991,0.4042424709954335,0.0
0.0001,1.0,1.227573794187991,0.4541459388650518,0.0
0.0001,1.0,1.227573794187991,0.5102099571075231,0.0
0.0001,1.0,1.227573794187991,0.573195041625182,0.0
0.0001,1.0,1.227573794187991,0.6439555935096224,0.0
0.0001,1.0,1.227573794187991,0.7234514891067266,0.0
0.0001,1.0,1.227573794187991,0.8127611008676167,0.0
0.0001,1.0,1.227573794187991,0.9130959256151152,0.0
0.0001,1.0,1.227573794187991,1.0258170186601063,0.0
0.0001,1.0,1.227573794187991,1.1524534566987763,0.0
0.0001,1.0,1.227573794187991,1.294723079942415,2.987288674032965e-28
0.0001,1.0,1.227573794187991,1.4545557948495271,1.8367335511608124e-24
0.0001,1.0,1.227573794187991,1.6341197535649394,9.880620871569557e-23
0.0001,1.0,1.227573794187991,1.835850765193496,1.0682634849752063e-21
0.0001,1.0,1.227573794187991,2.062485337876194,5.602039836078769e-21
0.0001,1.0,1.227573794187991,2.3170977998889395,1.7245718434620422e-20
0.0001,1.0,1.227573794187991,2.6031420033166066,3.86175920265523e-20
0.0001,1.0,1.227573794187991,2.9244981760182918,7.025888893955226e-20
0.0001,1.0,1.227573794187991,3.285525557436941,1.093981837227669e-19
0.0001,1.0,1.227573794187991,3.6911215322651687,1.4964761322258199e-19
0.0001,1.0,1.227573794187991,4.1467880641233,1.829588326461977e-19
0.0001,1.0,1.227573794187991,4.658706330431421,2.0393153723651292e-19
0.0001,1.0,1.227573794187991,5.233820570907402,2.126710143636585e-19
0.0001,1.0,1.227573794187991,5.879932287106996,2.1461254189286608e-19
0.0001,1.0,1.227573794187991,6.605806070835402,2.0983804416809759e-19
0.0001,1.0,1.227573794187991,7.421288497006765,1.9238339860725444e-19
0.0001,1.0,1.227573794187991,8.337441693749241,1.7201595348112844e-19
0.0001,1.0,1.227573794187991,9.366693401651878,1.513676161116404e-19
0.0001,1.0,1.227573794187991,10.523005557727087,1.3012488531096542e-19
0.0001,1.0,1.227573794187991,11.822063690952728,1.0958586203326844e-19
0.0001,1.0,1.227573794187991,13.281489698569583,9.111124522884085e-20
0.0001,1.0,1.227573794187991,14.921080889473224,7.524868508792127e-20
0.0001,1.0,1.227573794187991,16.763078537355728,6.127908868996367e-20
0.0001,1.0,1.227573794187991,18.83246958655666,4.9591723491014103e-20
0.0001,1.0,1.227573794187991,21.157325603303395,4.0183879956356335e-20
0.0001,1.0,1.227573794187991,23.769183570259635,3.1951009479714114e-20
0.0001,1.0,1.227573794187991,26.70347368991138,2.5831583719184662e-20
0.0001,1.0,1.227573794187991,30.0,2.043923525057932e-20
0.0001,1.0,1.312387722328982,0.1,0.0
0.0001,1.0,1.312387722328982,0.1123449344020514,0.0
0.0001,1.0,1.312387722328982,0.1262138428580125,0.0
0.0001,1.0,1.312387722328982,0.1417948589651424,0.0
0.0001,1.0,1.312387722328982,0.1592993412898707,0.0
0.0001,1.0,1.312387722328982,0.1789647404750054,0.0
0.0001,1.0,1.312387722328982,0.2010578202894464,0.0
0.0001,1.0,1.312387722328982,0.2258782763143731,0.0
0.0001,1.0,1.312387722328982,0.2537628013538671,0.0
0.0001,1.0,1.312387722328982,0.2850896527178103,0.0
0.0001,1.0,1.312387722328982,0.3202837833328603,0.0
0.0001,1.0,1.312387722328982,0.3598226062857105,0.0
0.0001,1.0,1.312387722328982,0.4042424709954335,0.0
0.0001,1.0,1.312387722328982,0.4541459388650518,0.0
0.0001,1.0,1.312387722328982,0.5102099571075231,0.0
0.0001,1.0,1.312387722328982,0.573195041625182,0.0
0.0001,1.0,1.312387722328982,0.6439555935096224,0.0
0.0001,1.0,1.312387722328982,0.7234514891067266,0.0
0.0001,1.0,1.312387722328982,0.8127611008676167,0.0
0.0001,1.0,1.312387722328982,0.9130959256151152,0.0
0.0001,1.0,1.312387722328982,1.0258170186601063,0.0
0.0001,1.0,1.312387722328982,1.1524534566987763,0.0
0.0001,1.0,1.312387722328982,1.294723079942415,0.0
0.0001,1.0,1.312387722328982,1.4545557948495271,9.599987371027049e-28
0.0001,1.0,1.312387722328982,1.6341197535649394,1.1489998459767582e-24
0.0001,1.0,1.312387722328982,1.835850765193496,4.3538993305696923e-23
0.0001,1.0,1.312387722328982,2.062485337876194,4.163783132787386e-22
0.0001,1.0,1.312387722328982,2.3170977998889395,2.043007516060956e-21
0.0001,1.0,1.312387722328982,2.6031420033166066,6.096042025639934e-21
0.0001,1.0,1.312387722328982,2.9244981760182918,1.345715175755029e-20
0.0001,1.0,1.312387722328982,3.285525557436941,2.4308563806750425e-20
0.0001,1.0,1.312387722328982,3.6911215322651687,3.768661912786553e-20
0.0001,1.0,1.312387722328982,4.1467880641233,5.1380600747576195e-20
0.0001,1.0,1.312387722328982,4.658706330431421,6.265805211744777e-20
0.0001,1.0,1.312387722328982,5.233820570907402,6.978777192817329e-20
0.0001,1.0,1.312387722328982,5.879932287106996,7.29776304711306e-20
0.0001,1.0,1.312387722328982,6.605806070835402,7.412285869050268e-20
0.0001,1.0,1.312387722328982,7.421288497006765,7.22781477031805e-20
0.0001,1.0,1.312387722328982,8.337441693749241,6.616341186924347e-20
0.0001,1.0,1.312387722328982,9.366693401651878,5.956623849616939e-20
0.0001,1.0,1.312387722328982,10.523005557727087,5.2429497096107525e-20
0.0001,1.0,1.312387722328982,11.822063690952728,4.526444138680156e-20
0.0001,1.0,1.312387722328982,13.281489698569583,3.805276593778817e-20
0.0001,1.0,1.312387722328982,14.921080889473224,3.200895394753437e-20
0.0001,1.0,1.312387722328982,16.763078537355728,2.6420880960738624e-20
0.0001,1.0,1.312387722328982,18.83246958655666,2.158465933528881e-20
0.0001,1.0,1.312387722328982,21.157325603303395,1.777811422352879e-20
0.0001,1.0,1.312387722328982,23.769183570259635,1.425964531178428e-20
0.0001,1.0,1.312387722328982,26.70347368991138,1.1618633810954988e-20
0.0001,1.0,1.312387722328982,30.0,9.49823928911454e-21
0.0001,1.0,1.4030615038170895,0.1,0.0
0.0001,1.0,1.4030615038170895,0.1123449344020514,0.0
0.0001,1.0,1.4030615038170895,0.1262138428580125,0.0
0.0001,1.0,1.4030615038170895,0.1417948589651424,0.0
0.0001,1.0,1.4030615038170895,0.1592993412898707,0.0
0.0001,1.0,1.4030615038170895,0.1789647404750054,0.0
0.0001,1.0,1.4030615038170895,0.2010578202894464,0.0
0.0001,1.0,1.4030615038170895,0.2258782763143731,0.0
0.0001,1.0,1.4030615038170895,0.2537628013538671,0.0
0.0001,1.0,1.4030615038170895,0.2850896527178103,0.0
0.0001,1.0,1.4030615038170895,0.3202837833328603,0.0
0.0001,1.0,1.4030615038170895,0.3598226062857105,0.0
0.0001,1.0,1.4030615038170895,0.4042424709954335,0.0
0.0001,1.0,1.4030615038170895,0.4541459388650518,0.0
0.0001,1.0,1.4030615038170895,0.5102099571075231,0.0
0.0001,1.0,1.4030615038170895,0.573195041625182,0.0
0.0001,1.0,1.4030615038170895,0.6439555935096224,0.0
0.0001,1.0,1.4030615038170895,0.7234514891067266,0.0
0.0001,1.0,1.4030615038170895,0.8127611008676167,0.0
0.0001,1.0,1.4030615038170895,0.9130959256151152,0.0
0.0001,1.0,1.4030615038170895,1.0258170186601063,0.0
0.0001,1.0,1.4030615038170895,1.1524534566987763,0.0
0.0001,1.0,1.4030615038170895,1.294723079942415,0.0
0.0001,1.0,1.4030615038170895,1.4545557948495271,7.196650594831284e-38
0.0001,1.0,1.4030615038170895,1.6341197535649394,1.3794952405163936e-27
0.0001,1.0,1.4030615038170895,1.835850765193496,6.189077181466083e-25
0.0001,1.0,1.4030615038170895,2.062485337876194,1.8162430700193212e-23
0.0001,1.0,1.4030615038170895,2.3170977998889395,1.5846126030468607e-22
0.0001,1.0,1.4030615038170895,2.6031420033166066,7.388533508055778e-22
0.0001,1.0,1.4030615038170895,2.9244981760182918,2.153738631788198e-21
0.0001,1.0,1.4030615038170895,3.285525557436941,4.7055695139101376e-21
0.0001,1.0,1.4030615038170895,3.6911215322651687,8.458206118466023e-21
0.0001,1.0,1.4030615038170895,4.1467880641233,1.3074739488021582e-20
0.0001,1.0,1.4030615038170895,4.658706330431421,1.778372973743463e-20
0.0001,1.0,1.4030615038170895,5.233820570907402,2.165190512704977e-20
0.0001,1.0,1.4030615038170895,5.879932287106996,2.411667319534893e-20
0.0001,1.0,1.4030615038170895,6.605806070835402,2.531340406168801e-20
0.0001,1.0,1.4030615038170895,7.421288497006765,2.5872509851539244e-20
0.0001,1.0,1.4030615038170895,8.337441693749241,2.5114640295422957e-20
0.0001,1.0,1.4030615038170895,9.366693401651878,2.303110476968018e-20
0.0001,1.0,1.4030615038170895,10.523005557727087,2.0838332811755122e-20
0.0001,1.0,1.4030615038170895,11.822063690952728,1.8374570483484263e-20
0.0001,1.0,1.4030615038170895,13.281489698569583,1.5911504764472304e-20
0.0001,1.0,1.4030615038170895,14.921080889473224,1.3401446624466816e-20
0.0001,1.0,1.4030615038170895,16.763078537355728,1.136445003189102e-20
0.0001,1.0,1.4030615038170895,18.83246958655666,9.403148795777102e-21
0.0001,1.0,1.4030615038170895,21.157325603303395,7.720054860945754e-21
0.0001,1.0,1.4030615038170895,23.769183570259635,6.431984749698979e-21
0.0001,1.0,1.4030615038170895,26.70347368991138,5.175319300839464e-21
0.0001,1.0,1.4030615038170895,30.0,4.300425352529077e-21
0.0001,1.0,1.5,0.1,0.0
0.0001,1.0,1.5,0.1123449344020514,0.0
0.0001,1.0,1.5,0.1262138428580125,0.0
0.0001,1.0,1.5,0.1417948589651424,0.0
0.0001,1.0,1.5,0.1592993412898707,0.0
0.0001,1.0,1.5,0.1789647404750054,0.0
0.0001,1.0,1.5,0.2010578202894464,0.0
0.0001,1.0,1.5,0.2258782763143731,0.0
0.0001,1.0,1.5,0.2537628013538671,0.0
0.0001,1.0,1.5,0.2850896527178103,0.0
0.0001,1.0,1.5,0.3202837833328603,0.0
0.0001,1.0,1.5,0.3598226062857105,0.0
0.0001,1.0,1.5,0.4042424709954335,0.0
0.0001,1.0,1.5,0.4541459388650518,0.0
0.0001,1.0,1.5,0.5102099571075231,0.0
0.0001,1.0,1.5,0.573195041625182,0.0
0.0001,1.0,1.5,0.6439555935096224,0.0
0.0001,1.0,1.5,0.7234514891067266,0.0
0.0001,1.0,1.5,0.8127611008676167,0.0
0.0001,1.0,1.5,0.9130959256151152,0.0
0.0001,1.0,1.5,1.0258170186601063,0.0
0.0001,1.0,1.5,1.1524534566987763,0.0
0.0001,1.0,1.5,1.294723079942415,0.0
0.0001,1.0,1.5,1.4545557948495271,0.0
0.0001,1.0,1.5,1.6341197535649394,2.295143084808089e-34
0.0001,1.0,1.5,1.835850765193496,1.2285229328836699e-27
0.0001,1.0,1.5,2.062485337876194,2.9845176076273207e-25
0.0001,1.0,1.5,2.3170977998889395,7.256642492767189e-24
0.0001,1.0,1.5,2.6031420033166066,5.908534967306556e-23
0.0001,1.0,1.5,2.9244981760182918,2.6512860582318863e-22
0.0001,1.0,1.5,3.285525557436941,7.599107486504663e-22
0.0001,1.0,1.5,3.6911215322651687,1.6487762828436278e-21
0.0001,1.0,1.5,4.1467880641233,2.9548446564930522e-21
0.0001,1.0,1.5,4.658706330431421,4.560130887057107e-21
0.0001,1.0,1.5,5.233820570907402,6.193716463151844e-21
0.0001,1.0,1.5,5.879932287106996,7.535615132393771e-21
0.0001,1.0,1.5,6.605806070835402,8.400562023969824e-21
0.0001,1.0,1.5,7.421288497006765,8.859810976754687e-21
0.0001,1.0,1.5,8.337441693749241,9.102839655230804e-21
0.0001,1.0,1.5,9.366693401651878,8.790853497024025e-21
0.0001,1.0,1.5,10.523005557727087,8.101591845216263e-21
0.0001,1.0,1.5,11.822063690952728,7.35132245118266e-21
0.0001,1.0,1.5,13.281489698569583,6.511130994113726e-21
0.0001,1.0,1.5,14.921080889473224,5.635667415535242e-21
0.0001,1.0,1.5,16.763078537355728,4.787662640612396e-21
0.0001,1.0,1.5,18.83246958655666,4.065648281892207e-21
0.0001,1.0,1.5,21.157325603303395,3.3838880204353164e-21
0.0001,1.0,1.5,23.769183570259635,2.8124704992540507e-21
0.0001,1.0,1.5,26.70347368991138,2.33105190883144e-21
0.0001,1.0,1.5,30.0,1.9303261629493816e-21
