eps2,cos_theta,m(GeV),Energy,flux_differential
0.001,1.0,0.01,0.1,2.3354348069952924e-08
0.001,1.0,0.01,0.1123449344020514,2.155199524058387e-08
0.001,1.0,0.01,0.1262138428580125,1.9883629158865928e-08
0.001,1.0,0.01,0.1417948589651424,1.8322203055380002e-08
0.001,1.0,0.01,0.1592993412898707,1.684176869245569e-08
0.001,1.0,0.01,0.1789647404750054,1.546109411249343e-08
0.001,1.0,0.01,0.2010578202894464,1.4175577434509244e-08
0.001,1.0,0.01,0.2258782763143731,1.2994827982169859e-08
0.001,1.0,0.01,0.2537628013538671,1.1924549940212391e-08
0.001,1.0,0.01,0.2850896527178103,1.0954666641621641e-08
0.001,1.0,0.01,0.3202837833328603,1.0093630485497068e-08
0.001,1.0,0.01,0.3598226062857105,9.341179752133531e-09
0.001,1.0,0.01,0.4042424709954335,8.698320052432225e-09
0.001,1.0,0.01,0.4541459388650518,8.154842178562033e-09
0.001,1.0,0.01,0.5102099571075231,7.700712651711318e-09
0.001,1.0,0.01,0.573195041625182,7.318178032528079e-09
0.001,1.0,0.01,0.6439555935096224,6.978764142112743e-09
0.001,1.0,0.01,0.7234514891067266,6.642329355789746e-09
0.001,1.0,0.01,0.8127611008676167,6.2769610057749024e-09
0.001,1.0,0.01,0.9130959256151152,5.862814918186169e-09
0.001,1.0,0.01,1.0258170186601063,5.3906742609960705e-09
0.001,1.0,0.01,1.1524534566987763,4.8628467488809986e-09
0.001,1.0,0.01,1.294723079942415,4.295908345519302e-09
0.001,1.0,0.01,1.4545557948495271,3.715301955704458e-09
0.001,1.0,0.01,1.6341197535649394,3.1611099460606082e-09
0.001,1.0,0.01,1.835850765193496,2.6687176441476165e-09
0.001,1.0,0.01,2.062485337876194,2.241604331060041e-09
0.001,1.0,0.01,2.3170977998889395,1.845344315627156e-09
0.001,1.0,0.01,2.6031420033166066,1.4856384761309577e-09
0.001,1.0,0.01,2.9244981760182918,1.182435473792319e-09
0.001,1.0,0.01,3.285525557436941,9.46755206887284e-10
0.001,1.0,0.01,3.6911215322651687,7.565666504365082e-10
0.001,1.0,0.01,4.1467880641233,5.916831837962091e-10
0.001,1.0,0.01,4.658706330431421,4.578272005177675e-10
0.001,1.0,0.01,5.233820570907402,3.595822467913954e-10
0.001,1.0,0.01,5.879932287106996,2.8148041419544855e-10
0.001,1.0,0.01,6.605806070835402,2.1553444814553378e-10
0.001,1.0,0.01,7.421288497006765,1.656277822242718e-10
0.001,1.0,0.01,8.337441693749241,1.2979538896635066e-10
0.001,1.0,0.01,9.366693401651878,9.953951272651469e-11
0.001,1.0,0.01,10.523005557727087,7.5586449287339e-11
0.001,1.0,0.01,11.822063690952728,5.920024941060631e-11
0.001,1.0,0.01,13.281489698569583,4.5660570505046283e-11
0.001,1.0,0.01,14.921080889473224,3.4610235458775503e-11
0.001,1.0,0.01,16.763078537355728,2.72334672991068e-11
0.001,1.0,0.01,18.83246958655666,2.1230784130392546e-11
0.001,1.0,0.01,21.157325603303395,1.6218679201706913e-11
0.001,1.0,0.01,23.769183570259635,1.2936984074559677e-11
0.001,1.0,0.01,26.70347368991138,1.025506713392463e-11
0.001,1.0,0.01,30.0,8.018402136559765e-12
0.001,1.0,0.0106909069625186,0.1,2.3097805798186347e-08
0.001,1.0,0.0106909069625186,0.1123449344020514,2.135063778802851e-08
0.001,1.0,0.0106909069625186,0.1262138428580125,1.972675174904632e-08
0.001,1.0,0.0106909069625186,0.1417948589651424,1.8199480564436707e-08
0.001,1.0,0.0106909069625186,0.1592993412898707,1.674753712993492e-08
0.001,1.0,0.0106909069625186,0.1789647404750054,1.5387883822950792e-08
0.001,1.0,0.0106909069625186,0.2010578202894464,1.4119334867871517e-08
0.001,1.0,0.0106909069625186,0.2258782763143731,1.2951635388245665e-08
0.001,1.0,0.0106909069625186,0.2537628013538671,1.1892379670970472e-08
0.001,1.0,0.0106909069625186,0.2850896527178103,1.0932266118116182e-08
0.001,1.0,0.0106909069625186,0.3202837833328603,1.0079364217344764e-08
0.001,1.0,0.0106909069625186,0.3598226062857105,9.332924478578071e-09
0.001,1.0,0.0106909069625186,0.4042424709954335,8.69457963280715e-09
0.001,1.0,0.0106909069625186,0.4541459388650518,8.154169010405905e-09
0.001,1.0,0.0106909069625186,0.5102099571075231,7.702283919897591e-09
0.001,1.0,0.0106909069625186,0.573195041625182,7.321147205258202e-09
0.001,1.0,0.0106909069625186,0.6439555935096224,6.982826937981861e-09
0.001,1.0,0.0106909069625186,0.7234514891067266,6.6474429710643235e-09
0.001,1.0,0.0106909069625186,0.8127611008676167,6.283185236659462e-09
0.001,1.0,0.0106909069625186,0.9130959256151152,5.8700964125142615e-09
0.001,1.0,0.0106909069625186,1.0258170186601063,5.398912326817504e-09
0.001,1.0,0.0106909069625186,1.1524534566987763,4.871860053020287e-09
0.001,1.0,0.0106909069625186,1.294723079942415,4.3051370129297406e-09
0.001,1.0,0.0106909069625186,1.4545557948495271,3.723858956786069e-09
0.001,1.0,0.0106909069625186,1.6341197535649394,3.1678364597610685e-09
0.001,1.0,0.0106909069625186,1.835850765193496,2.672870325569133e-09
0.001,1.0,0.0106909069625186,2.062485337876194,2.244597137244636e-09
0.001,1.0,0.0106909069625186,2.3170977998889395,1.8484093198695568e-09
0.001,1.0,0.0106909069625186,2.6031420033166066,1.4882684652157096e-09
0.001,1.0,0.0106909069625186,2.9244981760182918,1.1841415801837845e-09
0.001,1.0,0.0106909069625186,3.285525557436941,9.475780178371336e-10
0.001,1.0,0.0106909069625186,3.6911215322651687,7.574607840443154e-10
0.001,1.0,0.0106909069625186,4.1467880641233,5.926602047036705e-10
0.001,1.0,0.0106909069625186,4.658706330431421,4.584913766962489e-10
0.001,1.0,0.0106909069625186,5.233820570907402,3.5991341619886183e-10
0.001,1.0,0.0106909069625186,5.879932287106996,2.81832380174556e-10
0.001,1.0,0.0106909069625186,6.605806070835402,2.158502034644869e-10
0.001,1.0,0.0106909069625186,7.421288497006765,1.6571106461455116e-10
0.001,1.0,0.0106909069625186,8.337441693749241,1.298574647968604e-10
0.001,1.0,0.0106909069625186,9.366693401651878,9.959831980965007e-11
0.001,1.0,0.0106909069625186,10.523005557727087,7.5592389732256e-11
0.001,1.0,0.0106909069625186,11.822063690952728,5.917944704485399e-11
0.001,1.0,0.0106909069625186,13.281489698569583,4.567289627095293e-11
0.001,1.0,0.0106909069625186,14.921080889473224,3.4616584203885634e-11
0.001,1.0,0.0106909069625186,16.763078537355728,2.722318282904959e-11
0.001,1.0,0.0106909069625186,18.83246958655666,2.123535031771361e-11
0.001,1.0,0.0106909069625186,21.157325603303395,1.6220150222626927e-11
0.001,1.0,0.0106909069625186,23.769183570259635,1.2931730466469898e-11
0.001,1.0,0.0106909069625186,26.70347368991138,1.0256942155651027e-11
0.001,1.0,0.0106909069625186,30.0,8.01978938553713e-12
0.001,1.0,0.0114295491681229,0.1,2.2812898216917674e-08
0.001,1.0,0.0114295491681229,0.1123449344020514,2.112916610274545e-08
0.001,1.0,0.0114295491681229,0.1262138428580125,1.9558553124079676e-08
0.001,1.0,0.0114295491681229,0.1417948589651424,1.8075051865861323e-08
0.001,1.0,0.0114295491681229,0.1592993412898707,1.665924222620856e-08
0.001,1.0,0.0114295491681229,0.1789647404750054,1.5326113053856132e-08
0.001,1.0,0.0114295491681229,0.2010578202894464,1.4078601513897485e-08
0.001,1.0,0.0114295491681229,0.2258782763143731,1.2926357360210539e-08
0.001,1.0,0.0114295491681229,0.2537628013538671,1.1879839428827878e-08
0.001,1.0,0.0114295491681229,0.2850896527178103,1.093036777862655e-08
0.001,1.0,0.0114295491681229,0.3202837833328603,1.0086261152124001e-08
0.001,1.0,0.0114295491681229,0.3598226062857105,9.346506831518128e-09
0.001,1.0,0.0114295491681229,0.4042424709954335,8.713182396169411e-09
0.001,1.0,0.0114295491681229,0.4541459388650518,8.17618590268499e-09
0.001,1.0,0.0114295491681229,0.5102099571075231,7.726856597230124e-09
0.001,1.0,0.0114295491681229,0.573195041625182,7.347267159200815e-09
0.001,1.0,0.0114295491681229,0.6439555935096224,7.00981756866258e-09
0.001,1.0,0.0114295491681229,0.7234514891067266,6.674361617922623e-09
0.001,1.0,0.0114295491681229,0.8127611008676167,6.308835839706497e-09
0.001,1.0,0.0114295491681229,0.9130959256151152,5.892903929761271e-09
0.001,1.0,0.0114295491681229,1.0258170186601063,5.417502191400732e-09
0.001,1.0,0.0114295491681229,1.1524534566987763,4.885196685699281e-09
0.001,1.0,0.0114295491681229,1.294723079942415,4.312520681288586e-09
0.001,1.0,0.0114295491681229,1.4545557948495271,3.725474564917227e-09
0.001,1.0,0.0114295491681229,1.6341197535649394,3.1645083385183077e-09
0.001,1.0,0.0114295491681229,1.835850765193496,2.666597370181326e-09
0.001,1.0,0.0114295491681229,2.062485337876194,2.2390863466410884e-09
0.001,1.0,0.0114295491681229,2.3170977998889395,1.8453726984668011e-09
0.001,1.0,0.0114295491681229,2.6031420033166066,1.4867955654304328e-09
0.001,1.0,0.0114295491681229,2.9244981760182918,1.1831586415744614e-09
0.001,1.0,0.0114295491681229,3.285525557436941,9.46421961935468e-10
0.001,1.0,0.0114295491681229,3.6911215322651687,7.569213457449986e-10
0.001,1.0,0.0114295491681229,4.1467880641233,5.925779692159145e-10
0.001,1.0,0.0114295491681229,4.658706330431421,4.584274895388946e-10
0.001,1.0,0.0114295491681229,5.233820570907402,3.596898378226703e-10
0.001,1.0,0.0114295491681229,5.879932287106996,2.8179601261079905e-10
0.001,1.0,0.0114295491681229,6.605806070835402,2.1592125895009032e-10
0.001,1.0,0.0114295491681229,7.421288497006765,1.6563714640625402e-10
0.001,1.0,0.0114295491681229,8.337441693749241,1.2982668551785774e-10
0.001,1.0,0.0114295491681229,9.366693401651878,9.96259540567696e-11
0.001,1.0,0.0114295491681229,10.523005557727087,7.558953503956211e-11
0.001,1.0,0.0114295491681229,11.822063690952728,5.91604083990337e-11
0.001,1.0,0.0114295491681229,13.281489698569583,4.568772624868354e-11
0.001,1.0,0.0114295491681229,14.921080889473224,3.4623965008419174e-11
0.001,1.0,0.0114295491681229,16.763078537355728,2.7209931654042787e-11
0.001,1.0,0.0114295491681229,18.83246958655666,2.1241691855831257e-11
0.001,1.0,0.0114295491681229,21.157325603303395,1.6222018897350197e-11
0.001,1.0,0.0114295491681229,23.769183570259635,1.2926388029099241e-11
0.001,1.0,0.0114295491681229,26.70347368991138,1.0258862222953609e-11
0.001,1.0,0.0114295491681229,30.0,8.021278862422818e-12
0.001,1.0,0.0122192246779934,0.1,2.2508450314474925e-08
0.001,1.0,0.0122192246779934,0.1123449344020514,2.0880768386659545e-08
0.001,1.0,0.0122192246779934,0.1262138428580125,1.9354352523569172e-08
0.001,1.0,0.0122192246779934,0.1417948589651424,1.7903004460744173e-08
0.001,1.0,0.0122192246779934,0.1592993412898707,1.651462650209295e-08
0.001,1.0,0.0122192246779934,0.1789647404750054,1.5202138961097564e-08
0.001,1.0,0.0122192246779934,0.2010578202894464,1.3971619032768572e-08
0.001,1.0,0.0122192246779934,0.2258782763143731,1.283398551434592e-08
0.001,1.0,0.0122192246779934,0.2537628013538671,1.1799947952202948e-08
0.001,1.0,0.0122192246779934,0.2850896527178103,1.0862155352874207e-08
0.001,1.0,0.0122192246779934,0.3202837833328603,1.002750726657265e-08
0.001,1.0,0.0122192246779934,0.3598226062857105,9.295320561932418e-09
0.001,1.0,0.0122192246779934,0.4042424709954335,8.667397502029966e-09
0.001,1.0,0.0122192246779934,0.4541459388650518,8.134320522523873e-09
0.001,1.0,0.0122192246779934,0.5102099571075231,7.687747577659173e-09
0.001,1.0,0.0122192246779934,0.573195041625182,7.3100036907003104e-09
0.001,1.0,0.0122192246779934,0.6439555935096224,6.974235808166324e-09
0.001,1.0,0.0122192246779934,0.7234514891067266,6.641355353695625e-09
0.001,1.0,0.0122192246779934,0.8127611008676167,6.279668509042213e-09
0.001,1.0,0.0122192246779934,0.9130959256151152,5.8690282232501455e-09
0.001,1.0,0.0122192246779934,1.0258170186601063,5.40030112436644e-09
0.001,1.0,0.0122192246779934,1.1524534566987763,4.875498951902863e-09
0.001,1.0,0.0122192246779934,1.294723079942415,4.310137436043672e-09
0.001,1.0,0.0122192246779934,1.4545557948495271,3.728713008612886e-09
0.001,1.0,0.0122192246779934,1.6341197535649394,3.170422415065134e-09
0.001,1.0,0.0122192246779934,1.835850765193496,2.6717752293126974e-09
0.001,1.0,0.0122192246779934,2.062485337876194,2.242807101375461e-09
0.001,1.0,0.0122192246779934,2.3170977998889395,1.8487647373561808e-09
0.001,1.0,0.0122192246779934,2.6031420033166066,1.4894243476553524e-09
0.001,1.0,0.0122192246779934,2.9244981760182918,1.1845557258583314e-09
0.001,1.0,0.0122192246779934,3.285525557436941,9.465614702346573e-10
0.001,1.0,0.0122192246779934,3.6911215322651687,7.571438433030492e-10
0.001,1.0,0.0122192246779934,4.1467880641233,5.928850785538974e-10
0.001,1.0,0.0122192246779934,4.658706330431421,4.5850173553120923e-10
0.001,1.0,0.0122192246779934,5.233820570907402,3.594822327125504e-10
0.001,1.0,0.0122192246779934,5.879932287106996,2.817741329639865e-10
0.001,1.0,0.0122192246779934,6.605806070835402,2.15985712345582e-10
0.001,1.0,0.0122192246779934,7.421288497006765,1.6557380583404176e-10
0.001,1.0,0.0122192246779934,8.337441693749241,1.297862032335301e-10
0.001,1.0,0.0122192246779934,9.366693401651878,9.965650163404089e-11
0.001,1.0,0.0122192246779934,10.523005557727087,7.55878075926608e-11
0.001,1.0,0.0122192246779934,11.822063690952728,5.913868295161424e-11
0.001,1.0,0.0122192246779934,13.281489698569583,4.57026126644438e-11
0.001,1.0,0.0122192246779934,14.921080889473224,3.4631163467481136e-11
0.001,1.0,0.0122192246779934,16.763078537355728,2.7193978087294403e-11
0.001,1.0,0.0122192246779934,18.83246958655666,2.124807999844606e-11
0.001,1.0,0.0122192246779934,21.157325603303395,1.6224362646450125e-11
0.001,1.0,0.0122192246779934,23.769183570259635,1.2920751913605035e-11
0.001,1.0,0.0122192246779934,26.70347368991138,1.0260679840419155e-11
0.001,1.0,0.0122192246779934,30.0,8.022193360029702e-12
0.001,1.0,0.013063459418654,0.1,2.2204707017649968e-08
0.001,1.0,0.013063459418654,0.1123449344020514,2.0647436955271055e-08
0.001,1.0,0.013063459418654,0.1262138428580125,1.9179740044871038e-08
0.001,1.0,0.013063459418654,0.1417948589651424,1.777311789677363e-08
0.001,1.0,0.013063459418654,0.1592993412898707,1.642356653240223e-08
0.001,1.0,0.013063459418654,0.1789647404750054,1.5139957048802645e-08
0.001,1.0,0.013063459418654,0.2010578202894464,1.3932152966882255e-08
0.001,1.0,0.013063459418654,0.2258782763143731,1.2812320130466068e-08
0.001,1.0,0.013063459418654,0.2537628013538671,1.179283314891627e-08
0.001,1.0,0.013063459418654,0.2850896527178103,1.0867952163504473e-08
0.001,1.0,0.013063459418654,0.3202837833328603,1.004375974140448e-08
0.001,1.0,0.013063459418654,0.3598226062857105,9.319685290931964e-09
0.001,1.0,0.013063459418654,0.4042424709954335,8.697785904559515e-09
0.001,1.0,0.013063459418654,0.4541459388650518,8.169106296352709e-09
0.001,1.0,0.013063459418654,0.5102099571075231,7.725486138263361e-09
0.001,1.0,0.013063459418654,0.573195041625182,7.349756061572041e-09
0.001,1.0,0.013063459418654,0.6439555935096224,7.015162170902131e-09
0.001,1.0,0.013063459418654,0.7234514891067266,6.683096344201368e-09
0.001,1.0,0.013063459418654,0.8127611008676167,6.321722175473578e-09
0.001,1.0,0.013063459418654,0.9130959256151152,5.910521942885802e-09
0.001,1.0,0.013063459418654,1.0258170186601063,5.440368728660033e-09
0.001,1.0,0.013063459418654,1.1524534566987763,4.913055401469859e-09
0.001,1.0,0.013063459418654,1.294723079942415,4.343933836976376e-09
0.001,1.0,0.013063459418654,1.4545557948495271,3.757106771038693e-09
0.001,1.0,0.013063459418654,1.6341197535649394,3.191937009016063e-09
0.001,1.0,0.013063459418654,1.835850765193496,2.6856722724448753e-09
0.001,1.0,0.013063459418654,2.062485337876194,2.251044363105853e-09
0.001,1.0,0.013063459418654,2.3170977998889395,1.8538133553617999e-09
0.001,1.0,0.013063459418654,2.6031420033166066,1.491706525562882e-09
0.001,1.0,0.013063459418654,2.9244981760182918,1.1846804498835386e-09
0.001,1.0,0.013063459418654,3.285525557436941,9.454819764077652e-10
0.001,1.0,0.013063459418654,3.6911215322651687,7.567918556348581e-10
0.001,1.0,0.013063459418654,4.1467880641233,5.931829653355014e-10
0.001,1.0,0.013063459418654,4.658706330431421,4.588799597113673e-10
0.001,1.0,0.013063459418654,5.233820570907402,3.5956803023107967e-10
0.001,1.0,0.013063459418654,5.879932287106996,2.8198085551114186e-10
0.001,1.0,0.013063459418654,6.605806070835402,2.16215958393605e-10
0.001,1.0,0.013063459418654,7.421288497006765,1.656316247021371e-10
0.001,1.0,0.013063459418654,8.337441693749241,1.2979326381010556e-10
0.001,1.0,0.013063459418654,9.366693401651878,9.970980566182349e-11
0.001,1.0,0.013063459418654,10.523005557727087,7.55871389149891e-11
0.001,1.0,0.013063459418654,11.822063690952728,5.910594044116808e-11
0.001,1.0,0.013063459418654,13.281489698569583,4.5712963808117545e-11
0.001,1.0,0.013063459418654,14.921080889473224,3.463505437779465e-11
0.001,1.0,0.013063459418654,16.763078537355728,2.717243788558711e-11
0.001,1.0,0.013063459418654,18.83246958655666,2.125117935228001e-11
0.001,1.0,0.013063459418654,21.157325603303395,1.62265258331445e-11
0.001,1.0,0.013063459418654,23.769183570259635,1.2913672511559462e-11
0.001,1.0,0.013063459418654,26.70347368991138,1.0261993528240372e-11
0.001,1.0,0.013063459418654,30.0,8.02238430645854e-12
0.001,1.0,0.0139660229253468,0.1,2.1833824226548265e-08
0.001,1.0,0.0139660229253468,0.1123449344020514,2.0345171499174224e-08
0.001,1.0,0.0139660229253468,0.1262138428580125,1.893551610633184e-08
0.001,1.0,0.0139660229253468,0.1417948589651424,1.7574942971908862e-08
0.001,1.0,0.0139660229253468,0.1592993412898707,1.6264924326639902e-08
0.001,1.0,0.0139660229253468,0.1789647404750054,1.501168287321381e-08
0.001,1.0,0.0139660229253468,0.2010578202894464,1.3828075667140203e-08
0.001,1.0,0.0139660229253468,0.2258782763143731,1.2726933040326e-08
0.001,1.0,0.0139660229253468,0.2537628013538671,1.1723327665296667e-08
0.001,1.0,0.0139660229253468,0.2850896527178103,1.0811762558725646e-08
0.001,1.0,0.0139660229253468,0.3202837833328603,9.99912668313673e-09
0.001,1.0,0.0139660229253468,0.3598226062857105,9.283845148570976e-09
0.001,1.0,0.0139660229253468,0.4042424709954335,8.668600139855699e-09
0.001,1.0,0.0139660229253468,0.4541459388650518,8.14483430672526e-09
0.001,1.0,0.0139660229253468,0.5102099571075231,7.704501998324185e-09
0.001,1.0,0.0139660229253468,0.573195041625182,7.331181067416578e-09
0.001,1.0,0.0139660229253468,0.6439555935096224,6.998250930075421e-09
0.001,1.0,0.0139660229253468,0.7234514891067266,6.667397173008928e-09
0.001,1.0,0.0139660229253468,0.8127611008676167,6.306777162874933e-09
0.001,1.0,0.0139660229253468,0.9130959256151152,5.895736681023534e-09
0.001,1.0,0.0139660229253468,1.0258170186601063,5.425333768693076e-09
0.001,1.0,0.0139660229253468,1.1524534566987763,4.8976682004980235e-09
0.001,1.0,0.0139660229253468,1.294723079942415,4.328025660952873e-09
0.001,1.0,0.0139660229253468,1.4545557948495271,3.741126674961479e-09
0.001,1.0,0.0139660229253468,1.6341197535649394,3.1762757935983525e-09
0.001,1.0,0.0139660229253468,1.835850765193496,2.671227637586374e-09
0.001,1.0,0.0139660229253468,2.062485337876194,2.240563648147102e-09
0.001,1.0,0.0139660229253468,2.3170977998889395,1.8490471009445611e-09
0.001,1.0,0.0139660229253468,2.6031420033166066,1.4908859588057981e-09
0.001,1.0,0.0139660229253468,2.9244981760182918,1.1854630229554458e-09
0.001,1.0,0.0139660229253468,3.285525557436941,9.459148257841488e-10
0.001,1.0,0.0139660229253468,3.6911215322651687,7.57107782699994e-10
0.001,1.0,0.0139660229253468,4.1467880641233,5.935394247082918e-10
0.001,1.0,0.0139660229253468,4.658706330431421,4.5895928051374966e-10
0.001,1.0,0.0139660229253468,5.233820570907402,3.5926832670789907e-10
0.001,1.0,0.0139660229253468,5.879932287106996,2.818984908442461e-10
0.001,1.0,0.0139660229253468,6.605806070835402,2.1624622746004325e-10
0.001,1.0,0.0139660229253468,7.421288497006765,1.655736951048824e-10
0.001,1.0,0.0139660229253468,8.337441693749241,1.2971725483690213e-10
0.001,1.0,0.0139660229253468,9.366693401651878,9.973501826110817e-11
0.001,1.0,0.0139660229253468,10.523005557727087,7.558530656448497e-11
0.001,1.0,0.0139660229253468,11.822063690952728,5.906880157694079e-11
0.001,1.0,0.0139660229253468,13.281489698569583,4.572115306154456e-11
0.001,1.0,0.0139660229253468,14.921080889473224,3.4638437698548514e-11
0.001,1.0,0.0139660229253468,16.763078537355728,2.7152728840475724e-11
0.001,1.0,0.0139660229253468,18.83246958655666,2.1253692823456487e-11
0.001,1.0,0.0139660229253468,21.157325603303395,1.6230605823422707e-11
0.001,1.0,0.0139660229253468,23.769183570259635,1.2904652460767501e-11
0.001,1.0,0.0139660229253468,26.70347368991138,1.0264404196853109e-11
0.001,1.0,0.0139660229253468,30.0,8.023032766768975e-12
0.001,1.0,0.0149309451731285,0.1,2.1467602423576732e-08
0.001,1.0,0.0149309451731285,0.1123449344020514,2.004411670902759e-08
0.001,1.0,0.0149309451731285,0.1262138428580125,1.8687312040457547e-08
0.001,1.0,0.0149309451731285,0.1417948589651424,1.7367760573207157e-08
0.001,1.0,0.0149309451731285,0.1592993412898707,1.609135942286667e-08
0.001,1.0,0.0149309451731285,0.1789647404750054,1.486498982169686e-08
0.001,1.0,0.0149309451731285,0.2010578202894464,1.3703496586535705e-08
0.001,1.0,0.0149309451731285,0.2258782763143731,1.2621050374676156e-08
0.001,1.0,0.0149309451731285,0.2537628013538671,1.1633539176434143e-08
0.001,1.0,0.0149309451731285,0.2850896527178103,1.0736785927999958e-08
0.001,1.0,0.0149309451731285,0.3202837833328603,9.9364754096421e-09
0.001,1.0,0.0149309451731285,0.3598226062857105,9.231012886591979e-09
0.001,1.0,0.0149309451731285,0.4042424709954335,8.622942571735246e-09
0.001,1.0,0.0149309451731285,0.4541459388650518,8.104475722740878e-09
0.001,1.0,0.0149309451731285,0.5102099571075231,7.667904748489467e-09
0.001,1.0,0.0149309451731285,0.573195041625182,7.297170016360314e-09
0.001,1.0,0.0149309451731285,0.6439555935096224,6.966512840761346e-09
0.001,1.0,0.0149309451731285,0.7234514891067266,6.638752150352382e-09
0.001,1.0,0.0149309451731285,0.8127611008676167,6.282498886045802e-09
0.001,1.0,0.0149309451731285,0.9130959256151152,5.877308957441306e-09
0.001,1.0,0.0149309451731285,1.0258170186601063,5.414178420130951e-09
0.001,1.0,0.0149309451731285,1.1524534566987763,4.894693272273924e-09
0.001,1.0,0.0149309451731285,1.294723079942415,4.333055604467174e-09
0.001,1.0,0.0149309451731285,1.4545557948495271,3.752730966157285e-09
0.001,1.0,0.0149309451731285,1.6341197535649394,3.191344690267199e-09
0.001,1.0,0.0149309451731285,1.835850765193496,2.6860401993775226e-09
0.001,1.0,0.0149309451731285,2.062485337876194,2.2537307620381642e-09
0.001,1.0,0.0149309451731285,2.3170977998889395,1.8618045791335143e-09
0.001,1.0,0.0149309451731285,2.6031420033166066,1.502154838033007e-09
0.001,1.0,0.0149309451731285,2.9244981760182918,1.1940510379809405e-09
0.001,1.0,0.0149309451731285,3.285525557436941,9.511871817738025e-10
0.001,1.0,0.0149309451731285,3.6911215322651687,7.602574753059844e-10
0.001,1.0,0.0149309451731285,4.1467880641233,5.953391111252098e-10
0.001,1.0,0.0149309451731285,4.658706330431421,4.5955983665682984e-10
0.001,1.0,0.0149309451731285,5.233820570907402,3.5910249657515365e-10
0.001,1.0,0.0149309451731285,5.879932287106996,2.8190027330123067e-10
0.001,1.0,0.0149309451731285,6.605806070835402,2.163484774306121e-10
0.001,1.0,0.0149309451731285,7.421288497006765,1.6554764705577635e-10
0.001,1.0,0.0149309451731285,8.337441693749241,1.2965422376628862e-10
0.001,1.0,0.0149309451731285,9.366693401651878,9.97643894521842e-11
0.001,1.0,0.0149309451731285,10.523005557727087,7.558492959816723e-11
0.001,1.0,0.0149309451731285,11.822063690952728,5.902461196692361e-11
0.001,1.0,0.0149309451731285,13.281489698569583,4.5721155592366796e-11
0.001,1.0,0.0149309451731285,14.921080889473224,3.464309065758162e-11
0.001,1.0,0.0149309451731285,16.763078537355728,2.7131857289403222e-11
0.001,1.0,0.0149309451731285,18.83246958655666,2.125414580421528e-11
0.001,1.0,0.0149309451731285,21.157325603303395,1.623645381073443e-11
0.001,1.0,0.0149309451731285,23.769183570259635,1.2894115018102146e-11
0.001,1.0,0.0149309451731285,26.70347368991138,1.0266414914775811e-11
0.001,1.0,0.0149309451731285,30.0,8.025219782054191e-12
0.001,1.0,0.0159625345708383,0.1,2.1054563183305155e-08
0.001,1.0,0.0159625345708383,0.1123449344020514,1.971361133792904e-08
0.001,1.0,0.0159625345708383,0.1262138428580125,1.8426826777538425e-08
0.001,1.0,0.0159625345708383,0.1417948589651424,1.7163670968413643e-08
0.001,1.0,0.0159625345708383,0.1592993412898707,1.5936047612779348e-08
0.001,1.0,0.0159625345708383,0.1789647404750054,1.474686115741037e-08
0.001,1.0,0.0159625345708383,0.2010578202894464,1.3615084196304688e-08
0.001,1.0,0.0159625345708383,0.2258782763143731,1.2555779218975706e-08
0.001,1.0,0.0159625345708383,0.2537628013538671,1.1586491860931029e-08
0.001,1.0,0.0159625345708383,0.2850896527178103,1.070602436668899e-08
0.001,1.0,0.0159625345708383,0.3202837833328603,9.918878007668709e-09
0.001,1.0,0.0159625345708383,0.3598226062857105,9.224107528502427e-09
0.001,1.0,0.0159625345708383,0.4042424709954335,8.623811696622342e-09
0.001,1.0,0.0159625345708383,0.4541459388650518,8.111343289349114e-09
0.001,1.0,0.0159625345708383,0.5102099571075231,7.678824592125508e-09
0.001,1.0,0.0159625345708383,0.573195041625182,7.3109278518756596e-09
0.001,1.0,0.0159625345708383,0.6439555935096224,6.981848798305403e-09
0.001,1.0,0.0159625345708383,0.7234514891067266,6.654724498568346e-09
0.001,1.0,0.0159625345708383,0.8127611008676167,6.297797909248973e-09
0.001,1.0,0.0159625345708383,0.9130959256151152,5.890332604009578e-09
0.001,1.0,0.0159625345708383,1.0258170186601063,5.423371566131475e-09
0.001,1.0,0.0159625345708383,1.1524534566987763,4.898868781841589e-09
0.001,1.0,0.0159625345708383,1.294723079942415,4.3313141891951e-09
0.001,1.0,0.0159625345708383,1.4545557948495271,3.744859146129879e-09
0.001,1.0,0.0159625345708383,1.6341197535649394,3.1778391678283346e-09
0.001,1.0,0.0159625345708383,1.835850765193496,2.668569090696635e-09
0.001,1.0,0.0159625345708383,2.062485337876194,2.2363248649757963e-09
0.001,1.0,0.0159625345708383,2.3170977998889395,1.848186014379362e-09
0.001,1.0,0.0159625345708383,2.6031420033166066,1.4919114474832795e-09
0.001,1.0,0.0159625345708383,2.9244981760182918,1.1862377631510515e-09
0.001,1.0,0.0159625345708383,3.285525557436941,9.45074501849258e-10
0.001,1.0,0.0159625345708383,3.6911215322651687,7.566832607044623e-10
0.001,1.0,0.0159625345708383,4.1467880641233,5.940099227324512e-10
0.001,1.0,0.0159625345708383,4.658706330431421,4.592606121434024e-10
0.001,1.0,0.0159625345708383,5.233820570907402,3.588359930544927e-10
0.001,1.0,0.0159625345708383,5.879932287106996,2.818531095629712e-10
0.001,1.0,0.0159625345708383,6.605806070835402,2.1643709735174799e-10
0.001,1.0,0.0159625345708383,7.421288497006765,1.654902400536573e-10
0.001,1.0,0.0159625345708383,8.337441693749241,1.2958858562482002e-10
0.001,1.0,0.0159625345708383,9.366693401651878,9.978789928989393e-11
0.001,1.0,0.0159625345708383,10.523005557727087,7.559012409976874e-11
0.001,1.0,0.0159625345708383,11.822063690952728,5.896820839372209e-11
0.001,1.0,0.0159625345708383,13.281489698569583,4.5721586280147264e-11
0.001,1.0,0.0159625345708383,14.921080889473224,3.4650064038614855e-11
0.001,1.0,0.0159625345708383,16.763078537355728,2.7109931653107053e-11
0.001,1.0,0.0159625345708383,18.83246958655666,2.1253710691249234e-11
0.001,1.0,0.0159625345708383,21.157325603303395,1.6242983732030334e-11
0.001,1.0,0.0159625345708383,23.769183570259635,1.2882295924272769e-11
0.001,1.0,0.0159625345708383,26.70347368991138,1.0267963719870333e-11
0.001,1.0,0.0159625345708383,30.0,8.028307198640082e-12
0.001,1.0,0.017065397198282,0.1,2.0611712544233962e-08
0.001,1.0,0.017065397198282,0.1123449344020514,1.9340155085163412e-08
0.001,1.0,0.017065397198282,0.1262138428580125,1.8109952760229847e-08
0.001,1.0,0.017065397198282,0.1417948589651424,1.6891574442310943e-08
0.001,1.0,0.017065397198282,0.1592993412898707,1.570077134711795e-08
0.001,1.0,0.017065397198282,0.1789647404750054,1.4541477667613896e-08
0.001,1.0,0.017065397198282,0.2010578202894464,1.3435172359053484e-08
0.001,1.0,0.017065397198282,0.2258782763143731,1.2397696080988697e-08
0.001,1.0,0.017065397198282,0.2537628013538671,1.144648133626925e-08
0.001,1.0,0.017065397198282,0.2850896527178103,1.0583125110342557e-08
0.001,1.0,0.017065397198282,0.3202837833328603,9.810479447681474e-09
0.001,1.0,0.017065397198282,0.3598226062857105,9.127139225871453e-09
0.001,1.0,0.017065397198282,0.4042424709954335,8.53533928255688e-09
0.001,1.0,0.017065397198282,0.4541459388650518,8.029375791678418e-09
0.001,1.0,0.017065397198282,0.5102099571075231,7.60132720811115e-09
0.001,1.0,0.017065397198282,0.573195041625182,7.236672119222363e-09
0.001,1.0,0.017065397198282,0.6439555935096224,6.910405513799581e-09
0.001,1.0,0.017065397198282,0.7234514891067266,6.58708991661612e-09
0.001,1.0,0.017065397198282,0.8127611008676167,6.235487461213641e-09
0.001,1.0,0.017065397198282,0.9130959256151152,5.835223476508809e-09
0.001,1.0,0.017065397198282,1.0258170186601063,5.377244311373458e-09
0.001,1.0,0.017065397198282,1.1524534566987763,4.863118854803144e-09
0.001,1.0,0.017065397198282,1.294723079942415,4.306173627469554e-09
0.001,1.0,0.017065397198282,1.4545557948495271,3.728988800297874e-09
0.001,1.0,0.017065397198282,1.6341197535649394,3.1682883274725002e-09
0.001,1.0,0.017065397198282,1.835850765193496,2.6615285478444955e-09
0.001,1.0,0.017065397198282,2.062485337876194,2.2300463251969544e-09
0.001,1.0,0.017065397198282,2.3170977998889395,1.8443789726807393e-09
0.001,1.0,0.017065397198282,2.6031420033166066,1.4900207197541835e-09
0.001,1.0,0.017065397198282,2.9244981760182918,1.1849920520369154e-09
0.001,1.0,0.017065397198282,3.285525557436941,9.434618718408657e-10
0.001,1.0,0.017065397198282,3.6911215322651687,7.557642949052318e-10
0.001,1.0,0.017065397198282,4.1467880641233,5.939322128947017e-10
0.001,1.0,0.017065397198282,4.658706330431421,4.5933951005981103e-10
0.001,1.0,0.017065397198282,5.233820570907402,3.586214475765522e-10
0.001,1.0,0.017065397198282,5.879932287106996,2.818163163711793e-10
0.001,1.0,0.017065397198282,6.605806070835402,2.165535119859603e-10
0.001,1.0,0.017065397198282,7.421288497006765,1.654226428064692e-10
0.001,1.0,0.017065397198282,8.337441693749241,1.2950759659787282e-10
0.001,1.0,0.017065397198282,9.366693401651878,9.980963970678842e-11
0.001,1.0,0.017065397198282,10.523005557727087,7.559841860933511e-11
0.001,1.0,0.017065397198282,11.822063690952728,5.89076410468184e-11
0.001,1.0,0.017065397198282,13.281489698569583,4.572326859252648e-11
0.001,1.0,0.017065397198282,14.921080889473224,3.4658112292263424e-11
0.001,1.0,0.017065397198282,16.763078537355728,2.708612472023656e-11
0.001,1.0,0.017065397198282,18.83246958655666,2.1253348761198714e-11
0.001,1.0,0.017065397198282,21.157325603303395,1.6248870494136278e-11
0.001,1.0,0.017065397198282,23.769183570259635,1.2869876065118157e-11
0.001,1.0,0.017065397198282,26.70347368991138,1.0268590621436618e-11
0.001,1.0,0.017065397198282,30.0,8.031900111477973e-12
0.001,1.0,0.0182444573725259,0.1,2.0205184762468407e-08
0.001,1.0,0.0182444573725259,0.1123449344020514,1.9028682056303566e-08
0.001,1.0,0.0182444573725259,0.1262138428580125,1.78798252340614e-08
0.001,1.0,0.0182444573725259,0.1417948589651424,1.672915057990119e-08
0.001,1.0,0.0182444573725259,0.1592993412898707,1.559448184559632e-08
0.001,1.0,0.0182444573725259,0.1789647404750054,1.447871966057359e-08
0.001,1.0,0.0182444573725259,0.2010578202894464,1.3407704429357105e-08
0.001,1.0,0.0182444573725259,0.2258782763143731,1.239750922237093e-08
0.001,1.0,0.0182444573725259,0.2537628013538671,1.1467574155568717e-08
0.001,1.0,0.0182444573725259,0.2850896527178103,1.0622735425208379e-08
0.001,1.0,0.0182444573725259,0.3202837833328603,9.865518836839034e-09
0.001,1.0,0.0182444573725259,0.3598226062857105,9.194645239511448e-09
0.001,1.0,0.0182444573725259,0.4042424709954335,8.612123654891799e-09
0.001,1.0,0.0182444573725259,0.4541459388650518,8.11318824946691e-09
0.001,1.0,0.0182444573725259,0.5102099571075231,7.690042821273472e-09
0.001,1.0,0.0182444573725259,0.573195041625182,7.328666130569318e-09
0.001,1.0,0.0182444573725259,0.6439555935096224,7.0040766360731685e-09
0.001,1.0,0.0182444573725259,0.7234514891067266,6.681097727321293e-09
0.001,1.0,0.0182444573725259,0.8127611008676167,6.3280159999550905e-09
0.001,1.0,0.0182444573725259,0.9130959256151152,5.9238116995444065e-09
0.001,1.0,0.0182444573725259,1.0258170186601063,5.459423728430547e-09
0.001,1.0,0.0182444573725259,1.1524534566987763,4.936479241555758e-09
0.001,1.0,0.0182444573725259,1.294723079942415,4.368564077225121e-09
0.001,1.0,0.0182444573725259,1.4545557948495271,3.778801593391209e-09
0.001,1.0,0.0182444573725259,1.6341197535649394,3.2047200272494967e-09
0.001,1.0,0.0182444573725259,1.835850765193496,2.6851635589159604e-09
0.001,1.0,0.0182444573725259,2.062485337876194,2.24429795679004e-09
0.001,1.0,0.0182444573725259,2.3170977998889395,1.854151223823001e-09
0.001,1.0,0.0182444573725259,2.6031420033166066,1.4960614322122028e-09
0.001,1.0,0.0182444573725259,2.9244981760182918,1.187609812148671e-09
0.001,1.0,0.0182444573725259,3.285525557436941,9.43445723063849e-10
0.001,1.0,0.0182444573725259,3.6911215322651687,7.555252746739059e-10
0.001,1.0,0.0182444573725259,4.1467880641233,5.940804622517387e-10
0.001,1.0,0.0182444573725259,4.658706330431421,4.594276595829308e-10
0.001,1.0,0.0182444573725259,5.233820570907402,3.583018716015678e-10
0.001,1.0,0.0182444573725259,5.879932287106996,2.8171170800896936e-10
0.001,1.0,0.0182444573725259,6.605806070835402,2.1663902939952846e-10
0.001,1.0,0.0182444573725259,7.421288497006765,1.6537445939593193e-10
0.001,1.0,0.0182444573725259,8.337441693749241,1.294106086499425e-10
0.001,1.0,0.0182444573725259,9.366693401651878,9.982947664637889e-11
0.001,1.0,0.0182444573725259,10.523005557727087,7.56042333797458e-11
0.001,1.0,0.0182444573725259,11.822063690952728,5.885322025382158e-11
0.001,1.0,0.0182444573725259,13.281489698569583,4.57272398161032e-11
0.001,1.0,0.0182444573725259,14.921080889473224,3.4670303282086304e-11
0.001,1.0,0.0182444573725259,16.763078537355728,2.705622580521937e-11
0.001,1.0,0.0182444573725259,18.83246958655666,2.1256421981569365e-11
0.001,1.0,0.0182444573725259,21.157325603303395,1.6253589653906333e-11
0.001,1.0,0.0182444573725259,23.769183570259635,1.285892494803147e-11
0.001,1.0,0.0182444573725259,26.70347368991138,1.0269307044835706e-11
0.001,1.0,0.0182444573725259,30.0,8.03620979487215e-12
0.001,1.0,0.0195049796351312,0.1,1.9689116791493056e-08
0.001,1.0,0.0195049796351312,0.1123449344020514,1.8583555197583435e-08
0.001,1.0,0.0195049796351312,0.1262138428580125,1.7492074807555944e-08
0.001,1.0,0.0195049796351312,0.1417948589651424,1.6388025622665075e-08
0.001,1.0,0.0195049796351312,0.1592993412898707,1.5293124283277278e-08
0.001,1.0,0.0195049796351312,0.1789647404750054,1.4209895668675311e-08
0.001,1.0,0.0195049796351312,0.2010578202894464,1.3167243412719147e-08
0.001,1.0,0.0195049796351312,0.2258782763143731,1.2181250413557403e-08
0.001,1.0,0.0195049796351312,0.2537628013538671,1.1272094481686832e-08
0.001,1.0,0.0195049796351312,0.2850896527178103,1.0446558292284252e-08
0.001,1.0,0.0195049796351312,0.3202837833328603,9.705766062728002e-09
0.001,1.0,0.0195049796351312,0.3598226062857105,9.048176307497644e-09
0.001,1.0,0.0195049796351312,0.4042424709954335,8.47570361747008e-09
0.001,1.0,0.0195049796351312,0.4541459388650518,7.984367028493088e-09
0.001,1.0,0.0195049796351312,0.5102099571075231,7.566705515486215e-09
0.001,1.0,0.0195049796351312,0.573195041625182,7.209336402556897e-09
0.001,1.0,0.0195049796351312,0.6439555935096224,6.888321334160531e-09
0.001,1.0,0.0195049796351312,0.7234514891067266,6.570141222040727e-09
0.001,1.0,0.0195049796351312,0.8127611008676167,6.223879415434637e-09
0.001,1.0,0.0195049796351312,0.9130959256151152,5.828855157017265e-09
0.001,1.0,0.0195049796351312,1.0258170186601063,5.376302601801657e-09
0.001,1.0,0.0195049796351312,1.1524534566987763,4.867292958369917e-09
0.001,1.0,0.0195049796351312,1.294723079942415,4.314279583322455e-09
0.001,1.0,0.0195049796351312,1.4545557948495271,3.738999484377159e-09
0.001,1.0,0.0195049796351312,1.6341197535649394,3.1767406385911632e-09
0.001,1.0,0.0195049796351312,1.835850765193496,2.665102708315529e-09
0.001,1.0,0.0195049796351312,2.062485337876194,2.229580265244298e-09
0.001,1.0,0.0195049796351312,2.3170977998889395,1.8461690028131957e-09
0.001,1.0,0.0195049796351312,2.6031420033166066,1.4932656958139543e-09
0.001,1.0,0.0195049796351312,2.9244981760182918,1.1874292245746131e-09
0.001,1.0,0.0195049796351312,3.285525557436941,9.434059163638197e-10
0.001,1.0,0.0195049796351312,3.6911215322651687,7.553795027593793e-10
0.001,1.0,0.0195049796351312,4.1467880641233,5.943661942209217e-10
0.001,1.0,0.0195049796351312,4.658706330431421,4.5965560229808666e-10
0.001,1.0,0.0195049796351312,5.233820570907402,3.580260030231186e-10
0.001,1.0,0.0195049796351312,5.879932287106996,2.815958777279607e-10
0.001,1.0,0.0195049796351312,6.605806070835402,2.1672843339137451e-10
0.001,1.0,0.0195049796351312,7.421288497006765,1.653644953304069e-10
0.001,1.0,0.0195049796351312,8.337441693749241,1.293054396117752e-10
0.001,1.0,0.0195049796351312,9.366693401651878,9.984521013691913e-11
0.001,1.0,0.0195049796351312,10.523005557727087,7.5616946836941e-11
0.001,1.0,0.0195049796351312,11.822063690952728,5.87962865054989e-11
0.001,1.0,0.0195049796351312,13.281489698569583,4.5728152911442e-11
0.001,1.0,0.0195049796351312,14.921080889473224,3.468725255133539e-11
0.001,1.0,0.0195049796351312,16.763078537355728,2.7022420197062722e-11
0.001,1.0,0.0195049796351312,18.83246958655666,2.125654469025452e-11
0.001,1.0,0.0195049796351312,21.157325603303395,1.626000010066761e-11
0.001,1.0,0.0195049796351312,23.769183570259635,1.2849036895221257e-11
0.001,1.0,0.0195049796351312,26.70347368991138,1.026922207945935e-11
0.001,1.0,0.0195049796351312,30.0,8.041359809473023e-12
0.001,1.0,0.0208525922585009,0.1,1.9197340854701344e-08
0.001,1.0,0.0208525922585009,0.1123449344020514,1.8186500456650486e-08
0.001,1.0,0.0208525922585009,0.1262138428580125,1.7175518876721266e-08
0.001,1.0,0.0208525922585009,0.1417948589651424,1.6140147532391552e-08
0.001,1.0,0.0208525922585009,0.1592993412898707,1.510273498088477e-08
0.001,1.0,0.0208525922585009,0.1789647404750054,1.4065583770820272e-08
0.001,1.0,0.0208525922585009,0.2010578202894464,1.3060072741997724e-08
0.001,1.0,0.0208525922585009,0.2258782763143731,1.2104196722887476e-08
0.001,1.0,0.0208525922585009,0.2537628013538671,1.1218531051826285e-08
0.001,1.0,0.0208525922585009,0.2850896527178103,1.0413712489579304e-08
0.001,1.0,0.0208525922585009,0.3202837833328603,9.690477988899052e-09
0.001,1.0,0.0208525922585009,0.3598226062857105,9.047228955447027e-09
0.001,1.0,0.0208525922585009,0.4042424709954335,8.48541618083218e-09
0.001,1.0,0.0208525922585009,0.4541459388650518,8.002469751233203e-09
0.001,1.0,0.0208525922585009,0.5102099571075231,7.590745349695608e-09
0.001,1.0,0.0208525922585009,0.573195041625182,7.2373898759927395e-09
0.001,1.0,0.0208525922585009,0.6439555935096224,6.918890431626583e-09
0.001,1.0,0.0208525922585009,0.7234514891067266,6.602220614512767e-09
0.001,1.0,0.0208525922585009,0.8127611008676167,6.25630560215366e-09
0.001,1.0,0.0208525922585009,0.9130959256151152,5.8600260874617105e-09
0.001,1.0,0.0208525922585009,1.0258170186601063,5.404622415773976e-09
0.001,1.0,0.0208525922585009,1.1524534566987763,4.891492098881381e-09
0.001,1.0,0.0208525922585009,1.294723079942415,4.333051238555777e-09
0.001,1.0,0.0208525922585009,1.4545557948495271,3.75163689520452e-09
0.001,1.0,0.0208525922585009,1.6341197535649394,3.182804022582081e-09
0.001,1.0,0.0208525922585009,1.835850765193496,2.66504970445707e-09
0.001,1.0,0.0208525922585009,2.062485337876194,2.2261762633868035e-09
0.001,1.0,0.0208525922585009,2.3170977998889395,1.8441987383015146e-09
0.001,1.0,0.0208525922585009,2.6031420033166066,1.4928783675119473e-09
0.001,1.0,0.0208525922585009,2.9244981760182918,1.1872362500103929e-09
0.001,1.0,0.0208525922585009,3.285525557436941,9.42368693630272e-10
0.001,1.0,0.0208525922585009,3.6911215322651687,7.544623814686496e-10
0.001,1.0,0.0208525922585009,4.1467880641233,5.942605722896813e-10
0.001,1.0,0.0208525922585009,4.658706330431421,4.5971863361557765e-10
0.001,1.0,0.0208525922585009,5.233820570907402,3.576522224307646e-10
0.001,1.0,0.0208525922585009,5.879932287106996,2.814196906846661e-10
0.001,1.0,0.0208525922585009,6.605806070835402,2.1679708056822499e-10
0.001,1.0,0.0208525922585009,7.421288497006765,1.6536138460807392e-10
0.001,1.0,0.0208525922585009,8.337441693749241,1.291815626930143e-10
0.001,1.0,0.0208525922585009,9.366693401651878,9.985743939586157e-11
0.001,1.0,0.0208525922585009,10.523005557727087,7.563324461945996e-11
0.001,1.0,0.0208525922585009,11.822063690952728,5.873235239161578e-11
0.001,1.0,0.0208525922585009,13.281489698569583,4.5721818160695325e-11
0.001,1.0,0.0208525922585009,14.921080889473224,3.4701596487901095e-11
0.001,1.0,0.0208525922585009,16.763078537355728,2.6990171161320127e-11
0.001,1.0,0.0208525922585009,18.83246958655666,2.1251819718093944e-11
0.001,1.0,0.0208525922585009,21.157325603303395,1.626895111942943e-11
0.001,1.0,0.0208525922585009,23.769183570259635,1.2835477166674313e-11
0.001,1.0,0.0208525922585009,26.70347368991138,1.026881957263196e-11
0.001,1.0,0.0208525922585009,30.0,8.047109486243298e-12
0.001,1.0,0.022293312376297,0.1,1.8657373814498358e-08
0.001,1.0,0.022293312376297,0.1123449344020514,1.7729617623769536e-08
0.001,1.0,0.022293312376297,0.1262138428580125,1.678577991266502e-08
0.001,1.0,0.022293312376297,0.1417948589651424,1.5807381196964323e-08
0.001,1.0,0.022293312376297,0.1592993412898707,1.481666791135108e-08
0.001,1.0,0.022293312376297,0.1789647404750054,1.3819720010160173e-08
0.001,1.0,0.022293312376297,0.2010578202894464,1.2847690889645976e-08
0.001,1.0,0.022293312376297,0.2258782763143731,1.1920379813634433e-08
0.001,1.0,0.022293312376297,0.2537628013538671,1.1058886244556348e-08
0.001,1.0,0.022293312376297,0.2850896527178103,1.0275357520004783e-08
0.001,1.0,0.022293312376297,0.3202837833328603,9.570807567644572e-09
0.001,1.0,0.022293312376297,0.3598226062857105,8.942827908849791e-09
0.001,1.0,0.022293312376297,0.4042424709954335,8.392544924587644e-09
0.001,1.0,0.022293312376297,0.4541459388650518,7.918572327197903e-09
0.001,1.0,0.022293312376297,0.5102099571075231,7.51321669888602e-09
0.001,1.0,0.022293312376297,0.573195041625182,7.16449539060635e-09
0.001,1.0,0.022293312376297,0.6439555935096224,6.849696834194102e-09
0.001,1.0,0.022293312376297,0.7234514891067266,6.537517317029463e-09
0.001,1.0,0.022293312376297,0.8127611008676167,6.1973212739229904e-09
0.001,1.0,0.022293312376297,0.9130959256151152,5.808308456762674e-09
0.001,1.0,0.022293312376297,1.0258170186601063,5.3616707513526616e-09
0.001,1.0,0.022293312376297,1.1524534566987763,4.858494204157786e-09
0.001,1.0,0.022293312376297,1.294723079942415,4.3101416984969465e-09
0.001,1.0,0.022293312376297,1.4545557948495271,3.737598363401565e-09
0.001,1.0,0.022293312376297,1.6341197535649394,3.1747321077842027e-09
0.001,1.0,0.022293312376297,1.835850765193496,2.659144747421165e-09
0.001,1.0,0.022293312376297,2.062485337876194,2.219903243717908e-09
0.001,1.0,0.022293312376297,2.3170977998889395,1.8400605308409381e-09
0.001,1.0,0.022293312376297,2.6031420033166066,1.4909159493081199e-09
0.001,1.0,0.022293312376297,2.9244981760182918,1.186021625561442e-09
0.001,1.0,0.022293312376297,3.285525557436941,9.405022233901098e-10
0.001,1.0,0.022293312376297,3.6911215322651687,7.528460702220001e-10
0.001,1.0,0.022293312376297,4.1467880641233,5.936575551544328e-10
0.001,1.0,0.022293312376297,4.658706330431421,4.594396900600468e-10
0.001,1.0,0.022293312376297,5.233820570907402,3.570883179604659e-10
0.001,1.0,0.022293312376297,5.879932287106996,2.811435838268823e-10
0.001,1.0,0.022293312376297,6.605806070835402,2.1682854162734212e-10
0.001,1.0,0.022293312376297,7.421288497006765,1.6533914543777274e-10
0.001,1.0,0.022293312376297,8.337441693749241,1.290667744009347e-10
0.001,1.0,0.022293312376297,9.366693401651878,9.988411183335118e-11
0.001,1.0,0.022293312376297,10.523005557727087,7.566539680945327e-11
0.001,1.0,0.022293312376297,11.822063690952728,5.865951858874344e-11
0.001,1.0,0.022293312376297,13.281489698569583,4.572351925851878e-11
0.001,1.0,0.022293312376297,14.921080889473224,3.471389804674821e-11
0.001,1.0,0.022293312376297,16.763078537355728,2.6965866534019234e-11
0.001,1.0,0.022293312376297,18.83246958655666,2.12479404930246e-11
0.001,1.0,0.022293312376297,21.157325603303395,1.6282688786771155e-11
0.001,1.0,0.022293312376297,23.769183570259635,1.2820159068292764e-11
0.001,1.0,0.022293312376297,26.70347368991138,1.0269921047241705e-11
0.001,1.0,0.022293312376297,30.0,8.054160100559898e-12
0.001,1.0,0.0238335728501356,0.1,1.8154703179074932e-08
0.001,1.0,0.0238335728501356,0.1123449344020514,1.732724179475957e-08
0.001,1.0,0.0238335728501356,0.1262138428580125,1.6466687954236832e-08
0.001,1.0,0.0238335728501356,0.1417948589651424,1.555902039730356e-08
0.001,1.0,0.0238335728501356,0.1592993412898707,1.4626473977071469e-08
0.001,1.0,0.0238335728501356,0.1789647404750054,1.3678319352385707e-08
0.001,1.0,0.0238335728501356,0.2010578202894464,1.2745736917265155e-08
0.001,1.0,0.0238335728501356,0.2258782763143731,1.1850817332773808e-08
0.001,1.0,0.0238335728501356,0.2537628013538671,1.1015832501081676e-08
0.001,1.0,0.0238335728501356,0.2850896527178103,1.025523838033028e-08
0.001,1.0,0.0238335728501356,0.3202837833328603,9.570218489938285e-09
0.001,1.0,0.0238335728501356,0.3598226062857105,8.958538107416319e-09
0.001,1.0,0.0238335728501356,0.4042424709954335,8.420625916659414e-09
0.001,1.0,0.0238335728501356,0.4541459388650518,7.956202993876133e-09
0.001,1.0,0.0238335728501356,0.5102099571075231,7.557724782132188e-09
0.001,1.0,0.0238335728501356,0.573195041625182,7.2138451250371e-09
0.001,1.0,0.0238335728501356,0.6439555935096224,6.902242919620701e-09
0.001,1.0,0.0238335728501356,0.7234514891067266,6.592643542372416e-09
0.001,1.0,0.0238335728501356,0.8127611008676167,6.2546921852264284e-09
0.001,1.0,0.0238335728501356,0.9130959256151152,5.866956702713728e-09
0.001,1.0,0.0238335728501356,1.0258170186601063,5.420628642515858e-09
0.001,1.0,0.0238335728501356,1.1524534566987763,4.916621767740263e-09
0.001,1.0,0.0238335728501356,1.294723079942415,4.365781432953662e-09
0.001,1.0,0.0238335728501356,1.4545557948495271,3.788633786682425e-09
0.001,1.0,0.0238335728501356,1.6341197535649394,3.2184894611338303e-09
0.001,1.0,0.0238335728501356,1.835850765193496,2.6932697398475968e-09
0.001,1.0,0.0238335728501356,2.062485337876194,2.2440738889823166e-09
0.001,1.0,0.0238335728501356,2.3170977998889395,1.8586221665570384e-09
0.001,1.0,0.0238335728501356,2.6031420033166066,1.5052747239885965e-09
0.001,1.0,0.0238335728501356,2.9244981760182918,1.196135611533119e-09
0.001,1.0,0.0238335728501356,3.285525557436941,9.46644838550597e-10
0.001,1.0,0.0238335728501356,3.6911215322651687,7.570990160223667e-10
0.001,1.0,0.0238335728501356,4.1467880641233,5.975612687142117e-10
0.001,1.0,0.0238335728501356,4.658706330431421,4.6242881384015223e-10
0.001,1.0,0.0238335728501356,5.233820570907402,3.586639456164119e-10
0.001,1.0,0.0238335728501356,5.879932287106996,2.8201535241466014e-10
0.001,1.0,0.0238335728501356,6.605806070835402,2.173688684689591e-10
0.001,1.0,0.0238335728501356,7.421288497006765,1.654046073574325e-10
0.001,1.0,0.0238335728501356,8.337441693749241,1.2892531030332124e-10
0.001,1.0,0.0238335728501356,9.366693401651878,9.989654598663737e-11
0.001,1.0,0.0238335728501356,10.523005557727087,7.56929736482263e-11
0.001,1.0,0.0238335728501356,11.822063690952728,5.857310731370172e-11
0.001,1.0,0.0238335728501356,13.281489698569583,4.5716724484413744e-11
0.001,1.0,0.0238335728501356,14.921080889473224,3.4727235721714786e-11
0.001,1.0,0.0238335728501356,16.763078537355728,2.6932060361870038e-11
0.001,1.0,0.0238335728501356,18.83246958655666,2.1239821344123775e-11
0.001,1.0,0.0238335728501356,21.157325603303395,1.6294661744117903e-11
0.001,1.0,0.0238335728501356,23.769183570259635,1.2799970290099397e-11
0.001,1.0,0.0238335728501356,26.70347368991138,1.0268080502411628e-11
0.001,1.0,0.0238335728501356,30.0,8.05899623787746e-12
0.001,1.0,0.025480250992521,0.1,1.7553767452412293e-08
0.001,1.0,0.025480250992521,0.1123449344020514,1.6822242781202888e-08
0.001,1.0,0.025480250992521,0.1262138428580125,1.6043122605566253e-08
0.001,1.0,0.025480250992521,0.1417948589651424,1.5206157552754598e-08
0.001,1.0,0.025480250992521,0.1592993412898707,1.4330670201921901e-08
0.001,1.0,0.025480250992521,0.1789647404750054,1.3433011675670523e-08
0.001,1.0,0.025480250992521,0.2010578202894464,1.2540628647380165e-08
0.001,1.0,0.025480250992521,0.2258782763143731,1.1679582834696692e-08
0.001,1.0,0.025480250992521,0.2537628013538671,1.0872111480839e-08
0.001,1.0,0.025480250992521,0.2850896527178103,1.0135318588455204e-08
0.001,1.0,0.025480250992521,0.3202837833328603,9.470530673935676e-09
0.001,1.0,0.025480250992521,0.3598226062857105,8.876186697155132e-09
0.001,1.0,0.025480250992521,0.4042424709954335,8.351493469906188e-09
0.001,1.0,0.025480250992521,0.4541459388650518,7.897218704349243e-09
0.001,1.0,0.025480250992521,0.5102099571075231,7.506362361528896e-09
0.001,1.0,0.025480250992521,0.573195041625182,7.167824764642594e-09
0.001,1.0,0.025480250992521,0.6439555935096224,6.860027919849344e-09
0.001,1.0,0.025480250992521,0.7234514891067266,6.55373134017566e-09
0.001,1.0,0.025480250992521,0.8127611008676167,6.218845385768712e-09
0.001,1.0,0.025480250992521,0.9130959256151152,5.833725180809055e-09
0.001,1.0,0.025480250992521,1.0258170186601063,5.3897175131703605e-09
0.001,1.0,0.025480250992521,1.1524534566987763,4.8880744091527165e-09
0.001,1.0,0.025480250992521,1.294723079942415,4.339234698078064e-09
0.001,1.0,0.025480250992521,1.4545557948495271,3.76411777631792e-09
0.001,1.0,0.025480250992521,1.6341197535649394,3.1954519564662065e-09
0.001,1.0,0.025480250992521,1.835850765193496,2.6711643350236723e-09
0.001,1.0,0.025480250992521,2.062485337876194,2.223824453689357e-09
0.001,1.0,0.025480250992521,2.3170977998889395,1.8446037024922596e-09
0.001,1.0,0.025480250992521,2.6031420033166066,1.4978372357258651e-09
0.001,1.0,0.025480250992521,2.9244981760182918,1.1923522241591494e-09
0.001,1.0,0.025480250992521,3.285525557436941,9.43622081147692e-10
0.001,1.0,0.025480250992521,3.6911215322651687,7.539936575414948e-10
0.001,1.0,0.025480250992521,4.1467880641233,5.954745723108398e-10
0.001,1.0,0.025480250992521,4.658706330431421,4.609104838584993e-10
0.001,1.0,0.025480250992521,5.233820570907402,3.571047186472544e-10
0.001,1.0,0.025480250992521,5.879932287106996,2.810357508557563e-10
0.001,1.0,0.025480250992521,6.605806070835402,2.1714932735280191e-10
0.001,1.0,0.025480250992521,7.421288497006765,1.6537254809950646e-10
0.001,1.0,0.025480250992521,8.337441693749241,1.2877199308338546e-10
0.001,1.0,0.025480250992521,9.366693401651878,9.990518380048019e-11
0.001,1.0,0.025480250992521,10.523005557727087,7.572603671479609e-11
0.001,1.0,0.025480250992521,11.822063690952728,5.8509816264698e-11
0.001,1.0,0.025480250992521,13.281489698569583,4.5706442235629846e-11
0.001,1.0,0.025480250992521,14.921080889473224,3.4759249008709247e-11
0.001,1.0,0.025480250992521,16.763078537355728,2.6895990511366174e-11
0.001,1.0,0.025480250992521,18.83246958655666,2.1239530466050103e-11
0.001,1.0,0.025480250992521,21.157325603303395,1.6311529636548886e-11
0.001,1.0,0.025480250992521,23.769183570259635,1.2785009188025239e-11
0.001,1.0,0.025480250992521,26.70347368991138,1.0268798278004285e-11
0.001,1.0,0.025480250992521,30.0,8.065913699185522e-12
0.001,1.0,0.0272406992742666,0.1,1.6941250200345232e-08
0.001,1.0,0.0272406992742666,0.1123449344020514,1.6300080062043568e-08
0.001,1.0,0.0272406992742666,0.1262138428580125,1.5596082646524435e-08
0.001,1.0,0.0272406992742666,0.1417948589651424,1.4823541436732744e-08
0.001,1.0,0.0272406992742666,0.1592993412898707,1.4000177013738249e-08
0.001,1.0,0.0272406992742666,0.1789647404750054,1.3148642026577833e-08
0.001,1.0,0.0272406992742666,0.2010578202894464,1.2294593509503261e-08
0.001,1.0,0.0272406992742666,0.2258782763143731,1.1466536590257562e-08
0.001,1.0,0.0272406992742666,0.2537628013538671,1.0687616343283504e-08
0.001,1.0,0.0272406992742666,0.2850896527178103,9.975401476036362e-09
0.001,1.0,0.0272406992742666,0.3202837833328603,9.331956032621488e-09
0.001,1.0,0.0272406992742666,0.3598226062857105,8.755676331098772e-09
0.001,1.0,0.0272406992742666,0.4042424709954335,8.245231856082458e-09
0.001,1.0,0.0272406992742666,0.4541459388650518,7.80174307746948e-09
0.001,1.0,0.0272406992742666,0.5102099571075231,7.4188177970404734e-09
0.001,1.0,0.0272406992742666,0.573195041625182,7.086290829589375e-09
0.001,1.0,0.0272406992742666,0.6439555935096224,6.783126503467994e-09
0.001,1.0,0.0272406992742666,0.7234514891067266,6.482069779159133e-09
0.001,1.0,0.0272406992742666,0.8127611008676167,6.153863303751117e-09
0.001,1.0,0.0272406992742666,0.9130959256151152,5.776918212831914e-09
0.001,1.0,0.0272406992742666,1.0258170186601063,5.3426401674364426e-09
0.001,1.0,0.0272406992742666,1.1524534566987763,4.851974965720255e-09
0.001,1.0,0.0272406992742666,1.294723079942415,4.314341041156485e-09
0.001,1.0,0.0272406992742666,1.4545557948495271,3.749243535720464e-09
0.001,1.0,0.0272406992742666,1.6341197535649394,3.187454990537012e-09
0.001,1.0,0.0272406992742666,1.835850765193496,2.6658682630111634e-09
0.001,1.0,0.0272406992742666,2.062485337876194,2.217492076296434e-09
0.001,1.0,0.0272406992742666,2.3170977998889395,1.8393312342384048e-09
0.001,1.0,0.0272406992742666,2.6031420033166066,1.4949217811913094e-09
0.001,1.0,0.0272406992742666,2.9244981760182918,1.1904781276714495e-09
0.001,1.0,0.0272406992742666,3.285525557436941,9.412967440550265e-10
0.001,1.0,0.0272406992742666,3.6911215322651687,7.51791256001086e-10
0.001,1.0,0.0272406992742666,4.1467880641233,5.946246510181795e-10
0.001,1.0,0.0272406992742666,4.658706330431421,4.60770931060349e-10
0.001,1.0,0.0272406992742666,5.233820570907402,3.566434833175644e-10
0.001,1.0,0.0272406992742666,5.879932287106996,2.807059539315454e-10
0.001,1.0,0.0272406992742666,6.605806070835402,2.1715620508760947e-10
0.001,1.0,0.0272406992742666,7.421288497006765,1.6540282028825773e-10
0.001,1.0,0.0272406992742666,8.337441693749241,1.285769562404028e-10
0.001,1.0,0.0272406992742666,9.366693401651878,9.987940060358133e-11
0.001,1.0,0.0272406992742666,10.523005557727087,7.575499841421153e-11
0.001,1.0,0.0272406992742666,11.822063690952728,5.841918198380778e-11
0.001,1.0,0.0272406992742666,13.281489698569583,4.5675734763303946e-11
0.001,1.0,0.0272406992742666,14.921080889473224,3.477691696623394e-11
0.001,1.0,0.0272406992742666,16.763078537355728,2.6843048153205824e-11
0.001,1.0,0.0272406992742666,18.83246958655666,2.122368165787497e-11
0.001,1.0,0.0272406992742666,21.157325603303395,1.6314335819505195e-11
0.001,1.0,0.0272406992742666,23.769183570259635,1.2766128819397508e-11
0.001,1.0,0.0272406992742666,26.70347368991138,1.0261714254489244e-11
0.001,1.0,0.0272406992742666,30.0,8.069656844499638e-12
0.001,1.0,0.0291227781535133,0.1,1.6335126893150157e-08
0.001,1.0,0.0291227781535133,0.1123449344020514,1.5798317477510535e-08
0.001,1.0,0.0291227781535133,0.1262138428580125,1.5182033661193598e-08
0.001,1.0,0.0291227781535133,0.1417948589651424,1.4485436442291285e-08
0.001,1.0,0.0291227781535133,0.1592993412898707,1.372447896062724e-08
0.001,1.0,0.0291227781535133,0.1789647404750054,1.2926147831276144e-08
0.001,1.0,0.0291227781535133,0.2010578202894464,1.2115660954610428e-08
0.001,1.0,0.0291227781535133,0.2258782763143731,1.1324060907299709e-08
0.001,1.0,0.0291227781535133,0.2537628013538671,1.0575429227209176e-08
0.001,1.0,0.0291227781535133,0.2850896527178103,9.88902769463066e-09
0.001,1.0,0.0291227781535133,0.3202837833328603,9.267696353126896e-09
0.001,1.0,0.0291227781535133,0.3598226062857105,8.710625794211302e-09
0.001,1.0,0.0291227781535133,0.4042424709954335,8.215037800713774e-09
0.001,1.0,0.0291227781535133,0.4541459388650518,7.783114475048938e-09
0.001,1.0,0.0291227781535133,0.5102099571075231,7.408714129177606e-09
0.001,1.0,0.0291227781535133,0.573195041625182,7.082335698018447e-09
0.001,1.0,0.0291227781535133,0.6439555935096224,6.783561064782912e-09
0.001,1.0,0.0291227781535133,0.7234514891067266,6.4863430106806945e-09
0.001,1.0,0.0291227781535133,0.8127611008676167,6.161805518089923e-09
0.001,1.0,0.0291227781535133,0.9130959256151152,5.788155474607493e-09
0.001,1.0,0.0291227781535133,1.0258170186601063,5.3566476715692e-09
0.001,1.0,0.0291227781535133,1.1524534566987763,4.868361641774376e-09
0.001,1.0,0.0291227781535133,1.294723079942415,4.332111520356424e-09
0.001,1.0,0.0291227781535133,1.4545557948495271,3.766948679633997e-09
0.001,1.0,0.0291227781535133,1.6341197535649394,3.202800970352248e-09
0.001,1.0,0.0291227781535133,1.835850765193496,2.6764042094438244e-09
0.001,1.0,0.0291227781535133,2.062485337876194,2.222099512855152e-09
0.001,1.0,0.0291227781535133,2.3170977998889395,1.841542785035341e-09
0.001,1.0,0.0291227781535133,2.6031420033166066,1.497635465266896e-09
0.001,1.0,0.0291227781535133,2.9244981760182918,1.1925022315304791e-09
0.001,1.0,0.0291227781535133,3.285525557436941,9.415941369062894e-10
0.001,1.0,0.0291227781535133,3.6911215322651687,7.509585358226715e-10
0.001,1.0,0.0291227781535133,4.1467880641233,5.947752242912397e-10
0.001,1.0,0.0291227781535133,4.658706330431421,4.611816216533863e-10
0.001,1.0,0.0291227781535133,5.233820570907402,3.5656358316036764e-10
0.001,1.0,0.0291227781535133,5.879932287106996,2.805003489960151e-10
0.001,1.0,0.0291227781535133,6.605806070835402,2.1728759773411572e-10
0.001,1.0,0.0291227781535133,7.421288497006765,1.6548128273472998e-10
0.001,1.0,0.0291227781535133,8.337441693749241,1.284290950926438e-10
0.001,1.0,0.0291227781535133,9.366693401651878,9.990966997876133e-11
0.001,1.0,0.0291227781535133,10.523005557727087,7.583383021659493e-11
0.001,1.0,0.0291227781535133,11.822063690952728,5.834855627191358e-11
0.001,1.0,0.0291227781535133,13.281489698569583,4.5688699449402365e-11
0.001,1.0,0.0291227781535133,14.921080889473224,3.48184820709784e-11
0.001,1.0,0.0291227781535133,16.763078537355728,2.682487129974759e-11
0.001,1.0,0.0291227781535133,18.83246958655666,2.122659812848252e-11
0.001,1.0,0.0291227781535133,21.157325603303395,1.6337340151775132e-11
0.001,1.0,0.0291227781535133,23.769183570259635,1.2757175191493208e-11
0.001,1.0,0.0291227781535133,26.70347368991138,1.0265555486069445e-11
0.001,1.0,0.0291227781535133,30.0,8.084636439176252e-12
0.001,1.0,0.0311348911729281,0.1,1.5687264464595945e-08
0.001,1.0,0.0311348911729281,0.1123449344020514,1.5256703446145422e-08
0.001,1.0,0.0311348911729281,0.1262138428580125,1.4730952712061697e-08
0.001,1.0,0.0311348911729281,0.1417948589651424,1.4113213256834487e-08
0.001,1.0,0.0311348911729281,0.1592993412898707,1.3419123782215978e-08
0.001,1.0,0.0311348911729281,0.1789647404750054,1.267647744371502e-08
0.001,1.0,0.0311348911729281,0.2010578202894464,1.1911449512918329e-08
0.001,1.0,0.0311348911729281,0.2258782763143731,1.1158368783188168e-08
0.001,1.0,0.0311348911729281,0.2537628013538671,1.0441300221883447e-08
0.001,1.0,0.0311348911729281,0.2850896527178103,9.781502109172663e-09
0.001,1.0,0.0311348911729281,0.3202837833328603,9.183177028302605e-09
0.001,1.0,0.0311348911729281,0.3598226062857105,8.645900418773701e-09
0.001,1.0,0.0311348911729281,0.4042424709954335,8.166280934146688e-09
0.001,1.0,0.0311348911729281,0.4541459388650518,7.746423458580646e-09
0.001,1.0,0.0311348911729281,0.5102099571075231,7.381094653375971e-09
0.001,1.0,0.0311348911729281,0.573195041625182,7.061456671640478e-09
0.001,1.0,0.0311348911729281,0.6439555935096224,6.767351354215819e-09
0.001,1.0,0.0311348911729281,0.7234514891067266,6.473870624892166e-09
0.001,1.0,0.0311348911729281,0.8127611008676167,6.152626677210905e-09
0.001,1.0,0.0311348911729281,0.9130959256151152,5.781506597402341e-09
0.001,1.0,0.0311348911729281,1.0258170186601063,5.351755679807949e-09
0.001,1.0,0.0311348911729281,1.1524534566987763,4.864929595379607e-09
0.001,1.0,0.0311348911729281,1.294723079942415,4.32927958706698e-09
0.001,1.0,0.0311348911729281,1.4545557948495271,3.76411391432482e-09
0.001,1.0,0.0311348911729281,1.6341197535649394,3.1987595713588164e-09
0.001,1.0,0.0311348911729281,1.835850765193496,2.6699916410357518e-09
0.001,1.0,0.0311348911729281,2.062485337876194,2.2131597631324527e-09
0.001,1.0,0.0311348911729281,2.3170977998889395,1.8343606366608737e-09
0.001,1.0,0.0311348911729281,2.6031420033166066,1.4950557084331083e-09
0.001,1.0,0.0311348911729281,2.9244981760182918,1.192467309313811e-09
0.001,1.0,0.0311348911729281,3.285525557436941,9.41640713835106e-10
0.001,1.0,0.0311348911729281,3.6911215322651687,7.502153451992015e-10
0.001,1.0,0.0311348911729281,4.1467880641233,5.948319630287846e-10
0.001,1.0,0.0311348911729281,4.658706330431421,4.616206626364522e-10
0.001,1.0,0.0311348911729281,5.233820570907402,3.5648509842352307e-10
0.001,1.0,0.0311348911729281,5.879932287106996,2.801748010719873e-10
0.001,1.0,0.0311348911729281,6.605806070835402,2.173522269983213e-10
0.001,1.0,0.0311348911729281,7.421288497006765,1.6551052721798733e-10
0.001,1.0,0.0311348911729281,8.337441693749241,1.2820482698688803e-10
0.001,1.0,0.0311348911729281,9.366693401651878,9.98520802243453e-11
0.001,1.0,0.0311348911729281,10.523005557727087,7.585078373614946e-11
0.001,1.0,0.0311348911729281,11.822063690952728,5.82264379669263e-11
0.001,1.0,0.0311348911729281,13.281489698569583,4.5634731144113745e-11
0.001,1.0,0.0311348911729281,14.921080889473224,3.481215041662299e-11
0.001,1.0,0.0311348911729281,16.763078537355728,2.6768183557981842e-11
0.001,1.0,0.0311348911729281,18.83246958655666,2.119204326177784e-11
0.001,1.0,0.0311348911729281,21.157325603303395,1.6332475626742236e-11
0.001,1.0,0.0311348911729281,23.769183570259635,1.2725611459681182e-11
0.001,1.0,0.0311348911729281,26.70347368991138,1.0248943268051749e-11
0.001,1.0,0.0311348911729281,30.0,8.085681000969615e-12
0.001,1.0,0.0332860224817918,0.1,1.5027404249744514e-08
0.001,1.0,0.0332860224817918,0.1123449344020514,1.4699492599091092e-08
0.001,1.0,0.0332860224817918,0.1262138428580125,1.4259334635111132e-08
0.001,1.0,0.0332860224817918,0.1417948589651424,1.3716651045703033e-08
0.001,1.0,0.0332860224817918,0.1592993412898707,1.3086835523304287e-08
0.001,1.0,0.0332860224817918,0.1789647404750054,1.2398794690549397e-08
0.001,1.0,0.0332860224817918,0.2010578202894464,1.1678458843592198e-08
0.001,1.0,0.0332860224817918,0.2258782763143731,1.0963958272537648e-08
0.001,1.0,0.0332860224817918,0.2537628013538671,1.027927589727635e-08
0.001,1.0,0.0332860224817918,0.2850896527178103,9.646445583763656e-09
0.001,1.0,0.0332860224817918,0.3202837833328603,9.072065486291385e-09
0.001,1.0,0.0332860224817918,0.3598226062857105,8.555424007353266e-09
0.001,1.0,0.0332860224817918,0.4042424709954335,8.09231821810242e-09
0.001,1.0,0.0332860224817918,0.4541459388650518,7.685358284715498e-09
0.001,1.0,0.0332860224817918,0.5102099571075231,7.3296902885483625e-09
0.001,1.0,0.0332860224817918,0.573195041625182,7.0171606810530625e-09
0.001,1.0,0.0332860224817918,0.6439555935096224,6.728418443057129e-09
0.001,1.0,0.0332860224817918,0.7234514891067266,6.44000694494158e-09
0.001,1.0,0.0332860224817918,0.8127611008676167,6.124192624333704e-09
0.001,1.0,0.0332860224817918,0.9130959256151152,5.758904331978874e-09
0.001,1.0,0.0332860224817918,1.0258170186601063,5.335252116524908e-09
0.001,1.0,0.0332860224817918,1.1524534566987763,4.855091573843627e-09
0.001,1.0,0.0332860224817918,1.294723079942415,4.325826823650407e-09
0.001,1.0,0.0332860224817918,1.4545557948495271,3.7658691816259075e-09
0.001,1.0,0.0332860224817918,1.6341197535649394,3.2032297983516253e-09
0.001,1.0,0.0332860224817918,1.835850765193496,2.6738208486868417e-09
0.001,1.0,0.0332860224817918,2.062485337876194,2.2134766642456063e-09
0.001,1.0,0.0332860224817918,2.3170977998889395,1.8328748889856445e-09
0.001,1.0,0.0332860224817918,2.6031420033166066,1.4957941502355316e-09
0.001,1.0,0.0332860224817918,2.9244981760182918,1.1939109552760263e-09
0.001,1.0,0.0332860224817918,3.285525557436941,9.420909264370827e-10
0.001,1.0,0.0332860224817918,3.6911215322651687,7.49466918732692e-10
0.001,1.0,0.0332860224817918,4.1467880641233,5.94970560089418e-10
0.001,1.0,0.0332860224817918,4.658706330431421,4.6223640268624266e-10
0.001,1.0,0.0332860224817918,5.233820570907402,3.56604728305571e-10
0.001,1.0,0.0332860224817918,5.879932287106996,2.801098262729525e-10
0.001,1.0,0.0332860224817918,6.605806070835402,2.176356409793944e-10
0.001,1.0,0.0332860224817918,7.421288497006765,1.6584880006443833e-10
0.001,1.0,0.0332860224817918,8.337441693749241,1.282110453545943e-10
0.001,1.0,0.0332860224817918,9.366693401651878,1.0003306245856434e-10
0.001,1.0,0.0332860224817918,10.523005557727087,7.609718567902341e-11
0.001,1.0,0.0332860224817918,11.822063690952728,5.834414718457037e-11
0.001,1.0,0.0332860224817918,13.281489698569583,4.576184623618063e-11
0.001,1.0,0.0332860224817918,14.921080889473224,3.4989662453768775e-11
0.001,1.0,0.0332860224817918,16.763078537355728,2.68553841915166e-11
0.001,1.0,0.0332860224817918,18.83246958655666,2.1286420997560153e-11
0.001,1.0,0.0332860224817918,21.157325603303395,1.6439754349160543e-11
0.001,1.0,0.0332860224817918,23.769183570259635,1.2779367483428088e-11
0.001,1.0,0.0332860224817918,26.70347368991138,1.0297395516360122e-11
0.001,1.0,0.0332860224817918,30.0,8.133942249618387e-12
0.001,1.0,0.035585776950514,0.1,1.4368448173167926e-08
0.001,1.0,0.035585776950514,0.1123449344020514,1.4143269549608181e-08
0.001,1.0,0.035585776950514,0.1262138428580125,1.3789590748193999e-08
0.001,1.0,0.035585776950514,0.1417948589651424,1.33224729023445e-08
0.001,1.0,0.035585776950514,0.1592993412898707,1.2758417107486555e-08
0.001,1.0,0.035585776950514,0.1789647404750054,1.2125775735610662e-08
0.001,1.0,0.035585776950514,0.2010578202894464,1.145223454170438e-08
0.001,1.0,0.035585776950514,0.2258782763143731,1.0776853406789992e-08
0.001,1.0,0.035585776950514,0.2537628013538671,1.012558220859529e-08
0.001,1.0,0.035585776950514,0.2850896527178103,9.520471422608304e-09
0.001,1.0,0.035585776950514,0.3202837833328603,8.970755064016572e-09
0.001,1.0,0.035585776950514,0.3598226062857105,8.475198281855274e-09
0.001,1.0,0.035585776950514,0.4042424709954335,8.029646158851597e-09
0.001,1.0,0.035585776950514,0.4541459388650518,7.636006054005026e-09
0.001,1.0,0.035585776950514,0.5102099571075231,7.290620502347024e-09
0.001,1.0,0.035585776950514,0.573195041625182,6.985608203236163e-09
0.001,1.0,0.035585776950514,0.6439555935096224,6.702700303467184e-09
0.001,1.0,0.035585776950514,0.7234514891067266,6.419841482591334e-09
0.001,1.0,0.035585776950514,0.8127611008676167,6.10999703945718e-09
0.001,1.0,0.035585776950514,0.9130959256151152,5.751149610639364e-09
0.001,1.0,0.035585776950514,1.0258170186601063,5.334206855124444e-09
0.001,1.0,0.035585776950514,1.1524534566987763,4.861553826408769e-09
0.001,1.0,0.035585776950514,1.294723079942415,4.3394734497268744e-09
0.001,1.0,0.035585776950514,1.4545557948495271,3.785072553498221e-09
0.001,1.0,0.035585776950514,1.6341197535649394,3.2245490760747575e-09
0.001,1.0,0.035585776950514,1.835850765193496,2.692891861828121e-09
0.001,1.0,0.035585776950514,2.062485337876194,2.226089343252016e-09
0.001,1.0,0.035585776950514,2.3170977998889395,1.839476498515541e-09
0.001,1.0,0.035585776950514,2.6031420033166066,1.500921879174169e-09
0.001,1.0,0.035585776950514,2.9244981760182918,1.1973203739377602e-09
0.001,1.0,0.035585776950514,3.285525557436941,9.430374814857554e-10
0.001,1.0,0.035585776950514,3.6911215322651687,7.482868678973895e-10
0.001,1.0,0.035585776950514,4.1467880641233,5.946122254893068e-10
0.001,1.0,0.035585776950514,4.658706330431421,4.624487537919777e-10
0.001,1.0,0.035585776950514,5.233820570907402,3.5645356472829723e-10
0.001,1.0,0.035585776950514,5.879932287106996,2.795732623322527e-10
0.001,1.0,0.035585776950514,6.605806070835402,2.175604005582804e-10
0.001,1.0,0.035585776950514,7.421288497006765,1.6583865226288042e-10
0.001,1.0,0.035585776950514,8.337441693749241,1.2792270866211152e-10
0.001,1.0,0.035585776950514,9.366693401651878,9.989445617739501e-11
0.001,1.0,0.035585776950514,10.523005557727087,7.60735847827904e-11
0.001,1.0,0.035585776950514,11.822063690952728,5.817568584926561e-11
0.001,1.0,0.035585776950514,13.281489698569583,4.56531243521118e-11
0.001,1.0,0.035585776950514,14.921080889473224,3.495533589545579e-11
0.001,1.0,0.035585776950514,16.763078537355728,2.6759079072024556e-11
0.001,1.0,0.035585776950514,18.83246958655666,2.1218354392748165e-11
0.001,1.0,0.035585776950514,21.157325603303395,1.64127241677846e-11
0.001,1.0,0.035585776950514,23.769183570259635,1.2730939303434535e-11
0.001,1.0,0.035585776950514,26.70347368991138,1.0263929026523176e-11
0.001,1.0,0.035585776950514,30.0,8.125142069891452e-12
0.001,1.0,0.0380444230566885,0.1,1.3660010724972622e-08
0.001,1.0,0.0380444230566885,0.1123449344020514,1.3532217760210081e-08
0.001,1.0,0.0380444230566885,0.1262138428580125,1.3262109811467748e-08
0.001,1.0,0.0380444230566885,0.1417948589651424,1.28683327364363e-08
0.001,1.0,0.0380444230566885,0.1592993412898707,1.2371665323482704e-08
0.001,1.0,0.0380444230566885,0.1789647404750054,1.179553785135993e-08
0.001,1.0,0.0380444230566885,0.2010578202894464,1.1170449463920557e-08
0.001,1.0,0.0380444230566885,0.2258782763143731,1.0534785341845872e-08
0.001,1.0,0.0380444230566885,0.2537628013538671,9.917770813404112e-09
0.001,1.0,0.0380444230566885,0.2850896527178103,9.340899532366893e-09
0.001,1.0,0.0380444230566885,0.3202837833328603,8.816241541618423e-09
0.001,1.0,0.0380444230566885,0.3598226062857105,8.342440729316877e-09
0.001,1.0,0.0380444230566885,0.4042424709954335,7.915051028648724e-09
0.001,1.0,0.0380444230566885,0.4541459388650518,7.535438291229813e-09
0.001,1.0,0.0380444230566885,0.5102099571075231,7.2009610183384935e-09
0.001,1.0,0.0380444230566885,0.573195041625182,6.903982267137748e-09
0.001,1.0,0.0380444230566885,0.6439555935096224,6.627520696991441e-09
0.001,1.0,0.0380444230566885,0.7234514891067266,6.350803979478268e-09
0.001,1.0,0.0380444230566885,0.8127611008676167,6.0476221795294075e-09
0.001,1.0,0.0380444230566885,0.9130959256151152,5.695145909807379e-09
0.001,1.0,0.0380444230566885,1.0258170186601063,5.285042488066795e-09
0.001,1.0,0.0380444230566885,1.1524534566987763,4.822167050570903e-09
0.001,1.0,0.0380444230566885,1.294723079942415,4.310817788412047e-09
0.001,1.0,0.0380444230566885,1.4545557948495271,3.766838071288833e-09
0.001,1.0,0.0380444230566885,1.6341197535649394,3.214773178364359e-09
0.001,1.0,0.0380444230566885,1.835850765193496,2.6879989659359223e-09
0.001,1.0,0.0380444230566885,2.062485337876194,2.222381646166091e-09
0.001,1.0,0.0380444230566885,2.3170977998889395,1.8363283528977248e-09
0.001,1.0,0.0380444230566885,2.6031420033166066,1.5025923325285105e-09
0.001,1.0,0.0380444230566885,2.9244981760182918,1.2017223777313971e-09
0.001,1.0,0.0380444230566885,3.285525557436941,9.471332870019504e-10
0.001,1.0,0.0380444230566885,3.6911215322651687,7.500429907671915e-10
0.001,1.0,0.0380444230566885,4.1467880641233,5.958224918384007e-10
0.001,1.0,0.0380444230566885,4.658706330431421,4.634093045949075e-10
0.001,1.0,0.0380444230566885,5.233820570907402,3.5650750254204133e-10
0.001,1.0,0.0380444230566885,5.879932287106996,2.7902626834818173e-10
0.001,1.0,0.0380444230566885,6.605806070835402,2.1747776707132434e-10
0.001,1.0,0.0380444230566885,7.421288497006765,1.6586998449533207e-10
0.001,1.0,0.0380444230566885,8.337441693749241,1.2764691691111287e-10
0.001,1.0,0.0380444230566885,9.366693401651878,9.97497971651834e-11
0.001,1.0,0.0380444230566885,10.523005557727087,7.608041593800799e-11
0.001,1.0,0.0380444230566885,11.822063690952728,5.8021824867633935e-11
0.001,1.0,0.0380444230566885,13.281489698569583,4.5551960928079995e-11
0.001,1.0,0.0380444230566885,14.921080889473224,3.492480256698551e-11
0.001,1.0,0.0380444230566885,16.763078537355728,2.6685654182919123e-11
0.001,1.0,0.0380444230566885,18.83246958655666,2.1154443339321596e-11
0.001,1.0,0.0380444230566885,21.157325603303395,1.6391853616280344e-11
0.001,1.0,0.0380444230566885,23.769183570259635,1.268950786477719e-11
0.001,1.0,0.0380444230566885,26.70347368991138,1.023656026839468e-11
0.001,1.0,0.0380444230566885,30.0,8.118435816160693e-12
0.001,1.0,0.0406729387341756,0.1,1.2932278171084145e-08
0.001,1.0,0.0406729387341756,0.1123449344020514,1.2905156261703512e-08
0.001,1.0,0.0406729387341756,0.1262138428580125,1.2724320904171384e-08
0.001,1.0,0.0406729387341756,0.1417948589651424,1.2408604073827016e-08
0.001,1.0,0.0406729387341756,0.1592993412898707,1.1985565414084349e-08
0.001,1.0,0.0406729387341756,0.1789647404750054,1.1472810655161483e-08
0.001,1.0,0.0406729387341756,0.2010578202894464,1.089931474822803e-08
0.001,1.0,0.0406729387341756,0.2258782763143731,1.0305367571083665e-08
0.001,1.0,0.0406729387341756,0.2537628013538671,9.723736892256081e-09
0.001,1.0,0.0406729387341756,0.2850896527178103,9.176226044968084e-09
0.001,1.0,0.0406729387341756,0.3202837833328603,8.677002139672535e-09
0.001,1.0,0.0406729387341756,0.3598226062857105,8.22522849933763e-09
0.001,1.0,0.0406729387341756,0.4042424709954335,7.816720393908708e-09
0.001,1.0,0.0406729387341756,0.4541459388650518,7.45156845516234e-09
0.001,1.0,0.0406729387341756,0.5102099571075231,7.128668850516626e-09
0.001,1.0,0.0406729387341756,0.573195041625182,6.840019341915061e-09
0.001,1.0,0.0406729387341756,0.6439555935096224,6.570159130649792e-09
0.001,1.0,0.0406729387341756,0.7234514891067266,6.299120909563439e-09
0.001,1.0,0.0406729387341756,0.8127611008676167,6.001000477869788e-09
0.001,1.0,0.0406729387341756,0.9130959256151152,5.650820482962595e-09
0.001,1.0,0.0406729387341756,1.0258170186601063,5.241575780601955e-09
0.001,1.0,0.0406729387341756,1.1524534566987763,4.7837625920824675e-09
0.001,1.0,0.0406729387341756,1.294723079942415,4.279565526650845e-09
0.001,1.0,0.0406729387341756,1.4545557948495271,3.742322984278154e-09
0.001,1.0,0.0406729387341756,1.6341197535649394,3.1952582247642033e-09
0.001,1.0,0.0406729387341756,1.835850765193496,2.6707890799331684e-09
0.001,1.0,0.0406729387341756,2.062485337876194,2.204713802565078e-09
0.001,1.0,0.0406729387341756,2.3170977998889395,1.8184265115577518e-09
0.001,1.0,0.0406729387341756,2.6031420033166066,1.4899778001860135e-09
0.001,1.0,0.0406729387341756,2.9244981760182918,1.1938208295742517e-09
0.001,1.0,0.0406729387341756,3.285525557436941,9.416326201423057e-10
0.001,1.0,0.0406729387341756,3.6911215322651687,7.450442130966976e-10
0.001,1.0,0.0406729387341756,4.1467880641233,5.930977521497467e-10
0.001,1.0,0.0406729387341756,4.658706330431421,4.6271471483333997e-10
0.001,1.0,0.0406729387341756,5.233820570907402,3.563410617441066e-10
0.001,1.0,0.0406729387341756,5.879932287106996,2.7852490623567706e-10
0.001,1.0,0.0406729387341756,6.605806070835402,2.1746699011886307e-10
0.001,1.0,0.0406729387341756,7.421288497006765,1.6604162261454998e-10
0.001,1.0,0.0406729387341756,8.337441693749241,1.2744414564057434e-10
0.001,1.0,0.0406729387341756,9.366693401651878,9.972077480616257e-11
0.001,1.0,0.0406729387341756,10.523005557727087,7.616087485255186e-11
0.001,1.0,0.0406729387341756,11.822063690952728,5.7999458928184804e-11
0.001,1.0,0.0406729387341756,13.281489698569583,4.5524816387886415e-11
0.001,1.0,0.0406729387341756,14.921080889473224,3.4969461270977585e-11
0.001,1.0,0.0406729387341756,16.763078537355728,2.6674724663866667e-11
0.001,1.0,0.0406729387341756,18.83246958655666,2.1147567161890446e-11
0.001,1.0,0.0406729387341756,21.157325603303395,1.6421843230311398e-11
0.001,1.0,0.0406729387341756,23.769183570259635,1.2686012616762669e-11
0.001,1.0,0.0406729387341756,26.70347368991138,1.0235148018909084e-11
0.001,1.0,0.0406729387341756,30.0,8.131979640595663e-12
0.001,1.0,0.0434830603899293,0.1,1.222458181613777e-08
0.001,1.0,0.0434830603899293,0.1123449344020514,1.2302950050251351e-08
0.001,1.0,0.0434830603899293,0.1262138428580125,1.2213234323665062e-08
0.001,1.0,0.0434830603899293,0.1417948589651424,1.1981349855077526e-08
0.001,1.0,0.0434830603899293,0.1592993412898707,1.16366425501634e-08
0.001,1.0,0.0434830603899293,0.1789647404750054,1.1191572656389069e-08
0.001,1.0,0.0434830603899293,0.2010578202894464,1.0672888368175692e-08
0.001,1.0,0.0434830603899293,0.2258782763143731,1.0122304797771472e-08
0.001,1.0,0.0434830603899293,0.2537628013538671,9.57706046712877e-09
0.001,1.0,0.0434830603899293,0.2850896527178103,9.059891977957324e-09
0.001,1.0,0.0434830603899293,0.3202837833328603,8.586352426570216e-09
0.001,1.0,0.0434830603899293,0.3598226062857105,8.156964631717572e-09
0.001,1.0,0.0434830603899293,0.4042424709954335,7.76781615471988e-09
0.001,1.0,0.0434830603899293,0.4541459388650518,7.41778362903903e-09
0.001,1.0,0.0434830603899293,0.5102099571075231,7.106796532399722e-09
0.001,1.0,0.0434830603899293,0.573195041625182,6.827031716610424e-09
0.001,1.0,0.0434830603899293,0.6439555935096224,6.5638943587727e-09
0.001,1.0,0.0434830603899293,0.7234514891067266,6.298481791045562e-09
0.001,1.0,0.0434830603899293,0.8127611008676167,6.00397491029655e-09
0.001,1.0,0.0434830603899293,0.9130959256151152,5.653111682641478e-09
0.001,1.0,0.0434830603899293,1.0258170186601063,5.240681535670638e-09
0.001,1.0,0.0434830603899293,1.1524534566987763,4.782902160945289e-09
0.001,1.0,0.0434830603899293,1.294723079942415,4.283365805428439e-09
0.001,1.0,0.0434830603899293,1.4545557948495271,3.75037876603979e-09
0.001,1.0,0.0434830603899293,1.6341197535649394,3.205372617380633e-09
0.001,1.0,0.0434830603899293,1.835850765193496,2.6797547252762674e-09
0.001,1.0,0.0434830603899293,2.062485337876194,2.209304935132068e-09
0.001,1.0,0.0434830603899293,2.3170977998889395,1.817954109191795e-09
0.001,1.0,0.0434830603899293,2.6031420033166066,1.4903957375713444e-09
0.001,1.0,0.0434830603899293,2.9244981760182918,1.1956193028942488e-09
0.001,1.0,0.0434830603899293,3.285525557436941,9.42754903841961e-10
0.001,1.0,0.0434830603899293,3.6911215322651687,7.440804381570627e-10
0.001,1.0,0.0434830603899293,4.1467880641233,5.922886517420774e-10
0.001,1.0,0.0434830603899293,4.658706330431421,4.6271179231156125e-10
0.001,1.0,0.0434830603899293,5.233820570907402,3.561779368106967e-10
0.001,1.0,0.0434830603899293,5.879932287106996,2.7775079312225655e-10
0.001,1.0,0.0434830603899293,6.605806070835402,2.172447915647359e-10
0.001,1.0,0.0434830603899293,7.421288497006765,1.661086084204852e-10
0.001,1.0,0.0434830603899293,8.337441693749241,1.272769758901746e-10
0.001,1.0,0.0434830603899293,9.366693401651878,9.961141939388678e-11
0.001,1.0,0.0434830603899293,10.523005557727087,7.625776516241031e-11
0.001,1.0,0.0434830603899293,11.822063690952728,5.79661068020883e-11
0.001,1.0,0.0434830603899293,13.281489698569583,4.5490119434346446e-11
0.001,1.0,0.0434830603899293,14.921080889473224,3.502624417819812e-11
0.001,1.0,0.0434830603899293,16.763078537355728,2.6670682973117454e-11
0.001,1.0,0.0434830603899293,18.83246958655666,2.1134624130375283e-11
0.001,1.0,0.0434830603899293,21.157325603303395,1.6449076053008324e-11
0.001,1.0,0.0434830603899293,23.769183570259635,1.268625834457265e-11
0.001,1.0,0.0434830603899293,26.70347368991138,1.0227722358404998e-11
0.001,1.0,0.0434830603899293,30.0,8.146594647337072e-12
0.001,1.0,0.0464873353074313,0.1,1.1504137183103295e-08
0.001,1.0,0.0464873353074313,0.1123449344020514,1.1686163529040338e-08
0.001,1.0,0.0464873353074313,0.1262138428580125,1.16864106276955e-08
0.001,1.0,0.0464873353074313,0.1417948589651424,1.1539732646870343e-08
0.001,1.0,0.0464873353074313,0.1592993412898707,1.1275558894748329e-08
0.001,1.0,0.0464873353074313,0.1789647404750054,1.090018394215837e-08
0.001,1.0,0.0464873353074313,0.2010578202894464,1.0437735475848525e-08
0.001,1.0,0.0464873353074313,0.2258782763143731,9.931452186265799e-09
0.001,1.0,0.0464873353074313,0.2537628013538671,9.423488343686556e-09
0.001,1.0,0.0464873353074313,0.2850896527178103,8.937397654568607e-09
0.001,1.0,0.0464873353074313,0.3202837833328603,8.489784065322914e-09
0.001,1.0,0.0464873353074313,0.3598226062857105,8.082954790153704e-09
0.001,1.0,0.0464873353074313,0.4042424709954335,7.713630350174056e-09
0.001,1.0,0.0464873353074313,0.4541459388650518,7.379311262002875e-09
0.001,1.0,0.0464873353074313,0.5102099571075231,7.08071081484463e-09
0.001,1.0,0.0464873353074313,0.573195041625182,6.810200167820883e-09
0.001,1.0,0.0464873353074313,0.6439555935096224,6.554294549173617e-09
0.001,1.0,0.0464873353074313,0.7234514891067266,6.294712376803408e-09
0.001,1.0,0.0464873353074313,0.8127611008676167,6.002961396361504e-09
0.001,1.0,0.0464873353074313,0.9130959256151152,5.650625546215395e-09
0.001,1.0,0.0464873353074313,1.0258170186601063,5.23407502306571e-09
0.001,1.0,0.0464873353074313,1.1524534566987763,4.773665417201368e-09
0.001,1.0,0.0464873353074313,1.294723079942415,4.278921315002543e-09
0.001,1.0,0.0464873353074313,1.4545557948495271,3.752086548950205e-09
0.001,1.0,0.0464873353074313,1.6341197535649394,3.2111431999935984e-09
0.001,1.0,0.0464873353074313,1.835850765193496,2.686226150608665e-09
0.001,1.0,0.0464873353074313,2.062485337876194,2.2127191679182705e-09
0.001,1.0,0.0464873353074313,2.3170977998889395,1.8165907341113542e-09
0.001,1.0,0.0464873353074313,2.6031420033166066,1.4897911721932625e-09
0.001,1.0,0.0464873353074313,2.9244981760182918,1.197053141161831e-09
0.001,1.0,0.0464873353074313,3.285525557436941,9.44181110322904e-10
0.001,1.0,0.0464873353074313,3.6911215322651687,7.437087300881747e-10
0.001,1.0,0.0464873353074313,4.1467880641233,5.918357872581248e-10
0.001,1.0,0.0464873353074313,4.658706330431421,4.632946860420327e-10
0.001,1.0,0.0464873353074313,5.233820570907402,3.5667959802361553e-10
0.001,1.0,0.0464873353074313,5.879932287106996,2.774724247972808e-10
0.001,1.0,0.0464873353074313,6.605806070835402,2.173486035455355e-10
0.001,1.0,0.0464873353074313,7.421288497006765,1.664271738518157e-10
0.001,1.0,0.0464873353074313,8.337441693749241,1.2718876347173055e-10
0.001,1.0,0.0464873353074313,9.366693401651878,9.956491379127941e-11
0.001,1.0,0.0464873353074313,10.523005557727087,7.637090565789544e-11
0.001,1.0,0.0464873353074313,11.822063690952728,5.7942684119600805e-11
0.001,1.0,0.0464873353074313,13.281489698569583,4.5433092498619646e-11
0.001,1.0,0.0464873353074313,14.921080889473224,3.506262221065189e-11
0.001,1.0,0.0464873353074313,16.763078537355728,2.6669029006554765e-11
0.001,1.0,0.0464873353074313,18.83246958655666,2.1104335291166537e-11
0.001,1.0,0.0464873353074313,21.157325603303395,1.647264293350682e-11
0.001,1.0,0.0464873353074313,23.769183570259635,1.268197397308461e-11
0.001,1.0,0.0464873353074313,26.70347368991138,1.0222541178233055e-11
0.001,1.0,0.0464873353074313,30.0,8.158179672051726e-12
0.001,1.0,0.0496991776707157,0.1,1.077895717965197e-08
0.001,1.0,0.0496991776707157,0.1123449344020514,1.1064624136418308e-08
0.001,1.0,0.0496991776707157,0.1262138428580125,1.1155169867138956e-08
0.001,1.0,0.0496991776707157,0.1417948589651424,1.10980110991775e-08
0.001,1.0,0.0496991776707157,0.1592993412898707,1.0915115588157188e-08
0.001,1.0,0.0496991776707157,0.1789647404750054,1.0611062216622684e-08
0.001,1.0,0.0496991776707157,0.2010578202894464,1.020650651802452e-08
0.001,1.0,0.0496991776707157,0.2258782763143731,9.745517085503878e-09
0.001,1.0,0.0496991776707157,0.2537628013538671,9.275639559077353e-09
0.001,1.0,0.0496991776707157,0.2850896527178103,8.821335519995344e-09
0.001,1.0,0.0496991776707157,0.3202837833328603,8.399889050629333e-09
0.001,1.0,0.0496991776707157,0.3598226062857105,8.015900175023637e-09
0.001,1.0,0.0496991776707157,0.4042424709954335,7.666644511546718e-09
0.001,1.0,0.0496991776707157,0.4541459388650518,7.3485817344059605e-09
0.001,1.0,0.0496991776707157,0.5102099571075231,7.0627292865829376e-09
0.001,1.0,0.0496991776707157,0.573195041625182,6.80184604648893e-09
0.001,1.0,0.0496991776707157,0.6439555935096224,6.5536095879665685e-09
0.001,1.0,0.0496991776707157,0.7234514891067266,6.299705996487422e-09
0.001,1.0,0.0496991776707157,0.8127611008676167,6.0096627642315595e-09
0.001,1.0,0.0496991776707157,0.9130959256151152,5.6552686373361374e-09
0.001,1.0,0.0496991776707157,1.0258170186601063,5.233942303829587e-09
0.001,1.0,0.0496991776707157,1.1524534566987763,4.768166531384417e-09
0.001,1.0,0.0496991776707157,1.294723079942415,4.275241957724352e-09
0.001,1.0,0.0496991776707157,1.4545557948495271,3.754766870036321e-09
0.001,1.0,0.0496991776707157,1.6341197535649394,3.218063960134197e-09
0.001,1.0,0.0496991776707157,1.835850765193496,2.6939094298813405e-09
0.001,1.0,0.0496991776707157,2.062485337876194,2.216967281027288e-09
0.001,1.0,0.0496991776707157,2.3170977998889395,1.8149122834487336e-09
0.001,1.0,0.0496991776707157,2.6031420033166066,1.486943476713189e-09
0.001,1.0,0.0496991776707157,2.9244981760182918,1.196004346002529e-09
0.001,1.0,0.0496991776707157,3.285525557436941,9.431690365080105e-10
0.001,1.0,0.0496991776707157,3.6911215322651687,7.410628236204537e-10
0.001,1.0,0.0496991776707157,4.1467880641233,5.893801570975792e-10
0.001,1.0,0.0496991776707157,4.658706330431421,4.623972524268299e-10
0.001,1.0,0.0496991776707157,5.233820570907402,3.562784454839079e-10
0.001,1.0,0.0496991776707157,5.879932287106996,2.7647129818658753e-10
0.001,1.0,0.0496991776707157,6.605806070835402,2.1687370292488297e-10
0.001,1.0,0.0496991776707157,7.421288497006765,1.663891747083514e-10
0.001,1.0,0.0496991776707157,8.337441693749241,1.2696818219514757e-10
0.001,1.0,0.0496991776707157,9.366693401651878,9.936291298491102e-11
0.001,1.0,0.0496991776707157,10.523005557727087,7.641044532545066e-11
0.001,1.0,0.0496991776707157,11.822063690952728,5.7934762042031363e-11
0.001,1.0,0.0496991776707157,13.281489698569583,4.536443666784631e-11
0.001,1.0,0.0496991776707157,14.921080889473224,3.5093981581798637e-11
0.001,1.0,0.0496991776707157,16.763078537355728,2.6672723372932306e-11
0.001,1.0,0.0496991776707157,18.83246958655666,2.1076806654216e-11
0.001,1.0,0.0496991776707157,21.157325603303395,1.6485009716856365e-11
0.001,1.0,0.0496991776707157,23.769183570259635,1.2683942842784196e-11
0.001,1.0,0.0496991776707157,26.70347368991138,1.0211539419382607e-11
0.001,1.0,0.0496991776707157,30.0,8.169115455232587e-12
0.001,1.0,0.0531329284591305,0.1,1.0028979746485539e-08
0.001,1.0,0.0531329284591305,0.1123449344020514,1.041429141086171e-08
0.001,1.0,0.0531329284591305,0.1262138428580125,1.0594121856514195e-08
0.001,1.0,0.0531329284591305,0.1417948589651424,1.0625534889982433e-08
0.001,1.0,0.0531329284591305,0.1592993412898707,1.0523583347600957e-08
0.001,1.0,0.0531329284591305,0.1789647404750054,1.0289949285063431e-08
0.001,1.0,0.0531329284591305,0.2010578202894464,9.944131565745996e-09
0.001,1.0,0.0531329284591305,0.2258782763143731,9.529546750448064e-09
0.001,1.0,0.0531329284591305,0.2537628013538671,9.09717175823065e-09
0.001,1.0,0.0531329284591305,0.2850896527178103,8.675321414583002e-09
0.001,1.0,0.0531329284591305,0.3202837833328603,8.280420393502179e-09
0.001,1.0,0.0531329284591305,0.3598226062857105,7.919521453286332e-09
0.001,1.0,0.0531329284591305,0.4042424709954335,7.590319087567738e-09
0.001,1.0,0.0531329284591305,0.4541459388650518,7.289055657683681e-09
0.001,1.0,0.0531329284591305,0.5102099571075231,7.0162903171553384e-09
0.001,1.0,0.0531329284591305,0.573195041625182,6.76558916598266e-09
0.001,1.0,0.0531329284591305,0.6439555935096224,6.525540952848601e-09
0.001,1.0,0.0531329284591305,0.7234514891067266,6.27737485120007e-09
0.001,1.0,0.0531329284591305,0.8127611008676167,5.988822825958788e-09
0.001,1.0,0.0531329284591305,0.9130959256151152,5.63307854587285e-09
0.001,1.0,0.0531329284591305,1.0258170186601063,5.2080471481956556e-09
0.001,1.0,0.0531329284591305,1.1524534566987763,4.7374592706059885e-09
0.001,1.0,0.0531329284591305,1.294723079942415,4.245229420280744e-09
0.001,1.0,0.0531329284591305,1.4545557948495271,3.734650668786272e-09
0.001,1.0,0.0531329284591305,1.6341197535649394,3.207181006444751e-09
0.001,1.0,0.0531329284591305,1.835850765193496,2.6891672046286385e-09
0.001,1.0,0.0531329284591305,2.062485337876194,2.213946355418951e-09
0.001,1.0,0.0531329284591305,2.3170977998889395,1.8101741683151784e-09
0.001,1.0,0.0531329284591305,2.6031420033166066,1.483354916219849e-09
0.001,1.0,0.0531329284591305,2.9244981760182918,1.1970791111675358e-09
0.001,1.0,0.0531329284591305,3.285525557436941,9.460434230258657e-10
0.001,1.0,0.0531329284591305,3.6911215322651687,7.427781948115909e-10
0.001,1.0,0.0531329284591305,4.1467880641233,5.898757672592552e-10
0.001,1.0,0.0531329284591305,4.658706330431421,4.637467499927136e-10
0.001,1.0,0.0531329284591305,5.233820570907402,3.5743816366768547e-10
0.001,1.0,0.0531329284591305,5.879932287106996,2.7656806685800567e-10
0.001,1.0,0.0531329284591305,6.605806070835402,2.1702669696711802e-10
0.001,1.0,0.0531329284591305,7.421288497006765,1.6674836254607558e-10
0.001,1.0,0.0531329284591305,8.337441693749241,1.269668911197e-10
0.001,1.0,0.0531329284591305,9.366693401651878,9.923981874956274e-11
0.001,1.0,0.0531329284591305,10.523005557727087,7.648428504247199e-11
0.001,1.0,0.0531329284591305,11.822063690952728,5.7929924226882487e-11
0.001,1.0,0.0531329284591305,13.281489698569583,4.5267971018440164e-11
0.001,1.0,0.0531329284591305,14.921080889473224,3.511475994569924e-11
0.001,1.0,0.0531329284591305,16.763078537355728,2.6682519399037413e-11
0.001,1.0,0.0531329284591305,18.83246958655666,2.1032795921533362e-11
0.001,1.0,0.0531329284591305,21.157325603303395,1.6502755775360586e-11
0.001,1.0,0.0531329284591305,23.769183570259635,1.2686327762744957e-11
0.001,1.0,0.0531329284591305,26.70347368991138,1.0195068389269929e-11
0.001,1.0,0.0531329284591305,30.0,8.179816893677941e-12
0.001,1.0,0.0568039194802724,0.1,9.304752554202758e-09
0.001,1.0,0.0568039194802724,0.1123449344020514,9.796149095836549e-09
0.001,1.0,0.0568039194802724,0.1262138428580125,1.0071924120488223e-08
0.001,1.0,0.0568039194802724,0.1417948589651424,1.0196606760676015e-08
0.001,1.0,0.0568039194802724,0.1592993412898707,1.0178129082371324e-08
0.001,1.0,0.0568039194802724,0.1789647404750054,1.0016745731847446e-08
0.001,1.0,0.0568039194802724,0.2010578202894464,9.731531869773563e-09
0.001,1.0,0.0568039194802724,0.2258782763143731,9.364950984788512e-09
0.001,1.0,0.0568039194802724,0.2537628013538671,8.970492264885346e-09
0.001,1.0,0.0568039194802724,0.2850896527178103,8.581277444355832e-09
0.001,1.0,0.0568039194802724,0.3202837833328603,8.213487458120094e-09
0.001,1.0,0.0568039194802724,0.3598226062857105,7.875859744359222e-09
0.001,1.0,0.0568039194802724,0.4042424709954335,7.566642899911005e-09
0.001,1.0,0.0568039194802724,0.4541459388650518,7.282632143645539e-09
0.001,1.0,0.0568039194802724,0.5102099571075231,7.023282579033739e-09
0.001,1.0,0.0568039194802724,0.573195041625182,6.782962332749637e-09
0.001,1.0,0.0568039194802724,0.6439555935096224,6.5512080205730435e-09
0.001,1.0,0.0568039194802724,0.7234514891067266,6.307955678804976e-09
0.001,1.0,0.0568039194802724,0.8127611008676167,6.0196366576629204e-09
0.001,1.0,0.0568039194802724,0.9130959256151152,5.6612083531329594e-09
0.001,1.0,0.0568039194802724,1.0258170186601063,5.230601110864269e-09
0.001,1.0,0.0568039194802724,1.1524534566987763,4.751631055598961e-09
0.001,1.0,0.0568039194802724,1.294723079942415,4.253014920433076e-09
0.001,1.0,0.0568039194802724,1.4545557948495271,3.746678811409947e-09
0.001,1.0,0.0568039194802724,1.6341197535649394,3.224290157765189e-09
0.001,1.0,0.0568039194802724,1.835850765193496,2.707787272204041e-09
0.001,1.0,0.0568039194802724,2.062485337876194,2.2293233298452705e-09
0.001,1.0,0.0568039194802724,2.3170977998889395,1.8183723628456853e-09
0.001,1.0,0.0568039194802724,2.6031420033166066,1.4864223327035124e-09
0.001,1.0,0.0568039194802724,2.9244981760182918,1.2007217995325628e-09
0.001,1.0,0.0568039194802724,3.285525557436941,9.489474541019313e-10
0.001,1.0,0.0568039194802724,3.6911215322651687,7.43230659149636e-10
0.001,1.0,0.0568039194802724,4.1467880641233,5.888303338712968e-10
0.001,1.0,0.0568039194802724,4.658706330431421,4.6382007639591767e-10
0.001,1.0,0.0568039194802724,5.233820570907402,3.5786996889826433e-10
0.001,1.0,0.0568039194802724,5.879932287106996,2.761056524567458e-10
0.001,1.0,0.0568039194802724,6.605806070835402,2.1673771614910147e-10
0.001,1.0,0.0568039194802724,7.421288497006765,1.6688362069226954e-10
0.001,1.0,0.0568039194802724,8.337441693749241,1.2692974244702046e-10
0.001,1.0,0.0568039194802724,9.366693401651878,9.899547947605006e-11
0.001,1.0,0.0568039194802724,10.523005557727087,7.649944771414468e-11
0.001,1.0,0.0568039194802724,11.822063690952728,5.7936844078348457e-11
0.001,1.0,0.0568039194802724,13.281489698569583,4.514006258064477e-11
0.001,1.0,0.0568039194802724,14.921080889473224,3.512627328816848e-11
0.001,1.0,0.0568039194802724,16.763078537355728,2.6694706870690745e-11
0.001,1.0,0.0568039194802724,18.83246958655666,2.0986613496903404e-11
0.001,1.0,0.0568039194802724,21.157325603303395,1.6511357264812853e-11
0.001,1.0,0.0568039194802724,23.769183570259635,1.2696811146336472e-11
0.001,1.0,0.0568039194802724,26.70347368991138,1.0179024205878008e-11
0.001,1.0,0.0568039194802724,30.0,8.18791123314337e-12
0.001,1.0,0.0607285418269992,0.1,8.536269372418017e-09
0.001,1.0,0.0607285418269992,0.1123449344020514,9.12975906218213e-09
0.001,1.0,0.0607285418269992,0.1262138428580125,9.50041850364399e-09
0.001,1.0,0.0607285418269992,0.1417948589651424,9.716696119154948e-09
0.001,1.0,0.0607285418269992,0.1592993412898707,9.781648090670001e-09
0.001,1.0,0.0607285418269992,0.1789647404750054,9.691735096871606e-09
0.001,1.0,0.0607285418269992,0.2010578202894464,9.467072419321721e-09
0.001,1.0,0.0607285418269992,0.2258782763143731,9.149138940466651e-09
0.001,1.0,0.0607285418269992,0.2537628013538671,8.792603625879835e-09
0.001,1.0,0.0607285418269992,0.2850896527178103,8.435736836831425e-09
0.001,1.0,0.0607285418269992,0.3202837833328603,8.095315669660496e-09
0.001,1.0,0.0607285418269992,0.3598226062857105,7.780934427743334e-09
0.001,1.0,0.0607285418269992,0.4042424709954335,7.491925196715513e-09
0.001,1.0,0.0607285418269992,0.4541459388650518,7.2253132267465285e-09
0.001,1.0,0.0607285418269992,0.5102099571075231,6.979648292039414e-09
0.001,1.0,0.0607285418269992,0.573195041625182,6.7503453844540885e-09
0.001,1.0,0.0607285418269992,0.6439555935096224,6.5271981893847166e-09
0.001,1.0,0.0607285418269992,0.7234514891067266,6.288703143477548e-09
0.001,1.0,0.0607285418269992,0.8127611008676167,6.000709309710315e-09
0.001,1.0,0.0607285418269992,0.9130959256151152,5.639903491760708e-09
0.001,1.0,0.0607285418269992,1.0258170186601063,5.204563006592552e-09
0.001,1.0,0.0607285418269992,1.1524534566987763,4.71835220723376e-09
0.001,1.0,0.0607285418269992,1.294723079942415,4.2135402189561155e-09
0.001,1.0,0.0607285418269992,1.4545557948495271,3.7125894445036778e-09
0.001,1.0,0.0607285418269992,1.6341197535649394,3.2019080781947795e-09
0.001,1.0,0.0607285418269992,1.835850765193496,2.694455935541732e-09
0.001,1.0,0.0607285418269992,2.062485337876194,2.2204952450978118e-09
0.001,1.0,0.0607285418269992,2.3170977998889395,1.8094507383690382e-09
0.001,1.0,0.0607285418269992,2.6031420033166066,1.4774596309433137e-09
0.001,1.0,0.0607285418269992,2.9244981760182918,1.1972766331923167e-09
0.001,1.0,0.0607285418269992,3.285525557436941,9.48979499307504e-10
0.001,1.0,0.0607285418269992,3.6911215322651687,7.434936199093299e-10
0.001,1.0,0.0607285418269992,4.1467880641233,5.878896596313483e-10
0.001,1.0,0.0607285418269992,4.658706330431421,4.641397414567973e-10
0.001,1.0,0.0607285418269992,5.233820570907402,3.5873451128628714e-10
0.001,1.0,0.0607285418269992,5.879932287106996,2.762761605118018e-10
0.001,1.0,0.0607285418269992,6.605806070835402,2.1679127064256492e-10
0.001,1.0,0.0607285418269992,7.421288497006765,1.6742383991261216e-10
0.001,1.0,0.0607285418269992,8.337441693749241,1.2731348549429619e-10
0.001,1.0,0.0607285418269992,9.366693401651878,9.90920458685867e-11
0.001,1.0,0.0607285418269992,10.523005557727087,7.681486993284263e-11
0.001,1.0,0.0607285418269992,11.822063690952728,5.821959542616364e-11
0.001,1.0,0.0607285418269992,13.281489698569583,4.5218126764562695e-11
0.001,1.0,0.0607285418269992,14.921080889473224,3.5282774177710034e-11
0.001,1.0,0.0607285418269992,16.763078537355728,2.6841582919855734e-11
0.001,1.0,0.0607285418269992,18.83246958655666,2.10013806944794e-11
0.001,1.0,0.0607285418269992,21.157325603303395,1.655704480343576e-11
0.001,1.0,0.0607285418269992,23.769183570259635,1.2719297025730329e-11
0.001,1.0,0.0607285418269992,26.70347368991138,1.0155165392240522e-11
0.001,1.0,0.0607285418269992,30.0,8.195828730145338e-12
0.001,1.0,0.0649243190641871,0.1,7.782997034353605e-09
0.001,1.0,0.0649243190641871,0.1123449344020514,8.487877629279284e-09
0.001,1.0,0.0649243190641871,0.1262138428580125,8.961506514438599e-09
0.001,1.0,0.0649243190641871,0.1417948589651424,9.273202401698848e-09
0.001,1.0,0.0649243190641871,0.1592993412898707,9.421162417171736e-09
0.001,1.0,0.0649243190641871,0.1789647404750054,9.402848992436513e-09
0.001,1.0,0.0649243190641871,0.2010578202894464,9.238779911000635e-09
0.001,1.0,0.0649243190641871,0.2258782763143731,8.970087784195697e-09
0.001,1.0,0.0649243190641871,0.2537628013538671,8.65256284207695e-09
0.001,1.0,0.0649243190641871,0.2850896527178103,8.327947576574035e-09
0.001,1.0,0.0649243190641871,0.3202837833328603,8.014838944320313e-09
0.001,1.0,0.0649243190641871,0.3598226062857105,7.723610502913218e-09
0.001,1.0,0.0649243190641871,0.4042424709954335,7.45476458601324e-09
0.001,1.0,0.0649243190641871,0.4541459388650518,7.205849927362239e-09
0.001,1.0,0.0649243190641871,0.5102099571075231,6.974082136265953e-09
0.001,1.0,0.0649243190641871,0.573195041625182,6.7559884251717974e-09
0.001,1.0,0.0649243190641871,0.6439555935096224,6.54134112941312e-09
0.001,1.0,0.0649243190641871,0.7234514891067266,6.306743635233439e-09
0.001,1.0,0.0649243190641871,0.8127611008676167,6.018906299679517e-09
0.001,1.0,0.0649243190641871,0.9130959256151152,5.656058999654857e-09
0.001,1.0,0.0649243190641871,1.0258170186601063,5.216292513640253e-09
0.001,1.0,0.0649243190641871,1.1524534566987763,4.721828278451554e-09
0.001,1.0,0.0649243190641871,1.294723079942415,4.206720348246416e-09
0.001,1.0,0.0649243190641871,1.4545557948495271,3.702153437901094e-09
0.001,1.0,0.0649243190641871,1.6341197535649394,3.198559872894934e-09
0.001,1.0,0.0649243190641871,1.835850765193496,2.6964141312453785e-09
0.001,1.0,0.0649243190641871,2.062485337876194,2.223369439385029e-09
0.001,1.0,0.0649243190641871,2.3170977998889395,1.8089651439265317e-09
0.001,1.0,0.0649243190641871,2.6031420033166066,1.472934266248516e-09
0.001,1.0,0.0649243190641871,2.9244981760182918,1.1954677688363918e-09
0.001,1.0,0.0649243190641871,3.285525557436941,9.49464330464104e-10
0.001,1.0,0.0649243190641871,3.6911215322651687,7.436047324434672e-10
0.001,1.0,0.0649243190641871,4.1467880641233,5.863501036203829e-10
0.001,1.0,0.0649243190641871,4.658706330431421,4.6384551905624033e-10
0.001,1.0,0.0649243190641871,5.233820570907402,3.592841703539233e-10
0.001,1.0,0.0649243190641871,5.879932287106996,2.761846547576262e-10
0.001,1.0,0.0649243190641871,6.605806070835402,2.1645542692608777e-10
0.001,1.0,0.0649243190641871,7.421288497006765,1.675674330604733e-10
0.001,1.0,0.0649243190641871,8.337441693749241,1.2738764685859102e-10
0.001,1.0,0.0649243190641871,9.366693401651878,9.87649695730385e-11
0.001,1.0,0.0649243190641871,10.523005557727087,7.674236644266001e-11
0.001,1.0,0.0649243190641871,11.822063690952728,5.8188455388405547e-11
0.001,1.0,0.0649243190641871,13.281489698569583,4.4978484750350164e-11
0.001,1.0,0.0649243190641871,14.921080889473224,3.517307719909827e-11
0.001,1.0,0.0649243190641871,16.763078537355728,2.676262944663169e-11
0.001,1.0,0.0649243190641871,18.83246958655666,2.087136397234492e-11
0.001,1.0,0.0649243190641871,21.157325603303395,1.6515520465041005e-11
0.001,1.0,0.0649243190641871,23.769183570259635,1.2725123135126604e-11
0.001,1.0,0.0649243190641871,26.70347368991138,1.0132005120376643e-11
0.001,1.0,0.0649243190641871,30.0,8.196302900096809e-12
0.001,1.0,0.06940998547201,0.1,7.0167445916263255e-09
0.001,1.0,0.06940998547201,0.1123449344020514,7.843405656423664e-09
0.001,1.0,0.06940998547201,0.1262138428580125,8.424568503138124e-09
0.001,1.0,0.06940998547201,0.1417948589651424,8.834307781543728e-09
0.001,1.0,0.06940998547201,0.1592993412898707,9.067507999179616e-09
0.001,1.0,0.06940998547201,0.1789647404750054,9.121228977816716e-09
0.001,1.0,0.06940998547201,0.2010578202894464,9.018167735361823e-09
0.001,1.0,0.06940998547201,0.2258782763143731,8.79964498006804e-09
0.001,1.0,0.06940998547201,0.2537628013538671,8.520880934977798e-09
0.001,1.0,0.06940998547201,0.2850896527178103,8.22869481513264e-09
0.001,1.0,0.06940998547201,0.3202837833328603,7.94295743234895e-09
0.001,1.0,0.06940998547201,0.3598226062857105,7.674308644675628e-09
0.001,1.0,0.06940998547201,0.4042424709954335,7.425645987816956e-09
0.001,1.0,0.06940998547201,0.4541459388650518,7.194397446291132e-09
0.001,1.0,0.06940998547201,0.5102099571075231,6.9770341054733155e-09
0.001,1.0,0.06940998547201,0.573195041625182,6.770405083241778e-09
0.001,1.0,0.06940998547201,0.6439555935096224,6.564180865628663e-09
0.001,1.0,0.06940998547201,0.7234514891067266,6.333228720469177e-09
0.001,1.0,0.06940998547201,0.8127611008676167,6.0453052901582665e-09
0.001,1.0,0.06940998547201,0.9130959256151152,5.679924210500113e-09
0.001,1.0,0.06940998547201,1.0258170186601063,5.235157488114117e-09
0.001,1.0,0.06940998547201,1.1524534566987763,4.7315777492336255e-09
0.001,1.0,0.06940998547201,1.294723079942415,4.204680894992932e-09
0.001,1.0,0.06940998547201,1.4545557948495271,3.691799797849094e-09
0.001,1.0,0.06940998547201,1.6341197535649394,3.193977622818658e-09
0.001,1.0,0.06940998547201,1.835850765193496,2.6984647876280338e-09
0.001,1.0,0.06940998547201,2.062485337876194,2.227571862571202e-09
0.001,1.0,0.06940998547201,2.3170977998889395,1.810455944449136e-09
0.001,1.0,0.06940998547201,2.6031420033166066,1.46958195913773e-09
0.001,1.0,0.06940998547201,2.9244981760182918,1.193543302313022e-09
0.001,1.0,0.06940998547201,3.285525557436941,9.500113533335384e-10
0.001,1.0,0.06940998547201,3.6911215322651687,7.438527288633172e-10
0.001,1.0,0.06940998547201,4.1467880641233,5.844324479003847e-10
0.001,1.0,0.06940998547201,4.658706330431421,4.626694777400632e-10
0.001,1.0,0.06940998547201,5.233820570907402,3.5893032093039233e-10
0.001,1.0,0.06940998547201,5.879932287106996,2.753867890509082e-10
0.001,1.0,0.06940998547201,6.605806070835402,2.152746822177174e-10
0.001,1.0,0.06940998547201,7.421288497006765,1.6710880097090098e-10
0.001,1.0,0.06940998547201,8.337441693749241,1.2708681342426705e-10
0.001,1.0,0.06940998547201,9.366693401651878,9.81901963067366e-11
0.001,1.0,0.06940998547201,10.523005557727087,7.649612787370929e-11
0.001,1.0,0.06940998547201,11.822063690952728,5.8126990686629163e-11
0.001,1.0,0.06940998547201,13.281489698569583,4.477029453961386e-11
0.001,1.0,0.06940998547201,14.921080889473224,3.512197950981349e-11
0.001,1.0,0.06940998547201,16.763078537355728,2.681520206421748e-11
0.001,1.0,0.06940998547201,18.83246958655666,2.0818806186155072e-11
0.001,1.0,0.06940998547201,21.157325603303395,1.6518500517518233e-11
0.001,1.0,0.06940998547201,23.769183570259635,1.275074285780074e-11
0.001,1.0,0.06940998547201,26.70347368991138,1.0100834057561274e-11
0.001,1.0,0.06940998547201,30.0,8.199697396249072e-12
0.001,1.0,0.0742055696951029,0.1,6.249671589342927e-09
0.001,1.0,0.0742055696951029,0.1123449344020514,7.220634587627195e-09
0.001,1.0,0.0742055696951029,0.1262138428580125,7.924521966005907e-09
0.001,1.0,0.0742055696951029,0.1417948589651424,8.438928782394203e-09
0.001,1.0,0.0742055696951029,0.1592993412898707,8.759151197960101e-09
0.001,1.0,0.0742055696951029,0.1789647404750054,8.886647837826694e-09
0.001,1.0,0.0742055696951029,0.2010578202894464,8.843794115037853e-09
0.001,1.0,0.0742055696951029,0.2258782763143731,8.675928393863296e-09
0.001,1.0,0.0742055696951029,0.2537628013538671,8.437158787941858e-09
0.001,1.0,0.0742055696951029,0.2850896527178103,8.176854815283543e-09
0.001,1.0,0.0742055696951029,0.3202837833328603,7.918616945337352e-09
0.001,1.0,0.0742055696951029,0.3598226062857105,7.672677919277453e-09
0.001,1.0,0.0742055696951029,0.4042424709954335,7.443544773689923e-09
0.001,1.0,0.0742055696951029,0.4541459388650518,7.229805613845787e-09
0.001,1.0,0.0742055696951029,0.5102099571075231,7.027311211326053e-09
0.001,1.0,0.0742055696951029,0.573195041625182,6.8321060102155386e-09
0.001,1.0,0.0742055696951029,0.6439555935096224,6.63391202007308e-09
0.001,1.0,0.0742055696951029,0.7234514891067266,6.405875272088507e-09
0.001,1.0,0.0742055696951029,0.8127611008676167,6.117651714275142e-09
0.001,1.0,0.0742055696951029,0.9130959256151152,5.749760106504789e-09
0.001,1.0,0.0742055696951029,1.0258170186601063,5.299591836416158e-09
0.001,1.0,0.0742055696951029,1.1524534566987763,4.785607756840177e-09
0.001,1.0,0.0742055696951029,1.294723079942415,4.243146237209861e-09
0.001,1.0,0.0742055696951029,1.4545557948495271,3.71287928504411e-09
0.001,1.0,0.0742055696951029,1.6341197535649394,3.210291770151061e-09
0.001,1.0,0.0742055696951029,1.835850765193496,2.7160436363653607e-09
0.001,1.0,0.0742055696951029,2.062485337876194,2.243075944916873e-09
0.001,1.0,0.0742055696951029,2.3170977998889395,1.820386796080496e-09
0.001,1.0,0.0742055696951029,2.6031420033166066,1.4723724077862132e-09
0.001,1.0,0.0742055696951029,2.9244981760182918,1.195830395939716e-09
0.001,1.0,0.0742055696951029,3.285525557436941,9.548046417366378e-10
0.001,1.0,0.0742055696951029,3.6911215322651687,7.484330473053289e-10
0.001,1.0,0.0742055696951029,4.1467880641233,5.863911967124326e-10
0.001,1.0,0.0742055696951029,4.658706330431421,4.6439607203953735e-10
0.001,1.0,0.0742055696951029,5.233820570907402,3.611194495374901e-10
0.001,1.0,0.0742055696951029,5.879932287106996,2.7681055639707646e-10
0.001,1.0,0.0742055696951029,6.605806070835402,2.1550864203352922e-10
0.001,1.0,0.0742055696951029,7.421288497006765,1.6758355099748694e-10
0.001,1.0,0.0742055696951029,8.337441693749241,1.274450729696529e-10
0.001,1.0,0.0742055696951029,9.366693401651878,9.798748659128284e-11
0.001,1.0,0.0742055696951029,10.523005557727087,7.652138218807048e-11
0.001,1.0,0.0742055696951029,11.822063690952728,5.825779073954572e-11
0.001,1.0,0.0742055696951029,13.281489698569583,4.468394487576618e-11
0.001,1.0,0.0742055696951029,14.921080889473224,3.510893369863462e-11
0.001,1.0,0.0742055696951029,16.763078537355728,2.6868430369733114e-11
0.001,1.0,0.0742055696951029,18.83246958655666,2.076793942162012e-11
0.001,1.0,0.0742055696951029,21.157325603303395,1.650922493995843e-11
0.001,1.0,0.0742055696951029,23.769183570259635,1.277093427859481e-11
0.001,1.0,0.0742055696951029,26.70347368991138,1.0072030955700572e-11
0.001,1.0,0.0742055696951029,30.0,8.197487920022091e-12
0.001,1.0,0.0793324841711038,0.1,5.39626425706909e-09
0.001,1.0,0.0793324841711038,0.1123449344020514,6.5212520144849005e-09
0.001,1.0,0.0793324841711038,0.1262138428580125,7.3347587595047825e-09
0.001,1.0,0.0793324841711038,0.1417948589651424,7.941263306242528e-09
0.001,1.0,0.0793324841711038,0.1592993412898707,8.335836352485255e-09
0.001,1.0,0.0793324841711038,0.1789647404750054,8.524985989707222e-09
0.001,1.0,0.0793324841711038,0.2010578202894464,8.536618629672466e-09
0.001,1.0,0.0793324841711038,0.2258782763143731,8.415078429796452e-09
0.001,1.0,0.0793324841711038,0.2537628013538671,8.21479488378037e-09
0.001,1.0,0.0793324841711038,0.2850896527178103,7.986359476795526e-09
0.001,1.0,0.0793324841711038,0.3202837833328603,7.754859944302317e-09
0.001,1.0,0.0793324841711038,0.3598226062857105,7.53172090873883e-09
0.001,1.0,0.0793324841711038,0.4042424709954335,7.321941183809703e-09
0.001,1.0,0.0793324841711038,0.4541459388650518,7.125015473163347e-09
0.001,1.0,0.0793324841711038,0.5102099571075231,6.93769394302306e-09
0.001,1.0,0.0793324841711038,0.573195041625182,6.754637210639478e-09
0.001,1.0,0.0793324841711038,0.6439555935096224,6.565287319004229e-09
0.001,1.0,0.0793324841711038,0.7234514891067266,6.343100866795812e-09
0.001,1.0,0.0793324841711038,0.8127611008676167,6.059961638505017e-09
0.001,1.0,0.0793324841711038,0.9130959256151152,5.698082536899193e-09
0.001,1.0,0.0793324841711038,1.0258170186601063,5.254517699417454e-09
0.001,1.0,0.0793324841711038,1.1524534566987763,4.744862786633335e-09
0.001,1.0,0.0793324841711038,1.294723079942415,4.203158668526324e-09
0.001,1.0,0.0793324841711038,1.4545557948495271,3.6704847638873614e-09
0.001,1.0,0.0793324841711038,1.6341197535649394,3.1734399862153223e-09
0.001,1.0,0.0793324841711038,1.835850765193496,2.6953054834693684e-09
0.001,1.0,0.0793324841711038,2.062485337876194,2.2334987029673283e-09
0.001,1.0,0.0793324841711038,2.3170977998889395,1.8151703042173762e-09
0.001,1.0,0.0793324841711038,2.6031420033166066,1.464957280765202e-09
0.001,1.0,0.0793324841711038,2.9244981760182918,1.1876613236668872e-09
0.001,1.0,0.0793324841711038,3.285525557436941,9.504020718109573e-10
0.001,1.0,0.0793324841711038,3.6911215322651687,7.453844794267475e-10
0.001,1.0,0.0793324841711038,4.1467880641233,5.821907705940973e-10
0.001,1.0,0.0793324841711038,4.658706330431421,4.607104786652828e-10
0.001,1.0,0.0793324841711038,5.233820570907402,3.59418630574858e-10
0.001,1.0,0.0793324841711038,5.879932287106996,2.756626263836053e-10
0.001,1.0,0.0793324841711038,6.605806070835402,2.1405989979234238e-10
0.001,1.0,0.0793324841711038,7.421288497006765,1.6712861313556848e-10
0.001,1.0,0.0793324841711038,8.337441693749241,1.275231788630591e-10
0.001,1.0,0.0793324841711038,9.366693401651878,9.77397144746925e-11
0.001,1.0,0.0793324841711038,10.523005557727087,7.643564457772397e-11
0.001,1.0,0.0793324841711038,11.822063690952728,5.836948601772882e-11
0.001,1.0,0.0793324841711038,13.281489698569583,4.457618184960155e-11
0.001,1.0,0.0793324841711038,14.921080889473224,3.5061008878632184e-11
0.001,1.0,0.0793324841711038,16.763078537355728,2.691970411392817e-11
0.001,1.0,0.0793324841711038,18.83246958655666,2.071197793639391e-11
0.001,1.0,0.0793324841711038,21.157325603303395,1.6492052842177734e-11
0.001,1.0,0.0793324841711038,23.769183570259635,1.2797744918327548e-11
0.001,1.0,0.0793324841711038,26.70347368991138,1.0042171787471775e-11
0.001,1.0,0.0793324841711038,30.0,8.19105915493558e-12
0.001,1.0,0.0848136207378754,0.1,4.4844395560018845e-09
0.001,1.0,0.0848136207378754,0.1123449344020514,5.823478636915219e-09
0.001,1.0,0.0848136207378754,0.1262138428580125,6.778827002745589e-09
0.001,1.0,0.0848136207378754,0.1417948589651424,7.49194176040361e-09
0.001,1.0,0.0848136207378754,0.1592993412898707,7.971335740928305e-09
0.001,1.0,0.0848136207378754,0.1789647404750054,8.229161993604209e-09
0.001,1.0,0.0848136207378754,0.2010578202894464,8.296584169879614e-09
0.001,1.0,0.0848136207378754,0.2258782763143731,8.223092347288456e-09
0.001,1.0,0.0848136207378754,0.2537628013538671,8.062023967764036e-09
0.001,1.0,0.0848136207378754,0.2850896527178103,7.864880553356186e-09
0.001,1.0,0.0848136207378754,0.3202837833328603,7.660408916741404e-09
0.001,1.0,0.0848136207378754,0.3598226062857105,7.459856680593947e-09
0.001,1.0,0.0848136207378754,0.4042424709954335,7.2689300002141004e-09
0.001,1.0,0.0848136207378754,0.4541459388650518,7.088791389095134e-09
0.001,1.0,0.0848136207378754,0.5102099571075231,6.9161483410691566e-09
0.001,1.0,0.0848136207378754,0.573195041625182,6.745304532304261e-09
0.001,1.0,0.0848136207378754,0.6439555935096224,6.5644498266285565e-09
0.001,1.0,0.0848136207378754,0.7234514891067266,6.346887829524867e-09
0.001,1.0,0.0848136207378754,0.8127611008676167,6.066997714395992e-09
0.001,1.0,0.0848136207378754,0.9130959256151152,5.707724807058239e-09
0.001,1.0,0.0848136207378754,1.0258170186601063,5.265814838994342e-09
0.001,1.0,0.0848136207378754,1.1524534566987763,4.754819982698171e-09
0.001,1.0,0.0848136207378754,1.294723079942415,4.207010817270674e-09
0.001,1.0,0.0848136207378754,1.4545557948495271,3.663494983592837e-09
0.001,1.0,0.0848136207378754,1.6341197535649394,3.1591729961845534e-09
0.001,1.0,0.0848136207378754,1.835850765193496,2.6885852220677513e-09
0.001,1.0,0.0848136207378754,2.062485337876194,2.2334742294387503e-09
0.001,1.0,0.0848136207378754,2.3170977998889395,1.8166256385849173e-09
0.001,1.0,0.0848136207378754,2.6031420033166066,1.4628920455256888e-09
0.001,1.0,0.0848136207378754,2.9244981760182918,1.1829620846152933e-09
0.001,1.0,0.0848136207378754,3.285525557436941,9.493895034838139e-10
0.001,1.0,0.0848136207378754,3.6911215322651687,7.459472840602123e-10
0.001,1.0,0.0848136207378754,4.1467880641233,5.814916165051542e-10
0.001,1.0,0.0848136207378754,4.658706330431421,4.593438335386818e-10
0.001,1.0,0.0848136207378754,5.233820570907402,3.59595311564709e-10
0.001,1.0,0.0848136207378754,5.879932287106996,2.7607340247134814e-10
0.001,1.0,0.0848136207378754,6.605806070835402,2.135527941792006e-10
0.001,1.0,0.0848136207378754,7.421288497006765,1.6704830350918547e-10
0.001,1.0,0.0848136207378754,8.337441693749241,1.277310572559649e-10
0.001,1.0,0.0848136207378754,9.366693401651878,9.754623710466676e-11
0.001,1.0,0.0848136207378754,10.523005557727087,7.632019571582277e-11
0.001,1.0,0.0848136207378754,11.822063690952728,5.845433838748734e-11
0.001,1.0,0.0848136207378754,13.281489698569583,4.45011234812955e-11
0.001,1.0,0.0848136207378754,14.921080889473224,3.5002765981734355e-11
0.001,1.0,0.0848136207378754,16.763078537355728,2.6955888996602066e-11
0.001,1.0,0.0848136207378754,18.83246958655666,2.067072615635406e-11
0.001,1.0,0.0848136207378754,21.157325603303395,1.646536084184331e-11
0.001,1.0,0.0848136207378754,23.769183570259635,1.2819366486691974e-11
0.001,1.0,0.0848136207378754,26.70347368991138,1.0017983086618412e-11
0.001,1.0,0.0848136207378754,30.0,8.183619333936786e-12
0.001,1.0,0.0906734528462968,0.1,3.389403948627422e-09
0.001,1.0,0.0906734528462968,0.1123449344020514,5.0801768272311745e-09
0.001,1.0,0.0906734528462968,0.1262138428580125,6.204478600163043e-09
0.001,1.0,0.0906734528462968,0.1417948589651424,7.041549824522532e-09
0.001,1.0,0.0906734528462968,0.1592993412898707,7.610788936766984e-09
0.001,1.0,0.0906734528462968,0.1789647404750054,7.937789987288154e-09
0.001,1.0,0.0906734528462968,0.2010578202894464,8.062693508278313e-09
0.001,1.0,0.0906734528462968,0.2258782763143731,8.03537349225201e-09
0.001,1.0,0.0906734528462968,0.2537628013538671,7.913728663796618e-09
0.001,1.0,0.0906734528462968,0.2850896527178103,7.748153420336778e-09
0.001,1.0,0.0906734528462968,0.3202837833328603,7.569770754783876e-09
0.001,1.0,0.0906734528462968,0.3598226062857105,7.392006878701994e-09
0.001,1.0,0.0906734528462968,0.4042424709954335,7.219924679334417e-09
0.001,1.0,0.0906734528462968,0.4541459388650518,7.0558887274007024e-09
0.001,1.0,0.0906734528462968,0.5102099571075231,6.897900758407701e-09
0.001,1.0,0.0906734528462968,0.573195041625182,6.7391597911091125e-09
0.001,1.0,0.0906734528462968,0.6439555935096224,6.566672689855398e-09
0.001,1.0,0.0906734528462968,0.7234514891067266,6.3544511978348805e-09
0.001,1.0,0.0906734528462968,0.8127611008676167,6.0783581352918675e-09
0.001,1.0,0.0906734528462968,0.9130959256151152,5.722492554013291e-09
0.001,1.0,0.0906734528462968,1.0258170186601063,5.283181353166851e-09
0.001,1.0,0.0906734528462968,1.1524534566987763,4.771988100988283e-09
0.001,1.0,0.0906734528462968,1.294723079942415,4.219234730575241e-09
0.001,1.0,0.0906734528462968,1.4545557948495271,3.665040364513017e-09
0.001,1.0,0.0906734528462968,1.6341197535649394,3.149385140006366e-09
0.001,1.0,0.0906734528462968,1.835850765193496,2.6819358325280784e-09
0.001,1.0,0.0906734528462968,2.062485337876194,2.234332522332925e-09
0.001,1.0,0.0906734528462968,2.3170977998889395,1.819882550053851e-09
0.001,1.0,0.0906734528462968,2.6031420033166066,1.4632799761422644e-09
0.001,1.0,0.0906734528462968,2.9244981760182918,1.1793253808288418e-09
0.001,1.0,0.0906734528462968,3.285525557436941,9.48802587762224e-10
0.001,1.0,0.0906734528462968,3.6911215322651687,7.473318361530944e-10
0.001,1.0,0.0906734528462968,4.1467880641233,5.818059412011643e-10
0.001,1.0,0.0906734528462968,4.658706330431421,4.580487309381939e-10
0.001,1.0,0.0906734528462968,5.233820570907402,3.5956575463938114e-10
0.001,1.0,0.0906734528462968,5.879932287106996,2.7642861561213896e-10
0.001,1.0,0.0906734528462968,6.605806070835402,2.1289150365094497e-10
0.001,1.0,0.0906734528462968,7.421288497006765,1.6674496219697768e-10
0.001,1.0,0.0906734528462968,8.337441693749241,1.278830511207732e-10
0.001,1.0,0.0906734528462968,9.366693401651878,9.734921919408689e-11
0.001,1.0,0.0906734528462968,10.523005557727087,7.612247561269603e-11
0.001,1.0,0.0906734528462968,11.822063690952728,5.853647735075396e-11
0.001,1.0,0.0906734528462968,13.281489698569583,4.4437975019972675e-11
0.001,1.0,0.0906734528462968,14.921080889473224,3.490857475078867e-11
0.001,1.0,0.0906734528462968,16.763078537355728,2.6996052060678405e-11
0.001,1.0,0.0906734528462968,18.83246958655666,2.063595195306733e-11
0.001,1.0,0.0906734528462968,21.157325603303395,1.6429262355478764e-11
0.001,1.0,0.0906734528462968,23.769183570259635,1.28404752269275e-11
0.001,1.0,0.0906734528462968,26.70347368991138,9.994586820541199e-12
0.001,1.0,0.0906734528462968,30.0,8.169943072685886e-12
0.001,1.0,0.0969381448350081,0.1,1.6852087119337084e-09
0.001,1.0,0.0969381448350081,0.1123449344020514,4.236878370203016e-09
0.001,1.0,0.0969381448350081,0.1262138428580125,5.602858265231939e-09
0.001,1.0,0.0969381448350081,0.1417948589651424,6.585366137657812e-09
0.001,1.0,0.0969381448350081,0.1592993412898707,7.257280911161255e-09
0.001,1.0,0.0969381448350081,0.1789647404750054,7.658563325338225e-09
0.001,1.0,0.0969381448350081,0.2010578202894464,7.839680214371204e-09
0.001,1.0,0.0969381448350081,0.2258782763143731,7.86065325235367e-09
0.001,1.0,0.0969381448350081,0.2537628013538671,7.77735315495022e-09
0.001,1.0,0.0969381448350081,0.2850896527178103,7.64301426316491e-09
0.001,1.0,0.0969381448350081,0.3202837833328603,7.491499355130545e-09
0.001,1.0,0.0969381448350081,0.3598226062857105,7.335532261517274e-09
0.001,1.0,0.0969381448350081,0.4042424709954335,7.1823971408152705e-09
0.001,1.0,0.0969381448350081,0.4541459388650518,7.034551757755919e-09
0.001,1.0,0.0969381448350081,0.5102099571075231,6.89033837871812e-09
0.001,1.0,0.0969381448350081,0.573195041625182,6.743895071037988e-09
0.001,1.0,0.0969381448350081,0.6439555935096224,6.5796416882256e-09
0.001,1.0,0.0969381448350081,0.7234514891067266,6.373029755590379e-09
0.001,1.0,0.0969381448350081,0.8127611008676167,6.101664281364728e-09
0.001,1.0,0.0969381448350081,0.9130959256151152,5.749660312779721e-09
0.001,1.0,0.0969381448350081,1.0258170186601063,5.31356100615886e-09
0.001,1.0,0.0969381448350081,1.1524534566987763,4.803117788586139e-09
0.001,1.0,0.0969381448350081,1.294723079942415,4.245975318804549e-09
0.001,1.0,0.0969381448350081,1.4545557948495271,3.6808372932216054e-09
0.001,1.0,0.0969381448350081,1.6341197535649394,3.1505065979962983e-09
0.001,1.0,0.0969381448350081,1.835850765193496,2.678201292399917e-09
0.001,1.0,0.0969381448350081,2.062485337876194,2.236933767593627e-09
0.001,1.0,0.0969381448350081,2.3170977998889395,1.8248103412269424e-09
0.001,1.0,0.0969381448350081,2.6031420033166066,1.4654884831127194e-09
0.001,1.0,0.0969381448350081,2.9244981760182918,1.176499725535568e-09
0.001,1.0,0.0969381448350081,3.285525557436941,9.479803490482534e-10
0.001,1.0,0.0969381448350081,3.6911215322651687,7.491918758441536e-10
0.001,1.0,0.0969381448350081,4.1467880641233,5.833990814735311e-10
0.001,1.0,0.0969381448350081,4.658706330431421,4.577759630438096e-10
0.001,1.0,0.0969381448350081,5.233820570907402,3.604656593364252e-10
0.001,1.0,0.0969381448350081,5.879932287106996,2.7789706511718497e-10
0.001,1.0,0.0969381448350081,6.605806070835402,2.133367384392679e-10
0.001,1.0,0.0969381448350081,7.421288497006765,1.670592505284653e-10
0.001,1.0,0.0969381448350081,8.337441693749241,1.2853701240891313e-10
0.001,1.0,0.0969381448350081,9.366693401651878,9.759259172739593e-11
0.001,1.0,0.0969381448350081,10.523005557727087,7.61025929255495e-11
0.001,1.0,0.0969381448350081,11.822063690952728,5.865984974027506e-11
0.001,1.0,0.0969381448350081,13.281489698569583,4.442280779194121e-11
0.001,1.0,0.0969381448350081,14.921080889473224,3.4798969508638294e-11
0.001,1.0,0.0969381448350081,16.763078537355728,2.7018445809346865e-11
0.001,1.0,0.0969381448350081,18.83246958655666,2.061995755389941e-11
0.001,1.0,0.0969381448350081,21.157325603303395,1.6380340787127437e-11
0.001,1.0,0.0969381448350081,23.769183570259635,1.2858649617496932e-11
0.001,1.0,0.0969381448350081,26.70347368991138,9.977954841070422e-12
0.001,1.0,0.0969381448350081,30.0,8.15245816009775e-12
0.001,1.0,0.1036356687550228,0.1,2.3963090787524386e-10
0.001,1.0,0.1036356687550228,0.1123449344020514,3.143777247040112e-09
0.001,1.0,0.1036356687550228,0.1262138428580125,4.9013912979925544e-09
0.001,1.0,0.1036356687550228,0.1417948589651424,6.072115084378036e-09
0.001,1.0,0.1036356687550228,0.1592993412898707,6.8548342670320485e-09
0.001,1.0,0.1036356687550228,0.1789647404750054,7.332920348341061e-09
0.001,1.0,0.1036356687550228,0.2010578202894464,7.572348296407209e-09
0.001,1.0,0.1036356687550228,0.2258782763143731,7.63761504592034e-09
0.001,1.0,0.1036356687550228,0.2537628013538671,7.593642235642563e-09
0.001,1.0,0.1036356687550228,0.2850896527178103,7.490594550037641e-09
0.001,1.0,0.1036356687550228,0.3202837833328603,7.364686619229773e-09
0.001,1.0,0.1036356687550228,0.3598226062857105,7.23148498930768e-09
0.001,1.0,0.1036356687550228,0.4042424709954335,7.096871613308975e-09
0.001,1.0,0.1036356687550228,0.4541459388650518,6.964650487141364e-09
0.001,1.0,0.1036356687550228,0.5102099571075231,6.834545491968433e-09
0.001,1.0,0.1036356687550228,0.573195041625182,6.699923444274573e-09
0.001,1.0,0.1036356687550228,0.6439555935096224,6.544392679288443e-09
0.001,1.0,0.1036356687550228,0.7234514891067266,6.344953676671495e-09
0.001,1.0,0.1036356687550228,0.8127611008676167,6.08035442436989e-09
0.001,1.0,0.1036356687550228,0.9130959256151152,5.735510262995912e-09
0.001,1.0,0.1036356687550228,1.0258170186601063,5.306943086067883e-09
0.001,1.0,0.1036356687550228,1.1524534566987763,4.802752512095406e-09
0.001,1.0,0.1036356687550228,1.294723079942415,4.2479905896585645e-09
0.001,1.0,0.1036356687550228,1.4545557948495271,3.678802968792134e-09
0.001,1.0,0.1036356687550228,1.6341197535649394,3.1389453552639425e-09
0.001,1.0,0.1036356687550228,1.835850765193496,2.6607778398543073e-09
0.001,1.0,0.1036356687550228,2.062485337876194,2.228743159164177e-09
0.001,1.0,0.1036356687550228,2.3170977998889395,1.8234590737360204e-09
0.001,1.0,0.1036356687550228,2.6031420033166066,1.4645349372155039e-09
0.001,1.0,0.1036356687550228,2.9244981760182918,1.1710435867606097e-09
0.001,1.0,0.1036356687550228,3.285525557436941,9.424106279794831e-10
0.001,1.0,0.1036356687550228,3.6911215322651687,7.466154064185813e-10
0.001,1.0,0.1036356687550228,4.1467880641233,5.811293235180312e-10
0.001,1.0,0.1036356687550228,4.658706330431421,4.538293748389836e-10
0.001,1.0,0.1036356687550228,5.233820570907402,3.578151169172014e-10
0.001,1.0,0.1036356687550228,5.879932287106996,2.765410376056419e-10
0.001,1.0,0.1036356687550228,6.605806070835402,2.1180538794796477e-10
0.001,1.0,0.1036356687550228,7.421288497006765,1.6560040070921103e-10
0.001,1.0,0.1036356687550228,8.337441693749241,1.2797480041840127e-10
0.001,1.0,0.1036356687550228,9.366693401651878,9.719777363651721e-11
0.001,1.0,0.1036356687550228,10.523005557727087,7.557501833421499e-11
0.001,1.0,0.1036356687550228,11.822063690952728,5.857538328269112e-11
0.001,1.0,0.1036356687550228,13.281489698569583,4.441713925470779e-11
0.001,1.0,0.1036356687550228,14.921080889473224,3.4655933978218426e-11
0.001,1.0,0.1036356687550228,16.763078537355728,2.7033514252141e-11
0.001,1.0,0.1036356687550228,18.83246958655666,2.0614794227689857e-11
0.001,1.0,0.1036356687550228,21.157325603303395,1.6321441914926765e-11
0.001,1.0,0.1036356687550228,23.769183570259635,1.286755518169866e-11
0.001,1.0,0.1036356687550228,26.70347368991138,9.966612927391748e-12
0.001,1.0,0.1036356687550228,30.0,8.128813334262451e-12
0.001,1.0,0.1107959292658349,0.1,0.0
0.001,1.0,0.1107959292658349,0.1123449344020514,1.342226896806119e-09
0.001,1.0,0.1107959292658349,0.1262138428580125,4.071118886939485e-09
0.001,1.0,0.1107959292658349,0.1417948589651424,5.51510337607458e-09
0.001,1.0,0.1107959292658349,0.1592993412898707,6.446717202646817e-09
0.001,1.0,0.1107959292658349,0.1789647404750054,7.01329055072835e-09
0.001,1.0,0.1107959292658349,0.2010578202894464,7.313368974904164e-09
0.001,1.0,0.1107959292658349,0.2258782763143731,7.42792571214081e-09
0.001,1.0,0.1107959292658349,0.2537628013538671,7.421358923406023e-09
0.001,1.0,0.1107959292658349,0.2850896527178103,7.350349263546629e-09
0.001,1.0,0.1107959292658349,0.3202837833328603,7.2512520181183664e-09
0.001,1.0,0.1107959292658349,0.3598226062857105,7.139514329048889e-09
0.001,1.0,0.1107959292658349,0.4042424709954335,7.0241144770401395e-09
0.001,1.0,0.1107959292658349,0.4541459388650518,6.907628366308506e-09
0.001,1.0,0.1107959292658349,0.5102099571075231,6.790751800410968e-09
0.001,1.0,0.1107959292658349,0.573195041625182,6.66812042178576e-09
0.001,1.0,0.1107959292658349,0.6439555935096224,6.521292591238533e-09
0.001,1.0,0.1107959292658349,0.7234514891067266,6.329322166005043e-09
0.001,1.0,0.1107959292658349,0.8127611008676167,6.072221565091884e-09
0.001,1.0,0.1107959292658349,0.9130959256151152,5.735086287944518e-09
0.001,1.0,0.1107959292658349,1.0258170186601063,5.3145756068543605e-09
0.001,1.0,0.1107959292658349,1.1524534566987763,4.817547611732788e-09
0.001,1.0,0.1107959292658349,1.294723079942415,4.266037829215899e-09
0.001,1.0,0.1107959292658349,1.4545557948495271,3.693297908886953e-09
0.001,1.0,0.1107959292658349,1.6341197535649394,3.1430352725495764e-09
0.001,1.0,0.1107959292658349,1.835850765193496,2.6527355110512743e-09
0.001,1.0,0.1107959292658349,2.062485337876194,2.22397726300835e-09
0.001,1.0,0.1107959292658349,2.3170977998889395,1.8251392786351936e-09
0.001,1.0,0.1107959292658349,2.6031420033166066,1.467127450864997e-09
0.001,1.0,0.1107959292658349,2.9244981760182918,1.1697172943022661e-09
0.001,1.0,0.1107959292658349,3.285525557436941,9.392779630472113e-10
0.001,1.0,0.1107959292658349,3.6911215322651687,7.470104787790647e-10
0.001,1.0,0.1107959292658349,4.1467880641233,5.823904108116081e-10
0.001,1.0,0.1107959292658349,4.658706330431421,4.530895014184999e-10
0.001,1.0,0.1107959292658349,5.233820570907402,3.571903399648229e-10
0.001,1.0,0.1107959292658349,5.879932287106996,2.7692560041649483e-10
0.001,1.0,0.1107959292658349,6.605806070835402,2.117683693845112e-10
0.001,1.0,0.1107959292658349,7.421288497006765,1.6493113439834993e-10
0.001,1.0,0.1107959292658349,8.337441693749241,1.2794176373926761e-10
0.001,1.0,0.1107959292658349,9.366693401651878,9.718097234162186e-11
0.001,1.0,0.1107959292658349,10.523005557727087,7.518266152962277e-11
0.001,1.0,0.1107959292658349,11.822063690952728,5.849837977960146e-11
0.001,1.0,0.1107959292658349,13.281489698569583,4.441487792296695e-11
0.001,1.0,0.1107959292658349,14.921080889473224,3.445414247279844e-11
0.001,1.0,0.1107959292658349,16.763078537355728,2.698908188563221e-11
0.001,1.0,0.1107959292658349,18.83246958655666,2.0600697894299802e-11
0.001,1.0,0.1107959292658349,21.157325603303395,1.622199688837778e-11
0.001,1.0,0.1107959292658349,23.769183570259635,1.284762047298169e-11
0.001,1.0,0.1107959292658349,26.70347368991138,9.943374283109093e-12
0.001,1.0,0.1107959292658349,30.0,8.083406227284216e-12
0.001,1.0,0.1184508971606838,0.1,0.0
0.001,1.0,0.1184508971606838,0.1123449344020514,4.1753467449851807e-11
0.001,1.0,0.1184508971606838,0.1262138428580125,2.866605996042413e-09
0.001,1.0,0.1184508971606838,0.1417948589651424,4.861298761582766e-09
0.001,1.0,0.1184508971606838,0.1592993412898707,5.990253440541767e-09
0.001,1.0,0.1184508971606838,0.1789647404750054,6.667463650689569e-09
0.001,1.0,0.1184508971606838,0.2010578202894464,7.0372152821403645e-09
0.001,1.0,0.1184508971606838,0.2258782763143731,7.198989202983262e-09
0.001,1.0,0.1184508971606838,0.2537628013538671,7.234130442209469e-09
0.001,1.0,0.1184508971606838,0.2850896527178103,7.194665561809045e-09
0.001,1.0,0.1184508971606838,0.3202837833328603,7.121759467365806e-09
0.001,1.0,0.1184508971606838,0.3598226062857105,7.033555045819359e-09
0.001,1.0,0.1184508971606838,0.4042424709954335,6.9363681989290864e-09
0.001,1.0,0.1184508971606838,0.4541459388650518,6.835859897133912e-09
0.001,1.0,0.1184508971606838,0.5102099571075231,6.7327299236683486e-09
0.001,1.0,0.1184508971606838,0.573195041625182,6.621004520158393e-09
0.001,1.0,0.1184508971606838,0.6439555935096224,6.483935587408701e-09
0.001,1.0,0.1184508971606838,0.7234514891067266,6.300573807882766e-09
0.001,1.0,0.1184508971606838,0.8127611008676167,6.0521486023721195e-09
0.001,1.0,0.1184508971606838,0.9130959256151152,5.725106243222222e-09
0.001,1.0,0.1184508971606838,1.0258170186601063,5.315425136590963e-09
0.001,1.0,0.1184508971606838,1.1524534566987763,4.829265734717012e-09
0.001,1.0,0.1184508971606838,1.294723079942415,4.285875550332604e-09
0.001,1.0,0.1184508971606838,1.4545557948495271,3.714804028371664e-09
0.001,1.0,0.1184508971606838,1.6341197535649394,3.158676205090818e-09
0.001,1.0,0.1184508971606838,1.835850765193496,2.6571228406741057e-09
0.001,1.0,0.1184508971606838,2.062485337876194,2.2266114913585327e-09
0.001,1.0,0.1184508971606838,2.3170977998889395,1.8357864166214955e-09
0.001,1.0,0.1184508971606838,2.6031420033166066,1.4798696565999236e-09
0.001,1.0,0.1184508971606838,2.9244981760182918,1.1783123501848072e-09
0.001,1.0,0.1184508971606838,3.285525557436941,9.425006405292988e-10
0.001,1.0,0.1184508971606838,3.6911215322651687,7.514654190936495e-10
0.001,1.0,0.1184508971606838,4.1467880641233,5.866358273189356e-10
0.001,1.0,0.1184508971606838,4.658706330431421,4.5451922049601207e-10
0.001,1.0,0.1184508971606838,5.233820570907402,3.5712231006045347e-10
0.001,1.0,0.1184508971606838,5.879932287106996,2.775019294479991e-10
0.001,1.0,0.1184508971606838,6.605806070835402,2.1184369781871015e-10
0.001,1.0,0.1184508971606838,7.421288497006765,1.6406742863792422e-10
0.001,1.0,0.1184508971606838,8.337441693749241,1.277514481318778e-10
0.001,1.0,0.1184508971606838,9.366693401651878,9.719850421173143e-11
0.001,1.0,0.1184508971606838,10.523005557727087,7.47790742345455e-11
0.001,1.0,0.1184508971606838,11.822063690952728,5.837510498123738e-11
0.001,1.0,0.1184508971606838,13.281489698569583,4.442561060521389e-11
0.001,1.0,0.1184508971606838,14.921080889473224,3.426895065921592e-11
0.001,1.0,0.1184508971606838,16.763078537355728,2.6929997575196882e-11
0.001,1.0,0.1184508971606838,18.83246958655666,2.05932957082219e-11
0.001,1.0,0.1184508971606838,21.157325603303395,1.6125700724394852e-11
0.001,1.0,0.1184508971606838,23.769183570259635,1.2819128383409364e-11
0.001,1.0,0.1184508971606838,26.70347368991138,9.928512800441528e-12
0.001,1.0,0.1184508971606838,30.0,8.03511208032682e-12
0.001,1.0,0.1266347521171734,0.1,0.0
0.001,1.0,0.1266347521171734,0.1123449344020514,0.0
0.001,1.0,0.1266347521171734,0.1262138428580125,9.526302968381593e-10
0.001,1.0,0.1266347521171734,0.1417948589651424,3.9770112702014745e-09
0.001,1.0,0.1266347521171734,0.1592993412898707,5.436930331707797e-09
0.001,1.0,0.1266347521171734,0.1789647404750054,6.254922742433808e-09
0.001,1.0,0.1266347521171734,0.2010578202894464,6.706096340380813e-09
0.001,1.0,0.1266347521171734,0.2258782763143731,6.925550251109489e-09
0.001,1.0,0.1266347521171734,0.2537628013538671,6.999733373544308e-09
0.001,1.0,0.1266347521171734,0.2850896527178103,6.995682407827148e-09
0.001,1.0,0.1266347521171734,0.3202837833328603,6.950475744301797e-09
0.001,1.0,0.1266347521171734,0.3598226062857105,6.884317801669548e-09
0.001,1.0,0.1266347521171734,0.4042424709954335,6.807509522621938e-09
0.001,1.0,0.1266347521171734,0.4541459388650518,6.722950560836899e-09
0.001,1.0,0.1266347521171734,0.5102099571075231,6.632889091318341e-09
0.001,1.0,0.1266347521171734,0.573195041625182,6.532741400742597e-09
0.001,1.0,0.1266347521171734,0.6439555935096224,6.405259704568706e-09
0.001,1.0,0.1266347521171734,0.7234514891067266,6.231137366558892e-09
0.001,1.0,0.1266347521171734,0.8127611008676167,5.992523782400682e-09
0.001,1.0,0.1266347521171734,0.9130959256151152,5.6759251089794856e-09
0.001,1.0,0.1266347521171734,1.0258170186601063,5.278186862844145e-09
0.001,1.0,0.1266347521171734,1.1524534566987763,4.804883662148553e-09
0.001,1.0,0.1266347521171734,1.294723079942415,4.272119157159322e-09
0.001,1.0,0.1266347521171734,1.4545557948495271,3.7064356607959343e-09
0.001,1.0,0.1266347521171734,1.6341197535649394,3.1478671439916203e-09
0.001,1.0,0.1266347521171734,1.835850765193496,2.636924784151029e-09
0.001,1.0,0.1266347521171734,2.062485337876194,2.200523738698633e-09
0.001,1.0,0.1266347521171734,2.3170977998889395,1.818852073807176e-09
0.001,1.0,0.1266347521171734,2.6031420033166066,1.469565153583488e-09
0.001,1.0,0.1266347521171734,2.9244981760182918,1.1687675824230534e-09
0.001,1.0,0.1266347521171734,3.285525557436941,9.305955679255784e-10
0.001,1.0,0.1266347521171734,3.6911215322651687,7.436136291112634e-10
0.001,1.0,0.1266347521171734,4.1467880641233,5.826125477025896e-10
0.001,1.0,0.1266347521171734,4.658706330431421,4.510247693785408e-10
0.001,1.0,0.1266347521171734,5.233820570907402,3.5356980795063814e-10
0.001,1.0,0.1266347521171734,5.879932287106996,2.762432178979e-10
0.001,1.0,0.1266347521171734,6.605806070835402,2.1146176469155693e-10
0.001,1.0,0.1266347521171734,7.421288497006765,1.6304827125723718e-10
0.001,1.0,0.1266347521171734,8.337441693749241,1.2729505607999377e-10
0.001,1.0,0.1266347521171734,9.366693401651878,9.711296976875366e-11
0.001,1.0,0.1266347521171734,10.523005557727087,7.432129148500583e-11
0.001,1.0,0.1266347521171734,11.822063690952728,5.8130717426239466e-11
0.001,1.0,0.1266347521171734,13.281489698569583,4.438702559766525e-11
0.001,1.0,0.1266347521171734,14.921080889473224,3.4045762972512696e-11
0.001,1.0,0.1266347521171734,16.763078537355728,2.6816045665031572e-11
0.001,1.0,0.1266347521171734,18.83246958655666,2.0588395395246598e-11
0.001,1.0,0.1266347521171734,21.157325603303395,1.6010478867434184e-11
0.001,1.0,0.1266347521171734,23.769183570259635,1.2777647509905576e-11
0.001,1.0,0.1266347521171734,26.70347368991138,9.924134287053517e-12
0.001,1.0,0.1266347521171734,30.0,7.978839683398611e-12
0.001,1.0,0.1353840353106312,0.1,0.0
0.001,1.0,0.1353840353106312,0.1123449344020514,0.0
0.001,1.0,0.1353840353106312,0.1262138428580125,0.0
0.001,1.0,0.1353840353106312,0.1417948589651424,2.49517489633151e-09
0.001,1.0,0.1353840353106312,0.1592993412898707,4.78503505247587e-09
0.001,1.0,0.1353840353106312,0.1789647404750054,5.8273533268262936e-09
0.001,1.0,0.1353840353106312,0.2010578202894464,6.387486666326528e-09
0.001,1.0,0.1353840353106312,0.2258782763143731,6.669410231524727e-09
0.001,1.0,0.1353840353106312,0.2537628013538671,6.793955785335783e-09
0.001,1.0,0.1353840353106312,0.2850896527178103,6.824159683187661e-09
0.001,1.0,0.1353840353106312,0.3202837833328603,6.808334214616998e-09
0.001,1.0,0.1353840353106312,0.3598226062857105,6.767855609011507e-09
0.001,1.0,0.1353840353106312,0.4042424709954335,6.709967980545157e-09
0.001,1.0,0.1353840353106312,0.4541459388650518,6.642719154797761e-09
0.001,1.0,0.1353840353106312,0.5102099571075231,6.566881327615396e-09
0.001,1.0,0.1353840353106312,0.573195041625182,6.477172966275094e-09
0.001,1.0,0.1353840353106312,0.6439555935096224,6.360033604016106e-09
0.001,1.0,0.1353840353106312,0.7234514891067266,6.195622455734961e-09
0.001,1.0,0.1353840353106312,0.8127611008676167,5.966357279434318e-09
0.001,1.0,0.1353840353106312,0.9130959256151152,5.659671533849211e-09
0.001,1.0,0.1353840353106312,1.0258170186601063,5.272577271789753e-09
0.001,1.0,0.1353840353106312,1.1524534566987763,4.811594395354527e-09
0.001,1.0,0.1353840353106312,1.294723079942415,4.289905556080039e-09
0.001,1.0,0.1353840353106312,1.4545557948495271,3.7298205121232716e-09
0.001,1.0,0.1353840353106312,1.6341197535649394,3.168880543358755e-09
0.001,1.0,0.1353840353106312,1.835850765193496,2.646821860913404e-09
0.001,1.0,0.1353840353106312,2.062485337876194,2.1964903000630996e-09
0.001,1.0,0.1353840353106312,2.3170977998889395,1.8161375423479442e-09
0.001,1.0,0.1353840353106312,2.6031420033166066,1.4708202485823131e-09
0.001,1.0,0.1353840353106312,2.9244981760182918,1.1689053566793952e-09
0.001,1.0,0.1353840353106312,3.285525557436941,9.259589430927625e-10
0.001,1.0,0.1353840353106312,3.6911215322651687,7.394480427632823e-10
0.001,1.0,0.1353840353106312,4.1467880641233,5.814005338815286e-10
0.001,1.0,0.1353840353106312,4.658706330431421,4.498964725667178e-10
0.001,1.0,0.1353840353106312,5.233820570907402,3.510164363564001e-10
0.001,1.0,0.1353840353106312,5.879932287106996,2.7525922741924164e-10
0.001,1.0,0.1353840353106312,6.605806070835402,2.1128647779929998e-10
0.001,1.0,0.1353840353106312,7.421288497006765,1.6218928565555912e-10
0.001,1.0,0.1353840353106312,8.337441693749241,1.268720939943988e-10
0.001,1.0,0.1353840353106312,9.366693401651878,9.717993491253792e-11
0.001,1.0,0.1353840353106312,10.523005557727087,7.409145762130052e-11
0.001,1.0,0.1353840353106312,11.822063690952728,5.799714762891953e-11
0.001,1.0,0.1353840353106312,13.281489698569583,4.449670301100103e-11
0.001,1.0,0.1353840353106312,14.921080889473224,3.397479482019673e-11
0.001,1.0,0.1353840353106312,16.763078537355728,2.6791528472370606e-11
0.001,1.0,0.1353840353106312,18.83246958655666,2.066538858529705e-11
0.001,1.0,0.1353840353106312,21.157325603303395,1.5983226291067277e-11
0.001,1.0,0.1353840353106312,23.769183570259635,1.2784798691749093e-11
0.001,1.0,0.1353840353106312,26.70347368991138,9.957827564156287e-12
0.001,1.0,0.1353840353106312,30.0,7.951943782025255e-12
0.001,1.0,0.1447378125716298,0.1,0.0
0.001,1.0,0.1447378125716298,0.1123449344020514,0.0
0.001,1.0,0.1447378125716298,0.1262138428580125,0.0
0.001,1.0,0.1447378125716298,0.1417948589651424,6.051104878343411e-10
0.001,1.0,0.1447378125716298,0.1592993412898707,3.825744131280796e-09
0.001,1.0,0.1447378125716298,0.1789647404750054,5.268140039027644e-09
0.001,1.0,0.1447378125716298,0.2010578202894464,6.000909072414707e-09
0.001,1.0,0.1447378125716298,0.2258782763143731,6.372703890604019e-09
0.001,1.0,0.1447378125716298,0.2537628013538671,6.546782866413598e-09
0.001,1.0,0.1447378125716298,0.2850896527178103,6.621365240370092e-09
0.001,1.0,0.1447378125716298,0.3202837833328603,6.637149440757276e-09
0.001,1.0,0.1447378125716298,0.3598226062857105,6.621523679425709e-09
0.001,1.0,0.1447378125716298,0.4042424709954335,6.587208629746376e-09
0.001,1.0,0.1447378125716298,0.4541459388650518,6.536923513188197e-09
0.001,1.0,0.1447378125716298,0.5102099571075231,6.475355359365748e-09
0.001,1.0,0.1447378125716298,0.573195041625182,6.3980817723184695e-09
0.001,1.0,0.1447378125716298,0.6439555935096224,6.290801011436133e-09
0.001,1.0,0.1447378125716298,0.7234514891067266,6.1369906524410035e-09
0.001,1.0,0.1447378125716298,0.8127611008676167,5.914719905625011e-09
0.001,1.0,0.1447378125716298,0.9130959256151152,5.606175439187255e-09
0.001,1.0,0.1447378125716298,1.0258170186601063,5.218375973626852e-09
0.001,1.0,0.1447378125716298,1.1524534566987763,4.769184083682411e-09
0.001,1.0,0.1447378125716298,1.294723079942415,4.263875708526006e-09
0.001,1.0,0.1447378125716298,1.4545557948495271,3.7179352482165376e-09
0.001,1.0,0.1447378125716298,1.6341197535649394,3.163797844650369e-09
0.001,1.0,0.1447378125716298,1.835850765193496,2.639609269716776e-09
0.001,1.0,0.1447378125716298,2.062485337876194,2.1811663911805485e-09
0.001,1.0,0.1447378125716298,2.3170977998889395,1.8012140376823136e-09
0.001,1.0,0.1447378125716298,2.6031420033166066,1.465446442306949e-09
0.001,1.0,0.1447378125716298,2.9244981760182918,1.1672815522939443e-09
0.001,1.0,0.1447378125716298,3.285525557436941,9.220491952954492e-10
0.001,1.0,0.1447378125716298,3.6911215322651687,7.34621311373008e-10
0.001,1.0,0.1447378125716298,4.1467880641233,5.800715897258966e-10
0.001,1.0,0.1447378125716298,4.658706330431421,4.493590633751517e-10
0.001,1.0,0.1447378125716298,5.233820570907402,3.4879124356858443e-10
0.001,1.0,0.1447378125716298,5.879932287106996,2.738961860987828e-10
0.001,1.0,0.1447378125716298,6.605806070835402,2.1082193258418988e-10
0.001,1.0,0.1447378125716298,7.421288497006765,1.6112056453637066e-10
0.001,1.0,0.1447378125716298,8.337441693749241,1.25880748865707e-10
0.001,1.0,0.1447378125716298,9.366693401651878,9.67993539426145e-11
0.001,1.0,0.1447378125716298,10.523005557727087,7.352216489759429e-11
0.001,1.0,0.1447378125716298,11.822063690952728,5.7423254333803726e-11
0.001,1.0,0.1447378125716298,13.281489698569583,4.4246257191325e-11
0.001,1.0,0.1447378125716298,14.921080889473224,3.364228692918619e-11
0.001,1.0,0.1447378125716298,16.763078537355728,2.6509237354670334e-11
0.001,1.0,0.1447378125716298,18.83246958655666,2.0533147905515185e-11
0.001,1.0,0.1447378125716298,21.157325603303395,1.5809271648994232e-11
0.001,1.0,0.1447378125716298,23.769183570259635,1.2658964015416861e-11
0.001,1.0,0.1447378125716298,26.70347368991138,9.909578209438627e-12
0.001,1.0,0.1447378125716298,30.0,7.865547100432347e-12
0.001,1.0,0.1547378488161755,0.1,0.0
0.001,1.0,0.1547378488161755,0.1123449344020514,0.0
0.001,1.0,0.1547378488161755,0.1262138428580125,0.0
0.001,1.0,0.1547378488161755,0.1417948589651424,0.0
0.001,1.0,0.1547378488161755,0.1592993412898707,2.046146543235101e-09
0.001,1.0,0.1547378488161755,0.1789647404750054,4.633948141927196e-09
0.001,1.0,0.1547378488161755,0.2010578202894464,5.6732014813377436e-09
0.001,1.0,0.1547378488161755,0.2258782763143731,6.18124237297463e-09
0.001,1.0,0.1547378488161755,0.2537628013538671,6.432580160488256e-09
0.001,1.0,0.1547378488161755,0.2850896527178103,6.551321476027307e-09
0.001,1.0,0.1547378488161755,0.3202837833328603,6.6059039807623496e-09
0.001,1.0,0.1547378488161755,0.3598226062857105,6.621624336340379e-09
0.001,1.0,0.1547378488161755,0.4042424709954335,6.609193427873445e-09
0.001,1.0,0.1547378488161755,0.4541459388650518,6.5799366722102615e-09
0.001,1.0,0.1547378488161755,0.5102099571075231,6.5344276241762e-09
0.001,1.0,0.1547378488161755,0.573195041625182,6.4685179798100235e-09
0.001,1.0,0.1547378488161755,0.6439555935096224,6.372729654622345e-09
0.001,1.0,0.1547378488161755,0.7234514891067266,6.226052688892124e-09
0.001,1.0,0.1547378488161755,0.8127611008676167,5.9979654716586605e-09
0.001,1.0,0.1547378488161755,0.9130959256151152,5.673529516899353e-09
0.001,1.0,0.1547378488161755,1.0258170186601063,5.263363834216002e-09
0.001,1.0,0.1547378488161755,1.1524534566987763,4.798518175341748e-09
0.001,1.0,0.1547378488161755,1.294723079942415,4.299027489896584e-09
0.001,1.0,0.1547378488161755,1.4545557948495271,3.762330177778241e-09
0.001,1.0,0.1547378488161755,1.6341197535649394,3.210425328052218e-09
0.001,1.0,0.1547378488161755,1.835850765193496,2.6788194650879165e-09
0.001,1.0,0.1547378488161755,2.062485337876194,2.2046547008866587e-09
0.001,1.0,0.1547378488161755,2.3170977998889395,1.811136219838556e-09
0.001,1.0,0.1547378488161755,2.6031420033166066,1.4761641974064303e-09
0.001,1.0,0.1547378488161755,2.9244981760182918,1.1769174325043756e-09
0.001,1.0,0.1547378488161755,3.285525557436941,9.262696557442764e-10
0.001,1.0,0.1547378488161755,3.6911215322651687,7.336306189779933e-10
0.001,1.0,0.1547378488161755,4.1467880641233,5.807253590068022e-10
0.001,1.0,0.1547378488161755,4.658706330431421,4.504650929801415e-10
0.001,1.0,0.1547378488161755,5.233820570907402,3.4785853060757175e-10
0.001,1.0,0.1547378488161755,5.879932287106996,2.73082278212258e-10
0.001,1.0,0.1547378488161755,6.605806070835402,2.1103592881121009e-10
0.001,1.0,0.1547378488161755,7.421288497006765,1.6092256919695328e-10
0.001,1.0,0.1547378488161755,8.337441693749241,1.2527962216014936e-10
0.001,1.0,0.1547378488161755,9.366693401651878,9.675349618365333e-11
0.001,1.0,0.1547378488161755,10.523005557727087,7.333370057010093e-11
0.001,1.0,0.1547378488161755,11.822063690952728,5.702586082914624e-11
0.001,1.0,0.1547378488161755,13.281489698569583,4.4100904120579585e-11
0.001,1.0,0.1547378488161755,14.921080889473224,3.3463043691826935e-11
0.001,1.0,0.1547378488161755,16.763078537355728,2.6275660297873866e-11
0.001,1.0,0.1547378488161755,18.83246958655666,2.0469359604374464e-11
0.001,1.0,0.1547378488161755,21.157325603303395,1.5715017286513894e-11
0.001,1.0,0.1547378488161755,23.769183570259635,1.2569938507353505e-11
0.001,1.0,0.1547378488161755,26.70347368991138,9.889683930598569e-12
0.001,1.0,0.1547378488161755,30.0,7.816165095905716e-12
0.001,1.0,0.1654287945274008,0.1,0.0
0.001,1.0,0.1654287945274008,0.1123449344020514,0.0
0.001,1.0,0.1654287945274008,0.1262138428580125,0.0
0.001,1.0,0.1654287945274008,0.1417948589651424,0.0
0.001,1.0,0.1654287945274008,0.1592993412898707,2.716852374543528e-10
0.001,1.0,0.1654287945274008,0.1789647404750054,3.5379376271936987e-09
0.001,1.0,0.1654287945274008,0.2010578202894464,5.124189205867099e-09
0.001,1.0,0.1654287945274008,0.2258782763143731,5.847697426617337e-09
0.001,1.0,0.1654287945274008,0.2537628013538671,6.189349434376848e-09
0.001,1.0,0.1654287945274008,0.2850896527178103,6.374684079518722e-09
0.001,1.0,0.1654287945274008,0.3202837833328603,6.47105615195684e-09
0.001,1.0,0.1654287945274008,0.3598226062857105,6.519653221598714e-09
0.001,1.0,0.1654287945274008,0.4042424709954335,6.537891144437461e-09
0.001,1.0,0.1654287945274008,0.4541459388650518,6.528910367397095e-09
0.001,1.0,0.1654287945274008,0.5102099571075231,6.50090762017424e-09
0.001,1.0,0.1654287945274008,0.573195041625182,6.450369135465209e-09
0.001,1.0,0.1654287945274008,0.6439555935096224,6.364904081017164e-09
0.001,1.0,0.1654287945274008,0.7234514891067266,6.221689296473995e-09
0.001,1.0,0.1654287945274008,0.8127611008676167,5.986776433858059e-09
0.001,1.0,0.1654287945274008,0.9130959256151152,5.647198353466856e-09
0.001,1.0,0.1654287945274008,1.0258170186601063,5.2170502953908735e-09
0.001,1.0,0.1654287945274008,1.1524534566987763,4.730262134381016e-09
0.001,1.0,0.1654287945274008,1.294723079942415,4.22293335354868e-09
0.001,1.0,0.1654287945274008,1.4545557948495271,3.7047757323186554e-09
0.001,1.0,0.1654287945274008,1.6341197535649394,3.170377596828788e-09
0.001,1.0,0.1654287945274008,1.835850765193496,2.648529616998933e-09
0.001,1.0,0.1654287945274008,2.062485337876194,2.175564221851383e-09
0.001,1.0,0.1654287945274008,2.3170977998889395,1.7789008671095833e-09
0.001,1.0,0.1654287945274008,2.6031420033166066,1.45353294639105e-09
0.001,1.0,0.1654287945274008,2.9244981760182918,1.165044637514e-09
0.001,1.0,0.1654287945274008,3.285525557436941,9.180180090868245e-10
0.001,1.0,0.1654287945274008,3.6911215322651687,7.241017175683493e-10
0.001,1.0,0.1654287945274008,4.1467880641233,5.747504965266636e-10
0.001,1.0,0.1654287945274008,4.658706330431421,4.4753950371479894e-10
0.001,1.0,0.1654287945274008,5.233820570907402,3.4484038105951105e-10
0.001,1.0,0.1654287945274008,5.879932287106996,2.6992921169850073e-10
0.001,1.0,0.1654287945274008,6.605806070835402,2.095265722310197e-10
0.001,1.0,0.1654287945274008,7.421288497006765,1.5973571767008202e-10
0.001,1.0,0.1654287945274008,8.337441693749241,1.2372757953235902e-10
0.001,1.0,0.1654287945274008,9.366693401651878,9.602253886898956e-11
0.001,1.0,0.1654287945274008,10.523005557727087,7.287473534418329e-11
0.001,1.0,0.1654287945274008,11.822063690952728,5.636909325017008e-11
0.001,1.0,0.1654287945274008,13.281489698569583,4.3855419049775034e-11
0.001,1.0,0.1654287945274008,14.921080889473224,3.3320147301899315e-11
0.001,1.0,0.1654287945274008,16.763078537355728,2.6033094389682543e-11
0.001,1.0,0.1654287945274008,18.83246958655666,2.0382140622371684e-11
0.001,1.0,0.1654287945274008,21.157325603303395,1.5624407958593783e-11
0.001,1.0,0.1654287945274008,23.769183570259635,1.2461777110861516e-11
0.001,1.0,0.1654287945274008,26.70347368991138,9.860176468194001e-12
0.001,1.0,0.1654287945274008,30.0,7.760875396795608e-12
0.001,1.0,0.1768583851214056,0.1,0.0
0.001,1.0,0.1768583851214056,0.1123449344020514,0.0
0.001,1.0,0.1768583851214056,0.1262138428580125,0.0
0.001,1.0,0.1768583851214056,0.1417948589651424,0.0
0.001,1.0,0.1768583851214056,0.1592993412898707,0.0
0.001,1.0,0.1768583851214056,0.1789647404750054,1.515500202066283e-09
0.001,1.0,0.1768583851214056,0.2010578202894464,4.455406120114333e-09
0.001,1.0,0.1768583851214056,0.2258782763143731,5.526456261592792e-09
0.001,1.0,0.1768583851214056,0.2537628013538671,6.031913978861073e-09
0.001,1.0,0.1768583851214056,0.2850896527178103,6.28836500323772e-09
0.001,1.0,0.1768583851214056,0.3202837833328603,6.445057395585595e-09
0.001,1.0,0.1768583851214056,0.3598226062857105,6.537570877649063e-09
0.001,1.0,0.1768583851214056,0.4042424709954335,6.584919053567392e-09
0.001,1.0,0.1768583851214056,0.4541459388650518,6.6048050849538065e-09
0.001,1.0,0.1768583851214056,0.5102099571075231,6.5973560568911396e-09
0.001,1.0,0.1768583851214056,0.573195041625182,6.561149637907851e-09
0.001,1.0,0.1768583851214056,0.6439555935096224,6.487623479214978e-09
0.001,1.0,0.1768583851214056,0.7234514891067266,6.343512542919435e-09
0.001,1.0,0.1768583851214056,0.8127611008676167,6.099922103971978e-09
0.001,1.0,0.1768583851214056,0.9130959256151152,5.746487386293495e-09
0.001,1.0,0.1768583851214056,1.0258170186601063,5.294046208920237e-09
0.001,1.0,0.1768583851214056,1.1524534566987763,4.778417537662025e-09
0.001,1.0,0.1768583851214056,1.294723079942415,4.241737745742548e-09
0.001,1.0,0.1768583851214056,1.4545557948495271,3.7167031955514553e-09
0.001,1.0,0.1768583851214056,1.6341197535649394,3.1918613871397368e-09
0.001,1.0,0.1768583851214056,1.835850765193496,2.6722436534717786e-09
0.001,1.0,0.1768583851214056,2.062485337876194,2.191940915842143e-09
0.001,1.0,0.1768583851214056,2.3170977998889395,1.7813045778557454e-09
0.001,1.0,0.1768583851214056,2.6031420033166066,1.4497334859390233e-09
0.001,1.0,0.1768583851214056,2.9244981760182918,1.1644084253607645e-09
0.001,1.0,0.1768583851214056,3.285525557436941,9.166770829525773e-10
0.001,1.0,0.1768583851214056,3.6911215322651687,7.18395087195942e-10
0.001,1.0,0.1768583851214056,4.1467880641233,5.694740465955009e-10
0.001,1.0,0.1768583851214056,4.658706330431421,4.4509351495117593e-10
0.001,1.0,0.1768583851214056,5.233820570907402,3.4247412759268356e-10
0.001,1.0,0.1768583851214056,5.879932287106996,2.667452459682467e-10
0.001,1.0,0.1768583851214056,6.605806070835402,2.0791707992354094e-10
0.001,1.0,0.1768583851214056,7.421288497006765,1.5871478934283034e-10
0.001,1.0,0.1768583851214056,8.337441693749241,1.2223632608731767e-10
0.001,1.0,0.1768583851214056,9.366693401651878,9.525623981401144e-11
0.001,1.0,0.1768583851214056,10.523005557727087,7.249985548338916e-11
0.001,1.0,0.1768583851214056,11.822063690952728,5.576058901365097e-11
0.001,1.0,0.1768583851214056,13.281489698569583,4.3539441707396064e-11
0.001,1.0,0.1768583851214056,14.921080889473224,3.316376727979795e-11
0.001,1.0,0.1768583851214056,16.763078537355728,2.573798143220365e-11
0.001,1.0,0.1768583851214056,18.83246958655666,2.024916983840263e-11
0.001,1.0,0.1768583851214056,21.157325603303395,1.5536453083905266e-11
0.001,1.0,0.1768583851214056,23.769183570259635,1.2334421568504065e-11
0.001,1.0,0.1768583851214056,26.70347368991138,9.808115303478508e-12
0.001,1.0,0.1768583851214056,30.0,7.709588378272125e-12
0.001,1.0,0.1890776540874238,0.1,0.0
0.001,1.0,0.1890776540874238,0.1123449344020514,0.0
0.001,1.0,0.1890776540874238,0.1262138428580125,0.0
0.001,1.0,0.1890776540874238,0.1417948589651424,0.0
0.001,1.0,0.1890776540874238,0.1592993412898707,0.0
0.001,1.0,0.1890776540874238,0.1789647404750054,2.8612692996473764e-11
0.001,1.0,0.1890776540874238,0.2010578202894464,3.1652993548559183e-09
0.001,1.0,0.1890776540874238,0.2258782763143731,4.962723629769636e-09
0.001,1.0,0.1890776540874238,0.2537628013538671,5.680336890946905e-09
0.001,1.0,0.1890776540874238,0.2850896527178103,6.062482247981439e-09
0.001,1.0,0.1890776540874238,0.3202837833328603,6.286357825045596e-09
0.001,1.0,0.1890776540874238,0.3598226062857105,6.4312381488020006e-09
0.001,1.0,0.1890776540874238,0.4042424709954335,6.52502156710561e-09
0.001,1.0,0.1890776540874238,0.4541459388650518,6.573402907104436e-09
0.001,1.0,0.1890776540874238,0.5102099571075231,6.591139437611591e-09
0.001,1.0,0.1890776540874238,0.573195041625182,6.576561589696158e-09
0.001,1.0,0.1890776540874238,0.6439555935096224,6.511834381487248e-09
0.001,1.0,0.1890776540874238,0.7234514891067266,6.369810127490816e-09
0.001,1.0,0.1890776540874238,0.8127611008676167,6.123973402337729e-09
0.001,1.0,0.1890776540874238,0.9130959256151152,5.762488284560283e-09
0.001,1.0,0.1890776540874238,1.0258170186601063,5.298236870461385e-09
0.001,1.0,0.1890776540874238,1.1524534566987763,4.763655470610029e-09
0.001,1.0,0.1890776540874238,1.294723079942415,4.201820236653536e-09
0.001,1.0,0.1890776540874238,1.4545557948495271,3.6600866984390396e-09
0.001,1.0,0.1890776540874238,1.6341197535649394,3.148661003169625e-09
0.001,1.0,0.1890776540874238,1.835850765193496,2.645294346842445e-09
0.001,1.0,0.1890776540874238,2.062485337876194,2.172861922666905e-09
0.001,1.0,0.1890776540874238,2.3170977998889395,1.7608515415968614e-09
0.001,1.0,0.1890776540874238,2.6031420033166066,1.4278775302063681e-09
0.001,1.0,0.1890776540874238,2.9244981760182918,1.1527397339822062e-09
0.001,1.0,0.1890776540874238,3.285525557436941,9.111877407125757e-10
0.001,1.0,0.1890776540874238,3.6911215322651687,7.128640869431382e-10
0.001,1.0,0.1890776540874238,4.1467880641233,5.632785327477191e-10
0.001,1.0,0.1890776540874238,4.658706330431421,4.4222535645278715e-10
0.001,1.0,0.1890776540874238,5.233820570907402,3.406468849815173e-10
0.001,1.0,0.1890776540874238,5.879932287106996,2.6383205065404803e-10
0.001,1.0,0.1890776540874238,6.605806070835402,2.0632878784221933e-10
0.001,1.0,0.1890776540874238,7.421288497006765,1.5798763828894174e-10
0.001,1.0,0.1890776540874238,8.337441693749241,1.209642119063361e-10
0.001,1.0,0.1890776540874238,9.366693401651878,9.443500759328093e-11
0.001,1.0,0.1890776540874238,10.523005557727087,7.209227451604304e-11
0.001,1.0,0.1890776540874238,11.822063690952728,5.5098412184190915e-11
0.001,1.0,0.1890776540874238,13.281489698569583,4.31363862151749e-11
0.001,1.0,0.1890776540874238,14.921080889473224,3.296650863915632e-11
0.001,1.0,0.1890776540874238,16.763078537355728,2.542221219152731e-11
0.001,1.0,0.1890776540874238,18.83246958655666,2.0077208082342994e-11
0.001,1.0,0.1890776540874238,21.157325603303395,1.5433136953548913e-11
0.001,1.0,0.1890776540874238,23.769183570259635,1.2181644859050317e-11
0.001,1.0,0.1890776540874238,26.70347368991138,9.736453806989862e-12
0.001,1.0,0.1890776540874238,30.0,7.654309143122173e-12
0.001,1.0,0.2021411608539931,0.1,0.0
0.001,1.0,0.2021411608539931,0.1123449344020514,0.0
0.001,1.0,0.2021411608539931,0.1262138428580125,0.0
0.001,1.0,0.2021411608539931,0.1417948589651424,0.0
0.001,1.0,0.2021411608539931,0.1592993412898707,0.0
0.001,1.0,0.2021411608539931,0.1789647404750054,0.0
0.001,1.0,0.2021411608539931,0.2010578202894464,1.0307640923675666e-09
0.001,1.0,0.2021411608539931,0.2258782763143731,4.110307595585841e-09
0.001,1.0,0.2021411608539931,0.2537628013538671,5.236050739218492e-09
0.001,1.0,0.2021411608539931,0.2850896527178103,5.769813244344814e-09
0.001,1.0,0.2021411608539931,0.3202837833328603,6.104415675164541e-09
0.001,1.0,0.2021411608539931,0.3598226062857105,6.322587669598656e-09
0.001,1.0,0.2021411608539931,0.4042424709954335,6.462902589028848e-09
0.001,1.0,0.2021411608539931,0.4541459388650518,6.5572204599963375e-09
0.001,1.0,0.2021411608539931,0.5102099571075231,6.606342971919402e-09
0.001,1.0,0.2021411608539931,0.573195041625182,6.612318976494234e-09
0.001,1.0,0.2021411608539931,0.6439555935096224,6.563136149318952e-09
0.001,1.0,0.2021411608539931,0.7234514891067266,6.4267384388291736e-09
0.001,1.0,0.2021411608539931,0.8127611008676167,6.182866156496812e-09
0.001,1.0,0.2021411608539931,0.9130959256151152,5.823993951560458e-09
0.001,1.0,0.2021411608539931,1.0258170186601063,5.356276980901818e-09
0.001,1.0,0.2021411608539931,1.1524534566987763,4.810457866090552e-09
0.001,1.0,0.2021411608539931,1.294723079942415,4.228973881123333e-09
0.001,1.0,0.2021411608539931,1.4545557948495271,3.660670697069013e-09
0.001,1.0,0.2021411608539931,1.6341197535649394,3.13979554798237e-09
0.001,1.0,0.2021411608539931,1.835850765193496,2.647645538166427e-09
0.001,1.0,0.2021411608539931,2.062485337876194,2.178807984240527e-09
0.001,1.0,0.2021411608539931,2.3170977998889395,1.7617272503399578e-09
0.001,1.0,0.2021411608539931,2.6031420033166066,1.4189837229144396e-09
0.001,1.0,0.2021411608539931,2.9244981760182918,1.1452120972776945e-09
0.001,1.0,0.2021411608539931,3.285525557436941,9.073704204087207e-10
0.001,1.0,0.2021411608539931,3.6911215322651687,7.081221627385685e-10
0.001,1.0,0.2021411608539931,4.1467880641233,5.562435299782942e-10
0.001,1.0,0.2021411608539931,4.658706330431421,4.382215252009539e-10
0.001,1.0,0.2021411608539931,5.233820570907402,3.382696286258126e-10
0.001,1.0,0.2021411608539931,5.879932287106996,2.6061813206059636e-10
0.001,1.0,0.2021411608539931,6.605806070835402,2.0393925170326336e-10
0.001,1.0,0.2021411608539931,7.421288497006765,1.5666420445728752e-10
0.001,1.0,0.2021411608539931,8.337441693749241,1.194315596373913e-10
0.001,1.0,0.2021411608539931,9.366693401651878,9.318701651605204e-11
0.001,1.0,0.2021411608539931,10.523005557727087,7.144760308542197e-11
0.001,1.0,0.2021411608539931,11.822063690952728,5.4363027893548644e-11
0.001,1.0,0.2021411608539931,13.281489698569583,4.2553270019280816e-11
0.001,1.0,0.2021411608539931,14.921080889473224,3.2659832468924056e-11
0.001,1.0,0.2021411608539931,16.763078537355728,2.5044749839605573e-11
0.001,1.0,0.2021411608539931,18.83246958655666,1.9805525546179192e-11
0.001,1.0,0.2021411608539931,21.157325603303395,1.5287183625154432e-11
0.001,1.0,0.2021411608539931,23.769183570259635,1.1981946630318812e-11
0.001,1.0,0.2021411608539931,26.70347368991138,9.62233962882419e-12
0.001,1.0,0.2021411608539931,30.0,7.578667798553043e-12
0.001,1.0,0.2161072343985556,0.1,0.0
0.001,1.0,0.2161072343985556,0.1123449344020514,0.0
0.001,1.0,0.2161072343985556,0.1262138428580125,0.0
0.001,1.0,0.2161072343985556,0.1417948589651424,0.0
0.001,1.0,0.2161072343985556,0.1592993412898707,0.0
0.001,1.0,0.2161072343985556,0.1789647404750054,0.0
0.001,1.0,0.2161072343985556,0.2010578202894464,0.0
0.001,1.0,0.2161072343985556,0.2258782763143731,2.512535736152534e-09
0.001,1.0,0.2161072343985556,0.2537628013538671,4.531898766168112e-09
0.001,1.0,0.2161072343985556,0.2850896527178103,5.339973380792392e-09
0.001,1.0,0.2161072343985556,0.3202837833328603,5.7976857350246584e-09
0.001,1.0,0.2161072343985556,0.3598226062857105,6.108288284277966e-09
0.001,1.0,0.2161072343985556,0.4042424709954335,6.327425932345038e-09
0.001,1.0,0.2161072343985556,0.4541459388650518,6.467969994144447e-09
0.001,1.0,0.2161072343985556,0.5102099571075231,6.557736963722069e-09
0.001,1.0,0.2161072343985556,0.573195041625182,6.596856913788743e-09
0.001,1.0,0.2161072343985556,0.6439555935096224,6.561483950036805e-09
0.001,1.0,0.2161072343985556,0.7234514891067266,6.434919277310899e-09
0.001,1.0,0.2161072343985556,0.8127611008676167,6.197506105824119e-09
0.001,1.0,0.2161072343985556,0.9130959256151152,5.8384201981643454e-09
0.001,1.0,0.2161072343985556,1.0258170186601063,5.369168180656507e-09
0.001,1.0,0.2161072343985556,1.1524534566987763,4.815040565151597e-09
0.001,1.0,0.2161072343985556,1.294723079942415,4.215640271370629e-09
0.001,1.0,0.2161072343985556,1.4545557948495271,3.6244738033976162e-09
0.001,1.0,0.2161072343985556,1.6341197535649394,3.0853385738657505e-09
0.001,1.0,0.2161072343985556,1.835850765193496,2.604050983974469e-09
0.001,1.0,0.2161072343985556,2.062485337876194,2.150318671087476e-09
0.001,1.0,0.2161072343985556,2.3170977998889395,1.7388829806308447e-09
0.001,1.0,0.2161072343985556,2.6031420033166066,1.3941945875930892e-09
0.001,1.0,0.2161072343985556,2.9244981760182918,1.1234677802844148e-09
0.001,1.0,0.2161072343985556,3.285525557436941,8.945811805736623e-10
0.001,1.0,0.2161072343985556,3.6911215322651687,6.991423042950628e-10
0.001,1.0,0.2161072343985556,4.1467880641233,5.464214486452504e-10
0.001,1.0,0.2161072343985556,4.658706330431421,4.309417137539051e-10
0.001,1.0,0.2161072343985556,5.233820570907402,3.3375146204812453e-10
0.001,1.0,0.2161072343985556,5.879932287106996,2.5614129668136804e-10
0.001,1.0,0.2161072343985556,6.605806070835402,2.000574618689689e-10
0.001,1.0,0.2161072343985556,7.421288497006765,1.543701252039627e-10
0.001,1.0,0.2161072343985556,8.337441693749241,1.1737460345790362e-10
0.001,1.0,0.2161072343985556,9.366693401651878,9.1320180104627e-11
0.001,1.0,0.2161072343985556,10.523005557727087,7.03446923205274e-11
0.001,1.0,0.2161072343985556,11.822063690952728,5.334853264371592e-11
0.001,1.0,0.2161072343985556,13.281489698569583,4.1704090766976854e-11
0.001,1.0,0.2161072343985556,14.921080889473224,3.2154553714889343e-11
0.001,1.0,0.2161072343985556,16.763078537355728,2.4559391383709432e-11
0.001,1.0,0.2161072343985556,18.83246958655666,1.943734477701473e-11
0.001,1.0,0.2161072343985556,21.157325603303395,1.50597640117938e-11
0.001,1.0,0.2161072343985556,23.769183570259635,1.1752630279735522e-11
0.001,1.0,0.2161072343985556,26.70347368991138,9.4650990494152e-12
0.001,1.0,0.2161072343985556,30.0,7.476605146399182e-12
0.001,1.0,0.2310382336882168,0.1,0.0
0.001,1.0,0.2310382336882168,0.1123449344020514,0.0
0.001,1.0,0.2310382336882168,0.1262138428580125,0.0
0.001,1.0,0.2310382336882168,0.1417948589651424,0.0
0.001,1.0,0.2310382336882168,0.1592993412898707,0.0
0.001,1.0,0.2310382336882168,0.1789647404750054,0.0
0.001,1.0,0.2310382336882168,0.2010578202894464,0.0
0.001,1.0,0.2310382336882168,0.2258782763143731,5.33352169021215e-10
0.001,1.0,0.2310382336882168,0.2537628013538671,3.444289030297477e-09
0.001,1.0,0.2310382336882168,0.2850896527178103,4.6231397255301216e-09
0.001,1.0,0.2310382336882168,0.3202837833328603,5.297441553750561e-09
0.001,1.0,0.2310382336882168,0.3598226062857105,5.741211006866174e-09
0.001,1.0,0.2310382336882168,0.4042424709954335,6.043362300437424e-09
0.001,1.0,0.2310382336882168,0.4541459388650518,6.264857314443484e-09
0.001,1.0,0.2310382336882168,0.5102099571075231,6.409600913447203e-09
0.001,1.0,0.2310382336882168,0.573195041625182,6.482452829638448e-09
0.001,1.0,0.2310382336882168,0.6439555935096224,6.478712759279555e-09
0.001,1.0,0.2310382336882168,0.7234514891067266,6.37303546784441e-09
0.001,1.0,0.2310382336882168,0.8127611008676167,6.150965250688364e-09
0.001,1.0,0.2310382336882168,0.9130959256151152,5.811710142478867e-09
0.001,1.0,0.2310382336882168,1.0258170186601063,5.359365493877839e-09
0.001,1.0,0.2310382336882168,1.1524534566987763,4.8158198542551755e-09
0.001,1.0,0.2310382336882168,1.294723079942415,4.22012502824393e-09
0.001,1.0,0.2310382336882168,1.4545557948495271,3.6191251140082563e-09
0.001,1.0,0.2310382336882168,1.6341197535649394,3.0615390274509443e-09
0.001,1.0,0.2310382336882168,1.835850765193496,2.576080880920321e-09
0.001,1.0,0.2310382336882168,2.062485337876194,2.1349400541375083e-09
0.001,1.0,0.2310382336882168,2.3170977998889395,1.7293163008956691e-09
0.001,1.0,0.2310382336882168,2.6031420033166066,1.3822180939398037e-09
0.001,1.0,0.2310382336882168,2.9244981760182918,1.1075653833657138e-09
0.001,1.0,0.2310382336882168,3.285525557436941,8.846982097009484e-10
0.001,1.0,0.2310382336882168,3.6911215322651687,6.923814473647571e-10
0.001,1.0,0.2310382336882168,4.1467880641233,5.382522120197702e-10
0.001,1.0,0.2310382336882168,4.658706330431421,4.2362357133651657e-10
0.001,1.0,0.2310382336882168,5.233820570907402,3.289769478253163e-10
0.001,1.0,0.2310382336882168,5.879932287106996,2.517547141237901e-10
0.001,1.0,0.2310382336882168,6.605806070835402,1.957580090009091e-10
0.001,1.0,0.2310382336882168,7.421288497006765,1.5158789636201018e-10
0.001,1.0,0.2310382336882168,8.337441693749241,1.151965834699826e-10
0.001,1.0,0.2310382336882168,9.366693401651878,8.91721821981645e-11
0.001,1.0,0.2310382336882168,10.523005557727087,6.896400464310347e-11
0.001,1.0,0.2310382336882168,11.822063690952728,5.228308344416967e-11
0.001,1.0,0.2310382336882168,13.281489698569583,4.0691861031822975e-11
0.001,1.0,0.2310382336882168,14.921080889473224,3.152040466112263e-11
0.001,1.0,0.2310382336882168,16.763078537355728,2.402670693779242e-11
0.001,1.0,0.2310382336882168,18.83246958655666,1.8980831212140168e-11
0.001,1.0,0.2310382336882168,21.157325603303395,1.4791637701234906e-11
0.001,1.0,0.2310382336882168,23.769183570259635,1.1488485454772076e-11
0.001,1.0,0.2310382336882168,26.70347368991138,9.27047368795527e-12
0.001,1.0,0.2310382336882168,30.0,7.35358367627841e-12
0.001,1.0,0.2470008261145366,0.1,0.0
0.001,1.0,0.2470008261145366,0.1123449344020514,0.0
0.001,1.0,0.2470008261145366,0.1262138428580125,0.0
0.001,1.0,0.2470008261145366,0.1417948589651424,0.0
0.001,1.0,0.2470008261145366,0.1592993412898707,0.0
0.001,1.0,0.2470008261145366,0.1789647404750054,0.0
0.001,1.0,0.2470008261145366,0.2010578202894464,0.0
0.001,1.0,0.2470008261145366,0.2258782763143731,0.0
0.001,1.0,0.2470008261145366,0.2537628013538671,1.561366433815107e-09
0.001,1.0,0.2470008261145366,0.2850896527178103,3.708618641368713e-09
0.001,1.0,0.2470008261145366,0.3202837833328603,4.631164498675556e-09
0.001,1.0,0.2470008261145366,0.3598226062857105,5.2444760066453085e-09
0.001,1.0,0.2470008261145366,0.4042424709954335,5.6882889569805115e-09
0.001,1.0,0.2470008261145366,0.4541459388650518,5.991232766939352e-09
0.001,1.0,0.2470008261145366,0.5102099571075231,6.206044192514682e-09
0.001,1.0,0.2470008261145366,0.573195041625182,6.3382234028783945e-09
0.001,1.0,0.2470008261145366,0.6439555935096224,6.365932155748223e-09
0.001,1.0,0.2470008261145366,0.7234514891067266,6.285391253104997e-09
0.001,1.0,0.2470008261145366,0.8127611008676167,6.08619242439939e-09
0.001,1.0,0.2470008261145366,0.9130959256151152,5.759525869676284e-09
0.001,1.0,0.2470008261145366,1.0258170186601063,5.3205880556307685e-09
0.001,1.0,0.2470008261145366,1.1524534566987763,4.788251270316464e-09
0.001,1.0,0.2470008261145366,1.294723079942415,4.193049130084427e-09
0.001,1.0,0.2470008261145366,1.4545557948495271,3.585064298127119e-09
0.001,1.0,0.2470008261145366,1.6341197535649394,3.0132255515153996e-09
0.001,1.0,0.2470008261145366,1.835850765193496,2.5152700923859143e-09
0.001,1.0,0.2470008261145366,2.062485337876194,2.0876284188812557e-09
0.001,1.0,0.2470008261145366,2.3170977998889395,1.69552097905056e-09
0.001,1.0,0.2470008261145366,2.6031420033166066,1.3526813639838265e-09
0.001,1.0,0.2470008261145366,2.9244981760182918,1.0776737578548157e-09
0.001,1.0,0.2470008261145366,3.285525557436941,8.616945532972306e-10
0.001,1.0,0.2470008261145366,3.6911215322651687,6.762613989408118e-10
0.001,1.0,0.2470008261145366,4.1467880641233,5.246092137411573e-10
0.001,1.0,0.2470008261145366,4.658706330431421,4.114127305707485e-10
0.001,1.0,0.2470008261145366,5.233820570907402,3.209117877181443e-10
0.001,1.0,0.2470008261145366,5.879932287106996,2.4575201736050364e-10
0.001,1.0,0.2470008261145366,6.605806070835402,1.9011337636143557e-10
0.001,1.0,0.2470008261145366,7.421288497006765,1.4778390088356332e-10
0.001,1.0,0.2470008261145366,8.337441693749241,1.1240356269285909e-10
0.001,1.0,0.2470008261145366,9.366693401651878,8.655251223961378e-11
0.001,1.0,0.2470008261145366,10.523005557727087,6.720449902786516e-11
0.001,1.0,0.2470008261145366,11.822063690952728,5.09513228824158e-11
0.001,1.0,0.2470008261145366,13.281489698569583,3.9478848317881e-11
0.001,1.0,0.2470008261145366,14.921080889473224,3.0707898258612504e-11
0.001,1.0,0.2470008261145366,16.763078537355728,2.3374936922131494e-11
0.001,1.0,0.2470008261145366,18.83246958655666,1.8438600018055384e-11
0.001,1.0,0.2470008261145366,21.157325603303395,1.4419027912544992e-11
0.001,1.0,0.2470008261145366,23.769183570259635,1.1178498736771682e-11
0.001,1.0,0.2470008261145366,26.70347368991138,9.029965903165798e-12
0.001,1.0,0.2470008261145366,30.0,7.179996948034868e-12
0.001,1.0,0.2640662851655757,0.1,0.0
0.001,1.0,0.2640662851655757,0.1123449344020514,0.0
0.001,1.0,0.2640662851655757,0.1262138428580125,0.0
0.001,1.0,0.2640662851655757,0.1417948589651424,0.0
0.001,1.0,0.2640662851655757,0.1592993412898707,0.0
0.001,1.0,0.2640662851655757,0.1789647404750054,0.0
0.001,1.0,0.2640662851655757,0.2010578202894464,0.0
0.001,1.0,0.2640662851655757,0.2258782763143731,0.0
0.001,1.0,0.2640662851655757,0.2537628013538671,1.5093219027560658e-10
0.001,1.0,0.2640662851655757,0.2850896527178103,2.3717130560963497e-09
0.001,1.0,0.2640662851655757,0.3202837833328603,3.759040016141533e-09
0.001,1.0,0.2640662851655757,0.3598226062857105,4.6094560181681965e-09
0.001,1.0,0.2640662851655757,0.4042424709954335,5.1938866614443915e-09
0.001,1.0,0.2640662851655757,0.4541459388650518,5.638632808833907e-09
0.001,1.0,0.2640662851655757,0.5102099571075231,5.952396980182487e-09
0.001,1.0,0.2640662851655757,0.573195041625182,6.144179629118301e-09
0.001,1.0,0.2640662851655757,0.6439555935096224,6.230112075486431e-09
0.001,1.0,0.2640662851655757,0.7234514891067266,6.187081722545925e-09
0.001,1.0,0.2640662851655757,0.8127611008676167,5.994171424469024e-09
0.001,1.0,0.2640662851655757,0.9130959256151152,5.6708068350436626e-09
0.001,1.0,0.2640662851655757,1.0258170186601063,5.244951384991437e-09
0.001,1.0,0.2640662851655757,1.1524534566987763,4.728921692668348e-09
0.001,1.0,0.2640662851655757,1.294723079942415,4.148163932267152e-09
0.001,1.0,0.2640662851655757,1.4545557948495271,3.544278027472081e-09
0.001,1.0,0.2640662851655757,1.6341197535649394,2.9644383090178528e-09
0.001,1.0,0.2640662851655757,1.835850765193496,2.4551700602152702e-09
0.001,1.0,0.2640662851655757,2.062485337876194,2.03104812797437e-09
0.001,1.0,0.2640662851655757,2.3170977998889395,1.6536465191820923e-09
0.001,1.0,0.2640662851655757,2.6031420033166066,1.319402631001076e-09
0.001,1.0,0.2640662851655757,2.9244981760182918,1.045457357035005e-09
0.001,1.0,0.2640662851655757,3.285525557436941,8.342935235558347e-10
0.001,1.0,0.2640662851655757,3.6911215322651687,6.572094606979265e-10
0.001,1.0,0.2640662851655757,4.1467880641233,5.091861515465426e-10
0.001,1.0,0.2640662851655757,4.658706330431421,3.97440794095146e-10
0.001,1.0,0.2640662851655757,5.233820570907402,3.108981086975456e-10
0.001,1.0,0.2640662851655757,5.879932287106996,2.382250349151056e-10
0.001,1.0,0.2640662851655757,6.605806070835402,1.8342763798263321e-10
0.001,1.0,0.2640662851655757,7.421288497006765,1.4279298308387531e-10
0.001,1.0,0.2640662851655757,8.337441693749241,1.087536058463247e-10
0.001,1.0,0.2640662851655757,9.366693401651878,8.33783278551595e-11
0.001,1.0,0.2640662851655757,10.523005557727087,6.482224254811714e-11
0.001,1.0,0.2640662851655757,11.822063690952728,4.9236014387365025e-11
0.001,1.0,0.2640662851655757,13.281489698569583,3.798420800169794e-11
0.001,1.0,0.2640662851655757,14.921080889473224,2.960856163477308e-11
0.001,1.0,0.2640662851655757,16.763078537355728,2.2572273544753544e-11
0.001,1.0,0.2640662851655757,18.83246958655666,1.7742538649492924e-11
0.001,1.0,0.2640662851655757,21.157325603303395,1.3925684172572271e-11
0.001,1.0,0.2640662851655757,23.769183570259635,1.079223936983867e-11
0.001,1.0,0.2640662851655757,26.70347368991138,8.709083056866926e-12
0.001,1.0,0.2640662851655757,30.0,6.957116385151611e-12
0.001,1.0,0.2823108086643086,0.1,0.0
0.001,1.0,0.2823108086643086,0.1123449344020514,0.0
0.001,1.0,0.2823108086643086,0.1262138428580125,0.0
0.001,1.0,0.2823108086643086,0.1417948589651424,0.0
0.001,1.0,0.2823108086643086,0.1592993412898707,0.0
0.001,1.0,0.2823108086643086,0.1789647404750054,0.0
0.001,1.0,0.2823108086643086,0.2010578202894464,0.0
0.001,1.0,0.2823108086643086,0.2258782763143731,0.0
0.001,1.0,0.2823108086643086,0.2537628013538671,0.0
0.001,1.0,0.2823108086643086,0.2850896527178103,8.047142585079615e-10
0.001,1.0,0.2823108086643086,0.3202837833328603,2.682331722865839e-09
0.001,1.0,0.2823108086643086,0.3598226062857105,3.822786417815438e-09
0.001,1.0,0.2823108086643086,0.4042424709954335,4.661895085443575e-09
0.001,1.0,0.2823108086643086,0.4541459388650518,5.253825144616645e-09
0.001,1.0,0.2823108086643086,0.5102099571075231,5.691217429561338e-09
0.001,1.0,0.2823108086643086,0.573195041625182,5.9986947953937645e-09
0.001,1.0,0.2823108086643086,0.6439555935096224,6.1487131469035905e-09
0.001,1.0,0.2823108086643086,0.7234514891067266,6.126270774788943e-09
0.001,1.0,0.2823108086643086,0.8127611008676167,5.93394895800442e-09
0.001,1.0,0.2823108086643086,0.9130959256151152,5.584751282270107e-09
0.001,1.0,0.2823108086643086,1.0258170186601063,5.1297164197651615e-09
0.001,1.0,0.2823108086643086,1.1524534566987763,4.6225015668471886e-09
0.001,1.0,0.2823108086643086,1.294723079942415,4.0654191536306925e-09
0.001,1.0,0.2823108086643086,1.4545557948495271,3.475452048412862e-09
0.001,1.0,0.2823108086643086,1.6341197535649394,2.9021398442963238e-09
0.001,1.0,0.2823108086643086,1.835850765193496,2.3871556374940024e-09
0.001,1.0,0.2823108086643086,2.062485337876194,1.959713496615617e-09
0.001,1.0,0.2823108086643086,2.3170977998889395,1.5974869686494547e-09
0.001,1.0,0.2823108086643086,2.6031420033166066,1.273535224863669e-09
0.001,1.0,0.2823108086643086,2.9244981760182918,1.0040481943170106e-09
0.001,1.0,0.2823108086643086,3.285525557436941,7.977454874084554e-10
0.001,1.0,0.2823108086643086,3.6911215322651687,6.293549260007462e-10
0.001,1.0,0.2823108086643086,4.1467880641233,4.874830695856929e-10
0.001,1.0,0.2823108086643086,4.658706330431421,3.787018661201573e-10
0.001,1.0,0.2823108086643086,5.233820570907402,2.9636620819815485e-10
0.001,1.0,0.2823108086643086,5.879932287106996,2.2748375350272172e-10
0.001,1.0,0.2823108086643086,6.605806070835402,1.7439305798320505e-10
0.001,1.0,0.2823108086643086,7.421288497006765,1.357703694219252e-10
0.001,1.0,0.2823108086643086,8.337441693749241,1.0361595087543703e-10
0.001,1.0,0.2823108086643086,9.366693401651878,7.908505386932455e-11
0.001,1.0,0.2823108086643086,10.523005557727087,6.155014448448819e-11
0.001,1.0,0.2823108086643086,11.822063690952728,4.6809982281795187e-11
0.001,1.0,0.2823108086643086,13.281489698569583,3.597378113160107e-11
0.001,1.0,0.2823108086643086,14.921080889473224,2.8116526244942238e-11
0.001,1.0,0.2823108086643086,16.763078537355728,2.1426123652685643e-11
0.001,1.0,0.2823108086643086,18.83246958655666,1.6825446347630252e-11
0.001,1.0,0.2823108086643086,21.157325603303395,1.3238584724032345e-11
0.001,1.0,0.2823108086643086,23.769183570259635,1.025075979485061e-11
0.001,1.0,0.2823108086643086,26.70347368991138,8.294752430134191e-12
0.001,1.0,0.2823108086643086,30.0,6.632598616833643e-12
0.001,1.0,0.3018158589943526,0.1,0.0
0.001,1.0,0.3018158589943526,0.1123449344020514,0.0
0.001,1.0,0.3018158589943526,0.1262138428580125,0.0
0.001,1.0,0.3018158589943526,0.1417948589651424,0.0
0.001,1.0,0.3018158589943526,0.1592993412898707,0.0
0.001,1.0,0.3018158589943526,0.1789647404750054,0.0
0.001,1.0,0.3018158589943526,0.2010578202894464,0.0
0.001,1.0,0.3018158589943526,0.2258782763143731,0.0
0.001,1.0,0.3018158589943526,0.2537628013538671,0.0
0.001,1.0,0.3018158589943526,0.2850896527178103,4.940471806206136e-12
0.001,1.0,0.3018158589943526,0.3202837833328603,1.4371669749980542e-09
0.001,1.0,0.3018158589943526,0.3598226062857105,2.8254129596624102e-09
0.001,1.0,0.3018158589943526,0.4042424709954335,3.8300891638451775e-09
0.001,1.0,0.3018158589943526,0.4541459388650518,4.6468166327255154e-09
0.001,1.0,0.3018158589943526,0.5102099571075231,5.261266707110052e-09
0.001,1.0,0.3018158589943526,0.573195041625182,5.673985366737532e-09
0.001,1.0,0.3018158589943526,0.6439555935096224,5.908168032797106e-09
0.001,1.0,0.3018158589943526,0.7234514891067266,5.935845962821866e-09
0.001,1.0,0.3018158589943526,0.8127611008676167,5.745388881591957e-09
0.001,1.0,0.3018158589943526,0.9130959256151152,5.384994734260508e-09
0.001,1.0,0.3018158589943526,1.0258170186601063,4.9173808000794615e-09
0.001,1.0,0.3018158589943526,1.1524534566987763,4.394964763005627e-09
0.001,1.0,0.3018158589943526,1.294723079942415,3.861825452580445e-09
0.001,1.0,0.3018158589943526,1.4545557948495271,3.3118682638251724e-09
0.001,1.0,0.3018158589943526,1.6341197535649394,2.7639790664913517e-09
0.001,1.0,0.3018158589943526,1.835850765193496,2.2638756964443324e-09
0.001,1.0,0.3018158589943526,2.062485337876194,1.8470497127109849e-09
0.001,1.0,0.3018158589943526,2.3170977998889395,1.5038899449643788e-09
0.001,1.0,0.3018158589943526,2.6031420033166066,1.2000408315274576e-09
0.001,1.0,0.3018158589943526,2.9244981760182918,9.442350178327276e-10
0.001,1.0,0.3018158589943526,3.285525557436941,7.462095289916437e-10
0.001,1.0,0.3018158589943526,3.6911215322651687,5.896380820229812e-10
0.001,1.0,0.3018158589943526,4.1467880641233,4.570445599034828e-10
0.001,1.0,0.3018158589943526,4.658706330431421,3.535539327341743e-10
0.001,1.0,0.3018158589943526,5.233820570907402,2.767906300137133e-10
0.001,1.0,0.3018158589943526,5.879932287106996,2.1256586724336935e-10
0.001,1.0,0.3018158589943526,6.605806070835402,1.6249628254275533e-10
0.001,1.0,0.3018158589943526,7.421288497006765,1.2653687876260632e-10
0.001,1.0,0.3018158589943526,8.337441693749241,9.654585489131701e-11
0.001,1.0,0.3018158589943526,9.366693401651878,7.359580280530666e-11
0.001,1.0,0.3018158589943526,10.523005557727087,5.7276487917720154e-11
0.001,1.0,0.3018158589943526,11.822063690952728,4.354538066410454e-11
0.001,1.0,0.3018158589943526,13.281489698569583,3.3477477453831546e-11
0.001,1.0,0.3018158589943526,14.921080889473224,2.6141647176136968e-11
0.001,1.0,0.3018158589943526,16.763078537355728,1.99418431578051e-11
0.001,1.0,0.3018158589943526,18.83246958655666,1.5679862325771076e-11
0.001,1.0,0.3018158589943526,21.157325603303395,1.2317624419673789e-11
0.001,1.0,0.3018158589943526,23.769183570259635,9.569980536667757e-12
0.001,1.0,0.3018158589943526,26.70347368991138,7.739910015421503e-12
0.001,1.0,0.3018158589943526,30.0,6.1936051661490765e-12
0.001,1.0,0.3226685268321269,0.1,0.0
0.001,1.0,0.3226685268321269,0.1123449344020514,0.0
0.001,1.0,0.3226685268321269,0.1262138428580125,0.0
0.001,1.0,0.3226685268321269,0.1417948589651424,0.0
0.001,1.0,0.3226685268321269,0.1592993412898707,0.0
0.001,1.0,0.3226685268321269,0.1789647404750054,0.0
0.001,1.0,0.3226685268321269,0.2010578202894464,0.0
0.001,1.0,0.3226685268321269,0.2258782763143731,0.0
0.001,1.0,0.3226685268321269,0.2537628013538671,0.0
0.001,1.0,0.3226685268321269,0.2850896527178103,0.0
0.001,1.0,0.3226685268321269,0.3202837833328603,2.521741344234669e-10
0.001,1.0,0.3226685268321269,0.3598226062857105,1.5917892225837886e-09
0.001,1.0,0.3226685268321269,0.4042424709954335,2.7813556723489662e-09
0.001,1.0,0.3226685268321269,0.4541459388650518,3.716002135192935e-09
0.001,1.0,0.3226685268321269,0.5102099571075231,4.470328684328201e-09
0.001,1.0,0.3226685268321269,0.573195041625182,5.05089462811141e-09
0.001,1.0,0.3226685268321269,0.6439555935096224,5.386310349269223e-09
0.001,1.0,0.3226685268321269,0.7234514891067266,5.458269158494216e-09
0.001,1.0,0.3226685268321269,0.8127611008676167,5.313783093709164e-09
0.001,1.0,0.3226685268321269,0.9130959256151152,4.9865224434497315e-09
0.001,1.0,0.3226685268321269,1.0258170186601063,4.525183688513861e-09
0.001,1.0,0.3226685268321269,1.1524534566987763,4.012438195494627e-09
0.001,1.0,0.3226685268321269,1.294723079942415,3.510605930646611e-09
0.001,1.0,0.3226685268321269,1.4545557948495271,3.014509326650391e-09
0.001,1.0,0.3226685268321269,1.6341197535649394,2.518409135382899e-09
0.001,1.0,0.3226685268321269,1.835850765193496,2.062121794221145e-09
0.001,1.0,0.3226685268321269,2.062485337876194,1.6743294400715519e-09
0.001,1.0,0.3226685268321269,2.3170977998889395,1.361518165135214e-09
0.001,1.0,0.3226685268321269,2.6031420033166066,1.089497397472904e-09
0.001,1.0,0.3226685268321269,2.9244981760182918,8.560588154226971e-10
0.001,1.0,0.3226685268321269,3.285525557436941,6.749490998064637e-10
0.001,1.0,0.3226685268321269,3.6911215322651687,5.335653936654151e-10
0.001,1.0,0.3226685268321269,4.1467880641233,4.1300126420238357e-10
0.001,1.0,0.3226685268321269,4.658706330431421,3.1920954244777415e-10
0.001,1.0,0.3226685268321269,5.233820570907402,2.496525989335073e-10
0.001,1.0,0.3226685268321269,5.879932287106996,1.9147260026643603e-10
0.001,1.0,0.3226685268321269,6.605806070835402,1.464151680199277e-10
0.001,1.0,0.3226685268321269,7.421288497006765,1.1379585496827371e-10
0.001,1.0,0.3226685268321269,8.337441693749241,8.67412834603159e-11
0.001,1.0,0.3226685268321269,9.366693401651878,6.619107590488849e-11
0.001,1.0,0.3226685268321269,10.523005557727087,5.139000376328263e-11
0.001,1.0,0.3226685268321269,11.822063690952728,3.9062435024637034e-11
0.001,1.0,0.3226685268321269,13.281489698569583,3.0076080039258916e-11
0.001,1.0,0.3226685268321269,14.921080889473224,2.343235863929343e-11
0.001,1.0,0.3226685268321269,16.763078537355728,1.7899187484270072e-11
0.001,1.0,0.3226685268321269,18.83246958655666,1.408989562726255e-11
0.001,1.0,0.3226685268321269,21.157325603303395,1.1064772066025806e-11
0.001,1.0,0.3226685268321269,23.769183570259635,8.625093554938955e-12
0.001,1.0,0.3226685268321269,26.70347368991138,6.981780828859597e-12
0.001,1.0,0.3226685268321269,30.0,5.590648688001926e-12
0.001,1.0,0.3449619200095219,0.1,0.0
0.001,1.0,0.3449619200095219,0.1123449344020514,0.0
0.001,1.0,0.3449619200095219,0.1262138428580125,0.0
0.001,1.0,0.3449619200095219,0.1417948589651424,0.0
0.001,1.0,0.3449619200095219,0.1592993412898707,0.0
0.001,1.0,0.3449619200095219,0.1789647404750054,0.0
0.001,1.0,0.3449619200095219,0.2010578202894464,0.0
0.001,1.0,0.3449619200095219,0.2258782763143731,0.0
0.001,1.0,0.3449619200095219,0.2537628013538671,0.0
0.001,1.0,0.3449619200095219,0.2850896527178103,0.0
0.001,1.0,0.3449619200095219,0.3202837833328603,0.0
0.001,1.0,0.3449619200095219,0.3598226062857105,4.2190694790185917e-10
0.001,1.0,0.3449619200095219,0.4042424709954335,1.4661621336607722e-09
0.001,1.0,0.3449619200095219,0.4541459388650518,2.5366787610082672e-09
0.001,1.0,0.3449619200095219,0.5102099571075231,3.4716396829390187e-09
0.001,1.0,0.3449619200095219,0.573195041625182,4.156889226570978e-09
0.001,1.0,0.3449619200095219,0.6439555935096224,4.587281147828259e-09
0.001,1.0,0.3449619200095219,0.7234514891067266,4.772891873449818e-09
0.001,1.0,0.3449619200095219,0.8127611008676167,4.702020600116434e-09
0.001,1.0,0.3449619200095219,0.9130959256151152,4.409791007596114e-09
0.001,1.0,0.3449619200095219,1.0258170186601063,3.989951236380176e-09
0.001,1.0,0.3449619200095219,1.1524534566987763,3.5181798831557257e-09
0.001,1.0,0.3449619200095219,1.294723079942415,3.047310568110521e-09
0.001,1.0,0.3449619200095219,1.4545557948495271,2.604921479966653e-09
0.001,1.0,0.3449619200095219,1.6341197535649394,2.173046697084139e-09
0.001,1.0,0.3449619200095219,1.835850765193496,1.7691732057779196e-09
0.001,1.0,0.3449619200095219,2.062485337876194,1.4278652940986517e-09
0.001,1.0,0.3449619200095219,2.3170977998889395,1.1591611650298354e-09
0.001,1.0,0.3449619200095219,2.6031420033166066,9.249595420190669e-10
0.001,1.0,0.3449619200095219,2.9244981760182918,7.248858292892652e-10
0.001,1.0,0.3449619200095219,3.285525557436941,5.718438616442923e-10
0.001,1.0,0.3449619200095219,3.6911215322651687,4.50422620037735e-10
0.001,1.0,0.3449619200095219,4.1467880641233,3.478121387984974e-10
0.001,1.0,0.3449619200095219,4.658706330431421,2.693131178154795e-10
0.001,1.0,0.3449619200095219,5.233820570907402,2.0993066151691013e-10
0.001,1.0,0.3449619200095219,5.879932287106996,1.60545575567095e-10
0.001,1.0,0.3449619200095219,6.605806070835402,1.230496115522417e-10
0.001,1.0,0.3449619200095219,7.421288497006765,9.526736919286781e-11
0.001,1.0,0.3449619200095219,8.337441693749241,7.233069231814578e-11
0.001,1.0,0.3449619200095219,9.366693401651878,5.5396061782069825e-11
0.001,1.0,0.3449619200095219,10.523005557727087,4.286371760581647e-11
0.001,1.0,0.3449619200095219,11.822063690952728,3.250405792725738e-11
0.001,1.0,0.3449619200095219,13.281489698569583,2.5183688062859293e-11
0.001,1.0,0.3449619200095219,14.921080889473224,1.9525444726048997e-11
0.001,1.0,0.3449619200095219,16.763078537355728,1.4921080946013646e-11
0.001,1.0,0.3449619200095219,18.83246958655666,1.181590536730996e-11
0.001,1.0,0.3449619200095219,21.157325603303395,9.223125937229086e-12
0.001,1.0,0.3449619200095219,23.769183570259635,7.257260862081433e-12
0.001,1.0,0.3449619200095219,26.70347368991138,5.8828822424613455e-12
0.001,1.0,0.3449619200095219,30.0,4.680730417664922e-12
0.001,1.0,0.3687955792433599,0.1,0.0
0.001,1.0,0.3687955792433599,0.1123449344020514,0.0
0.001,1.0,0.3687955792433599,0.1262138428580125,0.0
0.001,1.0,0.3687955792433599,0.1417948589651424,0.0
0.001,1.0,0.3687955792433599,0.1592993412898707,0.0
0.001,1.0,0.3687955792433599,0.1789647404750054,0.0
0.001,1.0,0.3687955792433599,0.2010578202894464,0.0
0.001,1.0,0.3687955792433599,0.2258782763143731,0.0
0.001,1.0,0.3687955792433599,0.2537628013538671,0.0
0.001,1.0,0.3687955792433599,0.2850896527178103,0.0
0.001,1.0,0.3687955792433599,0.3202837833328603,0.0
0.001,1.0,0.3687955792433599,0.3598226062857105,1.380036411078185e-11
0.001,1.0,0.3687955792433599,0.4042424709954335,3.340387497008024e-10
0.001,1.0,0.3687955792433599,0.4541459388650518,9.901068671223128e-10
0.001,1.0,0.3687955792433599,0.5102099571075231,1.7545363752767696e-09
0.001,1.0,0.3687955792433599,0.573195041625182,2.452595319340696e-09
0.001,1.0,0.3687955792433599,0.6439555935096224,2.957971368023097e-09
0.001,1.0,0.3687955792433599,0.7234514891067266,3.1998697851398334e-09
0.001,1.0,0.3687955792433599,0.8127611008676167,3.19057618412162e-09
0.001,1.0,0.3687955792433599,0.9130959256151152,3.0173023498759567e-09
0.001,1.0,0.3687955792433599,1.0258170186601063,2.738164878816993e-09
0.001,1.0,0.3687955792433599,1.1524534566987763,2.4014452622207427e-09
0.001,1.0,0.3687955792433599,1.294723079942415,2.0713686245715366e-09
0.001,1.0,0.3687955792433599,1.4545557948495271,1.7721771056099349e-09
0.001,1.0,0.3687955792433599,1.6341197535649394,1.4721196336592534e-09
0.001,1.0,0.3687955792433599,1.835850765193496,1.190360604774759e-09
0.001,1.0,0.3687955792433599,2.062485337876194,9.638254508752048e-10
0.001,1.0,0.3687955792433599,2.3170977998889395,7.817429832014937e-10
0.001,1.0,0.3687955792433599,2.6031420033166066,6.170830982550086e-10
0.001,1.0,0.3687955792433599,2.9244981760182918,4.834809749523076e-10
0.001,1.0,0.3687955792433599,3.285525557436941,3.838364404227601e-10
0.001,1.0,0.3687955792433599,3.6911215322651687,2.988792989697452e-10
0.001,1.0,0.3687955792433599,4.1467880641233,2.3017269080728292e-10
0.001,1.0,0.3687955792433599,4.658706330431421,1.802131009827321e-10
0.001,1.0,0.3687955792433599,5.233820570907402,1.3893602544692828e-10
0.001,1.0,0.3687955792433599,5.879932287106996,1.0599981133057157e-10
0.001,1.0,0.3687955792433599,6.605806070835402,8.239896116599549e-11
0.001,1.0,0.3687955792433599,7.421288497006765,6.301184614934397e-11
0.001,1.0,0.3687955792433599,8.337441693749241,4.794474425261427e-11
0.001,1.0,0.3687955792433599,9.366693401651878,3.7206329166604884e-11
0.001,1.0,0.3687955792433599,10.523005557727087,2.8319681284257893e-11
0.001,1.0,0.3687955792433599,11.822063690952728,2.1714878586239218e-11
0.001,1.0,0.3687955792433599,13.281489698569583,1.6898354727685672e-11
0.001,1.0,0.3687955792433599,14.921080889473224,1.2910364591634481e-11
0.001,1.0,0.3687955792433599,16.763078537355728,1.0113575968982411e-11
0.001,1.0,0.3687955792433599,18.83246958655666,7.930488588172947e-12
0.001,1.0,0.3687955792433599,21.157325603303395,6.179330935207028e-12
0.001,1.0,0.3687955792433599,23.769183570259635,4.980828981127391e-12
0.001,1.0,0.3687955792433599,26.70347368991138,3.961562338989338e-12
0.001,1.0,0.3687955792433599,30.0,3.2259740868089566e-12
0.001,1.0,0.3942759225878933,0.1,0.0
0.001,1.0,0.3942759225878933,0.1123449344020514,0.0
0.001,1.0,0.3942759225878933,0.1262138428580125,0.0
0.001,1.0,0.3942759225878933,0.1417948589651424,0.0
0.001,1.0,0.3942759225878933,0.1592993412898707,0.0
0.001,1.0,0.3942759225878933,0.1789647404750054,0.0
0.001,1.0,0.3942759225878933,0.2010578202894464,0.0
0.001,1.0,0.3942759225878933,0.2258782763143731,0.0
0.001,1.0,0.3942759225878933,0.2537628013538671,0.0
0.001,1.0,0.3942759225878933,0.2850896527178103,0.0
0.001,1.0,0.3942759225878933,0.3202837833328603,0.0
0.001,1.0,0.3942759225878933,0.3598226062857105,0.0
0.001,1.0,0.3942759225878933,0.4042424709954335,5.318108245141199e-12
0.001,1.0,0.3942759225878933,0.4541459388650518,3.1742351839016984e-11
0.001,1.0,0.3942759225878933,0.5102099571075231,7.006963040545364e-11
0.001,1.0,0.3942759225878933,0.573195041625182,1.1058089128513131e-10
0.001,1.0,0.3942759225878933,0.6439555935096224,1.4564406735326e-10
0.001,1.0,0.3942759225878933,0.7234514891067266,1.6994049590903367e-10
0.001,1.0,0.3942759225878933,0.8127611008676167,1.805821216820851e-10
0.001,1.0,0.3942759225878933,0.9130959256151152,1.7780888297468482e-10
0.001,1.0,0.3942759225878933,1.0258170186601063,1.6507962206739634e-10
0.001,1.0,0.3942759225878933,1.1524534566987763,1.4764317481651937e-10
0.001,1.0,0.3942759225878933,1.294723079942415,1.2941658368562341e-10
0.001,1.0,0.3942759225878933,1.4545557948495271,1.1136106786967197e-10
0.001,1.0,0.3942759225878933,1.6341197535649394,9.341835693382657e-11
0.001,1.0,0.3942759225878933,1.835850765193496,7.612928033109066e-11
0.001,1.0,0.3942759225878933,2.062485337876194,6.081901601045867e-11
0.001,1.0,0.3942759225878933,2.3170977998889395,4.8203120428478327e-11
0.001,1.0,0.3942759225878933,2.6031420033166066,3.771415318393513e-11
0.001,1.0,0.3942759225878933,2.9244981760182918,2.8988124072974715e-11
0.001,1.0,0.3942759225878933,3.285525557436941,2.2097744965856615e-11
0.001,1.0,0.3942759225878933,3.6911215322651687,1.6689250040932334e-11
0.001,1.0,0.3942759225878933,4.1467880641233,1.2437747884575066e-11
0.001,1.0,0.3942759225878933,4.658706330431421,9.199513081428832e-12
0.001,1.0,0.3942759225878933,5.233820570907402,6.7869540953975245e-12
0.001,1.0,0.3942759225878933,5.879932287106996,4.948265601678368e-12
0.001,1.0,0.3942759225878933,6.605806070835402,3.572343547823885e-12
0.001,1.0,0.3942759225878933,7.421288497006765,2.5880618543714064e-12
0.001,1.0,0.3942759225878933,8.337441693749241,1.859514684508099e-12
0.001,1.0,0.3942759225878933,9.366693401651878,1.3177552303244115e-12
0.001,1.0,0.3942759225878933,10.523005557727087,9.386893127914272e-13
0.001,1.0,0.3942759225878933,11.822063690952728,6.696357940666272e-13
0.001,1.0,0.3942759225878933,13.281489698569583,4.689622485861142e-13
0.001,1.0,0.3942759225878933,14.921080889473224,3.283955545445344e-13
0.001,1.0,0.3942759225878933,16.763078537355728,2.3399572570007997e-13
0.001,1.0,0.3942759225878933,18.83246958655666,1.6146902594222916e-13
0.001,1.0,0.3942759225878933,21.157325603303395,1.1093679357027519e-13
0.001,1.0,0.3942759225878933,23.769183570259635,7.924639247041998e-14
0.001,1.0,0.3942759225878933,26.70347368991138,5.279849298285676e-14
0.001,1.0,0.3942759225878933,30.0,3.59272616272329e-14
0.001,1.0,0.421516720594837,0.1,0.0
0.001,1.0,0.421516720594837,0.1123449344020514,0.0
0.001,1.0,0.421516720594837,0.1262138428580125,0.0
0.001,1.0,0.421516720594837,0.1417948589651424,0.0
0.001,1.0,0.421516720594837,0.1592993412898707,0.0
0.001,1.0,0.421516720594837,0.1789647404750054,0.0
0.001,1.0,0.421516720594837,0.2010578202894464,0.0
0.001,1.0,0.421516720594837,0.2258782763143731,0.0
0.001,1.0,0.421516720594837,0.2537628013538671,0.0
0.001,1.0,0.421516720594837,0.2850896527178103,0.0
0.001,1.0,0.421516720594837,0.3202837833328603,0.0
0.001,1.0,0.421516720594837,0.3598226062857105,0.0
0.001,1.0,0.421516720594837,0.4042424709954335,7.823280713208753e-14
0.001,1.0,0.421516720594837,0.4541459388650518,4.127100446119187e-12
0.001,1.0,0.421516720594837,0.5102099571075231,1.3228932291741545e-11
0.001,1.0,0.421516720594837,0.573195041625182,2.4387673655484423e-11
0.001,1.0,0.421516720594837,0.6439555935096224,3.551665321857243e-11
0.001,1.0,0.421516720594837,0.7234514891067266,4.495043377263702e-11
0.001,1.0,0.421516720594837,0.8127611008676167,5.152423911277448e-11
0.001,1.0,0.421516720594837,0.9130959256151152,5.469555769127562e-11
0.001,1.0,0.421516720594837,1.0258170186601063,5.460755842633451e-11
0.001,1.0,0.421516720594837,1.1524534566987763,5.1994394013866516e-11
0.001,1.0,0.421516720594837,1.294723079942415,4.784884989727215e-11
0.001,1.0,0.421516720594837,1.4545557948495271,4.30404103289194e-11
0.001,1.0,0.421516720594837,1.6341197535649394,3.8028346944033075e-11
0.001,1.0,0.421516720594837,1.835850765193496,3.2821997043273455e-11
0.001,1.0,0.421516720594837,2.062485337876194,2.748869443685387e-11
0.001,1.0,0.421516720594837,2.3170977998889395,2.2554040615363848e-11
0.001,1.0,0.421516720594837,2.6031420033166066,1.8314983171901072e-11
0.001,1.0,0.421516720594837,2.9244981760182918,1.471745419072297e-11
0.001,1.0,0.421516720594837,3.285525557436941,1.1648927749699646e-11
0.001,1.0,0.421516720594837,3.6911215322651687,9.075062452646072e-12
0.001,1.0,0.421516720594837,4.1467880641233,7.005489766626437e-12
0.001,1.0,0.421516720594837,4.658706330431421,5.368525084500911e-12
0.001,1.0,0.421516720594837,5.233820570907402,4.0738192867220626e-12
0.001,1.0,0.421516720594837,5.879932287106996,3.058254773481036e-12
0.001,1.0,0.421516720594837,6.605806070835402,2.283366672877227e-12
0.001,1.0,0.421516720594837,7.421288497006765,1.694279006377383e-12
0.001,1.0,0.421516720594837,8.337441693749241,1.245779283743557e-12
0.001,1.0,0.421516720594837,9.366693401651878,9.107333913379347e-13
0.001,1.0,0.421516720594837,10.523005557727087,6.598673965513326e-13
0.001,1.0,0.421516720594837,11.822063690952728,4.774884995557964e-13
0.001,1.0,0.421516720594837,13.281489698569583,3.445730126028295e-13
0.001,1.0,0.421516720594837,14.921080889473224,2.436318821012993e-13
0.001,1.0,0.421516720594837,16.763078537355728,1.747131103565496e-13
0.001,1.0,0.421516720594837,18.83246958655666,1.2402919538693597e-13
0.001,1.0,0.421516720594837,21.157325603303395,8.495668473177138e-14
0.001,1.0,0.421516720594837,23.769183570259635,6.063962846445694e-14
0.001,1.0,0.421516720594837,26.70347368991138,4.134940422025374e-14
0.001,1.0,0.421516720594837,30.0,2.731182371252944e-14
0.001,1.0,0.4506396043025368,0.1,0.0
0.001,1.0,0.4506396043025368,0.1123449344020514,0.0
0.001,1.0,0.4506396043025368,0.1262138428580125,0.0
0.001,1.0,0.4506396043025368,0.1417948589651424,0.0
0.001,1.0,0.4506396043025368,0.1592993412898707,0.0
0.001,1.0,0.4506396043025368,0.1789647404750054,0.0
0.001,1.0,0.4506396043025368,0.2010578202894464,0.0
0.001,1.0,0.4506396043025368,0.2258782763143731,0.0
0.001,1.0,0.4506396043025368,0.2537628013538671,0.0
0.001,1.0,0.4506396043025368,0.2850896527178103,0.0
0.001,1.0,0.4506396043025368,0.3202837833328603,0.0
0.001,1.0,0.4506396043025368,0.3598226062857105,0.0
0.001,1.0,0.4506396043025368,0.4042424709954335,0.0
0.001,1.0,0.4506396043025368,0.4541459388650518,3.3404336343923984e-13
0.001,1.0,0.4506396043025368,0.5102099571075231,2.9358637952598602e-12
0.001,1.0,0.4506396043025368,0.573195041625182,7.227607169532004e-12
0.001,1.0,0.4506396043025368,0.6439555935096224,1.2164255770837215e-11
0.001,1.0,0.4506396043025368,0.7234514891067266,1.694816975183558e-11
0.001,1.0,0.4506396043025368,0.8127611008676167,2.0946108209190424e-11
0.001,1.0,0.4506396043025368,0.9130959256151152,2.371896212051051e-11
0.001,1.0,0.4506396043025368,1.0258170186601063,2.5071825483518757e-11
0.001,1.0,0.4506396043025368,1.1524534566987763,2.5071394972359228e-11
0.001,1.0,0.4506396043025368,1.294723079942415,2.4002480575449892e-11
0.001,1.0,0.4506396043025368,1.4545557948495271,2.2250718704180237e-11
0.001,1.0,0.4506396043025368,1.6341197535649394,2.01801269848348e-11
0.001,1.0,0.4506396043025368,1.835850765193496,1.7971615366796187e-11
0.001,1.0,0.4506396043025368,2.062485337876194,1.5571804088749867e-11
0.001,1.0,0.4506396043025368,2.3170977998889395,1.3085742011594432e-11
0.001,1.0,0.4506396043025368,2.6031420033166066,1.0795646307907435e-11
0.001,1.0,0.4506396043025368,2.9244981760182918,8.830944054829338e-12
0.001,1.0,0.4506396043025368,3.285525557436941,7.1509878770801436e-12
0.001,1.0,0.4506396043025368,3.6911215322651687,5.681978764439417e-12
0.001,1.0,0.4506396043025368,4.1467880641233,4.447478831544388e-12
0.001,1.0,0.4506396043025368,4.658706330431421,3.470245420692105e-12
0.001,1.0,0.4506396043025368,5.233820570907402,2.682157141801981e-12
0.001,1.0,0.4506396043025368,5.879932287106996,2.042246732515309e-12
0.001,1.0,0.4506396043025368,6.605806070835402,1.5497721608555783e-12
0.001,1.0,0.4506396043025368,7.421288497006765,1.1694844686426005e-12
0.001,1.0,0.4506396043025368,8.337441693749241,8.703399764305291e-13
0.001,1.0,0.4506396043025368,9.366693401651878,6.45646688024653e-13
0.001,1.0,0.4506396043025368,10.523005557727087,4.73757926714005e-13
0.001,1.0,0.4506396043025368,11.822063690952728,3.4440579873276187e-13
0.001,1.0,0.4506396043025368,13.281489698569583,2.5157672338600664e-13
0.001,1.0,0.4506396043025368,14.921080889473224,1.7932623986718877e-13
0.001,1.0,0.4506396043025368,16.763078537355728,1.279932295035192e-13
0.001,1.0,0.4506396043025368,18.83246958655666,9.200480201253359e-14
0.001,1.0,0.4506396043025368,21.157325603303395,6.273889038227759e-14
0.001,1.0,0.4506396043025368,23.769183570259635,4.411166219738805e-14
0.001,1.0,0.4506396043025368,26.70347368991138,3.048338917892494e-14
0.001,1.0,0.4506396043025368,30.0,1.9497449740277888e-14
0.001,1.0,0.4817746083224637,0.1,0.0
0.001,1.0,0.4817746083224637,0.1123449344020514,0.0
0.001,1.0,0.4817746083224637,0.1262138428580125,0.0
0.001,1.0,0.4817746083224637,0.1417948589651424,0.0
0.001,1.0,0.4817746083224637,0.1592993412898707,0.0
0.001,1.0,0.4817746083224637,0.1789647404750054,0.0
0.001,1.0,0.4817746083224637,0.2010578202894464,0.0
0.001,1.0,0.4817746083224637,0.2258782763143731,0.0
0.001,1.0,0.4817746083224637,0.2537628013538671,0.0
0.001,1.0,0.4817746083224637,0.2850896527178103,0.0
0.001,1.0,0.4817746083224637,0.3202837833328603,0.0
0.001,1.0,0.4817746083224637,0.3598226062857105,0.0
0.001,1.0,0.4817746083224637,0.4042424709954335,0.0
0.001,1.0,0.4817746083224637,0.4541459388650518,5.0790313944709577e-17
0.001,1.0,0.4817746083224637,0.5102099571075231,4.2607273965368224e-13
0.001,1.0,0.4817746083224637,0.573195041625182,1.992271065593357e-12
0.001,1.0,0.4817746083224637,0.6439555935096224,4.272276150142705e-12
0.001,1.0,0.4817746083224637,0.7234514891067266,6.821096462926527e-12
0.001,1.0,0.4817746083224637,0.8127611008676167,9.257140124699834e-12
0.001,1.0,0.4817746083224637,0.9130959256151152,1.1271181130966182e-11
0.001,1.0,0.4817746083224637,1.0258170186601063,1.2652144438171296e-11
0.001,1.0,0.4817746083224637,1.1524534566987763,1.3306202492788516e-11
0.001,1.0,0.4817746083224637,1.294723079942415,1.3267986538775674e-11
0.001,1.0,0.4817746083224637,1.4545557948495271,1.268071804100634e-11
0.001,1.0,0.4817746083224637,1.6341197535649394,1.1746487216985774e-11
0.001,1.0,0.4817746083224637,1.835850765193496,1.0657361208289809e-11
0.001,1.0,0.4817746083224637,2.062485337876194,9.48014166742855e-12
0.001,1.0,0.4817746083224637,2.3170977998889395,8.161500773551631e-12
0.001,1.0,0.4817746083224637,2.6031420033166066,6.824718122656031e-12
0.001,1.0,0.4817746083224637,2.9244981760182918,5.626988701774465e-12
0.001,1.0,0.4817746083224637,3.285525557436941,4.613695337845708e-12
0.001,1.0,0.4817746083224637,3.6911215322651687,3.723612005290657e-12
0.001,1.0,0.4817746083224637,4.1467880641233,2.943528096587912e-12
0.001,1.0,0.4817746083224637,4.658706330431421,2.312984208509638e-12
0.001,1.0,0.4817746083224637,5.233820570907402,1.810051327218396e-12
0.001,1.0,0.4817746083224637,5.879932287106996,1.3922366358144935e-12
0.001,1.0,0.4817746083224637,6.605806070835402,1.063166949725715e-12
0.001,1.0,0.4817746083224637,7.421288497006765,8.10812923937875e-13
0.001,1.0,0.4817746083224637,8.337441693749241,6.081595388809052e-13
0.001,1.0,0.4817746083224637,9.366693401651878,4.5329791472263926e-13
0.001,1.0,0.4817746083224637,10.523005557727087,3.35409371836294e-13
0.001,1.0,0.4817746083224637,11.822063690952728,2.4373030155892833e-13
0.001,1.0,0.4817746083224637,13.281489698569583,1.7805893000608489e-13
0.001,1.0,0.4817746083224637,14.921080889473224,1.2748799267280697e-13
0.001,1.0,0.4817746083224637,16.763078537355728,8.996123651083563e-14
0.001,1.0,0.4817746083224637,18.83246958655666,6.456587694080862e-14
0.001,1.0,0.4817746083224637,21.157325603303395,4.365110051581081e-14
0.001,1.0,0.4817746083224637,23.769183570259635,2.9822942854659433e-14
0.001,1.0,0.4817746083224637,26.70347368991138,2.0504793702859437e-14
0.001,1.0,0.4817746083224637,30.0,1.249332666136839e-14
0.001,1.0,0.5150607514479321,0.1,0.0
0.001,1.0,0.5150607514479321,0.1123449344020514,0.0
0.001,1.0,0.5150607514479321,0.1262138428580125,0.0
0.001,1.0,0.5150607514479321,0.1417948589651424,0.0
0.001,1.0,0.5150607514479321,0.1592993412898707,0.0
0.001,1.0,0.5150607514479321,0.1789647404750054,0.0
0.001,1.0,0.5150607514479321,0.2010578202894464,0.0
0.001,1.0,0.5150607514479321,0.2258782763143731,0.0
0.001,1.0,0.5150607514479321,0.2537628013538671,0.0
0.001,1.0,0.5150607514479321,0.2850896527178103,0.0
0.001,1.0,0.5150607514479321,0.3202837833328603,0.0
0.001,1.0,0.5150607514479321,0.3598226062857105,0.0
0.001,1.0,0.5150607514479321,0.4042424709954335,0.0
0.001,1.0,0.5150607514479321,0.4541459388650518,0.0
0.001,1.0,0.5150607514479321,0.5102099571075231,1.5563190628603066e-14
0.001,1.0,0.5150607514479321,0.573195041625182,3.6877054051761855e-13
0.001,1.0,0.5150607514479321,0.6439555935096224,1.2802193055435362e-12
0.001,1.0,0.5150607514479321,0.7234514891067266,2.5482803010052554e-12
0.001,1.0,0.5150607514479321,0.8127611008676167,3.952713038996758e-12
0.001,1.0,0.5150607514479321,0.9130959256151152,5.28830994001283e-12
0.001,1.0,0.5150607514479321,1.0258170186601063,6.379771735656966e-12
0.001,1.0,0.5150607514479321,1.1524534566987763,7.105268084354005e-12
0.001,1.0,0.5150607514479321,1.294723079942415,7.413944416321189e-12
0.001,1.0,0.5150607514479321,1.4545557948495271,7.330899675327722e-12
0.001,1.0,0.5150607514479321,1.6341197535649394,6.9461859981621214e-12
0.001,1.0,0.5150607514479321,1.835850765193496,6.389379675615951e-12
0.001,1.0,0.5150607514479321,2.062485337876194,5.76844478709742e-12
0.001,1.0,0.5150607514479321,2.3170977998889395,5.0821162739801085e-12
0.001,1.0,0.5150607514479321,2.6031420033166066,4.317064218932885e-12
0.001,1.0,0.5150607514479321,2.9244981760182918,3.5801890282691322e-12
0.001,1.0,0.5150607514479321,3.285525557436941,2.9484080567340083e-12
0.001,1.0,0.5150607514479321,3.6911215322651687,2.406179738476691e-12
0.001,1.0,0.5150607514479321,4.1467880641233,1.919604358294142e-12
0.001,1.0,0.5150607514479321,4.658706330431421,1.5112207150374544e-12
0.001,1.0,0.5150607514479321,5.233820570907402,1.1903811497702743e-12
0.001,1.0,0.5150607514479321,5.879932287106996,9.214529171899767e-13
0.001,1.0,0.5150607514479321,6.605806070835402,7.051073602220597e-13
0.001,1.0,0.5150607514479321,7.421288497006765,5.399181529201641e-13
0.001,1.0,0.5150607514479321,8.337441693749241,4.0584530190340877e-13
0.001,1.0,0.5150607514479321,9.366693401651878,3.018489638507076e-13
0.001,1.0,0.5150607514479321,10.523005557727087,2.2364337864422643e-13
0.001,1.0,0.5150607514479321,11.822063690952728,1.6133052382645917e-13
0.001,1.0,0.5150607514479321,13.281489698569583,1.1673761369516037e-13
0.001,1.0,0.5150607514479321,14.921080889473224,8.331312417986663e-14
0.001,1.0,0.5150607514479321,16.763078537355728,5.744625420572782e-14
0.001,1.0,0.5150607514479321,18.83246958655666,4.062646817721078e-14
0.001,1.0,0.5150607514479321,21.157325603303395,2.70716455910904e-14
0.001,1.0,0.5150607514479321,23.769183570259635,1.7624031177062454e-14
0.001,1.0,0.5150607514479321,26.70347368991138,1.1974434777329676e-14
0.001,1.0,0.5150607514479321,30.0,6.953237177138706e-15
0.001,1.0,0.5506466573774781,0.1,0.0
0.001,1.0,0.5506466573774781,0.1123449344020514,0.0
0.001,1.0,0.5506466573774781,0.1262138428580125,0.0
0.001,1.0,0.5506466573774781,0.1417948589651424,0.0
0.001,1.0,0.5506466573774781,0.1592993412898707,0.0
0.001,1.0,0.5506466573774781,0.1789647404750054,0.0
0.001,1.0,0.5506466573774781,0.2010578202894464,0.0
0.001,1.0,0.5506466573774781,0.2258782763143731,0.0
0.001,1.0,0.5506466573774781,0.2537628013538671,0.0
0.001,1.0,0.5506466573774781,0.2850896527178103,0.0
0.001,1.0,0.5506466573774781,0.3202837833328603,0.0
0.001,1.0,0.5506466573774781,0.3598226062857105,0.0
0.001,1.0,0.5506466573774781,0.4042424709954335,0.0
0.001,1.0,0.5506466573774781,0.4541459388650518,0.0
0.001,1.0,0.5506466573774781,0.5102099571075231,0.0
0.001,1.0,0.5506466573774781,0.573195041625182,2.3954440363752037e-14
0.001,1.0,0.5506466573774781,0.6439555935096224,2.453838212915689e-13
0.001,1.0,0.5506466573774781,0.7234514891067266,7.368543492862812e-13
0.001,1.0,0.5506466573774781,0.8127611008676167,1.4193945862057476e-12
0.001,1.0,0.5506466573774781,0.9130959256151152,2.179179960373696e-12
0.001,1.0,0.5506466573774781,1.0258170186601063,2.8981757306967242e-12
0.001,1.0,0.5506466573774781,1.1524534566987763,3.4732278307110933e-12
0.001,1.0,0.5506466573774781,1.294723079942415,3.8321243239454195e-12
0.001,1.0,0.5506466573774781,1.4545557948495271,3.949096979046435e-12
0.001,1.0,0.5506466573774781,1.6341197535649394,3.8495484323422015e-12
0.001,1.0,0.5506466573774781,1.835850765193496,3.598560867775413e-12
0.001,1.0,0.5506466573774781,2.062485337876194,3.2786209611667114e-12
0.001,1.0,0.5506466573774781,2.3170977998889395,2.9346294271056206e-12
0.001,1.0,0.5506466573774781,2.6031420033166066,2.5402065851593262e-12
0.001,1.0,0.5506466573774781,2.9244981760182918,2.122890102106602e-12
0.001,1.0,0.5506466573774781,3.285525557436941,1.7504732941519924e-12
0.001,1.0,0.5506466573774781,3.6911215322651687,1.4369265108512687e-12
0.001,1.0,0.5506466573774781,4.1467880641233,1.1538484615111844e-12
0.001,1.0,0.5506466573774781,4.658706330431421,9.10457811708304e-13
0.001,1.0,0.5506466573774781,5.233820570907402,7.166318118728682e-13
0.001,1.0,0.5506466573774781,5.879932287106996,5.565317911052184e-13
0.001,1.0,0.5506466573774781,6.605806070835402,4.2502832269086766e-13
0.001,1.0,0.5506466573774781,7.421288497006765,3.242074134668975e-13
0.001,1.0,0.5506466573774781,8.337441693749241,2.42672504065256e-13
0.001,1.0,0.5506466573774781,9.366693401651878,1.7879331486223684e-13
0.001,1.0,0.5506466573774781,10.523005557727087,1.3148566931209982e-13
0.001,1.0,0.5506466573774781,11.822063690952728,9.335520563769883e-14
0.001,1.0,0.5506466573774781,13.281489698569583,6.624456085917529e-14
0.001,1.0,0.5506466573774781,14.921080889473224,4.674834058363012e-14
0.001,1.0,0.5506466573774781,16.763078537355728,3.106149851389019e-14
0.001,1.0,0.5506466573774781,18.83246958655666,2.1391888393965383e-14
0.001,1.0,0.5506466573774781,21.157325603303395,1.4109785708209273e-14
0.001,1.0,0.5506466573774781,23.769183570259635,8.462955375581135e-15
0.001,1.0,0.5506466573774781,26.70347368991138,5.7207312262705646e-15
0.001,1.0,0.5506466573774781,30.0,3.438565687186005e-15
0.001,1.0,0.5886912183244501,0.1,0.0
0.001,1.0,0.5886912183244501,0.1123449344020514,0.0
0.001,1.0,0.5886912183244501,0.1262138428580125,0.0
0.001,1.0,0.5886912183244501,0.1417948589651424,0.0
0.001,1.0,0.5886912183244501,0.1592993412898707,0.0
0.001,1.0,0.5886912183244501,0.1789647404750054,0.0
0.001,1.0,0.5886912183244501,0.2010578202894464,0.0
0.001,1.0,0.5886912183244501,0.2258782763143731,0.0
0.001,1.0,0.5886912183244501,0.2537628013538671,0.0
0.001,1.0,0.5886912183244501,0.2850896527178103,0.0
0.001,1.0,0.5886912183244501,0.3202837833328603,0.0
0.001,1.0,0.5886912183244501,0.3598226062857105,0.0
0.001,1.0,0.5886912183244501,0.4042424709954335,0.0
0.001,1.0,0.5886912183244501,0.4541459388650518,0.0
0.001,1.0,0.5886912183244501,0.5102099571075231,0.0
0.001,1.0,0.5886912183244501,0.573195041625182,1.3375141999014414e-16
0.001,1.0,0.5886912183244501,0.6439555935096224,1.818727069950058e-14
0.001,1.0,0.5886912183244501,0.7234514891067266,1.239169517547418e-13
0.001,1.0,0.5886912183244501,0.8127611008676167,3.456783376098349e-13
0.001,1.0,0.5886912183244501,0.9130959256151152,6.59807472141841e-13
0.001,1.0,0.5886912183244501,1.0258170186601063,1.0154675195069635e-12
0.001,1.0,0.5886912183244501,1.1524534566987763,1.350090305159307e-12
0.001,1.0,0.5886912183244501,1.294723079942415,1.6073527974367064e-12
0.001,1.0,0.5886912183244501,1.4545557948495271,1.7514020367758524e-12
0.001,1.0,0.5886912183244501,1.6341197535649394,1.7747596690879035e-12
0.001,1.0,0.5886912183244501,1.835850765193496,1.6996305062399466e-12
0.001,1.0,0.5886912183244501,2.062485337876194,1.5676823931554383e-12
0.001,1.0,0.5886912183244501,2.3170977998889395,1.4175653407284972e-12
0.001,1.0,0.5886912183244501,2.6031420033166066,1.2507945781209387e-12
0.001,1.0,0.5886912183244501,2.9244981760182918,1.0582244039075655e-12
0.001,1.0,0.5886912183244501,3.285525557436941,8.73533834815614e-13
0.001,1.0,0.5886912183244501,3.6911215322651687,7.186225021842434e-13
0.001,1.0,0.5886912183244501,4.1467880641233,5.798791510393734e-13
0.001,1.0,0.5886912183244501,4.658706330431421,4.573226548288351e-13
0.001,1.0,0.5886912183244501,5.233820570907402,3.585985890710474e-13
0.001,1.0,0.5886912183244501,5.879932287106996,2.7804622182496663e-13
0.001,1.0,0.5886912183244501,6.605806070835402,2.103728320761852e-13
0.001,1.0,0.5886912183244501,7.421288497006765,1.5932910189843464e-13
0.001,1.0,0.5886912183244501,8.337441693749241,1.1784927748319855e-13
0.001,1.0,0.5886912183244501,9.366693401651878,8.530727010141803e-14
0.001,1.0,0.5886912183244501,10.523005557727087,6.201066647555019e-14
0.001,1.0,0.5886912183244501,11.822063690952728,4.325916401802923e-14
0.001,1.0,0.5886912183244501,13.281489698569583,2.98421186146646e-14
0.001,1.0,0.5886912183244501,14.921080889473224,2.088444930002477e-14
0.001,1.0,0.5886912183244501,16.763078537355728,1.3475234409884251e-14
0.001,1.0,0.5886912183244501,18.83246958655666,8.962753641037294e-15
0.001,1.0,0.5886912183244501,21.157325603303395,6.032081104610963e-15
0.001,1.0,0.5886912183244501,23.769183570259635,3.498542593135865e-15
0.001,1.0,0.5886912183244501,26.70347368991138,2.2889550395094967e-15
0.001,1.0,0.5886912183244501,30.0,1.4911520951407215e-15
0.001,1.0,0.6293643044758447,0.1,0.0
0.001,1.0,0.6293643044758447,0.1123449344020514,0.0
0.001,1.0,0.6293643044758447,0.1262138428580125,0.0
0.001,1.0,0.6293643044758447,0.1417948589651424,0.0
0.001,1.0,0.6293643044758447,0.1592993412898707,0.0
0.001,1.0,0.6293643044758447,0.1789647404750054,0.0
0.001,1.0,0.6293643044758447,0.2010578202894464,0.0
0.001,1.0,0.6293643044758447,0.2258782763143731,0.0
0.001,1.0,0.6293643044758447,0.2537628013538671,0.0
0.001,1.0,0.6293643044758447,0.2850896527178103,0.0
0.001,1.0,0.6293643044758447,0.3202837833328603,0.0
0.001,1.0,0.6293643044758447,0.3598226062857105,0.0
0.001,1.0,0.6293643044758447,0.4042424709954335,0.0
0.001,1.0,0.6293643044758447,0.4541459388650518,0.0
0.001,1.0,0.6293643044758447,0.5102099571075231,0.0
0.001,1.0,0.6293643044758447,0.573195041625182,0.0
0.001,1.0,0.6293643044758447,0.6439555935096224,2.630944960621652e-16
0.001,1.0,0.6293643044758447,0.7234514891067266,8.54198815954782e-15
0.001,1.0,0.6293643044758447,0.8127611008676167,4.52158945641016e-14
0.001,1.0,0.6293643044758447,0.9130959256151152,1.1923337238683776e-13
0.001,1.0,0.6293643044758447,1.0258170186601063,2.2506485196043358e-13
0.001,1.0,0.6293643044758447,1.1524534566987763,3.4631630950994123e-13
0.001,1.0,0.6293643044758447,1.294723079942415,4.599358023022287e-13
0.001,1.0,0.6293643044758447,1.4545557948495271,5.434574654890131e-13
0.001,1.0,0.6293643044758447,1.6341197535649394,5.835488700389918e-13
0.001,1.0,0.6293643044758447,1.835850765193496,5.809932249389046e-13
0.001,1.0,0.6293643044758447,2.062485337876194,5.484923817977504e-13
0.001,1.0,0.6293643044758447,2.3170977998889395,5.028007646273032e-13
0.001,1.0,0.6293643044758447,2.6031420033166066,4.5186555557851577e-13
0.001,1.0,0.6293643044758447,2.9244981760182918,3.910304128176238e-13
0.001,1.0,0.6293643044758447,3.285525557436941,3.2496328516599887e-13
0.001,1.0,0.6293643044758447,3.6911215322651687,2.675164908261512e-13
0.001,1.0,0.6293643044758447,4.1467880641233,2.1789948318377804e-13
0.001,1.0,0.6293643044758447,4.658706330431421,1.71798282301694e-13
0.001,1.0,0.6293643044758447,5.233820570907402,1.3468921617419507e-13
0.001,1.0,0.6293643044758447,5.879932287106996,1.0422823903058431e-13
0.001,1.0,0.6293643044758447,6.605806070835402,7.866057001485747e-14
0.001,1.0,0.6293643044758447,7.421288497006765,5.902039754990018e-14
0.001,1.0,0.6293643044758447,8.337441693749241,4.3806630517141874e-14
0.001,1.0,0.6293643044758447,9.366693401651878,3.132182822815726e-14
0.001,1.0,0.6293643044758447,10.523005557727087,2.264596371474676e-14
0.001,1.0,0.6293643044758447,11.822063690952728,1.5995724906622728e-14
0.001,1.0,0.6293643044758447,13.281489698569583,1.0789497336304882e-14
0.001,1.0,0.6293643044758447,14.921080889473224,7.589611756043714e-15
0.001,1.0,0.6293643044758447,16.763078537355728,5.067288030875387e-15
0.001,1.0,0.6293643044758447,18.83246958655666,3.2370546256628423e-15
0.001,1.0,0.6293643044758447,21.157325603303395,2.2475142648730263e-15
0.001,1.0,0.6293643044758447,23.769183570259635,1.3926403238995022e-15
0.001,1.0,0.6293643044758447,26.70347368991138,8.626709309336185e-16
0.001,1.0,0.6293643044758447,30.0,6.00823263110434e-16
0.001,1.0,0.6728475224681512,0.1,0.0
0.001,1.0,0.6728475224681512,0.1123449344020514,0.0
0.001,1.0,0.6728475224681512,0.1262138428580125,0.0
0.001,1.0,0.6728475224681512,0.1417948589651424,0.0
0.001,1.0,0.6728475224681512,0.1592993412898707,0.0
0.001,1.0,0.6728475224681512,0.1789647404750054,0.0
0.001,1.0,0.6728475224681512,0.2010578202894464,0.0
0.001,1.0,0.6728475224681512,0.2258782763143731,0.0
0.001,1.0,0.6728475224681512,0.2537628013538671,0.0
0.001,1.0,0.6728475224681512,0.2850896527178103,0.0
0.001,1.0,0.6728475224681512,0.3202837833328603,0.0
0.001,1.0,0.6728475224681512,0.3598226062857105,0.0
0.001,1.0,0.6728475224681512,0.4042424709954335,0.0
0.001,1.0,0.6728475224681512,0.4541459388650518,0.0
0.001,1.0,0.6728475224681512,0.5102099571075231,0.0
0.001,1.0,0.6728475224681512,0.573195041625182,0.0
0.001,1.0,0.6728475224681512,0.6439555935096224,9.021683432366936e-20
0.001,1.0,0.6728475224681512,0.7234514891067266,1.9136800316960565e-16
0.001,1.0,0.6728475224681512,0.8127611008676167,2.962647791789569e-15
0.001,1.0,0.6728475224681512,0.9130959256151152,1.2740246161586968e-14
0.001,1.0,0.6728475224681512,1.0258170186601063,3.137845668618909e-14
0.001,1.0,0.6728475224681512,1.1524534566987763,5.764003085879291e-14
0.001,1.0,0.6728475224681512,1.294723079942415,8.757287195156694e-14
0.001,1.0,0.6728475224681512,1.4545557948495271,1.1531153177897381e-13
0.001,1.0,0.6728475224681512,1.6341197535649394,1.3494874360021942e-13
0.001,1.0,0.6728475224681512,1.835850765193496,1.4318795730466513e-13
0.001,1.0,0.6728475224681512,2.062485337876194,1.4107743202088146e-13
0.001,1.0,0.6728475224681512,2.3170977998889395,1.3264855588160072e-13
0.001,1.0,0.6728475224681512,2.6031420033166066,1.2181212420959879e-13
0.001,1.0,0.6728475224681512,2.9244981760182918,1.0900269929536484e-13
0.001,1.0,0.6728475224681512,3.285525557436941,9.31237216255486e-14
0.001,1.0,0.6728475224681512,3.6911215322651687,7.716898850159695e-14
0.001,1.0,0.6728475224681512,4.1467880641233,6.375524890344923e-14
0.001,1.0,0.6728475224681512,4.658706330431421,5.132426260739491e-14
0.001,1.0,0.6728475224681512,5.233820570907402,4.0357023985799914e-14
0.001,1.0,0.6728475224681512,5.879932287106996,3.169066498383479e-14
0.001,1.0,0.6728475224681512,6.605806070835402,2.427001799472315e-14
0.001,1.0,0.6728475224681512,7.421288497006765,1.8269837467171858e-14
0.001,1.0,0.6728475224681512,8.337441693749241,1.380723014530103e-14
0.001,1.0,0.6728475224681512,9.366693401651878,1.0053238277839447e-14
0.001,1.0,0.6728475224681512,10.523005557727087,7.283535507979395e-15
0.001,1.0,0.6728475224681512,11.822063690952728,5.304922727399842e-15
0.001,1.0,0.6728475224681512,13.281489698569583,3.656299562455774e-15
0.001,1.0,0.6728475224681512,14.921080889473224,2.5685388071205997e-15
0.001,1.0,0.6728475224681512,16.763078537355728,1.808111901224586e-15
0.001,1.0,0.6728475224681512,18.83246958655666,1.1724561454388096e-15
0.001,1.0,0.6728475224681512,21.157325603303395,8.15142124897883e-16
0.001,1.0,0.6728475224681512,23.769183570259635,5.522563785659484e-16
0.001,1.0,0.6728475224681512,26.70347368991138,3.379750362883891e-16
0.001,1.0,0.6728475224681512,30.0,2.401102769410007e-16
0.001,1.0,0.7193350262668177,0.1,0.0
0.001,1.0,0.7193350262668177,0.1123449344020514,0.0
0.001,1.0,0.7193350262668177,0.1262138428580125,0.0
0.001,1.0,0.7193350262668177,0.1417948589651424,0.0
0.001,1.0,0.7193350262668177,0.1592993412898707,0.0
0.001,1.0,0.7193350262668177,0.1789647404750054,0.0
0.001,1.0,0.7193350262668177,0.2010578202894464,0.0
0.001,1.0,0.7193350262668177,0.2258782763143731,0.0
0.001,1.0,0.7193350262668177,0.2537628013538671,0.0
0.001,1.0,0.7193350262668177,0.2850896527178103,0.0
0.001,1.0,0.7193350262668177,0.3202837833328603,0.0
0.001,1.0,0.7193350262668177,0.3598226062857105,0.0
0.001,1.0,0.7193350262668177,0.4042424709954335,0.0
0.001,1.0,0.7193350262668177,0.4541459388650518,0.0
0.001,1.0,0.7193350262668177,0.5102099571075231,0.0
0.001,1.0,0.7193350262668177,0.573195041625182,0.0
0.001,1.0,0.7193350262668177,0.6439555935096224,0.0
0.001,1.0,0.7193350262668177,0.7234514891067266,1.0882115554842106e-18
0.001,1.0,0.7193350262668177,0.8127611008676167,9.809288831246569e-17
0.001,1.0,0.7193350262668177,0.9130959256151152,9.26735377417793e-16
0.001,1.0,0.7193350262668177,1.0258170186601063,3.35221058217223e-15
0.001,1.0,0.7193350262668177,1.1524534566987763,7.698009960702574e-15
0.001,1.0,0.7193350262668177,1.294723079942415,1.3670497626523956e-14
0.001,1.0,0.7193350262668177,1.4545557948495271,2.0377941799822906e-14
0.001,1.0,0.7193350262668177,1.6341197535649394,2.649149728601433e-14
0.001,1.0,0.7193350262668177,1.835850765193496,3.0692363813130827e-14
0.001,1.0,0.7193350262668177,2.062485337876194,3.2324906617587876e-14
0.001,1.0,0.7193350262668177,2.3170977998889395,3.1758988490206397e-14
0.001,1.0,0.7193350262668177,2.6031420033166066,2.9954756159619255e-14
0.001,1.0,0.7193350262668177,2.9244981760182918,2.7643700494695768e-14
0.001,1.0,0.7193350262668177,3.285525557436941,2.470232550905252e-14
0.001,1.0,0.7193350262668177,3.6911215322651687,2.1019159490945582e-14
0.001,1.0,0.7193350262668177,4.1467880641233,1.754085601219755e-14
0.001,1.0,0.7193350262668177,4.658706330431421,1.454822781889461e-14
0.001,1.0,0.7193350262668177,5.233820570907402,1.167004253747502e-14
0.001,1.0,0.7193350262668177,5.879932287106996,9.282513351044928e-15
0.001,1.0,0.7193350262668177,6.605806070835402,7.290892868142589e-15
0.001,1.0,0.7193350262668177,7.421288497006765,5.598145496809085e-15
0.001,1.0,0.7193350262668177,8.337441693749241,4.2731955585721855e-15
0.001,1.0,0.7193350262668177,9.366693401651878,3.2363716629779253e-15
0.001,1.0,0.7193350262668177,10.523005557727087,2.3688106959043373e-15
0.001,1.0,0.7193350262668177,11.822063690952728,1.7596532640123618e-15
0.001,1.0,0.7193350262668177,13.281489698569583,1.276342570952071e-15
0.001,1.0,0.7193350262668177,14.921080889473224,8.974122652096797e-16
0.001,1.0,0.7193350262668177,16.763078537355728,6.529590510944599e-16
0.001,1.0,0.7193350262668177,18.83246958655666,4.49642535413416e-16
0.001,1.0,0.7193350262668177,21.157325603303395,3.086950481228123e-16
0.001,1.0,0.7193350262668177,23.769183570259635,2.211366678816227e-16
0.001,1.0,0.7193350262668177,26.70347368991138,1.430320344094465e-16
0.001,1.0,0.7193350262668177,30.0,9.971174116301289e-17
0.001,1.0,0.7690343840699453,0.1,0.0
0.001,1.0,0.7690343840699453,0.1123449344020514,0.0
0.001,1.0,0.7690343840699453,0.1262138428580125,0.0
0.001,1.0,0.7690343840699453,0.1417948589651424,0.0
0.001,1.0,0.7690343840699453,0.1592993412898707,0.0
0.001,1.0,0.7690343840699453,0.1789647404750054,0.0
0.001,1.0,0.7690343840699453,0.2010578202894464,0.0
0.001,1.0,0.7690343840699453,0.2258782763143731,0.0
0.001,1.0,0.7690343840699453,0.2537628013538671,0.0
0.001,1.0,0.7690343840699453,0.2850896527178103,0.0
0.001,1.0,0.7690343840699453,0.3202837833328603,0.0
0.001,1.0,0.7690343840699453,0.3598226062857105,0.0
0.001,1.0,0.7690343840699453,0.4042424709954335,0.0
0.001,1.0,0.7690343840699453,0.4541459388650518,0.0
0.001,1.0,0.7690343840699453,0.5102099571075231,0.0
0.001,1.0,0.7690343840699453,0.573195041625182,0.0
0.001,1.0,0.7690343840699453,0.6439555935096224,0.0
0.001,1.0,0.7690343840699453,0.7234514891067266,0.0
0.001,1.0,0.7690343840699453,0.8127611008676167,1.447348408881155e-18
0.001,1.0,0.7690343840699453,0.9130959256151152,4.3472370399727665e-17
0.001,1.0,0.7690343840699453,1.0258170186601063,2.925909792487851e-16
0.001,1.0,0.7690343840699453,1.1524534566987763,9.249977153716857e-16
0.001,1.0,0.7690343840699453,1.294723079942415,1.9986853388349828e-15
0.001,1.0,0.7690343840699453,1.4545557948495271,3.436643811968876e-15
0.001,1.0,0.7690343840699453,1.6341197535649394,5.023677534444393e-15
0.001,1.0,0.7690343840699453,1.835850765193496,6.445518306185354e-15
0.001,1.0,0.7690343840699453,2.062485337876194,7.401752269744305e-15
0.001,1.0,0.7690343840699453,2.3170977998889395,7.762587803634837e-15
0.001,1.0,0.7690343840699453,2.6031420033166066,7.633036803338734e-15
0.001,1.0,0.7690343840699453,2.9244981760182918,7.239132885321664e-15
0.001,1.0,0.7690343840699453,3.285525557436941,6.71897683958741e-15
0.001,1.0,0.7690343840699453,3.6911215322651687,5.996640316155796e-15
0.001,1.0,0.7690343840699453,4.1467880641233,5.108284930680856e-15
0.001,1.0,0.7690343840699453,4.658706330431421,4.303451875543427e-15
0.001,1.0,0.7690343840699453,5.233820570907402,3.5747175907415295e-15
0.001,1.0,0.7690343840699453,5.879932287106996,2.882691835994824e-15
0.001,1.0,0.7690343840699453,6.605806070835402,2.315174641702144e-15
0.001,1.0,0.7690343840699453,7.421288497006765,1.8206875376040705e-15
0.001,1.0,0.7690343840699453,8.337441693749241,1.413422781134634e-15
0.001,1.0,0.7690343840699453,9.366693401651878,1.0941746456962425e-15
0.001,1.0,0.7690343840699453,10.523005557727087,8.260298608047162e-16
0.001,1.0,0.7690343840699453,11.822063690952728,6.206744127153187e-16
0.001,1.0,0.7690343840699453,13.281489698569583,4.667651121257398e-16
0.001,1.0,0.7690343840699453,14.921080889473224,3.3739731296185376e-16
0.001,1.0,0.7690343840699453,16.763078537355728,2.480564928847782e-16
0.001,1.0,0.7690343840699453,18.83246958655666,1.8106933531146679e-16
0.001,1.0,0.7690343840699453,21.157325603303395,1.252099727133108e-16
0.001,1.0,0.7690343840699453,23.769183570259635,9.136016067670694e-17
0.001,1.0,0.7690343840699453,26.70347368991138,6.382519815448995e-17
0.001,1.0,0.7690343840699453,30.0,4.338481220594551e-17
0.001,1.0,0.8221675051069615,0.1,0.0
0.001,1.0,0.8221675051069615,0.1123449344020514,0.0
0.001,1.0,0.8221675051069615,0.1262138428580125,0.0
0.001,1.0,0.8221675051069615,0.1417948589651424,0.0
0.001,1.0,0.8221675051069615,0.1592993412898707,0.0
0.001,1.0,0.8221675051069615,0.1789647404750054,0.0
0.001,1.0,0.8221675051069615,0.2010578202894464,0.0
0.001,1.0,0.8221675051069615,0.2258782763143731,0.0
0.001,1.0,0.8221675051069615,0.2537628013538671,0.0
0.001,1.0,0.8221675051069615,0.2850896527178103,0.0
0.001,1.0,0.8221675051069615,0.3202837833328603,0.0
0.001,1.0,0.8221675051069615,0.3598226062857105,0.0
0.001,1.0,0.8221675051069615,0.4042424709954335,0.0
0.001,1.0,0.8221675051069615,0.4541459388650518,0.0
0.001,1.0,0.8221675051069615,0.5102099571075231,0.0
0.001,1.0,0.8221675051069615,0.573195041625182,0.0
0.001,1.0,0.8221675051069615,0.6439555935096224,0.0
0.001,1.0,0.8221675051069615,0.7234514891067266,0.0
0.001,1.0,0.8221675051069615,0.8127611008676167,1.9039524068557614e-21
0.001,1.0,0.8221675051069615,0.9130959256151152,1.0730140640622616e-18
0.001,1.0,0.8221675051069615,1.0258170186601063,1.8097105040534445e-17
0.001,1.0,0.8221675051069615,1.1524534566987763,9.61709010031594e-17
0.001,1.0,0.8221675051069615,1.294723079942415,2.7518205498266423e-16
0.001,1.0,0.8221675051069615,1.4545557948495271,5.667936372488915e-16
0.001,1.0,0.8221675051069615,1.6341197535649394,9.489186025912472e-16
0.001,1.0,0.8221675051069615,1.835850765193496,1.3638896875955305e-15
0.001,1.0,0.8221675051069615,2.062485337876194,1.7298573925876341e-15
0.001,1.0,0.8221675051069615,2.3170977998889395,1.972079356171861e-15
0.001,1.0,0.8221675051069615,2.6031420033166066,2.062706988857922e-15
0.001,1.0,0.8221675051069615,2.9244981760182918,2.031920605408541e-15
0.001,1.0,0.8221675051069615,3.285525557436941,1.9385229615522282e-15
0.001,1.0,0.8221675051069615,3.6911215322651687,1.8079586747618063e-15
0.001,1.0,0.8221675051069615,4.1467880641233,1.6092356436607967e-15
0.001,1.0,0.8221675051069615,4.658706330431421,1.3757371298421989e-15
0.001,1.0,0.8221675051069615,5.233820570907402,1.1685623061581046e-15
0.001,1.0,0.8221675051069615,5.879932287106996,9.706565621234918e-16
0.001,1.0,0.8221675051069615,6.605806070835402,7.895583835708293e-16
0.001,1.0,0.8221675051069615,7.421288497006765,6.364962060210822e-16
0.001,1.0,0.8221675051069615,8.337441693749241,5.0346144980905645e-16
0.001,1.0,0.8221675051069615,9.366693401651878,3.94541719047971e-16
0.001,1.0,0.8221675051069615,10.523005557727087,3.078548465996591e-16
0.001,1.0,0.8221675051069615,11.822063690952728,2.3351690012686393e-16
0.001,1.0,0.8221675051069615,13.281489698569583,1.791436096148422e-16
0.001,1.0,0.8221675051069615,14.921080889473224,1.347560044854093e-16
0.001,1.0,0.8221675051069615,16.763078537355728,9.931042628222927e-17
0.001,1.0,0.8221675051069615,18.83246958655666,7.477655978233578e-17
0.001,1.0,0.8221675051069615,21.157325603303395,5.3812514798414216e-17
0.001,1.0,0.8221675051069615,23.769183570259635,3.9136630415771583e-17
0.001,1.0,0.8221675051069615,26.70347368991138,2.8864326500264205e-17
0.001,1.0,0.8221675051069615,30.0,1.9881998712909603e-17
0.001,1.0,0.8789716304704597,0.1,0.0
0.001,1.0,0.8789716304704597,0.1123449344020514,0.0
0.001,1.0,0.8789716304704597,0.1262138428580125,0.0
0.001,1.0,0.8789716304704597,0.1417948589651424,0.0
0.001,1.0,0.8789716304704597,0.1592993412898707,0.0
0.001,1.0,0.8789716304704597,0.1789647404750054,0.0
0.001,1.0,0.8789716304704597,0.2010578202894464,0.0
0.001,1.0,0.8789716304704597,0.2258782763143731,0.0
0.001,1.0,0.8789716304704597,0.2537628013538671,0.0
0.001,1.0,0.8789716304704597,0.2850896527178103,0.0
0.001,1.0,0.8789716304704597,0.3202837833328603,0.0
0.001,1.0,0.8789716304704597,0.3598226062857105,0.0
0.001,1.0,0.8789716304704597,0.4042424709954335,0.0
0.001,1.0,0.8789716304704597,0.4541459388650518,0.0
0.001,1.0,0.8789716304704597,0.5102099571075231,0.0
0.001,1.0,0.8789716304704597,0.573195041625182,0.0
0.001,1.0,0.8789716304704597,0.6439555935096224,0.0
0.001,1.0,0.8789716304704597,0.7234514891067266,0.0
0.001,1.0,0.8789716304704597,0.8127611008676167,0.0
0.001,1.0,0.8789716304704597,0.9130959256151152,6.355712225027344e-21
0.001,1.0,0.8789716304704597,1.0258170186601063,6.248692560561626e-19
0.001,1.0,0.8789716304704597,1.1524534566987763,7.261489010133532e-18
0.001,1.0,0.8789716304704597,1.294723079942415,3.2626758838545185e-17
0.001,1.0,0.8789716304704597,1.4545557948495271,8.67853919315769e-17
0.001,1.0,0.8789716304704597,1.6341197535649394,1.7241033135613832e-16
0.001,1.0,0.8789716304704597,1.835850765193496,2.8276179647442763e-16
0.001,1.0,0.8789716304704597,2.062485337876194,4.0100702142521565e-16
0.001,1.0,0.8789716304704597,2.3170977998889395,5.03840743217566e-16
0.001,1.0,0.8789716304704597,2.6031420033166066,5.709074055025825e-16
0.001,1.0,0.8789716304704597,2.9244981760182918,5.95879506376188e-16
0.001,1.0,0.8789716304704597,3.285525557436941,5.881881982179592e-16
0.001,1.0,0.8789716304704597,3.6911215322651687,5.644481367633037e-16
0.001,1.0,0.8789716304704597,4.1467880641233,5.277643868590784e-16
0.001,1.0,0.8789716304704597,4.658706330431421,4.679009833705318e-16
0.001,1.0,0.8789716304704597,5.233820570907402,4.021210615754633e-16
0.001,1.0,0.8789716304704597,5.879932287106996,3.433993894904797e-16
0.001,1.0,0.8789716304704597,6.605806070835402,2.852760071932456e-16
0.001,1.0,0.8789716304704597,7.421288497006765,2.3385118577309407e-16
0.001,1.0,0.8789716304704597,8.337441693749241,1.885411164268543e-16
0.001,1.0,0.8789716304704597,9.366693401651878,1.5039544257506903e-16
0.001,1.0,0.8789716304704597,10.523005557727087,1.18786309399428e-16
0.001,1.0,0.8789716304704597,11.822063690952728,9.258945910493149e-17
0.001,1.0,0.8789716304704597,13.281489698569583,7.147960217432166e-17
0.001,1.0,0.8789716304704597,14.921080889473224,5.521201861464572e-17
0.001,1.0,0.8789716304704597,16.763078537355728,4.1491772313534974e-17
0.001,1.0,0.8789716304704597,18.83246958655666,3.152117025323575e-17
0.001,1.0,0.8789716304704597,21.157325603303395,2.3738163032714444e-17
0.001,1.0,0.8789716304704597,23.769183570259635,1.7227534440852045e-17
0.001,1.0,0.8789716304704597,26.70347368991138,1.3009876804650466e-17
0.001,1.0,0.8789716304704597,30.0,9.433687660387777e-18
0.001,1.0,0.9397003924053006,0.1,0.0
0.001,1.0,0.9397003924053006,0.1123449344020514,0.0
0.001,1.0,0.9397003924053006,0.1262138428580125,0.0
0.001,1.0,0.9397003924053006,0.1417948589651424,0.0
0.001,1.0,0.9397003924053006,0.1592993412898707,0.0
0.001,1.0,0.9397003924053006,0.1789647404750054,0.0
0.001,1.0,0.9397003924053006,0.2010578202894464,0.0
0.001,1.0,0.9397003924053006,0.2258782763143731,0.0
0.001,1.0,0.9397003924053006,0.2537628013538671,0.0
0.001,1.0,0.9397003924053006,0.2850896527178103,0.0
0.001,1.0,0.9397003924053006,0.3202837833328603,0.0
0.001,1.0,0.9397003924053006,0.3598226062857105,0.0
0.001,1.0,0.9397003924053006,0.4042424709954335,0.0
0.001,1.0,0.9397003924053006,0.4541459388650518,0.0
0.001,1.0,0.9397003924053006,0.5102099571075231,0.0
0.001,1.0,0.9397003924053006,0.573195041625182,0.0
0.001,1.0,0.9397003924053006,0.6439555935096224,0.0
0.001,1.0,0.9397003924053006,0.7234514891067266,0.0
0.001,1.0,0.9397003924053006,0.8127611008676167,0.0
0.001,1.0,0.9397003924053006,0.9130959256151152,2.095112142510628e-25
0.001,1.0,0.9397003924053006,1.0258170186601063,7.995004167267523e-21
0.001,1.0,0.9397003924053006,1.1524534566987763,3.1722885292959313e-19
0.001,1.0,0.9397003924053006,1.294723079942415,2.8366953046984894e-18
0.001,1.0,0.9397003924053006,1.4545557948495271,1.1275753951946232e-17
0.001,1.0,0.9397003924053006,1.6341197535649394,2.83998349908761e-17
0.001,1.0,0.9397003924053006,1.835850765193496,5.488834435343705e-17
0.001,1.0,0.9397003924053006,2.062485337876194,8.85953040943745e-17
0.001,1.0,0.9397003924053006,2.3170977998889395,1.243164773156218e-16
0.001,1.0,0.9397003924053006,2.6031420033166066,1.5499346196157152e-16
0.001,1.0,0.9397003924053006,2.9244981760182918,1.747316923073872e-16
0.001,1.0,0.9397003924053006,3.285525557436941,1.8207010136511862e-16
0.001,1.0,0.9397003924053006,3.6911215322651687,1.801954731658812e-16
0.001,1.0,0.9397003924053006,4.1467880641233,1.7394887471920933e-16
0.001,1.0,0.9397003924053006,4.658706330431421,1.6254137939036065e-16
0.001,1.0,0.9397003924053006,5.233820570907402,1.436094936832717e-16
0.001,1.0,0.9397003924053006,5.879932287106996,1.2425480256386598e-16
0.001,1.0,0.9397003924053006,6.605806070835402,1.06313733170695e-16
0.001,1.0,0.9397003924053006,7.421288497006765,8.854037870530983e-17
0.001,1.0,0.9397003924053006,8.337441693749241,7.290038991088665e-17
0.001,1.0,0.9397003924053006,9.366693401651878,5.885591417517208e-17
0.001,1.0,0.9397003924053006,10.523005557727087,4.727889792118739e-17
0.001,1.0,0.9397003924053006,11.822063690952728,3.7608733175722575e-17
0.001,1.0,0.9397003924053006,13.281489698569583,2.926767396624018e-17
0.001,1.0,0.9397003924053006,14.921080889473224,2.3004686412056326e-17
0.001,1.0,0.9397003924053006,16.763078537355728,1.7746893338750047e-17
0.001,1.0,0.9397003924053006,18.83246958655666,1.3503369240684594e-17
0.001,1.0,0.9397003924053006,21.157325603303395,1.0460069374409714e-17
0.001,1.0,0.9397003924053006,23.769183570259635,7.784130735600287e-18
0.001,1.0,0.9397003924053006,26.70347368991138,5.882163868125671e-18
0.001,1.0,0.9397003924053006,30.0,4.4918839896246965e-18
0.001,1.0,1.004624946784733,0.1,0.0
0.001,1.0,1.004624946784733,0.1123449344020514,0.0
0.001,1.0,1.004624946784733,0.1262138428580125,0.0
0.001,1.0,1.004624946784733,0.1417948589651424,0.0
0.001,1.0,1.004624946784733,0.1592993412898707,0.0
0.001,1.0,1.004624946784733,0.1789647404750054,0.0
0.001,1.0,1.004624946784733,0.2010578202894464,0.0
0.001,1.0,1.004624946784733,0.2258782763143731,0.0
0.001,1.0,1.004624946784733,0.2537628013538671,0.0
0.001,1.0,1.004624946784733,0.2850896527178103,0.0
0.001,1.0,1.004624946784733,0.3202837833328603,0.0
0.001,1.0,1.004624946784733,0.3598226062857105,0.0
0.001,1.0,1.004624946784733,0.4042424709954335,0.0
0.001,1.0,1.004624946784733,0.4541459388650518,0.0
0.001,1.0,1.004624946784733,0.5102099571075231,0.0
0.001,1.0,1.004624946784733,0.573195041625182,0.0
0.001,1.0,1.004624946784733,0.6439555935096224,0.0
0.001,1.0,1.004624946784733,0.7234514891067266,0.0
0.001,1.0,1.004624946784733,0.8127611008676167,0.0
0.001,1.0,1.004624946784733,0.9130959256151152,0.0
0.001,1.0,1.004624946784733,1.0258170186601063,6.793680285256993e-24
0.001,1.0,1.004624946784733,1.1524534566987763,6.396044084866712e-21
0.001,1.0,1.004624946784733,1.294723079942415,1.471331831496785e-19
0.001,1.0,1.004624946784733,1.4545557948495271,1.0858193605653746e-18
0.001,1.0,1.004624946784733,1.6341197535649394,3.938259399884048e-18
0.001,1.0,1.004624946784733,1.835850765193496,9.514493864452027e-18
0.001,1.0,1.004624946784733,2.062485337876194,1.8001111605424935e-17
0.001,1.0,1.004624946784733,2.3170977998889395,2.869439242835908e-17
0.001,1.0,1.004624946784733,2.6031420033166066,3.99208225817847e-17
0.001,1.0,1.004624946784733,2.9244981760182918,4.9452990043238303e-17
0.001,1.0,1.004624946784733,3.285525557436941,5.552010976723667e-17
0.001,1.0,1.004624946784733,3.6911215322651687,5.778847129193492e-17
0.001,1.0,1.004624946784733,4.1467880641233,5.739578300238797e-17
0.001,1.0,1.004624946784733,4.658706330431421,5.572006771848808e-17
0.001,1.0,1.004624946784733,5.233820570907402,5.1875846589975656e-17
0.001,1.0,1.004624946784733,5.879932287106996,4.5781180258059475e-17
0.001,1.0,1.004624946784733,6.605806070835402,3.9892666756294294e-17
0.001,1.0,1.004624946784733,7.421288497006765,3.4123661338374695e-17
0.001,1.0,1.004624946784733,8.337441693749241,2.8542894824648276e-17
0.001,1.0,1.004624946784733,9.366693401651878,2.351623568692485e-17
0.001,1.0,1.004624946784733,10.523005557727087,1.910853144174653e-17
0.001,1.0,1.004624946784733,11.822063690952728,1.5394382131025394e-17
0.001,1.0,1.004624946784733,13.281489698569583,1.2283144655117915e-17
0.001,1.0,1.004624946784733,14.921080889473224,9.654203014429391e-18
0.001,1.0,1.004624946784733,16.763078537355728,7.645762809092976e-18
0.001,1.0,1.004624946784733,18.83246958655666,5.896080902888843e-18
0.001,1.0,1.004624946784733,21.157325603303395,4.590456524862441e-18
0.001,1.0,1.004624946784733,23.769183570259635,3.55042829863568e-18
0.001,1.0,1.004624946784733,26.70347368991138,2.6731607930932095e-18
0.001,1.0,1.004624946784733,30.0,2.093439546009869e-18
0.001,1.0,1.0740351838300823,0.1,0.0
0.001,1.0,1.0740351838300823,0.1123449344020514,0.0
0.001,1.0,1.0740351838300823,0.1262138428580125,0.0
0.001,1.0,1.0740351838300823,0.1417948589651424,0.0
0.001,1.0,1.0740351838300823,0.1592993412898707,0.0
0.001,1.0,1.0740351838300823,0.1789647404750054,0.0
0.001,1.0,1.0740351838300823,0.2010578202894464,0.0
0.001,1.0,1.0740351838300823,0.2258782763143731,0.0
0.001,1.0,1.0740351838300823,0.2537628013538671,0.0
0.001,1.0,1.0740351838300823,0.2850896527178103,0.0
0.001,1.0,1.0740351838300823,0.3202837833328603,0.0
0.001,1.0,1.0740351838300823,0.3598226062857105,0.0
0.001,1.0,1.0740351838300823,0.4042424709954335,0.0
0.001,1.0,1.0740351838300823,0.4541459388650518,0.0
0.001,1.0,1.0740351838300823,0.5102099571075231,0.0
0.001,1.0,1.0740351838300823,0.573195041625182,0.0
0.001,1.0,1.0740351838300823,0.6439555935096224,0.0
0.001,1.0,1.0740351838300823,0.7234514891067266,0.0
0.001,1.0,1.0740351838300823,0.8127611008676167,0.0
0.001,1.0,1.0740351838300823,0.9130959256151152,0.0
0.001,1.0,1.0740351838300823,1.0258170186601063,1.1344196081619644e-37
0.001,1.0,1.0740351838300823,1.1524534566987763,1.901820588821749e-23
0.001,1.0,1.0740351838300823,1.294723079942415,3.953459096279339e-21
0.001,1.0,1.0740351838300823,1.4545557948495271,6.40660967501145e-20
0.001,1.0,1.0740351838300823,1.6341197535649394,4.091086948102681e-19
0.001,1.0,1.0740351838300823,1.835850765193496,1.3840297357496794e-18
0.001,1.0,1.0740351838300823,2.062485337876194,3.2380027517005097e-18
0.001,1.0,1.0740351838300823,2.3170977998889395,6.02551146404385e-18
0.001,1.0,1.0740351838300823,2.6031420033166066,9.510635517267039e-18
0.001,1.0,1.0740351838300823,2.9244981760182918,1.3140292490311792e-17
0.001,1.0,1.0740351838300823,3.285525557436941,1.6191377271689737e-17
0.001,1.0,1.0740351838300823,3.6911215322651687,1.8118323416591284e-17
0.001,1.0,1.0740351838300823,4.1467880641233,1.8852933734878066e-17
0.001,1.0,1.0740351838300823,4.658706330431421,1.880802882831457e-17
0.001,1.0,1.0740351838300823,5.233820570907402,1.8344049788607283e-17
0.001,1.0,1.0740351838300823,5.879932287106996,1.6984910593924342e-17
0.001,1.0,1.0740351838300823,6.605806070835402,1.5016166672846454e-17
0.001,1.0,1.0740351838300823,7.421288497006765,1.316161922810008e-17
0.001,1.0,1.0740351838300823,8.337441693749241,1.1251086917489649e-17
0.001,1.0,1.0740351838300823,9.366693401651878,9.456383853065665e-18
0.001,1.0,1.0740351838300823,10.523005557727087,7.782195049715266e-18
0.001,1.0,1.0740351838300823,11.822063690952728,6.383094619705828e-18
0.001,1.0,1.0740351838300823,13.281489698569583,5.157130880334791e-18
0.001,1.0,1.0740351838300823,14.921080889473224,4.111928333927307e-18
0.001,1.0,1.0740351838300823,16.763078537355728,3.288423511230678e-18
0.001,1.0,1.0740351838300823,18.83246958655666,2.5925796653336894e-18
0.001,1.0,1.0740351838300823,21.157325603303395,2.0262348297453423e-18
0.001,1.0,1.0740351838300823,23.769183570259635,1.6051980885427926e-18
0.001,1.0,1.0740351838300823,26.70347368991138,1.228344963735534e-18
0.001,1.0,1.0740351838300823,30.0,9.633001990848449e-19
0.001,1.0,1.1482410224799018,0.1,0.0
0.001,1.0,1.1482410224799018,0.1123449344020514,0.0
0.001,1.0,1.1482410224799018,0.1262138428580125,0.0
0.001,1.0,1.1482410224799018,0.1417948589651424,0.0
0.001,1.0,1.1482410224799018,0.1592993412898707,0.0
0.001,1.0,1.1482410224799018,0.1789647404750054,0.0
0.001,1.0,1.1482410224799018,0.2010578202894464,0.0
0.001,1.0,1.1482410224799018,0.2258782763143731,0.0
0.001,1.0,1.1482410224799018,0.2537628013538671,0.0
0.001,1.0,1.1482410224799018,0.2850896527178103,0.0
0.001,1.0,1.1482410224799018,0.3202837833328603,0.0
0.001,1.0,1.1482410224799018,0.3598226062857105,0.0
0.001,1.0,1.1482410224799018,0.4042424709954335,0.0
0.001,1.0,1.1482410224799018,0.4541459388650518,0.0
0.001,1.0,1.1482410224799018,0.5102099571075231,0.0
0.001,1.0,1.1482410224799018,0.573195041625182,0.0
0.001,1.0,1.1482410224799018,0.6439555935096224,0.0
0.001,1.0,1.1482410224799018,0.7234514891067266,0.0
0.001,1.0,1.1482410224799018,0.8127611008676167,0.0
0.001,1.0,1.1482410224799018,0.9130959256151152,0.0
0.001,1.0,1.1482410224799018,1.0258170186601063,0.0
0.001,1.0,1.1482410224799018,1.1524534566987763,1.0154839838905336e-28
0.001,1.0,1.1482410224799018,1.294723079942415,2.3248642844923847e-23
0.001,1.0,1.1482410224799018,1.4545557948495271,2.0832428115580293e-21
0.001,1.0,1.1482410224799018,1.6341197535649394,2.6632230549448787e-20
0.001,1.0,1.1482410224799018,1.835850765193496,1.5219492038277477e-19
0.001,1.0,1.1482410224799018,2.062485337876194,4.881177661916876e-19
0.001,1.0,1.1482410224799018,2.3170977998889395,1.1140020689830306e-18
0.001,1.0,1.1482410224799018,2.6031420033166066,2.0466054451041337e-18
0.001,1.0,1.1482410224799018,2.9244981760182918,3.205546340963683e-18
0.001,1.0,1.1482410224799018,3.285525557436941,4.404285502631837e-18
0.001,1.0,1.1482410224799018,3.6911215322651687,5.403250469607391e-18
0.001,1.0,1.1482410224799018,4.1467880641233,6.031962976427019e-18
0.001,1.0,1.1482410224799018,4.658706330431421,6.2802818659699614e-18
0.001,1.0,1.1482410224799018,5.233820570907402,6.298927088740008e-18
0.001,1.0,1.1482410224799018,5.879932287106996,6.1596197129061285e-18
0.001,1.0,1.1482410224799018,6.605806070835402,5.670563260121077e-18
0.001,1.0,1.1482410224799018,7.421288497006765,5.0374956121257665e-18
0.001,1.0,1.1482410224799018,8.337441693749241,4.428153200599927e-18
0.001,1.0,1.1482410224799018,9.366693401651878,3.792408132822951e-18
0.001,1.0,1.1482410224799018,10.523005557727087,3.1959677155228108e-18
0.001,1.0,1.1482410224799018,11.822063690952728,2.635415226598041e-18
0.001,1.0,1.1482410224799018,13.281489698569583,2.1747637840172597e-18
0.001,1.0,1.1482410224799018,14.921080889473224,1.7647048878878e-18
0.001,1.0,1.1482410224799018,16.763078537355728,1.410119601610885e-18
0.001,1.0,1.1482410224799018,18.83246958655666,1.1432350345842022e-18
0.001,1.0,1.1482410224799018,21.157325603303395,8.987854375796972e-19
0.001,1.0,1.1482410224799018,23.769183570259635,7.155015642345991e-19
0.001,1.0,1.1482410224799018,26.70347368991138,5.685193276114538e-19
0.001,1.0,1.1482410224799018,30.0,4.425441762015501e-19
0.001,1.0,1.227573794187991,0.1,0.0
0.001,1.0,1.227573794187991,0.1123449344020514,0.0
0.001,1.0,1.227573794187991,0.1262138428580125,0.0
0.001,1.0,1.227573794187991,0.1417948589651424,0.0
0.001,1.0,1.227573794187991,0.1592993412898707,0.0
0.001,1.0,1.227573794187991,0.1789647404750054,0.0
0.001,1.0,1.227573794187991,0.2010578202894464,0.0
0.001,1.0,1.227573794187991,0.2258782763143731,0.0
0.001,1.0,1.227573794187991,0.2537628013538671,0.0
0.001,1.0,1.227573794187991,0.2850896527178103,0.0
0.001,1.0,1.227573794187991,0.3202837833328603,0.0
0.001,1.0,1.227573794187991,0.3598226062857105,0.0
0.001,1.0,1.227573794187991,0.4042424709954335,0.0
0.001,1.0,1.227573794187991,0.4541459388650518,0.0
0.001,1.0,1.227573794187991,0.5102099571075231,0.0
0.001,1.0,1.227573794187991,0.573195041625182,0.0
0.001,1.0,1.227573794187991,0.6439555935096224,0.0
0.001,1.0,1.227573794187991,0.7234514891067266,0.0
0.001,1.0,1.227573794187991,0.8127611008676167,0.0
0.001,1.0,1.227573794187991,0.9130959256151152,0.0
0.001,1.0,1.227573794187991,1.0258170186601063,0.0
0.001,1.0,1.227573794187991,1.1524534566987763,0.0
0.001,1.0,1.227573794187991,1.294723079942415,2.987288674032965e-27
0.001,1.0,1.227573794187991,1.4545557948495271,1.8367335511608125e-23
0.001,1.0,1.227573794187991,1.6341197535649394,9.880620871569556e-22
0.001,1.0,1.227573794187991,1.835850765193496,1.0682634849752063e-20
0.001,1.0,1.227573794187991,2.062485337876194,5.602039836078768e-20
0.001,1.0,1.227573794187991,2.3170977998889395,1.7245718434620423e-19
0.001,1.0,1.227573794187991,2.6031420033166066,3.86175920265523e-19
0.001,1.0,1.227573794187991,2.9244981760182918,7.025888893955226e-19
0.001,1.0,1.227573794187991,3.285525557436941,1.093981837227669e-18
0.001,1.0,1.227573794187991,3.6911215322651687,1.4964761322258197e-18
0.001,1.0,1.227573794187991,4.1467880641233,1.829588326461977e-18
0.001,1.0,1.227573794187991,4.658706330431421,2.039315372365129e-18
0.001,1.0,1.227573794187991,5.233820570907402,2.126710143636585e-18
0.001,1.0,1.227573794187991,5.879932287106996,2.1461254189286607e-18
0.001,1.0,1.227573794187991,6.605806070835402,2.0983804416809757e-18
0.001,1.0,1.227573794187991,7.421288497006765,1.9238339860725445e-18
0.001,1.0,1.227573794187991,8.337441693749241,1.7201595348112843e-18
0.001,1.0,1.227573794187991,9.366693401651878,1.5136761611164042e-18
0.001,1.0,1.227573794187991,10.523005557727087,1.3012488531096542e-18
0.001,1.0,1.227573794187991,11.822063690952728,1.0958586203326845e-18
0.001,1.0,1.227573794187991,13.281489698569583,9.111124522884084e-19
0.001,1.0,1.227573794187991,14.921080889473224,7.524868508792126e-19
0.001,1.0,1.227573794187991,16.763078537355728,6.127908868996367e-19
0.001,1.0,1.227573794187991,18.83246958655666,4.95917234910141e-19
0.001,1.0,1.227573794187991,21.157325603303395,4.0183879956356335e-19
0.001,1.0,1.227573794187991,23.769183570259635,3.1951009479714116e-19
0.001,1.0,1.227573794187991,26.70347368991138,2.5831583719184663e-19
0.001,1.0,1.227573794187991,30.0,2.043923525057932e-19
0.001,1.0,1.312387722328982,0.1,0.0
0.001,1.0,1.312387722328982,0.1123449344020514,0.0
0.001,1.0,1.312387722328982,0.1262138428580125,0.0
0.001,1.0,1.312387722328982,0.1417948589651424,0.0
0.001,1.0,1.312387722328982,0.1592993412898707,0.0
0.001,1.0,1.312387722328982,0.1789647404750054,0.0
0.001,1.0,1.312387722328982,0.2010578202894464,0.0
0.001,1.0,1.312387722328982,0.2258782763143731,0.0
0.001,1.0,1.312387722328982,0.2537628013538671,0.0
0.001,1.0,1.312387722328982,0.2850896527178103,0.0
0.001,1.0,1.312387722328982,0.3202837833328603,0.0
0.001,1.0,1.312387722328982,0.3598226062857105,0.0
0.001,1.0,1.312387722328982,0.4042424709954335,0.0
0.001,1.0,1.312387722328982,0.4541459388650518,0.0
0.001,1.0,1.312387722328982,0.5102099571075231,0.0
0.001,1.0,1.312387722328982,0.573195041625182,0.0
0.001,1.0,1.312387722328982,0.6439555935096224,0.0
0.001,1.0,1.312387722328982,0.7234514891067266,0.0
0.001,1.0,1.312387722328982,0.8127611008676167,0.0
0.001,1.0,1.312387722328982,0.9130959256151152,0.0
0.001,1.0,1.312387722328982,1.0258170186601063,0.0
0.001,1.0,1.312387722328982,1.1524534566987763,0.0
0.001,1.0,1.312387722328982,1.294723079942415,0.0
0.001,1.0,1.312387722328982,1.4545557948495271,9.599987371027049e-27
0.001,1.0,1.312387722328982,1.6341197535649394,1.1489998459767582e-23
0.001,1.0,1.312387722328982,1.835850765193496,4.353899330569692e-22
0.001,1.0,1.312387722328982,2.062485337876194,4.1637831327873865e-21
0.001,1.0,1.312387722328982,2.3170977998889395,2.043007516060956e-20
0.001,1.0,1.312387722328982,2.6031420033166066,6.096042025639934e-20
0.001,1.0,1.312387722328982,2.9244981760182918,1.345715175755029e-19
0.001,1.0,1.312387722328982,3.285525557436941,2.4308563806750426e-19
0.001,1.0,1.312387722328982,3.6911215322651687,3.7686619127865533e-19
0.001,1.0,1.312387722328982,4.1467880641233,5.13806007475762e-19
0.001,1.0,1.312387722328982,4.658706330431421,6.265805211744778e-19
0.001,1.0,1.312387722328982,5.233820570907402,6.978777192817328e-19
0.001,1.0,1.312387722328982,5.879932287106996,7.297763047113059e-19
0.001,1.0,1.312387722328982,6.605806070835402,7.412285869050268e-19
0.001,1.0,1.312387722328982,7.421288497006765,7.227814770318049e-19
0.001,1.0,1.312387722328982,8.337441693749241,6.616341186924347e-19
0.001,1.0,1.312387722328982,9.366693401651878,5.956623849616939e-19
0.001,1.0,1.312387722328982,10.523005557727087,5.242949709610752e-19
0.001,1.0,1.312387722328982,11.822063690952728,4.5264441386801555e-19
0.001,1.0,1.312387722328982,13.281489698569583,3.8052765937788163e-19
0.001,1.0,1.312387722328982,14.921080889473224,3.2008953947534374e-19
0.001,1.0,1.312387722328982,16.763078537355728,2.6420880960738625e-19
0.001,1.0,1.312387722328982,18.83246958655666,2.1584659335288812e-19
0.001,1.0,1.312387722328982,21.157325603303395,1.777811422352879e-19
0.001,1.0,1.312387722328982,23.769183570259635,1.425964531178428e-19
0.001,1.0,1.312387722328982,26.70347368991138,1.1618633810954987e-19
0.001,1.0,1.312387722328982,30.0,9.49823928911454e-20
0.001,1.0,1.4030615038170895,0.1,0.0
0.001,1.0,1.4030615038170895,0.1123449344020514,0.0
0.001,1.0,1.4030615038170895,0.1262138428580125,0.0
0.001,1.0,1.4030615038170895,0.1417948589651424,0.0
0.001,1.0,1.4030615038170895,0.1592993412898707,0.0
0.001,1.0,1.4030615038170895,0.1789647404750054,0.0
0.001,1.0,1.4030615038170895,0.2010578202894464,0.0
0.001,1.0,1.4030615038170895,0.2258782763143731,0.0
0.001,1.0,1.4030615038170895,0.2537628013538671,0.0
0.001,1.0,1.4030615038170895,0.2850896527178103,0.0
0.001,1.0,1.4030615038170895,0.3202837833328603,0.0
0.001,1.0,1.4030615038170895,0.3598226062857105,0.0
0.001,1.0,1.4030615038170895,0.4042424709954335,0.0
0.001,1.0,1.4030615038170895,0.4541459388650518,0.0
0.001,1.0,1.4030615038170895,0.5102099571075231,0.0
0.001,1.0,1.4030615038170895,0.573195041625182,0.0
0.001,1.0,1.4030615038170895,0.6439555935096224,0.0
0.001,1.0,1.4030615038170895,0.7234514891067266,0.0
0.001,1.0,1.4030615038170895,0.8127611008676167,0.0
0.001,1.0,1.4030615038170895,0.9130959256151152,0.0
0.001,1.0,1.4030615038170895,1.0258170186601063,0.0
0.001,1.0,1.4030615038170895,1.1524534566987763,0.0
0.001,1.0,1.4030615038170895,1.294723079942415,0.0
0.001,1.0,1.4030615038170895,1.4545557948495271,7.1966505948312834e-37
0.001,1.0,1.4030615038170895,1.6341197535649394,1.3794952405163936e-26
0.001,1.0,1.4030615038170895,1.835850765193496,6.189077181466083e-24
0.001,1.0,1.4030615038170895,2.062485337876194,1.8162430700193212e-22
0.001,1.0,1.4030615038170895,2.3170977998889395,1.5846126030468606e-21
0.001,1.0,1.4030615038170895,2.6031420033166066,7.388533508055777e-21
0.001,1.0,1.4030615038170895,2.9244981760182918,2.1537386317881982e-20
0.001,1.0,1.4030615038170895,3.285525557436941,4.7055695139101374e-20
0.001,1.0,1.4030615038170895,3.6911215322651687,8.458206118466023e-20
0.001,1.0,1.4030615038170895,4.1467880641233,1.3074739488021583e-19
0.001,1.0,1.4030615038170895,4.658706330431421,1.7783729737434628e-19
0.001,1.0,1.4030615038170895,5.233820570907402,2.165190512704977e-19
0.001,1.0,1.4030615038170895,5.879932287106996,2.411667319534893e-19
0.001,1.0,1.4030615038170895,6.605806070835402,2.531340406168801e-19
0.001,1.0,1.4030615038170895,7.421288497006765,2.5872509851539245e-19
0.001,1.0,1.4030615038170895,8.337441693749241,2.511464029542296e-19
0.001,1.0,1.4030615038170895,9.366693401651878,2.3031104769680183e-19
0.001,1.0,1.4030615038170895,10.523005557727087,2.0838332811755121e-19
0.001,1.0,1.4030615038170895,11.822063690952728,1.8374570483484264e-19
0.001,1.0,1.4030615038170895,13.281489698569583,1.5911504764472304e-19
0.001,1.0,1.4030615038170895,14.921080889473224,1.3401446624466815e-19
0.001,1.0,1.4030615038170895,16.763078537355728,1.136445003189102e-19
0.001,1.0,1.4030615038170895,18.83246958655666,9.403148795777102e-20
0.001,1.0,1.4030615038170895,21.157325603303395,7.720054860945753e-20
0.001,1.0,1.4030615038170895,23.769183570259635,6.431984749698978e-20
0.001,1.0,1.4030615038170895,26.70347368991138,5.175319300839464e-20
0.001,1.0,1.4030615038170895,30.0,4.3004253525290766e-20
0.001,1.0,1.5,0.1,0.0
0.001,1.0,1.5,0.1123449344020514,0.0
0.001,1.0,1.5,0.1262138428580125,0.0
0.001,1.0,1.5,0.1417948589651424,0.0
0.001,1.0,1.5,0.1592993412898707,0.0
0.001,1.0,1.5,0.1789647404750054,0.0
0.001,1.0,1.5,0.2010578202894464,0.0
0.001,1.0,1.5,0.2258782763143731,0.0
0.001,1.0,1.5,0.2537628013538671,0.0
0.001,1.0,1.5,0.2850896527178103,0.0
0.001,1.0,1.5,0.3202837833328603,0.0
0.001,1.0,1.5,0.3598226062857105,0.0
0.001,1.0,1.5,0.4042424709954335,0.0
0.001,1.0,1.5,0.4541459388650518,0.0
0.001,1.0,1.5,0.5102099571075231,0.0
0.001,1.0,1.5,0.573195041625182,0.0
0.001,1.0,1.5,0.6439555935096224,0.0
0.001,1.0,1.5,0.7234514891067266,0.0
0.001,1.0,1.5,0.8127611008676167,0.0
0.001,1.0,1.5,0.9130959256151152,0.0
0.001,1.0,1.5,1.0258170186601063,0.0
0.001,1.0,1.5,1.1524534566987763,0.0
0.001,1.0,1.5,1.294723079942415,0.0
0.001,1.0,1.5,1.4545557948495271,0.0
0.001,1.0,1.5,1.6341197535649394,2.295143084808089e-33
0.001,1.0,1.5,1.835850765193496,1.2285229328836698e-26
0.001,1.0,1.5,2.062485337876194,2.9845176076273206e-24
0.001,1.0,1.5,2.3170977998889395,7.256642492767189e-23
0.001,1.0,1.5,2.6031420033166066,5.908534967306556e-22
0.001,1.0,1.5,2.9244981760182918,2.651286058231886e-21
0.001,1.0,1.5,3.285525557436941,7.599107486504662e-21
0.001,1.0,1.5,3.6911215322651687,1.648776282843628e-20
0.001,1.0,1.5,4.1467880641233,2.954844656493052e-20
0.001,1.0,1.5,4.658706330431421,4.560130887057107e-20
0.001,1.0,1.5,5.233820570907402,6.193716463151843e-20
0.001,1.0,1.5,5.879932287106996,7.535615132393771e-20
0.001,1.0,1.5,6.605806070835402,8.400562023969825e-20
0.001,1.0,1.5,7.421288497006765,8.859810976754686e-20
0.001,1.0,1.5,8.337441693749241,9.102839655230803e-20
0.001,1.0,1.5,9.366693401651878,8.790853497024025e-20
0.001,1.0,1.5,10.523005557727087,8.101591845216262e-20
0.001,1.0,1.5,11.822063690952728,7.35132245118266e-20
0.001,1.0,1.5,13.281489698569583,6.511130994113726e-20
0.001,1.0,1.5,14.921080889473224,5.635667415535241e-20
0.001,1.0,1.5,16.763078537355728,4.787662640612396e-20
0.001,1.0,1.5,18.83246958655666,4.065648281892207e-20
0.001,1.0,1.5,21.157325603303395,3.3838880204353167e-20
0.001,1.0,1.5,23.769183570259635,2.8124704992540504e-20
0.001,1.0,1.5,26.70347368991138,2.33105190883144e-20
0.001,1.0,1.5,30.0,1.9303261629493814e-20
