eps2,cos_theta,m(GeV),Energy,flux_differential
0.01,1.0,0.01,0.1,2.3354348069952924e-07
0.01,1.0,0.01,0.1123449344020514,2.1551995240583874e-07
0.01,1.0,0.01,0.1262138428580125,1.9883629158865928e-07
0.01,1.0,0.01,0.1417948589651424,1.8322203055380001e-07
0.01,1.0,0.01,0.1592993412898707,1.6841768692455692e-07
0.01,1.0,0.01,0.1789647404750054,1.546109411249343e-07
0.01,1.0,0.01,0.2010578202894464,1.4175577434509244e-07
0.01,1.0,0.01,0.2258782763143731,1.299482798216986e-07
0.01,1.0,0.01,0.2537628013538671,1.192454994021239e-07
0.01,1.0,0.01,0.2850896527178103,1.0954666641621641e-07
0.01,1.0,0.01,0.3202837833328603,1.0093630485497068e-07
0.01,1.0,0.01,0.3598226062857105,9.341179752133531e-08
0.01,1.0,0.01,0.4042424709954335,8.698320052432225e-08
0.01,1.0,0.01,0.4541459388650518,8.154842178562033e-08
0.01,1.0,0.01,0.5102099571075231,7.70071265171132e-08
0.01,1.0,0.01,0.573195041625182,7.318178032528079e-08
0.01,1.0,0.01,0.6439555935096224,6.978764142112743e-08
0.01,1.0,0.01,0.7234514891067266,6.642329355789746e-08
0.01,1.0,0.01,0.8127611008676167,6.276961005774903e-08
0.01,1.0,0.01,0.9130959256151152,5.8628149181861685e-08
0.01,1.0,0.01,1.0258170186601063,5.3906742609960705e-08
0.01,1.0,0.01,1.1524534566987763,4.8628467488809986e-08
0.01,1.0,0.01,1.294723079942415,4.295908345519302e-08
0.01,1.0,0.01,1.4545557948495271,3.715301955704458e-08
0.01,1.0,0.01,1.6341197535649394,3.161109946060608e-08
0.01,1.0,0.01,1.835850765193496,2.6687176441476162e-08
0.01,1.0,0.01,2.062485337876194,2.2416043310600408e-08
0.01,1.0,0.01,2.3170977998889395,1.845344315627156e-08
0.01,1.0,0.01,2.6031420033166066,1.4856384761309578e-08
0.01,1.0,0.01,2.9244981760182918,1.1824354737923188e-08
0.01,1.0,0.01,3.285525557436941,9.46755206887284e-09
0.01,1.0,0.01,3.6911215322651687,7.565666504365083e-09
0.01,1.0,0.01,4.1467880641233,5.916831837962091e-09
0.01,1.0,0.01,4.658706330431421,4.578272005177675e-09
0.01,1.0,0.01,5.233820570907402,3.5958224679139544e-09
0.01,1.0,0.01,5.879932287106996,2.8148041419544856e-09
0.01,1.0,0.01,6.605806070835402,2.1553444814553377e-09
0.01,1.0,0.01,7.421288497006765,1.656277822242718e-09
0.01,1.0,0.01,8.337441693749241,1.2979538896635065e-09
0.01,1.0,0.01,9.366693401651878,9.953951272651468e-10
0.01,1.0,0.01,10.523005557727087,7.5586449287339e-10
0.01,1.0,0.01,11.822063690952728,5.920024941060631e-10
0.01,1.0,0.01,13.281489698569583,4.5660570505046286e-10
0.01,1.0,0.01,14.921080889473224,3.46102354587755e-10
0.01,1.0,0.01,16.763078537355728,2.72334672991068e-10
0.01,1.0,0.01,18.83246958655666,2.1230784130392544e-10
0.01,1.0,0.01,21.157325603303395,1.6218679201706912e-10
0.01,1.0,0.01,23.769183570259635,1.2936984074559677e-10
0.01,1.0,0.01,26.70347368991138,1.0255067133924629e-10
0.01,1.0,0.01,30.0,8.018402136559764e-11
0.01,1.0,0.0106909069625186,0.1,2.3097805798186348e-07
0.01,1.0,0.0106909069625186,0.1123449344020514,2.135063778802851e-07
0.01,1.0,0.0106909069625186,0.1262138428580125,1.9726751749046322e-07
0.01,1.0,0.0106909069625186,0.1417948589651424,1.8199480564436707e-07
0.01,1.0,0.0106909069625186,0.1592993412898707,1.6747537129934923e-07
0.01,1.0,0.0106909069625186,0.1789647404750054,1.5387883822950794e-07
0.01,1.0,0.0106909069625186,0.2010578202894464,1.4119334867871517e-07
0.01,1.0,0.0106909069625186,0.2258782763143731,1.2951635388245665e-07
0.01,1.0,0.0106909069625186,0.2537628013538671,1.1892379670970473e-07
0.01,1.0,0.0106909069625186,0.2850896527178103,1.0932266118116183e-07
0.01,1.0,0.0106909069625186,0.3202837833328603,1.0079364217344763e-07
0.01,1.0,0.0106909069625186,0.3598226062857105,9.332924478578071e-08
0.01,1.0,0.0106909069625186,0.4042424709954335,8.69457963280715e-08
0.01,1.0,0.0106909069625186,0.4541459388650518,8.154169010405905e-08
0.01,1.0,0.0106909069625186,0.5102099571075231,7.70228391989759e-08
0.01,1.0,0.0106909069625186,0.573195041625182,7.321147205258202e-08
0.01,1.0,0.0106909069625186,0.6439555935096224,6.982826937981862e-08
0.01,1.0,0.0106909069625186,0.7234514891067266,6.647442971064324e-08
0.01,1.0,0.0106909069625186,0.8127611008676167,6.283185236659462e-08
0.01,1.0,0.0106909069625186,0.9130959256151152,5.870096412514262e-08
0.01,1.0,0.0106909069625186,1.0258170186601063,5.398912326817504e-08
0.01,1.0,0.0106909069625186,1.1524534566987763,4.871860053020287e-08
0.01,1.0,0.0106909069625186,1.294723079942415,4.30513701292974e-08
0.01,1.0,0.0106909069625186,1.4545557948495271,3.7238589567860686e-08
0.01,1.0,0.0106909069625186,1.6341197535649394,3.167836459761069e-08
0.01,1.0,0.0106909069625186,1.835850765193496,2.672870325569133e-08
0.01,1.0,0.0106909069625186,2.062485337876194,2.244597137244636e-08
0.01,1.0,0.0106909069625186,2.3170977998889395,1.8484093198695568e-08
0.01,1.0,0.0106909069625186,2.6031420033166066,1.4882684652157095e-08
0.01,1.0,0.0106909069625186,2.9244981760182918,1.1841415801837845e-08
0.01,1.0,0.0106909069625186,3.285525557436941,9.475780178371336e-09
0.01,1.0,0.0106909069625186,3.6911215322651687,7.574607840443154e-09
0.01,1.0,0.0106909069625186,4.1467880641233,5.926602047036705e-09
0.01,1.0,0.0106909069625186,4.658706330431421,4.584913766962489e-09
0.01,1.0,0.0106909069625186,5.233820570907402,3.5991341619886184e-09
0.01,1.0,0.0106909069625186,5.879932287106996,2.81832380174556e-09
0.01,1.0,0.0106909069625186,6.605806070835402,2.158502034644869e-09
0.01,1.0,0.0106909069625186,7.421288497006765,1.6571106461455117e-09
0.01,1.0,0.0106909069625186,8.337441693749241,1.2985746479686039e-09
0.01,1.0,0.0106909069625186,9.366693401651878,9.959831980965008e-10
0.01,1.0,0.0106909069625186,10.523005557727087,7.5592389732256e-10
0.01,1.0,0.0106909069625186,11.822063690952728,5.917944704485399e-10
0.01,1.0,0.0106909069625186,13.281489698569583,4.567289627095293e-10
0.01,1.0,0.0106909069625186,14.921080889473224,3.461658420388563e-10
0.01,1.0,0.0106909069625186,16.763078537355728,2.722318282904959e-10
0.01,1.0,0.0106909069625186,18.83246958655666,2.123535031771361e-10
0.01,1.0,0.0106909069625186,21.157325603303395,1.6220150222626928e-10
0.01,1.0,0.0106909069625186,23.769183570259635,1.29317304664699e-10
0.01,1.0,0.0106909069625186,26.70347368991138,1.0256942155651028e-10
0.01,1.0,0.0106909069625186,30.0,8.01978938553713e-11
0.01,1.0,0.0114295491681229,0.1,2.2812898216917676e-07
0.01,1.0,0.0114295491681229,0.1123449344020514,2.112916610274545e-07
0.01,1.0,0.0114295491681229,0.1262138428580125,1.9558553124079676e-07
0.01,1.0,0.0114295491681229,0.1417948589651424,1.8075051865861322e-07
0.01,1.0,0.0114295491681229,0.1592993412898707,1.665924222620856e-07
0.01,1.0,0.0114295491681229,0.1789647404750054,1.5326113053856132e-07
0.01,1.0,0.0114295491681229,0.2010578202894464,1.4078601513897484e-07
0.01,1.0,0.0114295491681229,0.2258782763143731,1.2926357360210537e-07
0.01,1.0,0.0114295491681229,0.2537628013538671,1.1879839428827879e-07
0.01,1.0,0.0114295491681229,0.2850896527178103,1.0930367778626551e-07
0.01,1.0,0.0114295491681229,0.3202837833328603,1.0086261152124e-07
0.01,1.0,0.0114295491681229,0.3598226062857105,9.346506831518128e-08
0.01,1.0,0.0114295491681229,0.4042424709954335,8.713182396169411e-08
0.01,1.0,0.0114295491681229,0.4541459388650518,8.176185902684989e-08
0.01,1.0,0.0114295491681229,0.5102099571075231,7.726856597230124e-08
0.01,1.0,0.0114295491681229,0.573195041625182,7.347267159200814e-08
0.01,1.0,0.0114295491681229,0.6439555935096224,7.00981756866258e-08
0.01,1.0,0.0114295491681229,0.7234514891067266,6.674361617922622e-08
0.01,1.0,0.0114295491681229,0.8127611008676167,6.308835839706496e-08
0.01,1.0,0.0114295491681229,0.9130959256151152,5.892903929761271e-08
0.01,1.0,0.0114295491681229,1.0258170186601063,5.4175021914007323e-08
0.01,1.0,0.0114295491681229,1.1524534566987763,4.8851966856992806e-08
0.01,1.0,0.0114295491681229,1.294723079942415,4.312520681288586e-08
0.01,1.0,0.0114295491681229,1.4545557948495271,3.725474564917227e-08
0.01,1.0,0.0114295491681229,1.6341197535649394,3.164508338518308e-08
0.01,1.0,0.0114295491681229,1.835850765193496,2.666597370181326e-08
0.01,1.0,0.0114295491681229,2.062485337876194,2.2390863466410885e-08
0.01,1.0,0.0114295491681229,2.3170977998889395,1.8453726984668012e-08
0.01,1.0,0.0114295491681229,2.6031420033166066,1.4867955654304328e-08
0.01,1.0,0.0114295491681229,2.9244981760182918,1.1831586415744614e-08
0.01,1.0,0.0114295491681229,3.285525557436941,9.464219619354681e-09
0.01,1.0,0.0114295491681229,3.6911215322651687,7.569213457449985e-09
0.01,1.0,0.0114295491681229,4.1467880641233,5.925779692159145e-09
0.01,1.0,0.0114295491681229,4.658706330431421,4.584274895388946e-09
0.01,1.0,0.0114295491681229,5.233820570907402,3.5968983782267035e-09
0.01,1.0,0.0114295491681229,5.879932287106996,2.8179601261079903e-09
0.01,1.0,0.0114295491681229,6.605806070835402,2.159212589500903e-09
0.01,1.0,0.0114295491681229,7.421288497006765,1.6563714640625402e-09
0.01,1.0,0.0114295491681229,8.337441693749241,1.2982668551785774e-09
0.01,1.0,0.0114295491681229,9.366693401651878,9.96259540567696e-10
0.01,1.0,0.0114295491681229,10.523005557727087,7.558953503956212e-10
0.01,1.0,0.0114295491681229,11.822063690952728,5.916040839903368e-10
0.01,1.0,0.0114295491681229,13.281489698569583,4.568772624868354e-10
0.01,1.0,0.0114295491681229,14.921080889473224,3.4623965008419176e-10
0.01,1.0,0.0114295491681229,16.763078537355728,2.7209931654042787e-10
0.01,1.0,0.0114295491681229,18.83246958655666,2.1241691855831258e-10
0.01,1.0,0.0114295491681229,21.157325603303395,1.6222018897350195e-10
0.01,1.0,0.0114295491681229,23.769183570259635,1.292638802909924e-10
0.01,1.0,0.0114295491681229,26.70347368991138,1.0258862222953609e-10
0.01,1.0,0.0114295491681229,30.0,8.021278862422819e-11
0.01,1.0,0.0122192246779934,0.1,2.2508450314474923e-07
0.01,1.0,0.0122192246779934,0.1123449344020514,2.0880768386659543e-07
0.01,1.0,0.0122192246779934,0.1262138428580125,1.9354352523569174e-07
0.01,1.0,0.0122192246779934,0.1417948589651424,1.7903004460744175e-07
0.01,1.0,0.0122192246779934,0.1592993412898707,1.651462650209295e-07
0.01,1.0,0.0122192246779934,0.1789647404750054,1.5202138961097563e-07
0.01,1.0,0.0122192246779934,0.2010578202894464,1.397161903276857e-07
0.01,1.0,0.0122192246779934,0.2258782763143731,1.2833985514345922e-07
0.01,1.0,0.0122192246779934,0.2537628013538671,1.1799947952202948e-07
0.01,1.0,0.0122192246779934,0.2850896527178103,1.0862155352874206e-07
0.01,1.0,0.0122192246779934,0.3202837833328603,1.0027507266572648e-07
0.01,1.0,0.0122192246779934,0.3598226062857105,9.295320561932418e-08
0.01,1.0,0.0122192246779934,0.4042424709954335,8.667397502029966e-08
0.01,1.0,0.0122192246779934,0.4541459388650518,8.134320522523874e-08
0.01,1.0,0.0122192246779934,0.5102099571075231,7.687747577659174e-08
0.01,1.0,0.0122192246779934,0.573195041625182,7.31000369070031e-08
0.01,1.0,0.0122192246779934,0.6439555935096224,6.974235808166325e-08
0.01,1.0,0.0122192246779934,0.7234514891067266,6.641355353695624e-08
0.01,1.0,0.0122192246779934,0.8127611008676167,6.279668509042213e-08
0.01,1.0,0.0122192246779934,0.9130959256151152,5.8690282232501454e-08
0.01,1.0,0.0122192246779934,1.0258170186601063,5.4003011243664404e-08
0.01,1.0,0.0122192246779934,1.1524534566987763,4.875498951902863e-08
0.01,1.0,0.0122192246779934,1.294723079942415,4.310137436043672e-08
0.01,1.0,0.0122192246779934,1.4545557948495271,3.728713008612886e-08
0.01,1.0,0.0122192246779934,1.6341197535649394,3.170422415065134e-08
0.01,1.0,0.0122192246779934,1.835850765193496,2.6717752293126973e-08
0.01,1.0,0.0122192246779934,2.062485337876194,2.242807101375461e-08
0.01,1.0,0.0122192246779934,2.3170977998889395,1.848764737356181e-08
0.01,1.0,0.0122192246779934,2.6031420033166066,1.4894243476553523e-08
0.01,1.0,0.0122192246779934,2.9244981760182918,1.1845557258583313e-08
0.01,1.0,0.0122192246779934,3.285525557436941,9.465614702346572e-09
0.01,1.0,0.0122192246779934,3.6911215322651687,7.571438433030491e-09
0.01,1.0,0.0122192246779934,4.1467880641233,5.928850785538975e-09
0.01,1.0,0.0122192246779934,4.658706330431421,4.585017355312093e-09
0.01,1.0,0.0122192246779934,5.233820570907402,3.594822327125504e-09
0.01,1.0,0.0122192246779934,5.879932287106996,2.817741329639865e-09
0.01,1.0,0.0122192246779934,6.605806070835402,2.15985712345582e-09
0.01,1.0,0.0122192246779934,7.421288497006765,1.6557380583404178e-09
0.01,1.0,0.0122192246779934,8.337441693749241,1.297862032335301e-09
0.01,1.0,0.0122192246779934,9.366693401651878,9.96565016340409e-10
0.01,1.0,0.0122192246779934,10.523005557727087,7.558780759266079e-10
0.01,1.0,0.0122192246779934,11.822063690952728,5.913868295161424e-10
0.01,1.0,0.0122192246779934,13.281489698569583,4.57026126644438e-10
0.01,1.0,0.0122192246779934,14.921080889473224,3.463116346748113e-10
0.01,1.0,0.0122192246779934,16.763078537355728,2.71939780872944e-10
0.01,1.0,0.0122192246779934,18.83246958655666,2.124807999844606e-10
0.01,1.0,0.0122192246779934,21.157325603303395,1.6224362646450127e-10
0.01,1.0,0.0122192246779934,23.769183570259635,1.2920751913605036e-10
0.01,1.0,0.0122192246779934,26.70347368991138,1.0260679840419155e-10
0.01,1.0,0.0122192246779934,30.0,8.022193360029702e-11
0.01,1.0,0.013063459418654,0.1,2.220470701764997e-07
0.01,1.0,0.013063459418654,0.1123449344020514,2.0647436955271056e-07
0.01,1.0,0.013063459418654,0.1262138428580125,1.9179740044871036e-07
0.01,1.0,0.013063459418654,0.1417948589651424,1.777311789677363e-07
0.01,1.0,0.013063459418654,0.1592993412898707,1.642356653240223e-07
0.01,1.0,0.013063459418654,0.1789647404750054,1.5139957048802644e-07
0.01,1.0,0.013063459418654,0.2010578202894464,1.3932152966882256e-07
0.01,1.0,0.013063459418654,0.2258782763143731,1.2812320130466068e-07
0.01,1.0,0.013063459418654,0.2537628013538671,1.179283314891627e-07
0.01,1.0,0.013063459418654,0.2850896527178103,1.0867952163504473e-07
0.01,1.0,0.013063459418654,0.3202837833328603,1.0043759741404479e-07
0.01,1.0,0.013063459418654,0.3598226062857105,9.319685290931964e-08
0.01,1.0,0.013063459418654,0.4042424709954335,8.697785904559514e-08
0.01,1.0,0.013063459418654,0.4541459388650518,8.16910629635271e-08
0.01,1.0,0.013063459418654,0.5102099571075231,7.72548613826336e-08
0.01,1.0,0.013063459418654,0.573195041625182,7.349756061572042e-08
0.01,1.0,0.013063459418654,0.6439555935096224,7.015162170902131e-08
0.01,1.0,0.013063459418654,0.7234514891067266,6.683096344201368e-08
0.01,1.0,0.013063459418654,0.8127611008676167,6.321722175473579e-08
0.01,1.0,0.013063459418654,0.9130959256151152,5.910521942885802e-08
0.01,1.0,0.013063459418654,1.0258170186601063,5.440368728660033e-08
0.01,1.0,0.013063459418654,1.1524534566987763,4.9130554014698584e-08
0.01,1.0,0.013063459418654,1.294723079942415,4.3439338369763754e-08
0.01,1.0,0.013063459418654,1.4545557948495271,3.757106771038693e-08
0.01,1.0,0.013063459418654,1.6341197535649394,3.191937009016063e-08
0.01,1.0,0.013063459418654,1.835850765193496,2.6856722724448752e-08
0.01,1.0,0.013063459418654,2.062485337876194,2.251044363105853e-08
0.01,1.0,0.013063459418654,2.3170977998889395,1.8538133553618e-08
0.01,1.0,0.013063459418654,2.6031420033166066,1.491706525562882e-08
0.01,1.0,0.013063459418654,2.9244981760182918,1.1846804498835387e-08
0.01,1.0,0.013063459418654,3.285525557436941,9.454819764077652e-09
0.01,1.0,0.013063459418654,3.6911215322651687,7.567918556348581e-09
0.01,1.0,0.013063459418654,4.1467880641233,5.931829653355014e-09
0.01,1.0,0.013063459418654,4.658706330431421,4.588799597113674e-09
0.01,1.0,0.013063459418654,5.233820570907402,3.5956803023107967e-09
0.01,1.0,0.013063459418654,5.879932287106996,2.8198085551114186e-09
0.01,1.0,0.013063459418654,6.605806070835402,2.16215958393605e-09
0.01,1.0,0.013063459418654,7.421288497006765,1.6563162470213712e-09
0.01,1.0,0.013063459418654,8.337441693749241,1.2979326381010558e-09
0.01,1.0,0.013063459418654,9.366693401651878,9.97098056618235e-10
0.01,1.0,0.013063459418654,10.523005557727087,7.558713891498911e-10
0.01,1.0,0.013063459418654,11.822063690952728,5.910594044116809e-10
0.01,1.0,0.013063459418654,13.281489698569583,4.571296380811755e-10
0.01,1.0,0.013063459418654,14.921080889473224,3.463505437779465e-10
0.01,1.0,0.013063459418654,16.763078537355728,2.717243788558711e-10
0.01,1.0,0.013063459418654,18.83246958655666,2.1251179352280009e-10
0.01,1.0,0.013063459418654,21.157325603303395,1.62265258331445e-10
0.01,1.0,0.013063459418654,23.769183570259635,1.2913672511559463e-10
0.01,1.0,0.013063459418654,26.70347368991138,1.0261993528240372e-10
0.01,1.0,0.013063459418654,30.0,8.022384306458541e-11
0.01,1.0,0.0139660229253468,0.1,2.1833824226548266e-07
0.01,1.0,0.0139660229253468,0.1123449344020514,2.0345171499174224e-07
0.01,1.0,0.0139660229253468,0.1262138428580125,1.893551610633184e-07
0.01,1.0,0.0139660229253468,0.1417948589651424,1.757494297190886e-07
0.01,1.0,0.0139660229253468,0.1592993412898707,1.6264924326639903e-07
0.01,1.0,0.0139660229253468,0.1789647404750054,1.501168287321381e-07
0.01,1.0,0.0139660229253468,0.2010578202894464,1.3828075667140202e-07
0.01,1.0,0.0139660229253468,0.2258782763143731,1.2726933040326e-07
0.01,1.0,0.0139660229253468,0.2537628013538671,1.1723327665296667e-07
0.01,1.0,0.0139660229253468,0.2850896527178103,1.0811762558725646e-07
0.01,1.0,0.0139660229253468,0.3202837833328603,9.999126683136731e-08
0.01,1.0,0.0139660229253468,0.3598226062857105,9.283845148570976e-08
0.01,1.0,0.0139660229253468,0.4042424709954335,8.6686001398557e-08
0.01,1.0,0.0139660229253468,0.4541459388650518,8.144834306725259e-08
0.01,1.0,0.0139660229253468,0.5102099571075231,7.704501998324186e-08
0.01,1.0,0.0139660229253468,0.573195041625182,7.331181067416578e-08
0.01,1.0,0.0139660229253468,0.6439555935096224,6.99825093007542e-08
0.01,1.0,0.0139660229253468,0.7234514891067266,6.667397173008928e-08
0.01,1.0,0.0139660229253468,0.8127611008676167,6.306777162874932e-08
0.01,1.0,0.0139660229253468,0.9130959256151152,5.8957366810235335e-08
0.01,1.0,0.0139660229253468,1.0258170186601063,5.4253337686930764e-08
0.01,1.0,0.0139660229253468,1.1524534566987763,4.8976682004980236e-08
0.01,1.0,0.0139660229253468,1.294723079942415,4.3280256609528724e-08
0.01,1.0,0.0139660229253468,1.4545557948495271,3.741126674961479e-08
0.01,1.0,0.0139660229253468,1.6341197535649394,3.1762757935983526e-08
0.01,1.0,0.0139660229253468,1.835850765193496,2.671227637586374e-08
0.01,1.0,0.0139660229253468,2.062485337876194,2.2405636481471022e-08
0.01,1.0,0.0139660229253468,2.3170977998889395,1.8490471009445612e-08
0.01,1.0,0.0139660229253468,2.6031420033166066,1.490885958805798e-08
0.01,1.0,0.0139660229253468,2.9244981760182918,1.1854630229554457e-08
0.01,1.0,0.0139660229253468,3.285525557436941,9.459148257841488e-09
0.01,1.0,0.0139660229253468,3.6911215322651687,7.57107782699994e-09
0.01,1.0,0.0139660229253468,4.1467880641233,5.9353942470829184e-09
0.01,1.0,0.0139660229253468,4.658706330431421,4.5895928051374965e-09
0.01,1.0,0.0139660229253468,5.233820570907402,3.5926832670789907e-09
0.01,1.0,0.0139660229253468,5.879932287106996,2.818984908442461e-09
0.01,1.0,0.0139660229253468,6.605806070835402,2.1624622746004328e-09
0.01,1.0,0.0139660229253468,7.421288497006765,1.6557369510488238e-09
0.01,1.0,0.0139660229253468,8.337441693749241,1.2971725483690213e-09
0.01,1.0,0.0139660229253468,9.366693401651878,9.973501826110817e-10
0.01,1.0,0.0139660229253468,10.523005557727087,7.558530656448497e-10
0.01,1.0,0.0139660229253468,11.822063690952728,5.906880157694079e-10
0.01,1.0,0.0139660229253468,13.281489698569583,4.5721153061544565e-10
0.01,1.0,0.0139660229253468,14.921080889473224,3.4638437698548514e-10
0.01,1.0,0.0139660229253468,16.763078537355728,2.7152728840475724e-10
0.01,1.0,0.0139660229253468,18.83246958655666,2.1253692823456488e-10
0.01,1.0,0.0139660229253468,21.157325603303395,1.6230605823422707e-10
0.01,1.0,0.0139660229253468,23.769183570259635,1.2904652460767502e-10
0.01,1.0,0.0139660229253468,26.70347368991138,1.0264404196853109e-10
0.01,1.0,0.0139660229253468,30.0,8.023032766768974e-11
0.01,1.0,0.0149309451731285,0.1,2.1467602423576732e-07
0.01,1.0,0.0149309451731285,0.1123449344020514,2.004411670902759e-07
0.01,1.0,0.0149309451731285,0.1262138428580125,1.8687312040457546e-07
0.01,1.0,0.0149309451731285,0.1417948589651424,1.7367760573207157e-07
0.01,1.0,0.0149309451731285,0.1592993412898707,1.6091359422866673e-07
0.01,1.0,0.0149309451731285,0.1789647404750054,1.486498982169686e-07
0.01,1.0,0.0149309451731285,0.2010578202894464,1.3703496586535704e-07
0.01,1.0,0.0149309451731285,0.2258782763143731,1.2621050374676157e-07
0.01,1.0,0.0149309451731285,0.2537628013538671,1.1633539176434143e-07
0.01,1.0,0.0149309451731285,0.2850896527178103,1.0736785927999957e-07
0.01,1.0,0.0149309451731285,0.3202837833328603,9.9364754096421e-08
0.01,1.0,0.0149309451731285,0.3598226062857105,9.23101288659198e-08
0.01,1.0,0.0149309451731285,0.4042424709954335,8.622942571735246e-08
0.01,1.0,0.0149309451731285,0.4541459388650518,8.104475722740877e-08
0.01,1.0,0.0149309451731285,0.5102099571075231,7.667904748489467e-08
0.01,1.0,0.0149309451731285,0.573195041625182,7.297170016360314e-08
0.01,1.0,0.0149309451731285,0.6439555935096224,6.966512840761347e-08
0.01,1.0,0.0149309451731285,0.7234514891067266,6.638752150352383e-08
0.01,1.0,0.0149309451731285,0.8127611008676167,6.282498886045801e-08
0.01,1.0,0.0149309451731285,0.9130959256151152,5.877308957441307e-08
0.01,1.0,0.0149309451731285,1.0258170186601063,5.414178420130951e-08
0.01,1.0,0.0149309451731285,1.1524534566987763,4.894693272273924e-08
0.01,1.0,0.0149309451731285,1.294723079942415,4.333055604467174e-08
0.01,1.0,0.0149309451731285,1.4545557948495271,3.7527309661572845e-08
0.01,1.0,0.0149309451731285,1.6341197535649394,3.191344690267199e-08
0.01,1.0,0.0149309451731285,1.835850765193496,2.6860401993775227e-08
0.01,1.0,0.0149309451731285,2.062485337876194,2.253730762038164e-08
0.01,1.0,0.0149309451731285,2.3170977998889395,1.8618045791335144e-08
0.01,1.0,0.0149309451731285,2.6031420033166066,1.502154838033007e-08
0.01,1.0,0.0149309451731285,2.9244981760182918,1.1940510379809405e-08
0.01,1.0,0.0149309451731285,3.285525557436941,9.511871817738026e-09
0.01,1.0,0.0149309451731285,3.6911215322651687,7.602574753059843e-09
0.01,1.0,0.0149309451731285,4.1467880641233,5.9533911112520975e-09
0.01,1.0,0.0149309451731285,4.658706330431421,4.595598366568298e-09
0.01,1.0,0.0149309451731285,5.233820570907402,3.591024965751536e-09
0.01,1.0,0.0149309451731285,5.879932287106996,2.819002733012307e-09
0.01,1.0,0.0149309451731285,6.605806070835402,2.163484774306121e-09
0.01,1.0,0.0149309451731285,7.421288497006765,1.6554764705577637e-09
0.01,1.0,0.0149309451731285,8.337441693749241,1.2965422376628862e-09
0.01,1.0,0.0149309451731285,9.366693401651878,9.97643894521842e-10
0.01,1.0,0.0149309451731285,10.523005557727087,7.558492959816722e-10
0.01,1.0,0.0149309451731285,11.822063690952728,5.902461196692362e-10
0.01,1.0,0.0149309451731285,13.281489698569583,4.57211555923668e-10
0.01,1.0,0.0149309451731285,14.921080889473224,3.4643090657581625e-10
0.01,1.0,0.0149309451731285,16.763078537355728,2.7131857289403224e-10
0.01,1.0,0.0149309451731285,18.83246958655666,2.1254145804215279e-10
0.01,1.0,0.0149309451731285,21.157325603303395,1.6236453810734433e-10
0.01,1.0,0.0149309451731285,23.769183570259635,1.2894115018102147e-10
0.01,1.0,0.0149309451731285,26.70347368991138,1.026641491477581e-10
0.01,1.0,0.0149309451731285,30.0,8.025219782054191e-11
0.01,1.0,0.0159625345708383,0.1,2.1054563183305155e-07
0.01,1.0,0.0159625345708383,0.1123449344020514,1.971361133792904e-07
0.01,1.0,0.0159625345708383,0.1262138428580125,1.8426826777538424e-07
0.01,1.0,0.0159625345708383,0.1417948589651424,1.7163670968413643e-07
0.01,1.0,0.0159625345708383,0.1592993412898707,1.5936047612779347e-07
0.01,1.0,0.0159625345708383,0.1789647404750054,1.4746861157410369e-07
0.01,1.0,0.0159625345708383,0.2010578202894464,1.3615084196304689e-07
0.01,1.0,0.0159625345708383,0.2258782763143731,1.2555779218975706e-07
0.01,1.0,0.0159625345708383,0.2537628013538671,1.1586491860931028e-07
0.01,1.0,0.0159625345708383,0.2850896527178103,1.0706024366688989e-07
0.01,1.0,0.0159625345708383,0.3202837833328603,9.918878007668708e-08
0.01,1.0,0.0159625345708383,0.3598226062857105,9.224107528502428e-08
0.01,1.0,0.0159625345708383,0.4042424709954335,8.62381169662234e-08
0.01,1.0,0.0159625345708383,0.4541459388650518,8.111343289349114e-08
0.01,1.0,0.0159625345708383,0.5102099571075231,7.678824592125508e-08
0.01,1.0,0.0159625345708383,0.573195041625182,7.310927851875659e-08
0.01,1.0,0.0159625345708383,0.6439555935096224,6.981848798305403e-08
0.01,1.0,0.0159625345708383,0.7234514891067266,6.654724498568346e-08
0.01,1.0,0.0159625345708383,0.8127611008676167,6.297797909248974e-08
0.01,1.0,0.0159625345708383,0.9130959256151152,5.890332604009578e-08
0.01,1.0,0.0159625345708383,1.0258170186601063,5.4233715661314746e-08
0.01,1.0,0.0159625345708383,1.1524534566987763,4.898868781841589e-08
0.01,1.0,0.0159625345708383,1.294723079942415,4.3313141891951e-08
0.01,1.0,0.0159625345708383,1.4545557948495271,3.744859146129878e-08
0.01,1.0,0.0159625345708383,1.6341197535649394,3.177839167828335e-08
0.01,1.0,0.0159625345708383,1.835850765193496,2.6685690906966347e-08
0.01,1.0,0.0159625345708383,2.062485337876194,2.2363248649757964e-08
0.01,1.0,0.0159625345708383,2.3170977998889395,1.848186014379362e-08
0.01,1.0,0.0159625345708383,2.6031420033166066,1.4919114474832796e-08
0.01,1.0,0.0159625345708383,2.9244981760182918,1.1862377631510514e-08
0.01,1.0,0.0159625345708383,3.285525557436941,9.45074501849258e-09
0.01,1.0,0.0159625345708383,3.6911215322651687,7.566832607044623e-09
0.01,1.0,0.0159625345708383,4.1467880641233,5.940099227324513e-09
0.01,1.0,0.0159625345708383,4.658706330431421,4.592606121434024e-09
0.01,1.0,0.0159625345708383,5.233820570907402,3.5883599305449273e-09
0.01,1.0,0.0159625345708383,5.879932287106996,2.8185310956297117e-09
0.01,1.0,0.0159625345708383,6.605806070835402,2.1643709735174797e-09
0.01,1.0,0.0159625345708383,7.421288497006765,1.654902400536573e-09
0.01,1.0,0.0159625345708383,8.337441693749241,1.2958858562482e-09
0.01,1.0,0.0159625345708383,9.366693401651878,9.978789928989394e-10
0.01,1.0,0.0159625345708383,10.523005557727087,7.559012409976873e-10
0.01,1.0,0.0159625345708383,11.822063690952728,5.896820839372208e-10
0.01,1.0,0.0159625345708383,13.281489698569583,4.5721586280147267e-10
0.01,1.0,0.0159625345708383,14.921080889473224,3.4650064038614854e-10
0.01,1.0,0.0159625345708383,16.763078537355728,2.7109931653107055e-10
0.01,1.0,0.0159625345708383,18.83246958655666,2.1253710691249234e-10
0.01,1.0,0.0159625345708383,21.157325603303395,1.6242983732030334e-10
0.01,1.0,0.0159625345708383,23.769183570259635,1.2882295924272768e-10
0.01,1.0,0.0159625345708383,26.70347368991138,1.0267963719870334e-10
0.01,1.0,0.0159625345708383,30.0,8.028307198640081e-11
0.01,1.0,0.017065397198282,0.1,2.061171254423396e-07
0.01,1.0,0.017065397198282,0.1123449344020514,1.9340155085163412e-07
0.01,1.0,0.017065397198282,0.1262138428580125,1.8109952760229848e-07
0.01,1.0,0.017065397198282,0.1417948589651424,1.6891574442310945e-07
0.01,1.0,0.017065397198282,0.1592993412898707,1.5700771347117948e-07
0.01,1.0,0.017065397198282,0.1789647404750054,1.4541477667613896e-07
0.01,1.0,0.017065397198282,0.2010578202894464,1.3435172359053484e-07
0.01,1.0,0.017065397198282,0.2258782763143731,1.2397696080988697e-07
0.01,1.0,0.017065397198282,0.2537628013538671,1.1446481336269249e-07
0.01,1.0,0.017065397198282,0.2850896527178103,1.0583125110342556e-07
0.01,1.0,0.017065397198282,0.3202837833328603,9.810479447681474e-08
0.01,1.0,0.017065397198282,0.3598226062857105,9.127139225871452e-08
0.01,1.0,0.017065397198282,0.4042424709954335,8.53533928255688e-08
0.01,1.0,0.017065397198282,0.4541459388650518,8.029375791678419e-08
0.01,1.0,0.017065397198282,0.5102099571075231,7.601327208111149e-08
0.01,1.0,0.017065397198282,0.573195041625182,7.236672119222363e-08
0.01,1.0,0.017065397198282,0.6439555935096224,6.910405513799581e-08
0.01,1.0,0.017065397198282,0.7234514891067266,6.58708991661612e-08
0.01,1.0,0.017065397198282,0.8127611008676167,6.23548746121364e-08
0.01,1.0,0.017065397198282,0.9130959256151152,5.835223476508809e-08
0.01,1.0,0.017065397198282,1.0258170186601063,5.377244311373458e-08
0.01,1.0,0.017065397198282,1.1524534566987763,4.863118854803144e-08
0.01,1.0,0.017065397198282,1.294723079942415,4.306173627469553e-08
0.01,1.0,0.017065397198282,1.4545557948495271,3.7289888002978746e-08
0.01,1.0,0.017065397198282,1.6341197535649394,3.1682883274725004e-08
0.01,1.0,0.017065397198282,1.835850765193496,2.6615285478444954e-08
0.01,1.0,0.017065397198282,2.062485337876194,2.2300463251969544e-08
0.01,1.0,0.017065397198282,2.3170977998889395,1.8443789726807392e-08
0.01,1.0,0.017065397198282,2.6031420033166066,1.4900207197541835e-08
0.01,1.0,0.017065397198282,2.9244981760182918,1.1849920520369155e-08
0.01,1.0,0.017065397198282,3.285525557436941,9.434618718408657e-09
0.01,1.0,0.017065397198282,3.6911215322651687,7.557642949052317e-09
0.01,1.0,0.017065397198282,4.1467880641233,5.939322128947016e-09
0.01,1.0,0.017065397198282,4.658706330431421,4.59339510059811e-09
0.01,1.0,0.017065397198282,5.233820570907402,3.5862144757655217e-09
0.01,1.0,0.017065397198282,5.879932287106996,2.8181631637117932e-09
0.01,1.0,0.017065397198282,6.605806070835402,2.165535119859603e-09
0.01,1.0,0.017065397198282,7.421288497006765,1.6542264280646918e-09
0.01,1.0,0.017065397198282,8.337441693749241,1.2950759659787283e-09
0.01,1.0,0.017065397198282,9.366693401651878,9.980963970678842e-10
0.01,1.0,0.017065397198282,10.523005557727087,7.55984186093351e-10
0.01,1.0,0.017065397198282,11.822063690952728,5.890764104681839e-10
0.01,1.0,0.017065397198282,13.281489698569583,4.572326859252648e-10
0.01,1.0,0.017065397198282,14.921080889473224,3.465811229226343e-10
0.01,1.0,0.017065397198282,16.763078537355728,2.708612472023656e-10
0.01,1.0,0.017065397198282,18.83246958655666,2.1253348761198716e-10
0.01,1.0,0.017065397198282,21.157325603303395,1.624887049413628e-10
0.01,1.0,0.017065397198282,23.769183570259635,1.2869876065118156e-10
0.01,1.0,0.017065397198282,26.70347368991138,1.0268590621436618e-10
0.01,1.0,0.017065397198282,30.0,8.031900111477974e-11
0.01,1.0,0.0182444573725259,0.1,2.020518476246841e-07
0.01,1.0,0.0182444573725259,0.1123449344020514,1.9028682056303566e-07
0.01,1.0,0.0182444573725259,0.1262138428580125,1.78798252340614e-07
0.01,1.0,0.0182444573725259,0.1417948589651424,1.6729150579901191e-07
0.01,1.0,0.0182444573725259,0.1592993412898707,1.5594481845596322e-07
0.01,1.0,0.0182444573725259,0.1789647404750054,1.447871966057359e-07
0.01,1.0,0.0182444573725259,0.2010578202894464,1.3407704429357105e-07
0.01,1.0,0.0182444573725259,0.2258782763143731,1.2397509222370928e-07
0.01,1.0,0.0182444573725259,0.2537628013538671,1.1467574155568716e-07
0.01,1.0,0.0182444573725259,0.2850896527178103,1.062273542520838e-07
0.01,1.0,0.0182444573725259,0.3202837833328603,9.865518836839035e-08
0.01,1.0,0.0182444573725259,0.3598226062857105,9.194645239511447e-08
0.01,1.0,0.0182444573725259,0.4042424709954335,8.612123654891798e-08
0.01,1.0,0.0182444573725259,0.4541459388650518,8.11318824946691e-08
0.01,1.0,0.0182444573725259,0.5102099571075231,7.690042821273472e-08
0.01,1.0,0.0182444573725259,0.573195041625182,7.328666130569319e-08
0.01,1.0,0.0182444573725259,0.6439555935096224,7.004076636073169e-08
0.01,1.0,0.0182444573725259,0.7234514891067266,6.681097727321292e-08
0.01,1.0,0.0182444573725259,0.8127611008676167,6.328015999955091e-08
0.01,1.0,0.0182444573725259,0.9130959256151152,5.923811699544406e-08
0.01,1.0,0.0182444573725259,1.0258170186601063,5.4594237284305476e-08
0.01,1.0,0.0182444573725259,1.1524534566987763,4.9364792415557585e-08
0.01,1.0,0.0182444573725259,1.294723079942415,4.368564077225121e-08
0.01,1.0,0.0182444573725259,1.4545557948495271,3.7788015933912086e-08
0.01,1.0,0.0182444573725259,1.6341197535649394,3.2047200272494966e-08
0.01,1.0,0.0182444573725259,1.835850765193496,2.68516355891596e-08
0.01,1.0,0.0182444573725259,2.062485337876194,2.24429795679004e-08
0.01,1.0,0.0182444573725259,2.3170977998889395,1.854151223823001e-08
0.01,1.0,0.0182444573725259,2.6031420033166066,1.4960614322122028e-08
0.01,1.0,0.0182444573725259,2.9244981760182918,1.1876098121486711e-08
0.01,1.0,0.0182444573725259,3.285525557436941,9.434457230638487e-09
0.01,1.0,0.0182444573725259,3.6911215322651687,7.55525274673906e-09
0.01,1.0,0.0182444573725259,4.1467880641233,5.940804622517387e-09
0.01,1.0,0.0182444573725259,4.658706330431421,4.594276595829308e-09
0.01,1.0,0.0182444573725259,5.233820570907402,3.583018716015678e-09
0.01,1.0,0.0182444573725259,5.879932287106996,2.8171170800896934e-09
0.01,1.0,0.0182444573725259,6.605806070835402,2.1663902939952847e-09
0.01,1.0,0.0182444573725259,7.421288497006765,1.6537445939593193e-09
0.01,1.0,0.0182444573725259,8.337441693749241,1.294106086499425e-09
0.01,1.0,0.0182444573725259,9.366693401651878,9.982947664637888e-10
0.01,1.0,0.0182444573725259,10.523005557727087,7.56042333797458e-10
0.01,1.0,0.0182444573725259,11.822063690952728,5.885322025382158e-10
0.01,1.0,0.0182444573725259,13.281489698569583,4.5727239816103197e-10
0.01,1.0,0.0182444573725259,14.921080889473224,3.46703032820863e-10
0.01,1.0,0.0182444573725259,16.763078537355728,2.705622580521937e-10
0.01,1.0,0.0182444573725259,18.83246958655666,2.1256421981569366e-10
0.01,1.0,0.0182444573725259,21.157325603303395,1.6253589653906331e-10
0.01,1.0,0.0182444573725259,23.769183570259635,1.285892494803147e-10
0.01,1.0,0.0182444573725259,26.70347368991138,1.0269307044835705e-10
0.01,1.0,0.0182444573725259,30.0,8.036209794872151e-11
0.01,1.0,0.0195049796351312,0.1,1.9689116791493056e-07
0.01,1.0,0.0195049796351312,0.1123449344020514,1.8583555197583435e-07
0.01,1.0,0.0195049796351312,0.1262138428580125,1.7492074807555944e-07
0.01,1.0,0.0195049796351312,0.1417948589651424,1.6388025622665075e-07
0.01,1.0,0.0195049796351312,0.1592993412898707,1.529312428327728e-07
0.01,1.0,0.0195049796351312,0.1789647404750054,1.4209895668675312e-07
0.01,1.0,0.0195049796351312,0.2010578202894464,1.3167243412719148e-07
0.01,1.0,0.0195049796351312,0.2258782763143731,1.21812504135574e-07
0.01,1.0,0.0195049796351312,0.2537628013538671,1.1272094481686833e-07
0.01,1.0,0.0195049796351312,0.2850896527178103,1.0446558292284252e-07
0.01,1.0,0.0195049796351312,0.3202837833328603,9.705766062728002e-08
0.01,1.0,0.0195049796351312,0.3598226062857105,9.048176307497645e-08
0.01,1.0,0.0195049796351312,0.4042424709954335,8.47570361747008e-08
0.01,1.0,0.0195049796351312,0.4541459388650518,7.984367028493088e-08
0.01,1.0,0.0195049796351312,0.5102099571075231,7.566705515486216e-08
0.01,1.0,0.0195049796351312,0.573195041625182,7.209336402556898e-08
0.01,1.0,0.0195049796351312,0.6439555935096224,6.88832133416053e-08
0.01,1.0,0.0195049796351312,0.7234514891067266,6.570141222040728e-08
0.01,1.0,0.0195049796351312,0.8127611008676167,6.223879415434637e-08
0.01,1.0,0.0195049796351312,0.9130959256151152,5.828855157017265e-08
0.01,1.0,0.0195049796351312,1.0258170186601063,5.376302601801657e-08
0.01,1.0,0.0195049796351312,1.1524534566987763,4.8672929583699174e-08
0.01,1.0,0.0195049796351312,1.294723079942415,4.314279583322455e-08
0.01,1.0,0.0195049796351312,1.4545557948495271,3.738999484377159e-08
0.01,1.0,0.0195049796351312,1.6341197535649394,3.176740638591163e-08
0.01,1.0,0.0195049796351312,1.835850765193496,2.665102708315529e-08
0.01,1.0,0.0195049796351312,2.062485337876194,2.229580265244298e-08
0.01,1.0,0.0195049796351312,2.3170977998889395,1.8461690028131957e-08
0.01,1.0,0.0195049796351312,2.6031420033166066,1.4932656958139544e-08
0.01,1.0,0.0195049796351312,2.9244981760182918,1.1874292245746132e-08
0.01,1.0,0.0195049796351312,3.285525557436941,9.434059163638197e-09
0.01,1.0,0.0195049796351312,3.6911215322651687,7.553795027593792e-09
0.01,1.0,0.0195049796351312,4.1467880641233,5.9436619422092175e-09
0.01,1.0,0.0195049796351312,4.658706330431421,4.596556022980866e-09
0.01,1.0,0.0195049796351312,5.233820570907402,3.580260030231186e-09
0.01,1.0,0.0195049796351312,5.879932287106996,2.815958777279607e-09
0.01,1.0,0.0195049796351312,6.605806070835402,2.167284333913745e-09
0.01,1.0,0.0195049796351312,7.421288497006765,1.653644953304069e-09
0.01,1.0,0.0195049796351312,8.337441693749241,1.293054396117752e-09
0.01,1.0,0.0195049796351312,9.366693401651878,9.984521013691914e-10
0.01,1.0,0.0195049796351312,10.523005557727087,7.5616946836941e-10
0.01,1.0,0.0195049796351312,11.822063690952728,5.87962865054989e-10
0.01,1.0,0.0195049796351312,13.281489698569583,4.5728152911442e-10
0.01,1.0,0.0195049796351312,14.921080889473224,3.468725255133539e-10
0.01,1.0,0.0195049796351312,16.763078537355728,2.7022420197062724e-10
0.01,1.0,0.0195049796351312,18.83246958655666,2.1256544690254518e-10
0.01,1.0,0.0195049796351312,21.157325603303395,1.626000010066761e-10
0.01,1.0,0.0195049796351312,23.769183570259635,1.2849036895221257e-10
0.01,1.0,0.0195049796351312,26.70347368991138,1.026922207945935e-10
0.01,1.0,0.0195049796351312,30.0,8.041359809473023e-11
0.01,1.0,0.0208525922585009,0.1,1.9197340854701342e-07
0.01,1.0,0.0208525922585009,0.1123449344020514,1.8186500456650486e-07
0.01,1.0,0.0208525922585009,0.1262138428580125,1.7175518876721268e-07
0.01,1.0,0.0208525922585009,0.1417948589651424,1.6140147532391552e-07
0.01,1.0,0.0208525922585009,0.1592993412898707,1.510273498088477e-07
0.01,1.0,0.0208525922585009,0.1789647404750054,1.4065583770820272e-07
0.01,1.0,0.0208525922585009,0.2010578202894464,1.3060072741997723e-07
0.01,1.0,0.0208525922585009,0.2258782763143731,1.2104196722887475e-07
0.01,1.0,0.0208525922585009,0.2537628013538671,1.1218531051826285e-07
0.01,1.0,0.0208525922585009,0.2850896527178103,1.0413712489579304e-07
0.01,1.0,0.0208525922585009,0.3202837833328603,9.690477988899052e-08
0.01,1.0,0.0208525922585009,0.3598226062857105,9.047228955447028e-08
0.01,1.0,0.0208525922585009,0.4042424709954335,8.485416180832181e-08
0.01,1.0,0.0208525922585009,0.4541459388650518,8.002469751233202e-08
0.01,1.0,0.0208525922585009,0.5102099571075231,7.590745349695608e-08
0.01,1.0,0.0208525922585009,0.573195041625182,7.23738987599274e-08
0.01,1.0,0.0208525922585009,0.6439555935096224,6.918890431626583e-08
0.01,1.0,0.0208525922585009,0.7234514891067266,6.602220614512767e-08
0.01,1.0,0.0208525922585009,0.8127611008676167,6.25630560215366e-08
0.01,1.0,0.0208525922585009,0.9130959256151152,5.8600260874617103e-08
0.01,1.0,0.0208525922585009,1.0258170186601063,5.404622415773976e-08
0.01,1.0,0.0208525922585009,1.1524534566987763,4.891492098881381e-08
0.01,1.0,0.0208525922585009,1.294723079942415,4.333051238555777e-08
0.01,1.0,0.0208525922585009,1.4545557948495271,3.75163689520452e-08
0.01,1.0,0.0208525922585009,1.6341197535649394,3.182804022582081e-08
0.01,1.0,0.0208525922585009,1.835850765193496,2.6650497044570698e-08
0.01,1.0,0.0208525922585009,2.062485337876194,2.2261762633868035e-08
0.01,1.0,0.0208525922585009,2.3170977998889395,1.8441987383015146e-08
0.01,1.0,0.0208525922585009,2.6031420033166066,1.4928783675119472e-08
0.01,1.0,0.0208525922585009,2.9244981760182918,1.1872362500103929e-08
0.01,1.0,0.0208525922585009,3.285525557436941,9.42368693630272e-09
0.01,1.0,0.0208525922585009,3.6911215322651687,7.544623814686496e-09
0.01,1.0,0.0208525922585009,4.1467880641233,5.9426057228968125e-09
0.01,1.0,0.0208525922585009,4.658706330431421,4.597186336155776e-09
0.01,1.0,0.0208525922585009,5.233820570907402,3.576522224307646e-09
0.01,1.0,0.0208525922585009,5.879932287106996,2.8141969068466607e-09
0.01,1.0,0.0208525922585009,6.605806070835402,2.16797080568225e-09
0.01,1.0,0.0208525922585009,7.421288497006765,1.6536138460807393e-09
0.01,1.0,0.0208525922585009,8.337441693749241,1.291815626930143e-09
0.01,1.0,0.0208525922585009,9.366693401651878,9.985743939586158e-10
0.01,1.0,0.0208525922585009,10.523005557727087,7.563324461945996e-10
0.01,1.0,0.0208525922585009,11.822063690952728,5.873235239161577e-10
0.01,1.0,0.0208525922585009,13.281489698569583,4.5721818160695324e-10
0.01,1.0,0.0208525922585009,14.921080889473224,3.4701596487901095e-10
0.01,1.0,0.0208525922585009,16.763078537355728,2.6990171161320127e-10
0.01,1.0,0.0208525922585009,18.83246958655666,2.1251819718093944e-10
0.01,1.0,0.0208525922585009,21.157325603303395,1.6268951119429433e-10
0.01,1.0,0.0208525922585009,23.769183570259635,1.2835477166674314e-10
0.01,1.0,0.0208525922585009,26.70347368991138,1.0268819572631959e-10
0.01,1.0,0.0208525922585009,30.0,8.047109486243298e-11
0.01,1.0,0.022293312376297,0.1,1.865737381449836e-07
0.01,1.0,0.022293312376297,0.1123449344020514,1.7729617623769537e-07
0.01,1.0,0.022293312376297,0.1262138428580125,1.6785779912665017e-07
0.01,1.0,0.022293312376297,0.1417948589651424,1.5807381196964324e-07
0.01,1.0,0.022293312376297,0.1592993412898707,1.4816667911351079e-07
0.01,1.0,0.022293312376297,0.1789647404750054,1.3819720010160172e-07
0.01,1.0,0.022293312376297,0.2010578202894464,1.2847690889645976e-07
0.01,1.0,0.022293312376297,0.2258782763143731,1.1920379813634433e-07
0.01,1.0,0.022293312376297,0.2537628013538671,1.1058886244556348e-07
0.01,1.0,0.022293312376297,0.2850896527178103,1.0275357520004782e-07
0.01,1.0,0.022293312376297,0.3202837833328603,9.570807567644572e-08
0.01,1.0,0.022293312376297,0.3598226062857105,8.94282790884979e-08
0.01,1.0,0.022293312376297,0.4042424709954335,8.392544924587645e-08
0.01,1.0,0.022293312376297,0.4541459388650518,7.918572327197903e-08
0.01,1.0,0.022293312376297,0.5102099571075231,7.513216698886019e-08
0.01,1.0,0.022293312376297,0.573195041625182,7.16449539060635e-08
0.01,1.0,0.022293312376297,0.6439555935096224,6.849696834194102e-08
0.01,1.0,0.022293312376297,0.7234514891067266,6.537517317029463e-08
0.01,1.0,0.022293312376297,0.8127611008676167,6.19732127392299e-08
0.01,1.0,0.022293312376297,0.9130959256151152,5.808308456762675e-08
0.01,1.0,0.022293312376297,1.0258170186601063,5.3616707513526614e-08
0.01,1.0,0.022293312376297,1.1524534566987763,4.858494204157786e-08
0.01,1.0,0.022293312376297,1.294723079942415,4.310141698496947e-08
0.01,1.0,0.022293312376297,1.4545557948495271,3.737598363401565e-08
0.01,1.0,0.022293312376297,1.6341197535649394,3.174732107784202e-08
0.01,1.0,0.022293312376297,1.835850765193496,2.659144747421165e-08
0.01,1.0,0.022293312376297,2.062485337876194,2.219903243717908e-08
0.01,1.0,0.022293312376297,2.3170977998889395,1.840060530840938e-08
0.01,1.0,0.022293312376297,2.6031420033166066,1.4909159493081198e-08
0.01,1.0,0.022293312376297,2.9244981760182918,1.186021625561442e-08
0.01,1.0,0.022293312376297,3.285525557436941,9.405022233901098e-09
0.01,1.0,0.022293312376297,3.6911215322651687,7.528460702220001e-09
0.01,1.0,0.022293312376297,4.1467880641233,5.936575551544329e-09
0.01,1.0,0.022293312376297,4.658706330431421,4.594396900600468e-09
0.01,1.0,0.022293312376297,5.233820570907402,3.5708831796046594e-09
0.01,1.0,0.022293312376297,5.879932287106996,2.8114358382688227e-09
0.01,1.0,0.022293312376297,6.605806070835402,2.168285416273421e-09
0.01,1.0,0.022293312376297,7.421288497006765,1.6533914543777275e-09
0.01,1.0,0.022293312376297,8.337441693749241,1.2906677440093468e-09
0.01,1.0,0.022293312376297,9.366693401651878,9.98841118333512e-10
0.01,1.0,0.022293312376297,10.523005557727087,7.566539680945327e-10
0.01,1.0,0.022293312376297,11.822063690952728,5.865951858874344e-10
0.01,1.0,0.022293312376297,13.281489698569583,4.5723519258518787e-10
0.01,1.0,0.022293312376297,14.921080889473224,3.4713898046748217e-10
0.01,1.0,0.022293312376297,16.763078537355728,2.696586653401923e-10
0.01,1.0,0.022293312376297,18.83246958655666,2.12479404930246e-10
0.01,1.0,0.022293312376297,21.157325603303395,1.6282688786771152e-10
0.01,1.0,0.022293312376297,23.769183570259635,1.2820159068292764e-10
0.01,1.0,0.022293312376297,26.70347368991138,1.0269921047241704e-10
0.01,1.0,0.022293312376297,30.0,8.054160100559898e-11
0.01,1.0,0.0238335728501356,0.1,1.815470317907493e-07
0.01,1.0,0.0238335728501356,0.1123449344020514,1.732724179475957e-07
0.01,1.0,0.0238335728501356,0.1262138428580125,1.6466687954236834e-07
0.01,1.0,0.0238335728501356,0.1417948589651424,1.555902039730356e-07
0.01,1.0,0.0238335728501356,0.1592993412898707,1.462647397707147e-07
0.01,1.0,0.0238335728501356,0.1789647404750054,1.3678319352385706e-07
0.01,1.0,0.0238335728501356,0.2010578202894464,1.2745736917265154e-07
0.01,1.0,0.0238335728501356,0.2258782763143731,1.1850817332773809e-07
0.01,1.0,0.0238335728501356,0.2537628013538671,1.1015832501081676e-07
0.01,1.0,0.0238335728501356,0.2850896527178103,1.0255238380330281e-07
0.01,1.0,0.0238335728501356,0.3202837833328603,9.570218489938285e-08
0.01,1.0,0.0238335728501356,0.3598226062857105,8.958538107416318e-08
0.01,1.0,0.0238335728501356,0.4042424709954335,8.420625916659413e-08
0.01,1.0,0.0238335728501356,0.4541459388650518,7.956202993876133e-08
0.01,1.0,0.0238335728501356,0.5102099571075231,7.557724782132188e-08
0.01,1.0,0.0238335728501356,0.573195041625182,7.2138451250371e-08
0.01,1.0,0.0238335728501356,0.6439555935096224,6.9022429196207e-08
0.01,1.0,0.0238335728501356,0.7234514891067266,6.592643542372416e-08
0.01,1.0,0.0238335728501356,0.8127611008676167,6.254692185226429e-08
0.01,1.0,0.0238335728501356,0.9130959256151152,5.866956702713729e-08
0.01,1.0,0.0238335728501356,1.0258170186601063,5.4206286425158574e-08
0.01,1.0,0.0238335728501356,1.1524534566987763,4.9166217677402627e-08
0.01,1.0,0.0238335728501356,1.294723079942415,4.365781432953662e-08
0.01,1.0,0.0238335728501356,1.4545557948495271,3.788633786682425e-08
0.01,1.0,0.0238335728501356,1.6341197535649394,3.2184894611338306e-08
0.01,1.0,0.0238335728501356,1.835850765193496,2.693269739847597e-08
0.01,1.0,0.0238335728501356,2.062485337876194,2.2440738889823167e-08
0.01,1.0,0.0238335728501356,2.3170977998889395,1.8586221665570385e-08
0.01,1.0,0.0238335728501356,2.6031420033166066,1.5052747239885966e-08
0.01,1.0,0.0238335728501356,2.9244981760182918,1.196135611533119e-08
0.01,1.0,0.0238335728501356,3.285525557436941,9.46644838550597e-09
0.01,1.0,0.0238335728501356,3.6911215322651687,7.570990160223666e-09
0.01,1.0,0.0238335728501356,4.1467880641233,5.975612687142117e-09
0.01,1.0,0.0238335728501356,4.658706330431421,4.624288138401522e-09
0.01,1.0,0.0238335728501356,5.233820570907402,3.586639456164119e-09
0.01,1.0,0.0238335728501356,5.879932287106996,2.8201535241466014e-09
0.01,1.0,0.0238335728501356,6.605806070835402,2.173688684689591e-09
0.01,1.0,0.0238335728501356,7.421288497006765,1.654046073574325e-09
0.01,1.0,0.0238335728501356,8.337441693749241,1.2892531030332124e-09
0.01,1.0,0.0238335728501356,9.366693401651878,9.989654598663737e-10
0.01,1.0,0.0238335728501356,10.523005557727087,7.569297364822629e-10
0.01,1.0,0.0238335728501356,11.822063690952728,5.857310731370172e-10
0.01,1.0,0.0238335728501356,13.281489698569583,4.571672448441375e-10
0.01,1.0,0.0238335728501356,14.921080889473224,3.4727235721714785e-10
0.01,1.0,0.0238335728501356,16.763078537355728,2.6932060361870036e-10
0.01,1.0,0.0238335728501356,18.83246958655666,2.1239821344123774e-10
0.01,1.0,0.0238335728501356,21.157325603303395,1.6294661744117905e-10
0.01,1.0,0.0238335728501356,23.769183570259635,1.2799970290099396e-10
0.01,1.0,0.0238335728501356,26.70347368991138,1.0268080502411628e-10
0.01,1.0,0.0238335728501356,30.0,8.058996237877459e-11
0.01,1.0,0.025480250992521,0.1,1.7553767452412292e-07
0.01,1.0,0.025480250992521,0.1123449344020514,1.6822242781202886e-07
0.01,1.0,0.025480250992521,0.1262138428580125,1.6043122605566252e-07
0.01,1.0,0.025480250992521,0.1417948589651424,1.5206157552754596e-07
0.01,1.0,0.025480250992521,0.1592993412898707,1.4330670201921902e-07
0.01,1.0,0.025480250992521,0.1789647404750054,1.3433011675670523e-07
0.01,1.0,0.025480250992521,0.2010578202894464,1.2540628647380165e-07
0.01,1.0,0.025480250992521,0.2258782763143731,1.1679582834696692e-07
0.01,1.0,0.025480250992521,0.2537628013538671,1.0872111480839001e-07
0.01,1.0,0.025480250992521,0.2850896527178103,1.0135318588455204e-07
0.01,1.0,0.025480250992521,0.3202837833328603,9.470530673935677e-08
0.01,1.0,0.025480250992521,0.3598226062857105,8.87618669715513e-08
0.01,1.0,0.025480250992521,0.4042424709954335,8.351493469906188e-08
0.01,1.0,0.025480250992521,0.4541459388650518,7.897218704349243e-08
0.01,1.0,0.025480250992521,0.5102099571075231,7.506362361528895e-08
0.01,1.0,0.025480250992521,0.573195041625182,7.167824764642594e-08
0.01,1.0,0.025480250992521,0.6439555935096224,6.860027919849345e-08
0.01,1.0,0.025480250992521,0.7234514891067266,6.553731340175659e-08
0.01,1.0,0.025480250992521,0.8127611008676167,6.218845385768713e-08
0.01,1.0,0.025480250992521,0.9130959256151152,5.8337251808090553e-08
0.01,1.0,0.025480250992521,1.0258170186601063,5.38971751317036e-08
0.01,1.0,0.025480250992521,1.1524534566987763,4.888074409152716e-08
0.01,1.0,0.025480250992521,1.294723079942415,4.3392346980780634e-08
0.01,1.0,0.025480250992521,1.4545557948495271,3.76411777631792e-08
0.01,1.0,0.025480250992521,1.6341197535649394,3.1954519564662066e-08
0.01,1.0,0.025480250992521,1.835850765193496,2.6711643350236725e-08
0.01,1.0,0.025480250992521,2.062485337876194,2.2238244536893573e-08
0.01,1.0,0.025480250992521,2.3170977998889395,1.8446037024922595e-08
0.01,1.0,0.025480250992521,2.6031420033166066,1.497837235725865e-08
0.01,1.0,0.025480250992521,2.9244981760182918,1.1923522241591495e-08
0.01,1.0,0.025480250992521,3.285525557436941,9.43622081147692e-09
0.01,1.0,0.025480250992521,3.6911215322651687,7.539936575414948e-09
0.01,1.0,0.025480250992521,4.1467880641233,5.954745723108397e-09
0.01,1.0,0.025480250992521,4.658706330431421,4.609104838584992e-09
0.01,1.0,0.025480250992521,5.233820570907402,3.571047186472544e-09
0.01,1.0,0.025480250992521,5.879932287106996,2.810357508557563e-09
0.01,1.0,0.025480250992521,6.605806070835402,2.171493273528019e-09
0.01,1.0,0.025480250992521,7.421288497006765,1.6537254809950645e-09
0.01,1.0,0.025480250992521,8.337441693749241,1.2877199308338546e-09
0.01,1.0,0.025480250992521,9.366693401651878,9.990518380048018e-10
0.01,1.0,0.025480250992521,10.523005557727087,7.572603671479608e-10
0.01,1.0,0.025480250992521,11.822063690952728,5.8509816264698e-10
0.01,1.0,0.025480250992521,13.281489698569583,4.5706442235629844e-10
0.01,1.0,0.025480250992521,14.921080889473224,3.475924900870924e-10
0.01,1.0,0.025480250992521,16.763078537355728,2.6895990511366176e-10
0.01,1.0,0.025480250992521,18.83246958655666,2.1239530466050105e-10
0.01,1.0,0.025480250992521,21.157325603303395,1.6311529636548885e-10
0.01,1.0,0.025480250992521,23.769183570259635,1.2785009188025238e-10
0.01,1.0,0.025480250992521,26.70347368991138,1.0268798278004284e-10
0.01,1.0,0.025480250992521,30.0,8.065913699185521e-11
0.01,1.0,0.0272406992742666,0.1,1.694125020034523e-07
0.01,1.0,0.0272406992742666,0.1123449344020514,1.6300080062043565e-07
0.01,1.0,0.0272406992742666,0.1262138428580125,1.5596082646524434e-07
0.01,1.0,0.0272406992742666,0.1417948589651424,1.4823541436732745e-07
0.01,1.0,0.0272406992742666,0.1592993412898707,1.400017701373825e-07
0.01,1.0,0.0272406992742666,0.1789647404750054,1.3148642026577835e-07
0.01,1.0,0.0272406992742666,0.2010578202894464,1.229459350950326e-07
0.01,1.0,0.0272406992742666,0.2258782763143731,1.1466536590257563e-07
0.01,1.0,0.0272406992742666,0.2537628013538671,1.0687616343283503e-07
0.01,1.0,0.0272406992742666,0.2850896527178103,9.975401476036362e-08
0.01,1.0,0.0272406992742666,0.3202837833328603,9.331956032621488e-08
0.01,1.0,0.0272406992742666,0.3598226062857105,8.755676331098772e-08
0.01,1.0,0.0272406992742666,0.4042424709954335,8.245231856082458e-08
0.01,1.0,0.0272406992742666,0.4541459388650518,7.801743077469479e-08
0.01,1.0,0.0272406992742666,0.5102099571075231,7.418817797040473e-08
0.01,1.0,0.0272406992742666,0.573195041625182,7.086290829589374e-08
0.01,1.0,0.0272406992742666,0.6439555935096224,6.783126503467994e-08
0.01,1.0,0.0272406992742666,0.7234514891067266,6.482069779159133e-08
0.01,1.0,0.0272406992742666,0.8127611008676167,6.153863303751117e-08
0.01,1.0,0.0272406992742666,0.9130959256151152,5.7769182128319137e-08
0.01,1.0,0.0272406992742666,1.0258170186601063,5.3426401674364424e-08
0.01,1.0,0.0272406992742666,1.1524534566987763,4.851974965720255e-08
0.01,1.0,0.0272406992742666,1.294723079942415,4.314341041156485e-08
0.01,1.0,0.0272406992742666,1.4545557948495271,3.749243535720464e-08
0.01,1.0,0.0272406992742666,1.6341197535649394,3.187454990537012e-08
0.01,1.0,0.0272406992742666,1.835850765193496,2.6658682630111633e-08
0.01,1.0,0.0272406992742666,2.062485337876194,2.217492076296434e-08
0.01,1.0,0.0272406992742666,2.3170977998889395,1.8393312342384046e-08
0.01,1.0,0.0272406992742666,2.6031420033166066,1.4949217811913095e-08
0.01,1.0,0.0272406992742666,2.9244981760182918,1.1904781276714495e-08
0.01,1.0,0.0272406992742666,3.285525557436941,9.412967440550266e-09
0.01,1.0,0.0272406992742666,3.6911215322651687,7.51791256001086e-09
0.01,1.0,0.0272406992742666,4.1467880641233,5.946246510181795e-09
0.01,1.0,0.0272406992742666,4.658706330431421,4.60770931060349e-09
0.01,1.0,0.0272406992742666,5.233820570907402,3.566434833175644e-09
0.01,1.0,0.0272406992742666,5.879932287106996,2.8070595393154543e-09
0.01,1.0,0.0272406992742666,6.605806070835402,2.1715620508760944e-09
0.01,1.0,0.0272406992742666,7.421288497006765,1.6540282028825774e-09
0.01,1.0,0.0272406992742666,8.337441693749241,1.2857695624040277e-09
0.01,1.0,0.0272406992742666,9.366693401651878,9.987940060358133e-10
0.01,1.0,0.0272406992742666,10.523005557727087,7.575499841421152e-10
0.01,1.0,0.0272406992742666,11.822063690952728,5.841918198380777e-10
0.01,1.0,0.0272406992742666,13.281489698569583,4.5675734763303944e-10
0.01,1.0,0.0272406992742666,14.921080889473224,3.4776916966233935e-10
0.01,1.0,0.0272406992742666,16.763078537355728,2.684304815320582e-10
0.01,1.0,0.0272406992742666,18.83246958655666,2.122368165787497e-10
0.01,1.0,0.0272406992742666,21.157325603303395,1.6314335819505196e-10
0.01,1.0,0.0272406992742666,23.769183570259635,1.276612881939751e-10
0.01,1.0,0.0272406992742666,26.70347368991138,1.0261714254489244e-10
0.01,1.0,0.0272406992742666,30.0,8.069656844499639e-11
0.01,1.0,0.0291227781535133,0.1,1.6335126893150157e-07
0.01,1.0,0.0291227781535133,0.1123449344020514,1.5798317477510536e-07
0.01,1.0,0.0291227781535133,0.1262138428580125,1.5182033661193598e-07
0.01,1.0,0.0291227781535133,0.1417948589651424,1.4485436442291286e-07
0.01,1.0,0.0291227781535133,0.1592993412898707,1.372447896062724e-07
0.01,1.0,0.0291227781535133,0.1789647404750054,1.2926147831276143e-07
0.01,1.0,0.0291227781535133,0.2010578202894464,1.2115660954610429e-07
0.01,1.0,0.0291227781535133,0.2258782763143731,1.1324060907299709e-07
0.01,1.0,0.0291227781535133,0.2537628013538671,1.0575429227209177e-07
0.01,1.0,0.0291227781535133,0.2850896527178103,9.88902769463066e-08
0.01,1.0,0.0291227781535133,0.3202837833328603,9.267696353126897e-08
0.01,1.0,0.0291227781535133,0.3598226062857105,8.710625794211301e-08
0.01,1.0,0.0291227781535133,0.4042424709954335,8.215037800713773e-08
0.01,1.0,0.0291227781535133,0.4541459388650518,7.783114475048939e-08
0.01,1.0,0.0291227781535133,0.5102099571075231,7.408714129177605e-08
0.01,1.0,0.0291227781535133,0.573195041625182,7.082335698018447e-08
0.01,1.0,0.0291227781535133,0.6439555935096224,6.783561064782912e-08
0.01,1.0,0.0291227781535133,0.7234514891067266,6.486343010680694e-08
0.01,1.0,0.0291227781535133,0.8127611008676167,6.161805518089923e-08
0.01,1.0,0.0291227781535133,0.9130959256151152,5.788155474607493e-08
0.01,1.0,0.0291227781535133,1.0258170186601063,5.3566476715691996e-08
0.01,1.0,0.0291227781535133,1.1524534566987763,4.868361641774376e-08
0.01,1.0,0.0291227781535133,1.294723079942415,4.332111520356424e-08
0.01,1.0,0.0291227781535133,1.4545557948495271,3.766948679633997e-08
0.01,1.0,0.0291227781535133,1.6341197535649394,3.202800970352248e-08
0.01,1.0,0.0291227781535133,1.835850765193496,2.6764042094438245e-08
0.01,1.0,0.0291227781535133,2.062485337876194,2.222099512855152e-08
0.01,1.0,0.0291227781535133,2.3170977998889395,1.841542785035341e-08
0.01,1.0,0.0291227781535133,2.6031420033166066,1.497635465266896e-08
0.01,1.0,0.0291227781535133,2.9244981760182918,1.1925022315304792e-08
0.01,1.0,0.0291227781535133,3.285525557436941,9.415941369062893e-09
0.01,1.0,0.0291227781535133,3.6911215322651687,7.509585358226715e-09
0.01,1.0,0.0291227781535133,4.1467880641233,5.947752242912397e-09
0.01,1.0,0.0291227781535133,4.658706330431421,4.6118162165338634e-09
0.01,1.0,0.0291227781535133,5.233820570907402,3.565635831603676e-09
0.01,1.0,0.0291227781535133,5.879932287106996,2.8050034899601507e-09
0.01,1.0,0.0291227781535133,6.605806070835402,2.1728759773411573e-09
0.01,1.0,0.0291227781535133,7.421288497006765,1.6548128273472998e-09
0.01,1.0,0.0291227781535133,8.337441693749241,1.284290950926438e-09
0.01,1.0,0.0291227781535133,9.366693401651878,9.990966997876133e-10
0.01,1.0,0.0291227781535133,10.523005557727087,7.583383021659492e-10
0.01,1.0,0.0291227781535133,11.822063690952728,5.834855627191358e-10
0.01,1.0,0.0291227781535133,13.281489698569583,4.568869944940236e-10
0.01,1.0,0.0291227781535133,14.921080889473224,3.48184820709784e-10
0.01,1.0,0.0291227781535133,16.763078537355728,2.6824871299747586e-10
0.01,1.0,0.0291227781535133,18.83246958655666,2.122659812848252e-10
0.01,1.0,0.0291227781535133,21.157325603303395,1.633734015177513e-10
0.01,1.0,0.0291227781535133,23.769183570259635,1.2757175191493208e-10
0.01,1.0,0.0291227781535133,26.70347368991138,1.0265555486069445e-10
0.01,1.0,0.0291227781535133,30.0,8.084636439176253e-11
0.01,1.0,0.0311348911729281,0.1,1.5687264464595946e-07
0.01,1.0,0.0311348911729281,0.1123449344020514,1.5256703446145422e-07
0.01,1.0,0.0311348911729281,0.1262138428580125,1.4730952712061698e-07
0.01,1.0,0.0311348911729281,0.1417948589651424,1.4113213256834487e-07
0.01,1.0,0.0311348911729281,0.1592993412898707,1.341912378221598e-07
0.01,1.0,0.0311348911729281,0.1789647404750054,1.267647744371502e-07
0.01,1.0,0.0311348911729281,0.2010578202894464,1.1911449512918328e-07
0.01,1.0,0.0311348911729281,0.2258782763143731,1.1158368783188168e-07
0.01,1.0,0.0311348911729281,0.2537628013538671,1.0441300221883449e-07
0.01,1.0,0.0311348911729281,0.2850896527178103,9.781502109172664e-08
0.01,1.0,0.0311348911729281,0.3202837833328603,9.183177028302606e-08
0.01,1.0,0.0311348911729281,0.3598226062857105,8.6459004187737e-08
0.01,1.0,0.0311348911729281,0.4042424709954335,8.166280934146688e-08
0.01,1.0,0.0311348911729281,0.4541459388650518,7.746423458580646e-08
0.01,1.0,0.0311348911729281,0.5102099571075231,7.381094653375972e-08
0.01,1.0,0.0311348911729281,0.573195041625182,7.061456671640477e-08
0.01,1.0,0.0311348911729281,0.6439555935096224,6.767351354215819e-08
0.01,1.0,0.0311348911729281,0.7234514891067266,6.473870624892166e-08
0.01,1.0,0.0311348911729281,0.8127611008676167,6.152626677210905e-08
0.01,1.0,0.0311348911729281,0.9130959256151152,5.781506597402341e-08
0.01,1.0,0.0311348911729281,1.0258170186601063,5.351755679807949e-08
0.01,1.0,0.0311348911729281,1.1524534566987763,4.864929595379607e-08
0.01,1.0,0.0311348911729281,1.294723079942415,4.32927958706698e-08
0.01,1.0,0.0311348911729281,1.4545557948495271,3.76411391432482e-08
0.01,1.0,0.0311348911729281,1.6341197535649394,3.198759571358816e-08
0.01,1.0,0.0311348911729281,1.835850765193496,2.669991641035752e-08
0.01,1.0,0.0311348911729281,2.062485337876194,2.213159763132453e-08
0.01,1.0,0.0311348911729281,2.3170977998889395,1.8343606366608736e-08
0.01,1.0,0.0311348911729281,2.6031420033166066,1.4950557084331084e-08
0.01,1.0,0.0311348911729281,2.9244981760182918,1.1924673093138111e-08
0.01,1.0,0.0311348911729281,3.285525557436941,9.41640713835106e-09
0.01,1.0,0.0311348911729281,3.6911215322651687,7.502153451992015e-09
0.01,1.0,0.0311348911729281,4.1467880641233,5.948319630287847e-09
0.01,1.0,0.0311348911729281,4.658706330431421,4.616206626364522e-09
0.01,1.0,0.0311348911729281,5.233820570907402,3.564850984235231e-09
0.01,1.0,0.0311348911729281,5.879932287106996,2.801748010719873e-09
0.01,1.0,0.0311348911729281,6.605806070835402,2.173522269983213e-09
0.01,1.0,0.0311348911729281,7.421288497006765,1.6551052721798733e-09
0.01,1.0,0.0311348911729281,8.337441693749241,1.2820482698688802e-09
0.01,1.0,0.0311348911729281,9.366693401651878,9.98520802243453e-10
0.01,1.0,0.0311348911729281,10.523005557727087,7.585078373614945e-10
0.01,1.0,0.0311348911729281,11.822063690952728,5.822643796692629e-10
0.01,1.0,0.0311348911729281,13.281489698569583,4.5634731144113747e-10
0.01,1.0,0.0311348911729281,14.921080889473224,3.4812150416622993e-10
0.01,1.0,0.0311348911729281,16.763078537355728,2.6768183557981846e-10
0.01,1.0,0.0311348911729281,18.83246958655666,2.119204326177784e-10
0.01,1.0,0.0311348911729281,21.157325603303395,1.6332475626742236e-10
0.01,1.0,0.0311348911729281,23.769183570259635,1.2725611459681182e-10
0.01,1.0,0.0311348911729281,26.70347368991138,1.0248943268051749e-10
0.01,1.0,0.0311348911729281,30.0,8.085681000969615e-11
0.01,1.0,0.0332860224817918,0.1,1.5027404249744514e-07
0.01,1.0,0.0332860224817918,0.1123449344020514,1.469949259909109e-07
0.01,1.0,0.0332860224817918,0.1262138428580125,1.4259334635111133e-07
0.01,1.0,0.0332860224817918,0.1417948589651424,1.3716651045703033e-07
0.01,1.0,0.0332860224817918,0.1592993412898707,1.3086835523304287e-07
0.01,1.0,0.0332860224817918,0.1789647404750054,1.2398794690549397e-07
0.01,1.0,0.0332860224817918,0.2010578202894464,1.1678458843592198e-07
0.01,1.0,0.0332860224817918,0.2258782763143731,1.0963958272537648e-07
0.01,1.0,0.0332860224817918,0.2537628013538671,1.027927589727635e-07
0.01,1.0,0.0332860224817918,0.2850896527178103,9.646445583763656e-08
0.01,1.0,0.0332860224817918,0.3202837833328603,9.072065486291385e-08
0.01,1.0,0.0332860224817918,0.3598226062857105,8.555424007353266e-08
0.01,1.0,0.0332860224817918,0.4042424709954335,8.09231821810242e-08
0.01,1.0,0.0332860224817918,0.4541459388650518,7.685358284715499e-08
0.01,1.0,0.0332860224817918,0.5102099571075231,7.329690288548362e-08
0.01,1.0,0.0332860224817918,0.573195041625182,7.017160681053063e-08
0.01,1.0,0.0332860224817918,0.6439555935096224,6.728418443057129e-08
0.01,1.0,0.0332860224817918,0.7234514891067266,6.440006944941581e-08
0.01,1.0,0.0332860224817918,0.8127611008676167,6.124192624333704e-08
0.01,1.0,0.0332860224817918,0.9130959256151152,5.7589043319788744e-08
0.01,1.0,0.0332860224817918,1.0258170186601063,5.335252116524908e-08
0.01,1.0,0.0332860224817918,1.1524534566987763,4.8550915738436274e-08
0.01,1.0,0.0332860224817918,1.294723079942415,4.325826823650407e-08
0.01,1.0,0.0332860224817918,1.4545557948495271,3.765869181625907e-08
0.01,1.0,0.0332860224817918,1.6341197535649394,3.203229798351626e-08
0.01,1.0,0.0332860224817918,1.835850765193496,2.6738208486868418e-08
0.01,1.0,0.0332860224817918,2.062485337876194,2.2134766642456062e-08
0.01,1.0,0.0332860224817918,2.3170977998889395,1.8328748889856446e-08
0.01,1.0,0.0332860224817918,2.6031420033166066,1.4957941502355318e-08
0.01,1.0,0.0332860224817918,2.9244981760182918,1.1939109552760265e-08
0.01,1.0,0.0332860224817918,3.285525557436941,9.420909264370826e-09
0.01,1.0,0.0332860224817918,3.6911215322651687,7.49466918732692e-09
0.01,1.0,0.0332860224817918,4.1467880641233,5.94970560089418e-09
0.01,1.0,0.0332860224817918,4.658706330431421,4.622364026862427e-09
0.01,1.0,0.0332860224817918,5.233820570907402,3.5660472830557102e-09
0.01,1.0,0.0332860224817918,5.879932287106996,2.801098262729525e-09
0.01,1.0,0.0332860224817918,6.605806070835402,2.176356409793944e-09
0.01,1.0,0.0332860224817918,7.421288497006765,1.6584880006443833e-09
0.01,1.0,0.0332860224817918,8.337441693749241,1.282110453545943e-09
0.01,1.0,0.0332860224817918,9.366693401651878,1.0003306245856433e-09
0.01,1.0,0.0332860224817918,10.523005557727087,7.609718567902341e-10
0.01,1.0,0.0332860224817918,11.822063690952728,5.834414718457038e-10
0.01,1.0,0.0332860224817918,13.281489698569583,4.5761846236180634e-10
0.01,1.0,0.0332860224817918,14.921080889473224,3.4989662453768773e-10
0.01,1.0,0.0332860224817918,16.763078537355728,2.68553841915166e-10
0.01,1.0,0.0332860224817918,18.83246958655666,2.1286420997560152e-10
0.01,1.0,0.0332860224817918,21.157325603303395,1.643975434916054e-10
0.01,1.0,0.0332860224817918,23.769183570259635,1.277936748342809e-10
0.01,1.0,0.0332860224817918,26.70347368991138,1.0297395516360123e-10
0.01,1.0,0.0332860224817918,30.0,8.133942249618387e-11
0.01,1.0,0.035585776950514,0.1,1.4368448173167924e-07
0.01,1.0,0.035585776950514,0.1123449344020514,1.414326954960818e-07
0.01,1.0,0.035585776950514,0.1262138428580125,1.3789590748194e-07
0.01,1.0,0.035585776950514,0.1417948589651424,1.33224729023445e-07
0.01,1.0,0.035585776950514,0.1592993412898707,1.2758417107486553e-07
0.01,1.0,0.035585776950514,0.1789647404750054,1.212577573561066e-07
0.01,1.0,0.035585776950514,0.2010578202894464,1.145223454170438e-07
0.01,1.0,0.035585776950514,0.2258782763143731,1.0776853406789992e-07
0.01,1.0,0.035585776950514,0.2537628013538671,1.012558220859529e-07
0.01,1.0,0.035585776950514,0.2850896527178103,9.520471422608304e-08
0.01,1.0,0.035585776950514,0.3202837833328603,8.970755064016572e-08
0.01,1.0,0.035585776950514,0.3598226062857105,8.475198281855274e-08
0.01,1.0,0.035585776950514,0.4042424709954335,8.029646158851598e-08
0.01,1.0,0.035585776950514,0.4541459388650518,7.636006054005026e-08
0.01,1.0,0.035585776950514,0.5102099571075231,7.290620502347024e-08
0.01,1.0,0.035585776950514,0.573195041625182,6.985608203236163e-08
0.01,1.0,0.035585776950514,0.6439555935096224,6.702700303467184e-08
0.01,1.0,0.035585776950514,0.7234514891067266,6.419841482591334e-08
0.01,1.0,0.035585776950514,0.8127611008676167,6.10999703945718e-08
0.01,1.0,0.035585776950514,0.9130959256151152,5.751149610639364e-08
0.01,1.0,0.035585776950514,1.0258170186601063,5.334206855124444e-08
0.01,1.0,0.035585776950514,1.1524534566987763,4.861553826408769e-08
0.01,1.0,0.035585776950514,1.294723079942415,4.339473449726874e-08
0.01,1.0,0.035585776950514,1.4545557948495271,3.785072553498221e-08
0.01,1.0,0.035585776950514,1.6341197535649394,3.224549076074757e-08
0.01,1.0,0.035585776950514,1.835850765193496,2.692891861828121e-08
0.01,1.0,0.035585776950514,2.062485337876194,2.2260893432520158e-08
0.01,1.0,0.035585776950514,2.3170977998889395,1.8394764985155408e-08
0.01,1.0,0.035585776950514,2.6031420033166066,1.500921879174169e-08
0.01,1.0,0.035585776950514,2.9244981760182918,1.1973203739377602e-08
0.01,1.0,0.035585776950514,3.285525557436941,9.430374814857555e-09
0.01,1.0,0.035585776950514,3.6911215322651687,7.482868678973895e-09
0.01,1.0,0.035585776950514,4.1467880641233,5.946122254893068e-09
0.01,1.0,0.035585776950514,4.658706330431421,4.624487537919777e-09
0.01,1.0,0.035585776950514,5.233820570907402,3.564535647282972e-09
0.01,1.0,0.035585776950514,5.879932287106996,2.7957326233225268e-09
0.01,1.0,0.035585776950514,6.605806070835402,2.175604005582804e-09
0.01,1.0,0.035585776950514,7.421288497006765,1.6583865226288043e-09
0.01,1.0,0.035585776950514,8.337441693749241,1.2792270866211153e-09
0.01,1.0,0.035585776950514,9.366693401651878,9.989445617739502e-10
0.01,1.0,0.035585776950514,10.523005557727087,7.60735847827904e-10
0.01,1.0,0.035585776950514,11.822063690952728,5.817568584926561e-10
0.01,1.0,0.035585776950514,13.281489698569583,4.56531243521118e-10
0.01,1.0,0.035585776950514,14.921080889473224,3.4955335895455783e-10
0.01,1.0,0.035585776950514,16.763078537355728,2.6759079072024555e-10
0.01,1.0,0.035585776950514,18.83246958655666,2.1218354392748163e-10
0.01,1.0,0.035585776950514,21.157325603303395,1.64127241677846e-10
0.01,1.0,0.035585776950514,23.769183570259635,1.2730939303434537e-10
0.01,1.0,0.035585776950514,26.70347368991138,1.0263929026523176e-10
0.01,1.0,0.035585776950514,30.0,8.125142069891452e-11
0.01,1.0,0.0380444230566885,0.1,1.366001072497262e-07
0.01,1.0,0.0380444230566885,0.1123449344020514,1.3532217760210083e-07
0.01,1.0,0.0380444230566885,0.1262138428580125,1.3262109811467748e-07
0.01,1.0,0.0380444230566885,0.1417948589651424,1.28683327364363e-07
0.01,1.0,0.0380444230566885,0.1592993412898707,1.2371665323482705e-07
0.01,1.0,0.0380444230566885,0.1789647404750054,1.1795537851359931e-07
0.01,1.0,0.0380444230566885,0.2010578202894464,1.1170449463920556e-07
0.01,1.0,0.0380444230566885,0.2258782763143731,1.0534785341845873e-07
0.01,1.0,0.0380444230566885,0.2537628013538671,9.917770813404113e-08
0.01,1.0,0.0380444230566885,0.2850896527178103,9.340899532366891e-08
0.01,1.0,0.0380444230566885,0.3202837833328603,8.816241541618423e-08
0.01,1.0,0.0380444230566885,0.3598226062857105,8.342440729316877e-08
0.01,1.0,0.0380444230566885,0.4042424709954335,7.915051028648724e-08
0.01,1.0,0.0380444230566885,0.4541459388650518,7.535438291229813e-08
0.01,1.0,0.0380444230566885,0.5102099571075231,7.200961018338493e-08
0.01,1.0,0.0380444230566885,0.573195041625182,6.903982267137748e-08
0.01,1.0,0.0380444230566885,0.6439555935096224,6.627520696991441e-08
0.01,1.0,0.0380444230566885,0.7234514891067266,6.350803979478269e-08
0.01,1.0,0.0380444230566885,0.8127611008676167,6.047622179529407e-08
0.01,1.0,0.0380444230566885,0.9130959256151152,5.69514590980738e-08
0.01,1.0,0.0380444230566885,1.0258170186601063,5.285042488066795e-08
0.01,1.0,0.0380444230566885,1.1524534566987763,4.8221670505709024e-08
0.01,1.0,0.0380444230566885,1.294723079942415,4.310817788412047e-08
0.01,1.0,0.0380444230566885,1.4545557948495271,3.766838071288833e-08
0.01,1.0,0.0380444230566885,1.6341197535649394,3.214773178364359e-08
0.01,1.0,0.0380444230566885,1.835850765193496,2.6879989659359222e-08
0.01,1.0,0.0380444230566885,2.062485337876194,2.222381646166091e-08
0.01,1.0,0.0380444230566885,2.3170977998889395,1.836328352897725e-08
0.01,1.0,0.0380444230566885,2.6031420033166066,1.5025923325285103e-08
0.01,1.0,0.0380444230566885,2.9244981760182918,1.201722377731397e-08
0.01,1.0,0.0380444230566885,3.285525557436941,9.471332870019505e-09
0.01,1.0,0.0380444230566885,3.6911215322651687,7.500429907671916e-09
0.01,1.0,0.0380444230566885,4.1467880641233,5.9582249183840064e-09
0.01,1.0,0.0380444230566885,4.658706330431421,4.634093045949075e-09
0.01,1.0,0.0380444230566885,5.233820570907402,3.5650750254204132e-09
0.01,1.0,0.0380444230566885,5.879932287106996,2.7902626834818172e-09
0.01,1.0,0.0380444230566885,6.605806070835402,2.1747776707132435e-09
0.01,1.0,0.0380444230566885,7.421288497006765,1.6586998449533206e-09
0.01,1.0,0.0380444230566885,8.337441693749241,1.2764691691111285e-09
0.01,1.0,0.0380444230566885,9.366693401651878,9.97497971651834e-10
0.01,1.0,0.0380444230566885,10.523005557727087,7.6080415938008e-10
0.01,1.0,0.0380444230566885,11.822063690952728,5.802182486763393e-10
0.01,1.0,0.0380444230566885,13.281489698569583,4.5551960928079997e-10
0.01,1.0,0.0380444230566885,14.921080889473224,3.492480256698551e-10
0.01,1.0,0.0380444230566885,16.763078537355728,2.668565418291912e-10
0.01,1.0,0.0380444230566885,18.83246958655666,2.1154443339321596e-10
0.01,1.0,0.0380444230566885,21.157325603303395,1.6391853616280344e-10
0.01,1.0,0.0380444230566885,23.769183570259635,1.268950786477719e-10
0.01,1.0,0.0380444230566885,26.70347368991138,1.023656026839468e-10
0.01,1.0,0.0380444230566885,30.0,8.118435816160693e-11
0.01,1.0,0.0406729387341756,0.1,1.2932278171084146e-07
0.01,1.0,0.0406729387341756,0.1123449344020514,1.290515626170351e-07
0.01,1.0,0.0406729387341756,0.1262138428580125,1.2724320904171385e-07
0.01,1.0,0.0406729387341756,0.1417948589651424,1.2408604073827016e-07
0.01,1.0,0.0406729387341756,0.1592993412898707,1.198556541408435e-07
0.01,1.0,0.0406729387341756,0.1789647404750054,1.1472810655161482e-07
0.01,1.0,0.0406729387341756,0.2010578202894464,1.0899314748228029e-07
0.01,1.0,0.0406729387341756,0.2258782763143731,1.0305367571083664e-07
0.01,1.0,0.0406729387341756,0.2537628013538671,9.723736892256081e-08
0.01,1.0,0.0406729387341756,0.2850896527178103,9.176226044968085e-08
0.01,1.0,0.0406729387341756,0.3202837833328603,8.677002139672535e-08
0.01,1.0,0.0406729387341756,0.3598226062857105,8.225228499337628e-08
0.01,1.0,0.0406729387341756,0.4042424709954335,7.816720393908708e-08
0.01,1.0,0.0406729387341756,0.4541459388650518,7.45156845516234e-08
0.01,1.0,0.0406729387341756,0.5102099571075231,7.128668850516626e-08
0.01,1.0,0.0406729387341756,0.573195041625182,6.840019341915062e-08
0.01,1.0,0.0406729387341756,0.6439555935096224,6.570159130649792e-08
0.01,1.0,0.0406729387341756,0.7234514891067266,6.299120909563439e-08
0.01,1.0,0.0406729387341756,0.8127611008676167,6.001000477869788e-08
0.01,1.0,0.0406729387341756,0.9130959256151152,5.6508204829625955e-08
0.01,1.0,0.0406729387341756,1.0258170186601063,5.241575780601955e-08
0.01,1.0,0.0406729387341756,1.1524534566987763,4.7837625920824675e-08
0.01,1.0,0.0406729387341756,1.294723079942415,4.279565526650845e-08
0.01,1.0,0.0406729387341756,1.4545557948495271,3.742322984278154e-08
0.01,1.0,0.0406729387341756,1.6341197535649394,3.1952582247642034e-08
0.01,1.0,0.0406729387341756,1.835850765193496,2.6707890799331683e-08
0.01,1.0,0.0406729387341756,2.062485337876194,2.2047138025650778e-08
0.01,1.0,0.0406729387341756,2.3170977998889395,1.8184265115577518e-08
0.01,1.0,0.0406729387341756,2.6031420033166066,1.4899778001860134e-08
0.01,1.0,0.0406729387341756,2.9244981760182918,1.1938208295742517e-08
0.01,1.0,0.0406729387341756,3.285525557436941,9.416326201423056e-09
0.01,1.0,0.0406729387341756,3.6911215322651687,7.450442130966977e-09
0.01,1.0,0.0406729387341756,4.1467880641233,5.930977521497468e-09
0.01,1.0,0.0406729387341756,4.658706330431421,4.627147148333399e-09
0.01,1.0,0.0406729387341756,5.233820570907402,3.563410617441066e-09
0.01,1.0,0.0406729387341756,5.879932287106996,2.7852490623567708e-09
0.01,1.0,0.0406729387341756,6.605806070835402,2.1746699011886307e-09
0.01,1.0,0.0406729387341756,7.421288497006765,1.6604162261455e-09
0.01,1.0,0.0406729387341756,8.337441693749241,1.2744414564057434e-09
0.01,1.0,0.0406729387341756,9.366693401651878,9.972077480616257e-10
0.01,1.0,0.0406729387341756,10.523005557727087,7.616087485255185e-10
0.01,1.0,0.0406729387341756,11.822063690952728,5.799945892818481e-10
0.01,1.0,0.0406729387341756,13.281489698569583,4.5524816387886416e-10
0.01,1.0,0.0406729387341756,14.921080889473224,3.4969461270977583e-10
0.01,1.0,0.0406729387341756,16.763078537355728,2.667472466386667e-10
0.01,1.0,0.0406729387341756,18.83246958655666,2.1147567161890446e-10
0.01,1.0,0.0406729387341756,21.157325603303395,1.6421843230311398e-10
0.01,1.0,0.0406729387341756,23.769183570259635,1.268601261676267e-10
0.01,1.0,0.0406729387341756,26.70347368991138,1.0235148018909084e-10
0.01,1.0,0.0406729387341756,30.0,8.131979640595664e-11
0.01,1.0,0.0434830603899293,0.1,1.2224581816137772e-07
0.01,1.0,0.0434830603899293,0.1123449344020514,1.2302950050251352e-07
0.01,1.0,0.0434830603899293,0.1262138428580125,1.2213234323665063e-07
0.01,1.0,0.0434830603899293,0.1417948589651424,1.1981349855077526e-07
0.01,1.0,0.0434830603899293,0.1592993412898707,1.16366425501634e-07
0.01,1.0,0.0434830603899293,0.1789647404750054,1.1191572656389068e-07
0.01,1.0,0.0434830603899293,0.2010578202894464,1.0672888368175692e-07
0.01,1.0,0.0434830603899293,0.2258782763143731,1.0122304797771472e-07
0.01,1.0,0.0434830603899293,0.2537628013538671,9.577060467128769e-08
0.01,1.0,0.0434830603899293,0.2850896527178103,9.059891977957325e-08
0.01,1.0,0.0434830603899293,0.3202837833328603,8.586352426570215e-08
0.01,1.0,0.0434830603899293,0.3598226062857105,8.156964631717572e-08
0.01,1.0,0.0434830603899293,0.4042424709954335,7.76781615471988e-08
0.01,1.0,0.0434830603899293,0.4541459388650518,7.41778362903903e-08
0.01,1.0,0.0434830603899293,0.5102099571075231,7.106796532399721e-08
0.01,1.0,0.0434830603899293,0.573195041625182,6.827031716610425e-08
0.01,1.0,0.0434830603899293,0.6439555935096224,6.563894358772701e-08
0.01,1.0,0.0434830603899293,0.7234514891067266,6.298481791045563e-08
0.01,1.0,0.0434830603899293,0.8127611008676167,6.00397491029655e-08
0.01,1.0,0.0434830603899293,0.9130959256151152,5.653111682641478e-08
0.01,1.0,0.0434830603899293,1.0258170186601063,5.2406815356706384e-08
0.01,1.0,0.0434830603899293,1.1524534566987763,4.782902160945289e-08
0.01,1.0,0.0434830603899293,1.294723079942415,4.283365805428439e-08
0.01,1.0,0.0434830603899293,1.4545557948495271,3.7503787660397904e-08
0.01,1.0,0.0434830603899293,1.6341197535649394,3.2053726173806326e-08
0.01,1.0,0.0434830603899293,1.835850765193496,2.6797547252762672e-08
0.01,1.0,0.0434830603899293,2.062485337876194,2.209304935132068e-08
0.01,1.0,0.0434830603899293,2.3170977998889395,1.8179541091917948e-08
0.01,1.0,0.0434830603899293,2.6031420033166066,1.4903957375713443e-08
0.01,1.0,0.0434830603899293,2.9244981760182918,1.1956193028942487e-08
0.01,1.0,0.0434830603899293,3.285525557436941,9.427549038419608e-09
0.01,1.0,0.0434830603899293,3.6911215322651687,7.440804381570627e-09
0.01,1.0,0.0434830603899293,4.1467880641233,5.922886517420775e-09
0.01,1.0,0.0434830603899293,4.658706330431421,4.627117923115613e-09
0.01,1.0,0.0434830603899293,5.233820570907402,3.561779368106967e-09
0.01,1.0,0.0434830603899293,5.879932287106996,2.7775079312225654e-09
0.01,1.0,0.0434830603899293,6.605806070835402,2.1724479156473588e-09
0.01,1.0,0.0434830603899293,7.421288497006765,1.6610860842048519e-09
0.01,1.0,0.0434830603899293,8.337441693749241,1.2727697589017458e-09
0.01,1.0,0.0434830603899293,9.366693401651878,9.961141939388679e-10
0.01,1.0,0.0434830603899293,10.523005557727087,7.625776516241031e-10
0.01,1.0,0.0434830603899293,11.822063690952728,5.79661068020883e-10
0.01,1.0,0.0434830603899293,13.281489698569583,4.5490119434346447e-10
0.01,1.0,0.0434830603899293,14.921080889473224,3.5026244178198124e-10
0.01,1.0,0.0434830603899293,16.763078537355728,2.667068297311745e-10
0.01,1.0,0.0434830603899293,18.83246958655666,2.1134624130375284e-10
0.01,1.0,0.0434830603899293,21.157325603303395,1.6449076053008323e-10
0.01,1.0,0.0434830603899293,23.769183570259635,1.2686258344572652e-10
0.01,1.0,0.0434830603899293,26.70347368991138,1.0227722358404997e-10
0.01,1.0,0.0434830603899293,30.0,8.146594647337072e-11
0.01,1.0,0.0464873353074313,0.1,1.1504137183103296e-07
0.01,1.0,0.0464873353074313,0.1123449344020514,1.1686163529040338e-07
0.01,1.0,0.0464873353074313,0.1262138428580125,1.16864106276955e-07
0.01,1.0,0.0464873353074313,0.1417948589651424,1.1539732646870342e-07
0.01,1.0,0.0464873353074313,0.1592993412898707,1.1275558894748328e-07
0.01,1.0,0.0464873353074313,0.1789647404750054,1.090018394215837e-07
0.01,1.0,0.0464873353074313,0.2010578202894464,1.0437735475848524e-07
0.01,1.0,0.0464873353074313,0.2258782763143731,9.9314521862658e-08
0.01,1.0,0.0464873353074313,0.2537628013538671,9.423488343686555e-08
0.01,1.0,0.0464873353074313,0.2850896527178103,8.937397654568607e-08
0.01,1.0,0.0464873353074313,0.3202837833328603,8.489784065322915e-08
0.01,1.0,0.0464873353074313,0.3598226062857105,8.082954790153703e-08
0.01,1.0,0.0464873353074313,0.4042424709954335,7.713630350174056e-08
0.01,1.0,0.0464873353074313,0.4541459388650518,7.379311262002875e-08
0.01,1.0,0.0464873353074313,0.5102099571075231,7.08071081484463e-08
0.01,1.0,0.0464873353074313,0.573195041625182,6.810200167820883e-08
0.01,1.0,0.0464873353074313,0.6439555935096224,6.554294549173617e-08
0.01,1.0,0.0464873353074313,0.7234514891067266,6.294712376803407e-08
0.01,1.0,0.0464873353074313,0.8127611008676167,6.002961396361504e-08
0.01,1.0,0.0464873353074313,0.9130959256151152,5.650625546215394e-08
0.01,1.0,0.0464873353074313,1.0258170186601063,5.23407502306571e-08
0.01,1.0,0.0464873353074313,1.1524534566987763,4.7736654172013686e-08
0.01,1.0,0.0464873353074313,1.294723079942415,4.278921315002543e-08
0.01,1.0,0.0464873353074313,1.4545557948495271,3.752086548950205e-08
0.01,1.0,0.0464873353074313,1.6341197535649394,3.2111431999935984e-08
0.01,1.0,0.0464873353074313,1.835850765193496,2.6862261506086648e-08
0.01,1.0,0.0464873353074313,2.062485337876194,2.2127191679182703e-08
0.01,1.0,0.0464873353074313,2.3170977998889395,1.816590734111354e-08
0.01,1.0,0.0464873353074313,2.6031420033166066,1.4897911721932625e-08
0.01,1.0,0.0464873353074313,2.9244981760182918,1.197053141161831e-08
0.01,1.0,0.0464873353074313,3.285525557436941,9.44181110322904e-09
0.01,1.0,0.0464873353074313,3.6911215322651687,7.437087300881748e-09
0.01,1.0,0.0464873353074313,4.1467880641233,5.9183578725812486e-09
0.01,1.0,0.0464873353074313,4.658706330431421,4.632946860420327e-09
0.01,1.0,0.0464873353074313,5.233820570907402,3.566795980236155e-09
0.01,1.0,0.0464873353074313,5.879932287106996,2.774724247972808e-09
0.01,1.0,0.0464873353074313,6.605806070835402,2.173486035455355e-09
0.01,1.0,0.0464873353074313,7.421288497006765,1.664271738518157e-09
0.01,1.0,0.0464873353074313,8.337441693749241,1.2718876347173054e-09
0.01,1.0,0.0464873353074313,9.366693401651878,9.95649137912794e-10
0.01,1.0,0.0464873353074313,10.523005557727087,7.637090565789545e-10
0.01,1.0,0.0464873353074313,11.822063690952728,5.794268411960081e-10
0.01,1.0,0.0464873353074313,13.281489698569583,4.543309249861965e-10
0.01,1.0,0.0464873353074313,14.921080889473224,3.5062622210651895e-10
0.01,1.0,0.0464873353074313,16.763078537355728,2.666902900655477e-10
0.01,1.0,0.0464873353074313,18.83246958655666,2.1104335291166538e-10
0.01,1.0,0.0464873353074313,21.157325603303395,1.6472642933506823e-10
0.01,1.0,0.0464873353074313,23.769183570259635,1.268197397308461e-10
0.01,1.0,0.0464873353074313,26.70347368991138,1.0222541178233056e-10
0.01,1.0,0.0464873353074313,30.0,8.158179672051724e-11
0.01,1.0,0.0496991776707157,0.1,1.0778957179651971e-07
0.01,1.0,0.0496991776707157,0.1123449344020514,1.1064624136418308e-07
0.01,1.0,0.0496991776707157,0.1262138428580125,1.1155169867138957e-07
0.01,1.0,0.0496991776707157,0.1417948589651424,1.1098011099177499e-07
0.01,1.0,0.0496991776707157,0.1592993412898707,1.0915115588157188e-07
0.01,1.0,0.0496991776707157,0.1789647404750054,1.0611062216622685e-07
0.01,1.0,0.0496991776707157,0.2010578202894464,1.020650651802452e-07
0.01,1.0,0.0496991776707157,0.2258782763143731,9.745517085503879e-08
0.01,1.0,0.0496991776707157,0.2537628013538671,9.275639559077352e-08
0.01,1.0,0.0496991776707157,0.2850896527178103,8.821335519995343e-08
0.01,1.0,0.0496991776707157,0.3202837833328603,8.399889050629333e-08
0.01,1.0,0.0496991776707157,0.3598226062857105,8.015900175023636e-08
0.01,1.0,0.0496991776707157,0.4042424709954335,7.666644511546718e-08
0.01,1.0,0.0496991776707157,0.4541459388650518,7.348581734405961e-08
0.01,1.0,0.0496991776707157,0.5102099571075231,7.062729286582938e-08
0.01,1.0,0.0496991776707157,0.573195041625182,6.80184604648893e-08
0.01,1.0,0.0496991776707157,0.6439555935096224,6.553609587966568e-08
0.01,1.0,0.0496991776707157,0.7234514891067266,6.299705996487422e-08
0.01,1.0,0.0496991776707157,0.8127611008676167,6.00966276423156e-08
0.01,1.0,0.0496991776707157,0.9130959256151152,5.655268637336137e-08
0.01,1.0,0.0496991776707157,1.0258170186601063,5.233942303829587e-08
0.01,1.0,0.0496991776707157,1.1524534566987763,4.768166531384417e-08
0.01,1.0,0.0496991776707157,1.294723079942415,4.275241957724352e-08
0.01,1.0,0.0496991776707157,1.4545557948495271,3.754766870036321e-08
0.01,1.0,0.0496991776707157,1.6341197535649394,3.218063960134197e-08
0.01,1.0,0.0496991776707157,1.835850765193496,2.6939094298813402e-08
0.01,1.0,0.0496991776707157,2.062485337876194,2.216967281027288e-08
0.01,1.0,0.0496991776707157,2.3170977998889395,1.8149122834487336e-08
0.01,1.0,0.0496991776707157,2.6031420033166066,1.486943476713189e-08
0.01,1.0,0.0496991776707157,2.9244981760182918,1.196004346002529e-08
0.01,1.0,0.0496991776707157,3.285525557436941,9.431690365080106e-09
0.01,1.0,0.0496991776707157,3.6911215322651687,7.4106282362045365e-09
0.01,1.0,0.0496991776707157,4.1467880641233,5.893801570975792e-09
0.01,1.0,0.0496991776707157,4.658706330431421,4.623972524268299e-09
0.01,1.0,0.0496991776707157,5.233820570907402,3.562784454839079e-09
0.01,1.0,0.0496991776707157,5.879932287106996,2.764712981865875e-09
0.01,1.0,0.0496991776707157,6.605806070835402,2.1687370292488297e-09
0.01,1.0,0.0496991776707157,7.421288497006765,1.6638917470835138e-09
0.01,1.0,0.0496991776707157,8.337441693749241,1.2696818219514758e-09
0.01,1.0,0.0496991776707157,9.366693401651878,9.936291298491103e-10
0.01,1.0,0.0496991776707157,10.523005557727087,7.641044532545066e-10
0.01,1.0,0.0496991776707157,11.822063690952728,5.793476204203136e-10
0.01,1.0,0.0496991776707157,13.281489698569583,4.5364436667846315e-10
0.01,1.0,0.0496991776707157,14.921080889473224,3.509398158179864e-10
0.01,1.0,0.0496991776707157,16.763078537355728,2.6672723372932304e-10
0.01,1.0,0.0496991776707157,18.83246958655666,2.1076806654216002e-10
0.01,1.0,0.0496991776707157,21.157325603303395,1.6485009716856367e-10
0.01,1.0,0.0496991776707157,23.769183570259635,1.2683942842784196e-10
0.01,1.0,0.0496991776707157,26.70347368991138,1.0211539419382607e-10
0.01,1.0,0.0496991776707157,30.0,8.169115455232588e-11
0.01,1.0,0.0531329284591305,0.1,1.0028979746485539e-07
0.01,1.0,0.0531329284591305,0.1123449344020514,1.041429141086171e-07
0.01,1.0,0.0531329284591305,0.1262138428580125,1.0594121856514195e-07
0.01,1.0,0.0531329284591305,0.1417948589651424,1.0625534889982434e-07
0.01,1.0,0.0531329284591305,0.1592993412898707,1.0523583347600957e-07
0.01,1.0,0.0531329284591305,0.1789647404750054,1.0289949285063432e-07
0.01,1.0,0.0531329284591305,0.2010578202894464,9.944131565745996e-08
0.01,1.0,0.0531329284591305,0.2258782763143731,9.529546750448064e-08
0.01,1.0,0.0531329284591305,0.2537628013538671,9.09717175823065e-08
0.01,1.0,0.0531329284591305,0.2850896527178103,8.675321414583003e-08
0.01,1.0,0.0531329284591305,0.3202837833328603,8.280420393502179e-08
0.01,1.0,0.0531329284591305,0.3598226062857105,7.919521453286332e-08
0.01,1.0,0.0531329284591305,0.4042424709954335,7.590319087567738e-08
0.01,1.0,0.0531329284591305,0.4541459388650518,7.289055657683681e-08
0.01,1.0,0.0531329284591305,0.5102099571075231,7.016290317155339e-08
0.01,1.0,0.0531329284591305,0.573195041625182,6.76558916598266e-08
0.01,1.0,0.0531329284591305,0.6439555935096224,6.525540952848601e-08
0.01,1.0,0.0531329284591305,0.7234514891067266,6.27737485120007e-08
0.01,1.0,0.0531329284591305,0.8127611008676167,5.988822825958788e-08
0.01,1.0,0.0531329284591305,0.9130959256151152,5.6330785458728504e-08
0.01,1.0,0.0531329284591305,1.0258170186601063,5.2080471481956554e-08
0.01,1.0,0.0531329284591305,1.1524534566987763,4.7374592706059885e-08
0.01,1.0,0.0531329284591305,1.294723079942415,4.2452294202807444e-08
0.01,1.0,0.0531329284591305,1.4545557948495271,3.734650668786272e-08
0.01,1.0,0.0531329284591305,1.6341197535649394,3.207181006444751e-08
0.01,1.0,0.0531329284591305,1.835850765193496,2.689167204628638e-08
0.01,1.0,0.0531329284591305,2.062485337876194,2.2139463554189513e-08
0.01,1.0,0.0531329284591305,2.3170977998889395,1.8101741683151784e-08
0.01,1.0,0.0531329284591305,2.6031420033166066,1.4833549162198489e-08
0.01,1.0,0.0531329284591305,2.9244981760182918,1.1970791111675358e-08
0.01,1.0,0.0531329284591305,3.285525557436941,9.460434230258657e-09
0.01,1.0,0.0531329284591305,3.6911215322651687,7.427781948115909e-09
0.01,1.0,0.0531329284591305,4.1467880641233,5.8987576725925525e-09
0.01,1.0,0.0531329284591305,4.658706330431421,4.637467499927136e-09
0.01,1.0,0.0531329284591305,5.233820570907402,3.574381636676855e-09
0.01,1.0,0.0531329284591305,5.879932287106996,2.7656806685800566e-09
0.01,1.0,0.0531329284591305,6.605806070835402,2.17026696967118e-09
0.01,1.0,0.0531329284591305,7.421288497006765,1.6674836254607558e-09
0.01,1.0,0.0531329284591305,8.337441693749241,1.269668911197e-09
0.01,1.0,0.0531329284591305,9.366693401651878,9.923981874956274e-10
0.01,1.0,0.0531329284591305,10.523005557727087,7.648428504247199e-10
0.01,1.0,0.0531329284591305,11.822063690952728,5.792992422688249e-10
0.01,1.0,0.0531329284591305,13.281489698569583,4.5267971018440165e-10
0.01,1.0,0.0531329284591305,14.921080889473224,3.511475994569924e-10
0.01,1.0,0.0531329284591305,16.763078537355728,2.6682519399037415e-10
0.01,1.0,0.0531329284591305,18.83246958655666,2.1032795921533363e-10
0.01,1.0,0.0531329284591305,21.157325603303395,1.6502755775360587e-10
0.01,1.0,0.0531329284591305,23.769183570259635,1.2686327762744957e-10
0.01,1.0,0.0531329284591305,26.70347368991138,1.019506838926993e-10
0.01,1.0,0.0531329284591305,30.0,8.179816893677943e-11
0.01,1.0,0.0568039194802724,0.1,9.304752554202758e-08
0.01,1.0,0.0568039194802724,0.1123449344020514,9.796149095836549e-08
0.01,1.0,0.0568039194802724,0.1262138428580125,1.0071924120488223e-07
0.01,1.0,0.0568039194802724,0.1417948589651424,1.0196606760676016e-07
0.01,1.0,0.0568039194802724,0.1592993412898707,1.0178129082371324e-07
0.01,1.0,0.0568039194802724,0.1789647404750054,1.0016745731847445e-07
0.01,1.0,0.0568039194802724,0.2010578202894464,9.731531869773564e-08
0.01,1.0,0.0568039194802724,0.2258782763143731,9.364950984788512e-08
0.01,1.0,0.0568039194802724,0.2537628013538671,8.970492264885346e-08
0.01,1.0,0.0568039194802724,0.2850896527178103,8.581277444355831e-08
0.01,1.0,0.0568039194802724,0.3202837833328603,8.213487458120094e-08
0.01,1.0,0.0568039194802724,0.3598226062857105,7.875859744359222e-08
0.01,1.0,0.0568039194802724,0.4042424709954335,7.566642899911005e-08
0.01,1.0,0.0568039194802724,0.4541459388650518,7.282632143645538e-08
0.01,1.0,0.0568039194802724,0.5102099571075231,7.02328257903374e-08
0.01,1.0,0.0568039194802724,0.573195041625182,6.782962332749637e-08
0.01,1.0,0.0568039194802724,0.6439555935096224,6.551208020573043e-08
0.01,1.0,0.0568039194802724,0.7234514891067266,6.307955678804977e-08
0.01,1.0,0.0568039194802724,0.8127611008676167,6.01963665766292e-08
0.01,1.0,0.0568039194802724,0.9130959256151152,5.6612083531329594e-08
0.01,1.0,0.0568039194802724,1.0258170186601063,5.230601110864269e-08
0.01,1.0,0.0568039194802724,1.1524534566987763,4.751631055598962e-08
0.01,1.0,0.0568039194802724,1.294723079942415,4.253014920433076e-08
0.01,1.0,0.0568039194802724,1.4545557948495271,3.746678811409947e-08
0.01,1.0,0.0568039194802724,1.6341197535649394,3.224290157765189e-08
0.01,1.0,0.0568039194802724,1.835850765193496,2.707787272204041e-08
0.01,1.0,0.0568039194802724,2.062485337876194,2.2293233298452705e-08
0.01,1.0,0.0568039194802724,2.3170977998889395,1.8183723628456853e-08
0.01,1.0,0.0568039194802724,2.6031420033166066,1.4864223327035123e-08
0.01,1.0,0.0568039194802724,2.9244981760182918,1.2007217995325628e-08
0.01,1.0,0.0568039194802724,3.285525557436941,9.489474541019313e-09
0.01,1.0,0.0568039194802724,3.6911215322651687,7.43230659149636e-09
0.01,1.0,0.0568039194802724,4.1467880641233,5.888303338712969e-09
0.01,1.0,0.0568039194802724,4.658706330431421,4.638200763959177e-09
0.01,1.0,0.0568039194802724,5.233820570907402,3.5786996889826432e-09
0.01,1.0,0.0568039194802724,5.879932287106996,2.761056524567458e-09
0.01,1.0,0.0568039194802724,6.605806070835402,2.1673771614910147e-09
0.01,1.0,0.0568039194802724,7.421288497006765,1.6688362069226955e-09
0.01,1.0,0.0568039194802724,8.337441693749241,1.2692974244702044e-09
0.01,1.0,0.0568039194802724,9.366693401651878,9.899547947605004e-10
0.01,1.0,0.0568039194802724,10.523005557727087,7.649944771414469e-10
0.01,1.0,0.0568039194802724,11.822063690952728,5.793684407834846e-10
0.01,1.0,0.0568039194802724,13.281489698569583,4.514006258064477e-10
0.01,1.0,0.0568039194802724,14.921080889473224,3.5126273288168477e-10
0.01,1.0,0.0568039194802724,16.763078537355728,2.6694706870690745e-10
0.01,1.0,0.0568039194802724,18.83246958655666,2.0986613496903405e-10
0.01,1.0,0.0568039194802724,21.157325603303395,1.6511357264812853e-10
0.01,1.0,0.0568039194802724,23.769183570259635,1.2696811146336471e-10
0.01,1.0,0.0568039194802724,26.70347368991138,1.0179024205878008e-10
0.01,1.0,0.0568039194802724,30.0,8.18791123314337e-11
0.01,1.0,0.0607285418269992,0.1,8.536269372418017e-08
0.01,1.0,0.0607285418269992,0.1123449344020514,9.129759062182131e-08
0.01,1.0,0.0607285418269992,0.1262138428580125,9.50041850364399e-08
0.01,1.0,0.0607285418269992,0.1417948589651424,9.716696119154948e-08
0.01,1.0,0.0607285418269992,0.1592993412898707,9.781648090670001e-08
0.01,1.0,0.0607285418269992,0.1789647404750054,9.691735096871605e-08
0.01,1.0,0.0607285418269992,0.2010578202894464,9.467072419321721e-08
0.01,1.0,0.0607285418269992,0.2258782763143731,9.14913894046665e-08
0.01,1.0,0.0607285418269992,0.2537628013538671,8.792603625879836e-08
0.01,1.0,0.0607285418269992,0.2850896527178103,8.435736836831424e-08
0.01,1.0,0.0607285418269992,0.3202837833328603,8.095315669660496e-08
0.01,1.0,0.0607285418269992,0.3598226062857105,7.780934427743334e-08
0.01,1.0,0.0607285418269992,0.4042424709954335,7.491925196715513e-08
0.01,1.0,0.0607285418269992,0.4541459388650518,7.225313226746529e-08
0.01,1.0,0.0607285418269992,0.5102099571075231,6.979648292039414e-08
0.01,1.0,0.0607285418269992,0.573195041625182,6.750345384454088e-08
0.01,1.0,0.0607285418269992,0.6439555935096224,6.527198189384716e-08
0.01,1.0,0.0607285418269992,0.7234514891067266,6.288703143477548e-08
0.01,1.0,0.0607285418269992,0.8127611008676167,6.000709309710315e-08
0.01,1.0,0.0607285418269992,0.9130959256151152,5.6399034917607076e-08
0.01,1.0,0.0607285418269992,1.0258170186601063,5.2045630065925523e-08
0.01,1.0,0.0607285418269992,1.1524534566987763,4.718352207233761e-08
0.01,1.0,0.0607285418269992,1.294723079942415,4.213540218956115e-08
0.01,1.0,0.0607285418269992,1.4545557948495271,3.712589444503678e-08
0.01,1.0,0.0607285418269992,1.6341197535649394,3.20190807819478e-08
0.01,1.0,0.0607285418269992,1.835850765193496,2.694455935541732e-08
0.01,1.0,0.0607285418269992,2.062485337876194,2.2204952450978116e-08
0.01,1.0,0.0607285418269992,2.3170977998889395,1.8094507383690383e-08
0.01,1.0,0.0607285418269992,2.6031420033166066,1.4774596309433137e-08
0.01,1.0,0.0607285418269992,2.9244981760182918,1.1972766331923167e-08
0.01,1.0,0.0607285418269992,3.285525557436941,9.48979499307504e-09
0.01,1.0,0.0607285418269992,3.6911215322651687,7.434936199093299e-09
0.01,1.0,0.0607285418269992,4.1467880641233,5.878896596313483e-09
0.01,1.0,0.0607285418269992,4.658706330431421,4.6413974145679725e-09
0.01,1.0,0.0607285418269992,5.233820570907402,3.5873451128628712e-09
0.01,1.0,0.0607285418269992,5.879932287106996,2.762761605118018e-09
0.01,1.0,0.0607285418269992,6.605806070835402,2.1679127064256493e-09
0.01,1.0,0.0607285418269992,7.421288497006765,1.6742383991261218e-09
0.01,1.0,0.0607285418269992,8.337441693749241,1.2731348549429617e-09
0.01,1.0,0.0607285418269992,9.366693401651878,9.90920458685867e-10
0.01,1.0,0.0607285418269992,10.523005557727087,7.681486993284263e-10
0.01,1.0,0.0607285418269992,11.822063690952728,5.821959542616363e-10
0.01,1.0,0.0607285418269992,13.281489698569583,4.5218126764562695e-10
0.01,1.0,0.0607285418269992,14.921080889473224,3.528277417771003e-10
0.01,1.0,0.0607285418269992,16.763078537355728,2.6841582919855734e-10
0.01,1.0,0.0607285418269992,18.83246958655666,2.10013806944794e-10
0.01,1.0,0.0607285418269992,21.157325603303395,1.6557044803435762e-10
0.01,1.0,0.0607285418269992,23.769183570259635,1.271929702573033e-10
0.01,1.0,0.0607285418269992,26.70347368991138,1.0155165392240522e-10
0.01,1.0,0.0607285418269992,30.0,8.195828730145338e-11
0.01,1.0,0.0649243190641871,0.1,7.782997034353605e-08
0.01,1.0,0.0649243190641871,0.1123449344020514,8.487877629279283e-08
0.01,1.0,0.0649243190641871,0.1262138428580125,8.961506514438599e-08
0.01,1.0,0.0649243190641871,0.1417948589651424,9.273202401698848e-08
0.01,1.0,0.0649243190641871,0.1592993412898707,9.421162417171736e-08
0.01,1.0,0.0649243190641871,0.1789647404750054,9.402848992436512e-08
0.01,1.0,0.0649243190641871,0.2010578202894464,9.238779911000634e-08
0.01,1.0,0.0649243190641871,0.2258782763143731,8.970087784195696e-08
0.01,1.0,0.0649243190641871,0.2537628013538671,8.65256284207695e-08
0.01,1.0,0.0649243190641871,0.2850896527178103,8.327947576574035e-08
0.01,1.0,0.0649243190641871,0.3202837833328603,8.014838944320313e-08
0.01,1.0,0.0649243190641871,0.3598226062857105,7.723610502913218e-08
0.01,1.0,0.0649243190641871,0.4042424709954335,7.45476458601324e-08
0.01,1.0,0.0649243190641871,0.4541459388650518,7.205849927362239e-08
0.01,1.0,0.0649243190641871,0.5102099571075231,6.974082136265953e-08
0.01,1.0,0.0649243190641871,0.573195041625182,6.755988425171798e-08
0.01,1.0,0.0649243190641871,0.6439555935096224,6.54134112941312e-08
0.01,1.0,0.0649243190641871,0.7234514891067266,6.306743635233439e-08
0.01,1.0,0.0649243190641871,0.8127611008676167,6.018906299679517e-08
0.01,1.0,0.0649243190641871,0.9130959256151152,5.6560589996548573e-08
0.01,1.0,0.0649243190641871,1.0258170186601063,5.216292513640253e-08
0.01,1.0,0.0649243190641871,1.1524534566987763,4.721828278451554e-08
0.01,1.0,0.0649243190641871,1.294723079942415,4.206720348246416e-08
0.01,1.0,0.0649243190641871,1.4545557948495271,3.7021534379010937e-08
0.01,1.0,0.0649243190641871,1.6341197535649394,3.198559872894934e-08
0.01,1.0,0.0649243190641871,1.835850765193496,2.6964141312453786e-08
0.01,1.0,0.0649243190641871,2.062485337876194,2.223369439385029e-08
0.01,1.0,0.0649243190641871,2.3170977998889395,1.8089651439265317e-08
0.01,1.0,0.0649243190641871,2.6031420033166066,1.472934266248516e-08
0.01,1.0,0.0649243190641871,2.9244981760182918,1.1954677688363916e-08
0.01,1.0,0.0649243190641871,3.285525557436941,9.494643304641041e-09
0.01,1.0,0.0649243190641871,3.6911215322651687,7.436047324434672e-09
0.01,1.0,0.0649243190641871,4.1467880641233,5.863501036203829e-09
0.01,1.0,0.0649243190641871,4.658706330431421,4.638455190562403e-09
0.01,1.0,0.0649243190641871,5.233820570907402,3.5928417035392328e-09
0.01,1.0,0.0649243190641871,5.879932287106996,2.7618465475762616e-09
0.01,1.0,0.0649243190641871,6.605806070835402,2.1645542692608774e-09
0.01,1.0,0.0649243190641871,7.421288497006765,1.675674330604733e-09
0.01,1.0,0.0649243190641871,8.337441693749241,1.2738764685859103e-09
0.01,1.0,0.0649243190641871,9.366693401651878,9.876496957303852e-10
0.01,1.0,0.0649243190641871,10.523005557727087,7.674236644266001e-10
0.01,1.0,0.0649243190641871,11.822063690952728,5.818845538840555e-10
0.01,1.0,0.0649243190641871,13.281489698569583,4.497848475035016e-10
0.01,1.0,0.0649243190641871,14.921080889473224,3.517307719909827e-10
0.01,1.0,0.0649243190641871,16.763078537355728,2.676262944663169e-10
0.01,1.0,0.0649243190641871,18.83246958655666,2.087136397234492e-10
0.01,1.0,0.0649243190641871,21.157325603303395,1.6515520465041007e-10
0.01,1.0,0.0649243190641871,23.769183570259635,1.2725123135126604e-10
0.01,1.0,0.0649243190641871,26.70347368991138,1.0132005120376642e-10
0.01,1.0,0.0649243190641871,30.0,8.196302900096809e-11
0.01,1.0,0.06940998547201,0.1,7.016744591626326e-08
0.01,1.0,0.06940998547201,0.1123449344020514,7.843405656423663e-08
0.01,1.0,0.06940998547201,0.1262138428580125,8.424568503138124e-08
0.01,1.0,0.06940998547201,0.1417948589651424,8.834307781543728e-08
0.01,1.0,0.06940998547201,0.1592993412898707,9.067507999179616e-08
0.01,1.0,0.06940998547201,0.1789647404750054,9.121228977816717e-08
0.01,1.0,0.06940998547201,0.2010578202894464,9.018167735361824e-08
0.01,1.0,0.06940998547201,0.2258782763143731,8.799644980068041e-08
0.01,1.0,0.06940998547201,0.2537628013538671,8.520880934977798e-08
0.01,1.0,0.06940998547201,0.2850896527178103,8.228694815132639e-08
0.01,1.0,0.06940998547201,0.3202837833328603,7.94295743234895e-08
0.01,1.0,0.06940998547201,0.3598226062857105,7.674308644675629e-08
0.01,1.0,0.06940998547201,0.4042424709954335,7.425645987816956e-08
0.01,1.0,0.06940998547201,0.4541459388650518,7.194397446291132e-08
0.01,1.0,0.06940998547201,0.5102099571075231,6.977034105473315e-08
0.01,1.0,0.06940998547201,0.573195041625182,6.770405083241778e-08
0.01,1.0,0.06940998547201,0.6439555935096224,6.564180865628662e-08
0.01,1.0,0.06940998547201,0.7234514891067266,6.333228720469177e-08
0.01,1.0,0.06940998547201,0.8127611008676167,6.045305290158266e-08
0.01,1.0,0.06940998547201,0.9130959256151152,5.679924210500113e-08
0.01,1.0,0.06940998547201,1.0258170186601063,5.235157488114117e-08
0.01,1.0,0.06940998547201,1.1524534566987763,4.7315777492336256e-08
0.01,1.0,0.06940998547201,1.294723079942415,4.204680894992932e-08
0.01,1.0,0.06940998547201,1.4545557948495271,3.691799797849094e-08
0.01,1.0,0.06940998547201,1.6341197535649394,3.193977622818658e-08
0.01,1.0,0.06940998547201,1.835850765193496,2.698464787628034e-08
0.01,1.0,0.06940998547201,2.062485337876194,2.227571862571202e-08
0.01,1.0,0.06940998547201,2.3170977998889395,1.810455944449136e-08
0.01,1.0,0.06940998547201,2.6031420033166066,1.46958195913773e-08
0.01,1.0,0.06940998547201,2.9244981760182918,1.193543302313022e-08
0.01,1.0,0.06940998547201,3.285525557436941,9.500113533335384e-09
0.01,1.0,0.06940998547201,3.6911215322651687,7.438527288633172e-09
0.01,1.0,0.06940998547201,4.1467880641233,5.8443244790038475e-09
0.01,1.0,0.06940998547201,4.658706330431421,4.626694777400632e-09
0.01,1.0,0.06940998547201,5.233820570907402,3.5893032093039234e-09
0.01,1.0,0.06940998547201,5.879932287106996,2.753867890509082e-09
0.01,1.0,0.06940998547201,6.605806070835402,2.152746822177174e-09
0.01,1.0,0.06940998547201,7.421288497006765,1.67108800970901e-09
0.01,1.0,0.06940998547201,8.337441693749241,1.2708681342426705e-09
0.01,1.0,0.06940998547201,9.366693401651878,9.81901963067366e-10
0.01,1.0,0.06940998547201,10.523005557727087,7.649612787370929e-10
0.01,1.0,0.06940998547201,11.822063690952728,5.812699068662917e-10
0.01,1.0,0.06940998547201,13.281489698569583,4.477029453961386e-10
0.01,1.0,0.06940998547201,14.921080889473224,3.5121979509813487e-10
0.01,1.0,0.06940998547201,16.763078537355728,2.681520206421748e-10
0.01,1.0,0.06940998547201,18.83246958655666,2.081880618615507e-10
0.01,1.0,0.06940998547201,21.157325603303395,1.651850051751823e-10
0.01,1.0,0.06940998547201,23.769183570259635,1.275074285780074e-10
0.01,1.0,0.06940998547201,26.70347368991138,1.0100834057561273e-10
0.01,1.0,0.06940998547201,30.0,8.199697396249072e-11
0.01,1.0,0.0742055696951029,0.1,6.249671589342928e-08
0.01,1.0,0.0742055696951029,0.1123449344020514,7.220634587627195e-08
0.01,1.0,0.0742055696951029,0.1262138428580125,7.924521966005907e-08
0.01,1.0,0.0742055696951029,0.1417948589651424,8.438928782394203e-08
0.01,1.0,0.0742055696951029,0.1592993412898707,8.759151197960101e-08
0.01,1.0,0.0742055696951029,0.1789647404750054,8.886647837826695e-08
0.01,1.0,0.0742055696951029,0.2010578202894464,8.843794115037852e-08
0.01,1.0,0.0742055696951029,0.2258782763143731,8.675928393863297e-08
0.01,1.0,0.0742055696951029,0.2537628013538671,8.437158787941858e-08
0.01,1.0,0.0742055696951029,0.2850896527178103,8.176854815283542e-08
0.01,1.0,0.0742055696951029,0.3202837833328603,7.918616945337353e-08
0.01,1.0,0.0742055696951029,0.3598226062857105,7.672677919277452e-08
0.01,1.0,0.0742055696951029,0.4042424709954335,7.443544773689923e-08
0.01,1.0,0.0742055696951029,0.4541459388650518,7.229805613845787e-08
0.01,1.0,0.0742055696951029,0.5102099571075231,7.027311211326053e-08
0.01,1.0,0.0742055696951029,0.573195041625182,6.832106010215539e-08
0.01,1.0,0.0742055696951029,0.6439555935096224,6.63391202007308e-08
0.01,1.0,0.0742055696951029,0.7234514891067266,6.405875272088506e-08
0.01,1.0,0.0742055696951029,0.8127611008676167,6.117651714275142e-08
0.01,1.0,0.0742055696951029,0.9130959256151152,5.74976010650479e-08
0.01,1.0,0.0742055696951029,1.0258170186601063,5.299591836416158e-08
0.01,1.0,0.0742055696951029,1.1524534566987763,4.7856077568401773e-08
0.01,1.0,0.0742055696951029,1.294723079942415,4.243146237209861e-08
0.01,1.0,0.0742055696951029,1.4545557948495271,3.71287928504411e-08
0.01,1.0,0.0742055696951029,1.6341197535649394,3.2102917701510605e-08
0.01,1.0,0.0742055696951029,1.835850765193496,2.7160436363653608e-08
0.01,1.0,0.0742055696951029,2.062485337876194,2.243075944916873e-08
0.01,1.0,0.0742055696951029,2.3170977998889395,1.820386796080496e-08
0.01,1.0,0.0742055696951029,2.6031420033166066,1.472372407786213e-08
0.01,1.0,0.0742055696951029,2.9244981760182918,1.1958303959397161e-08
0.01,1.0,0.0742055696951029,3.285525557436941,9.548046417366378e-09
0.01,1.0,0.0742055696951029,3.6911215322651687,7.484330473053288e-09
0.01,1.0,0.0742055696951029,4.1467880641233,5.863911967124326e-09
0.01,1.0,0.0742055696951029,4.658706330431421,4.643960720395373e-09
0.01,1.0,0.0742055696951029,5.233820570907402,3.611194495374901e-09
0.01,1.0,0.0742055696951029,5.879932287106996,2.7681055639707647e-09
0.01,1.0,0.0742055696951029,6.605806070835402,2.1550864203352923e-09
0.01,1.0,0.0742055696951029,7.421288497006765,1.6758355099748696e-09
0.01,1.0,0.0742055696951029,8.337441693749241,1.274450729696529e-09
0.01,1.0,0.0742055696951029,9.366693401651878,9.798748659128285e-10
0.01,1.0,0.0742055696951029,10.523005557727087,7.652138218807049e-10
0.01,1.0,0.0742055696951029,11.822063690952728,5.825779073954572e-10
0.01,1.0,0.0742055696951029,13.281489698569583,4.468394487576618e-10
0.01,1.0,0.0742055696951029,14.921080889473224,3.510893369863462e-10
0.01,1.0,0.0742055696951029,16.763078537355728,2.6868430369733115e-10
0.01,1.0,0.0742055696951029,18.83246958655666,2.0767939421620118e-10
0.01,1.0,0.0742055696951029,21.157325603303395,1.6509224939958432e-10
0.01,1.0,0.0742055696951029,23.769183570259635,1.277093427859481e-10
0.01,1.0,0.0742055696951029,26.70347368991138,1.0072030955700571e-10
0.01,1.0,0.0742055696951029,30.0,8.197487920022091e-11
0.01,1.0,0.0793324841711038,0.1,5.3962642570690906e-08
0.01,1.0,0.0793324841711038,0.1123449344020514,6.521252014484901e-08
0.01,1.0,0.0793324841711038,0.1262138428580125,7.334758759504782e-08
0.01,1.0,0.0793324841711038,0.1417948589651424,7.941263306242527e-08
0.01,1.0,0.0793324841711038,0.1592993412898707,8.335836352485256e-08
0.01,1.0,0.0793324841711038,0.1789647404750054,8.524985989707222e-08
0.01,1.0,0.0793324841711038,0.2010578202894464,8.536618629672465e-08
0.01,1.0,0.0793324841711038,0.2258782763143731,8.415078429796452e-08
0.01,1.0,0.0793324841711038,0.2537628013538671,8.21479488378037e-08
0.01,1.0,0.0793324841711038,0.2850896527178103,7.986359476795525e-08
0.01,1.0,0.0793324841711038,0.3202837833328603,7.754859944302317e-08
0.01,1.0,0.0793324841711038,0.3598226062857105,7.531720908738831e-08
0.01,1.0,0.0793324841711038,0.4042424709954335,7.321941183809702e-08
0.01,1.0,0.0793324841711038,0.4541459388650518,7.125015473163347e-08
0.01,1.0,0.0793324841711038,0.5102099571075231,6.93769394302306e-08
0.01,1.0,0.0793324841711038,0.573195041625182,6.754637210639479e-08
0.01,1.0,0.0793324841711038,0.6439555935096224,6.56528731900423e-08
0.01,1.0,0.0793324841711038,0.7234514891067266,6.343100866795812e-08
0.01,1.0,0.0793324841711038,0.8127611008676167,6.059961638505016e-08
0.01,1.0,0.0793324841711038,0.9130959256151152,5.6980825368991924e-08
0.01,1.0,0.0793324841711038,1.0258170186601063,5.2545176994174536e-08
0.01,1.0,0.0793324841711038,1.1524534566987763,4.7448627866333354e-08
0.01,1.0,0.0793324841711038,1.294723079942415,4.203158668526325e-08
0.01,1.0,0.0793324841711038,1.4545557948495271,3.670484763887361e-08
0.01,1.0,0.0793324841711038,1.6341197535649394,3.173439986215322e-08
0.01,1.0,0.0793324841711038,1.835850765193496,2.6953054834693686e-08
0.01,1.0,0.0793324841711038,2.062485337876194,2.2334987029673282e-08
0.01,1.0,0.0793324841711038,2.3170977998889395,1.815170304217376e-08
0.01,1.0,0.0793324841711038,2.6031420033166066,1.464957280765202e-08
0.01,1.0,0.0793324841711038,2.9244981760182918,1.1876613236668872e-08
0.01,1.0,0.0793324841711038,3.285525557436941,9.504020718109573e-09
0.01,1.0,0.0793324841711038,3.6911215322651687,7.453844794267475e-09
0.01,1.0,0.0793324841711038,4.1467880641233,5.821907705940973e-09
0.01,1.0,0.0793324841711038,4.658706330431421,4.607104786652828e-09
0.01,1.0,0.0793324841711038,5.233820570907402,3.5941863057485802e-09
0.01,1.0,0.0793324841711038,5.879932287106996,2.7566262638360527e-09
0.01,1.0,0.0793324841711038,6.605806070835402,2.1405989979234238e-09
0.01,1.0,0.0793324841711038,7.421288497006765,1.6712861313556848e-09
0.01,1.0,0.0793324841711038,8.337441693749241,1.2752317886305912e-09
0.01,1.0,0.0793324841711038,9.366693401651878,9.77397144746925e-10
0.01,1.0,0.0793324841711038,10.523005557727087,7.643564457772397e-10
0.01,1.0,0.0793324841711038,11.822063690952728,5.836948601772882e-10
0.01,1.0,0.0793324841711038,13.281489698569583,4.457618184960155e-10
0.01,1.0,0.0793324841711038,14.921080889473224,3.506100887863218e-10
0.01,1.0,0.0793324841711038,16.763078537355728,2.691970411392817e-10
0.01,1.0,0.0793324841711038,18.83246958655666,2.071197793639391e-10
0.01,1.0,0.0793324841711038,21.157325603303395,1.6492052842177736e-10
0.01,1.0,0.0793324841711038,23.769183570259635,1.279774491832755e-10
0.01,1.0,0.0793324841711038,26.70347368991138,1.0042171787471774e-10
0.01,1.0,0.0793324841711038,30.0,8.19105915493558e-11
0.01,1.0,0.0848136207378754,0.1,4.484439556001884e-08
0.01,1.0,0.0848136207378754,0.1123449344020514,5.8234786369152195e-08
0.01,1.0,0.0848136207378754,0.1262138428580125,6.778827002745588e-08
0.01,1.0,0.0848136207378754,0.1417948589651424,7.49194176040361e-08
0.01,1.0,0.0848136207378754,0.1592993412898707,7.971335740928304e-08
0.01,1.0,0.0848136207378754,0.1789647404750054,8.229161993604208e-08
0.01,1.0,0.0848136207378754,0.2010578202894464,8.296584169879614e-08
0.01,1.0,0.0848136207378754,0.2258782763143731,8.223092347288456e-08
0.01,1.0,0.0848136207378754,0.2537628013538671,8.062023967764036e-08
0.01,1.0,0.0848136207378754,0.2850896527178103,7.864880553356186e-08
0.01,1.0,0.0848136207378754,0.3202837833328603,7.660408916741404e-08
0.01,1.0,0.0848136207378754,0.3598226062857105,7.459856680593947e-08
0.01,1.0,0.0848136207378754,0.4042424709954335,7.268930000214101e-08
0.01,1.0,0.0848136207378754,0.4541459388650518,7.088791389095135e-08
0.01,1.0,0.0848136207378754,0.5102099571075231,6.916148341069157e-08
0.01,1.0,0.0848136207378754,0.573195041625182,6.745304532304261e-08
0.01,1.0,0.0848136207378754,0.6439555935096224,6.564449826628557e-08
0.01,1.0,0.0848136207378754,0.7234514891067266,6.346887829524868e-08
0.01,1.0,0.0848136207378754,0.8127611008676167,6.066997714395993e-08
0.01,1.0,0.0848136207378754,0.9130959256151152,5.707724807058239e-08
0.01,1.0,0.0848136207378754,1.0258170186601063,5.265814838994342e-08
0.01,1.0,0.0848136207378754,1.1524534566987763,4.754819982698171e-08
0.01,1.0,0.0848136207378754,1.294723079942415,4.207010817270674e-08
0.01,1.0,0.0848136207378754,1.4545557948495271,3.663494983592837e-08
0.01,1.0,0.0848136207378754,1.6341197535649394,3.1591729961845536e-08
0.01,1.0,0.0848136207378754,1.835850765193496,2.6885852220677513e-08
0.01,1.0,0.0848136207378754,2.062485337876194,2.2334742294387504e-08
0.01,1.0,0.0848136207378754,2.3170977998889395,1.8166256385849174e-08
0.01,1.0,0.0848136207378754,2.6031420033166066,1.4628920455256888e-08
0.01,1.0,0.0848136207378754,2.9244981760182918,1.1829620846152933e-08
0.01,1.0,0.0848136207378754,3.285525557436941,9.493895034838138e-09
0.01,1.0,0.0848136207378754,3.6911215322651687,7.459472840602123e-09
0.01,1.0,0.0848136207378754,4.1467880641233,5.814916165051542e-09
0.01,1.0,0.0848136207378754,4.658706330431421,4.593438335386818e-09
0.01,1.0,0.0848136207378754,5.233820570907402,3.59595311564709e-09
0.01,1.0,0.0848136207378754,5.879932287106996,2.7607340247134815e-09
0.01,1.0,0.0848136207378754,6.605806070835402,2.135527941792006e-09
0.01,1.0,0.0848136207378754,7.421288497006765,1.6704830350918547e-09
0.01,1.0,0.0848136207378754,8.337441693749241,1.277310572559649e-09
0.01,1.0,0.0848136207378754,9.366693401651878,9.754623710466677e-10
0.01,1.0,0.0848136207378754,10.523005557727087,7.632019571582277e-10
0.01,1.0,0.0848136207378754,11.822063690952728,5.845433838748734e-10
0.01,1.0,0.0848136207378754,13.281489698569583,4.4501123481295504e-10
0.01,1.0,0.0848136207378754,14.921080889473224,3.5002765981734353e-10
0.01,1.0,0.0848136207378754,16.763078537355728,2.695588899660207e-10
0.01,1.0,0.0848136207378754,18.83246958655666,2.0670726156354062e-10
0.01,1.0,0.0848136207378754,21.157325603303395,1.646536084184331e-10
0.01,1.0,0.0848136207378754,23.769183570259635,1.2819366486691973e-10
0.01,1.0,0.0848136207378754,26.70347368991138,1.0017983086618412e-10
0.01,1.0,0.0848136207378754,30.0,8.183619333936786e-11
0.01,1.0,0.0906734528462968,0.1,3.389403948627422e-08
0.01,1.0,0.0906734528462968,0.1123449344020514,5.080176827231175e-08
0.01,1.0,0.0906734528462968,0.1262138428580125,6.204478600163043e-08
0.01,1.0,0.0906734528462968,0.1417948589651424,7.041549824522532e-08
0.01,1.0,0.0906734528462968,0.1592993412898707,7.610788936766983e-08
0.01,1.0,0.0906734528462968,0.1789647404750054,7.937789987288154e-08
0.01,1.0,0.0906734528462968,0.2010578202894464,8.062693508278312e-08
0.01,1.0,0.0906734528462968,0.2258782763143731,8.035373492252011e-08
0.01,1.0,0.0906734528462968,0.2537628013538671,7.913728663796618e-08
0.01,1.0,0.0906734528462968,0.2850896527178103,7.748153420336778e-08
0.01,1.0,0.0906734528462968,0.3202837833328603,7.569770754783876e-08
0.01,1.0,0.0906734528462968,0.3598226062857105,7.392006878701995e-08
0.01,1.0,0.0906734528462968,0.4042424709954335,7.219924679334416e-08
0.01,1.0,0.0906734528462968,0.4541459388650518,7.055888727400702e-08
0.01,1.0,0.0906734528462968,0.5102099571075231,6.8979007584077e-08
0.01,1.0,0.0906734528462968,0.573195041625182,6.739159791109113e-08
0.01,1.0,0.0906734528462968,0.6439555935096224,6.566672689855398e-08
0.01,1.0,0.0906734528462968,0.7234514891067266,6.35445119783488e-08
0.01,1.0,0.0906734528462968,0.8127611008676167,6.078358135291867e-08
0.01,1.0,0.0906734528462968,0.9130959256151152,5.722492554013291e-08
0.01,1.0,0.0906734528462968,1.0258170186601063,5.2831813531668515e-08
0.01,1.0,0.0906734528462968,1.1524534566987763,4.7719881009882835e-08
0.01,1.0,0.0906734528462968,1.294723079942415,4.219234730575241e-08
0.01,1.0,0.0906734528462968,1.4545557948495271,3.665040364513017e-08
0.01,1.0,0.0906734528462968,1.6341197535649394,3.149385140006366e-08
0.01,1.0,0.0906734528462968,1.835850765193496,2.6819358325280787e-08
0.01,1.0,0.0906734528462968,2.062485337876194,2.234332522332925e-08
0.01,1.0,0.0906734528462968,2.3170977998889395,1.819882550053851e-08
0.01,1.0,0.0906734528462968,2.6031420033166066,1.4632799761422644e-08
0.01,1.0,0.0906734528462968,2.9244981760182918,1.1793253808288418e-08
0.01,1.0,0.0906734528462968,3.285525557436941,9.48802587762224e-09
0.01,1.0,0.0906734528462968,3.6911215322651687,7.473318361530944e-09
0.01,1.0,0.0906734528462968,4.1467880641233,5.818059412011642e-09
0.01,1.0,0.0906734528462968,4.658706330431421,4.580487309381939e-09
0.01,1.0,0.0906734528462968,5.233820570907402,3.595657546393811e-09
0.01,1.0,0.0906734528462968,5.879932287106996,2.7642861561213894e-09
0.01,1.0,0.0906734528462968,6.605806070835402,2.12891503650945e-09
0.01,1.0,0.0906734528462968,7.421288497006765,1.6674496219697768e-09
0.01,1.0,0.0906734528462968,8.337441693749241,1.2788305112077319e-09
0.01,1.0,0.0906734528462968,9.366693401651878,9.734921919408688e-10
0.01,1.0,0.0906734528462968,10.523005557727087,7.612247561269603e-10
0.01,1.0,0.0906734528462968,11.822063690952728,5.853647735075395e-10
0.01,1.0,0.0906734528462968,13.281489698569583,4.4437975019972673e-10
0.01,1.0,0.0906734528462968,14.921080889473224,3.490857475078867e-10
0.01,1.0,0.0906734528462968,16.763078537355728,2.699605206067841e-10
0.01,1.0,0.0906734528462968,18.83246958655666,2.0635951953067331e-10
0.01,1.0,0.0906734528462968,21.157325603303395,1.6429262355478764e-10
0.01,1.0,0.0906734528462968,23.769183570259635,1.2840475226927502e-10
0.01,1.0,0.0906734528462968,26.70347368991138,9.9945868205412e-11
0.01,1.0,0.0906734528462968,30.0,8.169943072685886e-11
0.01,1.0,0.0969381448350081,0.1,1.6852087119337084e-08
0.01,1.0,0.0969381448350081,0.1123449344020514,4.236878370203015e-08
0.01,1.0,0.0969381448350081,0.1262138428580125,5.6028582652319386e-08
0.01,1.0,0.0969381448350081,0.1417948589651424,6.585366137657812e-08
0.01,1.0,0.0969381448350081,0.1592993412898707,7.257280911161254e-08
0.01,1.0,0.0969381448350081,0.1789647404750054,7.658563325338226e-08
0.01,1.0,0.0969381448350081,0.2010578202894464,7.839680214371204e-08
0.01,1.0,0.0969381448350081,0.2258782763143731,7.860653252353671e-08
0.01,1.0,0.0969381448350081,0.2537628013538671,7.77735315495022e-08
0.01,1.0,0.0969381448350081,0.2850896527178103,7.64301426316491e-08
0.01,1.0,0.0969381448350081,0.3202837833328603,7.491499355130546e-08
0.01,1.0,0.0969381448350081,0.3598226062857105,7.335532261517274e-08
0.01,1.0,0.0969381448350081,0.4042424709954335,7.182397140815271e-08
0.01,1.0,0.0969381448350081,0.4541459388650518,7.034551757755919e-08
0.01,1.0,0.0969381448350081,0.5102099571075231,6.89033837871812e-08
0.01,1.0,0.0969381448350081,0.573195041625182,6.743895071037987e-08
0.01,1.0,0.0969381448350081,0.6439555935096224,6.5796416882256e-08
0.01,1.0,0.0969381448350081,0.7234514891067266,6.373029755590379e-08
0.01,1.0,0.0969381448350081,0.8127611008676167,6.101664281364728e-08
0.01,1.0,0.0969381448350081,0.9130959256151152,5.7496603127797205e-08
0.01,1.0,0.0969381448350081,1.0258170186601063,5.31356100615886e-08
0.01,1.0,0.0969381448350081,1.1524534566987763,4.803117788586139e-08
0.01,1.0,0.0969381448350081,1.294723079942415,4.245975318804549e-08
0.01,1.0,0.0969381448350081,1.4545557948495271,3.6808372932216054e-08
0.01,1.0,0.0969381448350081,1.6341197535649394,3.1505065979962983e-08
0.01,1.0,0.0969381448350081,1.835850765193496,2.678201292399917e-08
0.01,1.0,0.0969381448350081,2.062485337876194,2.236933767593627e-08
0.01,1.0,0.0969381448350081,2.3170977998889395,1.8248103412269423e-08
0.01,1.0,0.0969381448350081,2.6031420033166066,1.4654884831127194e-08
0.01,1.0,0.0969381448350081,2.9244981760182918,1.176499725535568e-08
0.01,1.0,0.0969381448350081,3.285525557436941,9.479803490482534e-09
0.01,1.0,0.0969381448350081,3.6911215322651687,7.491918758441535e-09
0.01,1.0,0.0969381448350081,4.1467880641233,5.833990814735311e-09
0.01,1.0,0.0969381448350081,4.658706330431421,4.577759630438096e-09
0.01,1.0,0.0969381448350081,5.233820570907402,3.604656593364252e-09
0.01,1.0,0.0969381448350081,5.879932287106996,2.7789706511718496e-09
0.01,1.0,0.0969381448350081,6.605806070835402,2.133367384392679e-09
0.01,1.0,0.0969381448350081,7.421288497006765,1.6705925052846531e-09
0.01,1.0,0.0969381448350081,8.337441693749241,1.2853701240891312e-09
0.01,1.0,0.0969381448350081,9.366693401651878,9.759259172739593e-10
0.01,1.0,0.0969381448350081,10.523005557727087,7.610259292554949e-10
0.01,1.0,0.0969381448350081,11.822063690952728,5.865984974027505e-10
0.01,1.0,0.0969381448350081,13.281489698569583,4.442280779194121e-10
0.01,1.0,0.0969381448350081,14.921080889473224,3.47989695086383e-10
0.01,1.0,0.0969381448350081,16.763078537355728,2.7018445809346864e-10
0.01,1.0,0.0969381448350081,18.83246958655666,2.061995755389941e-10
0.01,1.0,0.0969381448350081,21.157325603303395,1.6380340787127436e-10
0.01,1.0,0.0969381448350081,23.769183570259635,1.2858649617496931e-10
0.01,1.0,0.0969381448350081,26.70347368991138,9.977954841070421e-11
0.01,1.0,0.0969381448350081,30.0,8.15245816009775e-11
0.01,1.0,0.1036356687550228,0.1,2.3963090787524383e-09
0.01,1.0,0.1036356687550228,0.1123449344020514,3.1437772470401124e-08
0.01,1.0,0.1036356687550228,0.1262138428580125,4.9013912979925544e-08
0.01,1.0,0.1036356687550228,0.1417948589651424,6.072115084378036e-08
0.01,1.0,0.1036356687550228,0.1592993412898707,6.854834267032048e-08
0.01,1.0,0.1036356687550228,0.1789647404750054,7.332920348341061e-08
0.01,1.0,0.1036356687550228,0.2010578202894464,7.572348296407209e-08
0.01,1.0,0.1036356687550228,0.2258782763143731,7.63761504592034e-08
0.01,1.0,0.1036356687550228,0.2537628013538671,7.593642235642562e-08
0.01,1.0,0.1036356687550228,0.2850896527178103,7.490594550037642e-08
0.01,1.0,0.1036356687550228,0.3202837833328603,7.364686619229774e-08
0.01,1.0,0.1036356687550228,0.3598226062857105,7.23148498930768e-08
0.01,1.0,0.1036356687550228,0.4042424709954335,7.096871613308975e-08
0.01,1.0,0.1036356687550228,0.4541459388650518,6.964650487141364e-08
0.01,1.0,0.1036356687550228,0.5102099571075231,6.834545491968433e-08
0.01,1.0,0.1036356687550228,0.573195041625182,6.699923444274573e-08
0.01,1.0,0.1036356687550228,0.6439555935096224,6.544392679288443e-08
0.01,1.0,0.1036356687550228,0.7234514891067266,6.344953676671495e-08
0.01,1.0,0.1036356687550228,0.8127611008676167,6.08035442436989e-08
0.01,1.0,0.1036356687550228,0.9130959256151152,5.7355102629959115e-08
0.01,1.0,0.1036356687550228,1.0258170186601063,5.306943086067883e-08
0.01,1.0,0.1036356687550228,1.1524534566987763,4.8027525120954064e-08
0.01,1.0,0.1036356687550228,1.294723079942415,4.2479905896585645e-08
0.01,1.0,0.1036356687550228,1.4545557948495271,3.678802968792134e-08
0.01,1.0,0.1036356687550228,1.6341197535649394,3.1389453552639426e-08
0.01,1.0,0.1036356687550228,1.835850765193496,2.6607778398543075e-08
0.01,1.0,0.1036356687550228,2.062485337876194,2.2287431591641768e-08
0.01,1.0,0.1036356687550228,2.3170977998889395,1.8234590737360206e-08
0.01,1.0,0.1036356687550228,2.6031420033166066,1.464534937215504e-08
0.01,1.0,0.1036356687550228,2.9244981760182918,1.1710435867606099e-08
0.01,1.0,0.1036356687550228,3.285525557436941,9.424106279794831e-09
0.01,1.0,0.1036356687550228,3.6911215322651687,7.466154064185812e-09
0.01,1.0,0.1036356687550228,4.1467880641233,5.8112932351803115e-09
0.01,1.0,0.1036356687550228,4.658706330431421,4.538293748389836e-09
0.01,1.0,0.1036356687550228,5.233820570907402,3.578151169172014e-09
0.01,1.0,0.1036356687550228,5.879932287106996,2.7654103760564192e-09
0.01,1.0,0.1036356687550228,6.605806070835402,2.1180538794796476e-09
0.01,1.0,0.1036356687550228,7.421288497006765,1.6560040070921102e-09
0.01,1.0,0.1036356687550228,8.337441693749241,1.2797480041840127e-09
0.01,1.0,0.1036356687550228,9.366693401651878,9.71977736365172e-10
0.01,1.0,0.1036356687550228,10.523005557727087,7.557501833421499e-10
0.01,1.0,0.1036356687550228,11.822063690952728,5.857538328269111e-10
0.01,1.0,0.1036356687550228,13.281489698569583,4.4417139254707793e-10
0.01,1.0,0.1036356687550228,14.921080889473224,3.4655933978218426e-10
0.01,1.0,0.1036356687550228,16.763078537355728,2.7033514252141e-10
0.01,1.0,0.1036356687550228,18.83246958655666,2.0614794227689858e-10
0.01,1.0,0.1036356687550228,21.157325603303395,1.6321441914926763e-10
0.01,1.0,0.1036356687550228,23.769183570259635,1.286755518169866e-10
0.01,1.0,0.1036356687550228,26.70347368991138,9.966612927391748e-11
0.01,1.0,0.1036356687550228,30.0,8.128813334262452e-11
0.01,1.0,0.1107959292658349,0.1,0.0
0.01,1.0,0.1107959292658349,0.1123449344020514,1.3422268968061189e-08
0.01,1.0,0.1107959292658349,0.1262138428580125,4.071118886939485e-08
0.01,1.0,0.1107959292658349,0.1417948589651424,5.51510337607458e-08
0.01,1.0,0.1107959292658349,0.1592993412898707,6.446717202646817e-08
0.01,1.0,0.1107959292658349,0.1789647404750054,7.01329055072835e-08
0.01,1.0,0.1107959292658349,0.2010578202894464,7.313368974904165e-08
0.01,1.0,0.1107959292658349,0.2258782763143731,7.42792571214081e-08
0.01,1.0,0.1107959292658349,0.2537628013538671,7.421358923406023e-08
0.01,1.0,0.1107959292658349,0.2850896527178103,7.350349263546629e-08
0.01,1.0,0.1107959292658349,0.3202837833328603,7.251252018118367e-08
0.01,1.0,0.1107959292658349,0.3598226062857105,7.139514329048889e-08
0.01,1.0,0.1107959292658349,0.4042424709954335,7.024114477040139e-08
0.01,1.0,0.1107959292658349,0.4541459388650518,6.907628366308506e-08
0.01,1.0,0.1107959292658349,0.5102099571075231,6.790751800410967e-08
0.01,1.0,0.1107959292658349,0.573195041625182,6.66812042178576e-08
0.01,1.0,0.1107959292658349,0.6439555935096224,6.521292591238533e-08
0.01,1.0,0.1107959292658349,0.7234514891067266,6.329322166005043e-08
0.01,1.0,0.1107959292658349,0.8127611008676167,6.072221565091884e-08
0.01,1.0,0.1107959292658349,0.9130959256151152,5.735086287944518e-08
0.01,1.0,0.1107959292658349,1.0258170186601063,5.3145756068543607e-08
0.01,1.0,0.1107959292658349,1.1524534566987763,4.817547611732788e-08
0.01,1.0,0.1107959292658349,1.294723079942415,4.266037829215899e-08
0.01,1.0,0.1107959292658349,1.4545557948495271,3.6932979088869526e-08
0.01,1.0,0.1107959292658349,1.6341197535649394,3.143035272549577e-08
0.01,1.0,0.1107959292658349,1.835850765193496,2.652735511051274e-08
0.01,1.0,0.1107959292658349,2.062485337876194,2.2239772630083496e-08
0.01,1.0,0.1107959292658349,2.3170977998889395,1.825139278635194e-08
0.01,1.0,0.1107959292658349,2.6031420033166066,1.4671274508649971e-08
0.01,1.0,0.1107959292658349,2.9244981760182918,1.169717294302266e-08
0.01,1.0,0.1107959292658349,3.285525557436941,9.392779630472112e-09
0.01,1.0,0.1107959292658349,3.6911215322651687,7.470104787790647e-09
0.01,1.0,0.1107959292658349,4.1467880641233,5.823904108116081e-09
0.01,1.0,0.1107959292658349,4.658706330431421,4.530895014184999e-09
0.01,1.0,0.1107959292658349,5.233820570907402,3.571903399648229e-09
0.01,1.0,0.1107959292658349,5.879932287106996,2.7692560041649487e-09
0.01,1.0,0.1107959292658349,6.605806070835402,2.117683693845112e-09
0.01,1.0,0.1107959292658349,7.421288497006765,1.6493113439834993e-09
0.01,1.0,0.1107959292658349,8.337441693749241,1.279417637392676e-09
0.01,1.0,0.1107959292658349,9.366693401651878,9.718097234162185e-10
0.01,1.0,0.1107959292658349,10.523005557727087,7.518266152962276e-10
0.01,1.0,0.1107959292658349,11.822063690952728,5.849837977960146e-10
0.01,1.0,0.1107959292658349,13.281489698569583,4.4414877922966945e-10
0.01,1.0,0.1107959292658349,14.921080889473224,3.445414247279844e-10
0.01,1.0,0.1107959292658349,16.763078537355728,2.698908188563221e-10
0.01,1.0,0.1107959292658349,18.83246958655666,2.0600697894299802e-10
0.01,1.0,0.1107959292658349,21.157325603303395,1.6221996888377777e-10
0.01,1.0,0.1107959292658349,23.769183570259635,1.2847620472981692e-10
0.01,1.0,0.1107959292658349,26.70347368991138,9.943374283109093e-11
0.01,1.0,0.1107959292658349,30.0,8.083406227284216e-11
0.01,1.0,0.1184508971606838,0.1,0.0
0.01,1.0,0.1184508971606838,0.1123449344020514,4.1753467449851803e-10
0.01,1.0,0.1184508971606838,0.1262138428580125,2.8666059960424132e-08
0.01,1.0,0.1184508971606838,0.1417948589651424,4.861298761582766e-08
0.01,1.0,0.1184508971606838,0.1592993412898707,5.990253440541768e-08
0.01,1.0,0.1184508971606838,0.1789647404750054,6.667463650689569e-08
0.01,1.0,0.1184508971606838,0.2010578202894464,7.037215282140365e-08
0.01,1.0,0.1184508971606838,0.2258782763143731,7.198989202983262e-08
0.01,1.0,0.1184508971606838,0.2537628013538671,7.234130442209469e-08
0.01,1.0,0.1184508971606838,0.2850896527178103,7.194665561809046e-08
0.01,1.0,0.1184508971606838,0.3202837833328603,7.121759467365807e-08
0.01,1.0,0.1184508971606838,0.3598226062857105,7.033555045819359e-08
0.01,1.0,0.1184508971606838,0.4042424709954335,6.936368198929087e-08
0.01,1.0,0.1184508971606838,0.4541459388650518,6.835859897133912e-08
0.01,1.0,0.1184508971606838,0.5102099571075231,6.732729923668348e-08
0.01,1.0,0.1184508971606838,0.573195041625182,6.621004520158393e-08
0.01,1.0,0.1184508971606838,0.6439555935096224,6.483935587408701e-08
0.01,1.0,0.1184508971606838,0.7234514891067266,6.300573807882766e-08
0.01,1.0,0.1184508971606838,0.8127611008676167,6.052148602372119e-08
0.01,1.0,0.1184508971606838,0.9130959256151152,5.725106243222222e-08
0.01,1.0,0.1184508971606838,1.0258170186601063,5.315425136590963e-08
0.01,1.0,0.1184508971606838,1.1524534566987763,4.829265734717012e-08
0.01,1.0,0.1184508971606838,1.294723079942415,4.285875550332604e-08
0.01,1.0,0.1184508971606838,1.4545557948495271,3.714804028371664e-08
0.01,1.0,0.1184508971606838,1.6341197535649394,3.158676205090818e-08
0.01,1.0,0.1184508971606838,1.835850765193496,2.657122840674106e-08
0.01,1.0,0.1184508971606838,2.062485337876194,2.2266114913585327e-08
0.01,1.0,0.1184508971606838,2.3170977998889395,1.8357864166214957e-08
0.01,1.0,0.1184508971606838,2.6031420033166066,1.4798696565999237e-08
0.01,1.0,0.1184508971606838,2.9244981760182918,1.1783123501848072e-08
0.01,1.0,0.1184508971606838,3.285525557436941,9.425006405292989e-09
0.01,1.0,0.1184508971606838,3.6911215322651687,7.514654190936495e-09
0.01,1.0,0.1184508971606838,4.1467880641233,5.866358273189355e-09
0.01,1.0,0.1184508971606838,4.658706330431421,4.545192204960121e-09
0.01,1.0,0.1184508971606838,5.233820570907402,3.5712231006045348e-09
0.01,1.0,0.1184508971606838,5.879932287106996,2.7750192944799913e-09
0.01,1.0,0.1184508971606838,6.605806070835402,2.1184369781871015e-09
0.01,1.0,0.1184508971606838,7.421288497006765,1.640674286379242e-09
0.01,1.0,0.1184508971606838,8.337441693749241,1.277514481318778e-09
0.01,1.0,0.1184508971606838,9.366693401651878,9.719850421173143e-10
0.01,1.0,0.1184508971606838,10.523005557727087,7.477907423454551e-10
0.01,1.0,0.1184508971606838,11.822063690952728,5.837510498123737e-10
0.01,1.0,0.1184508971606838,13.281489698569583,4.442561060521389e-10
0.01,1.0,0.1184508971606838,14.921080889473224,3.4268950659215916e-10
0.01,1.0,0.1184508971606838,16.763078537355728,2.6929997575196884e-10
0.01,1.0,0.1184508971606838,18.83246958655666,2.05932957082219e-10
0.01,1.0,0.1184508971606838,21.157325603303395,1.6125700724394852e-10
0.01,1.0,0.1184508971606838,23.769183570259635,1.2819128383409364e-10
0.01,1.0,0.1184508971606838,26.70347368991138,9.928512800441529e-11
0.01,1.0,0.1184508971606838,30.0,8.035112080326822e-11
0.01,1.0,0.1266347521171734,0.1,0.0
0.01,1.0,0.1266347521171734,0.1123449344020514,0.0
0.01,1.0,0.1266347521171734,0.1262138428580125,9.526302968381593e-09
0.01,1.0,0.1266347521171734,0.1417948589651424,3.977011270201474e-08
0.01,1.0,0.1266347521171734,0.1592993412898707,5.4369303317077965e-08
0.01,1.0,0.1266347521171734,0.1789647404750054,6.254922742433807e-08
0.01,1.0,0.1266347521171734,0.2010578202894464,6.706096340380814e-08
0.01,1.0,0.1266347521171734,0.2258782763143731,6.925550251109489e-08
0.01,1.0,0.1266347521171734,0.2537628013538671,6.999733373544308e-08
0.01,1.0,0.1266347521171734,0.2850896527178103,6.995682407827147e-08
0.01,1.0,0.1266347521171734,0.3202837833328603,6.950475744301797e-08
0.01,1.0,0.1266347521171734,0.3598226062857105,6.884317801669547e-08
0.01,1.0,0.1266347521171734,0.4042424709954335,6.807509522621937e-08
0.01,1.0,0.1266347521171734,0.4541459388650518,6.722950560836899e-08
0.01,1.0,0.1266347521171734,0.5102099571075231,6.632889091318341e-08
0.01,1.0,0.1266347521171734,0.573195041625182,6.532741400742597e-08
0.01,1.0,0.1266347521171734,0.6439555935096224,6.405259704568706e-08
0.01,1.0,0.1266347521171734,0.7234514891067266,6.231137366558892e-08
0.01,1.0,0.1266347521171734,0.8127611008676167,5.992523782400682e-08
0.01,1.0,0.1266347521171734,0.9130959256151152,5.675925108979485e-08
0.01,1.0,0.1266347521171734,1.0258170186601063,5.2781868628441444e-08
0.01,1.0,0.1266347521171734,1.1524534566987763,4.8048836621485527e-08
0.01,1.0,0.1266347521171734,1.294723079942415,4.272119157159322e-08
0.01,1.0,0.1266347521171734,1.4545557948495271,3.706435660795934e-08
0.01,1.0,0.1266347521171734,1.6341197535649394,3.14786714399162e-08
0.01,1.0,0.1266347521171734,1.835850765193496,2.636924784151029e-08
0.01,1.0,0.1266347521171734,2.062485337876194,2.2005237386986332e-08
0.01,1.0,0.1266347521171734,2.3170977998889395,1.818852073807176e-08
0.01,1.0,0.1266347521171734,2.6031420033166066,1.4695651535834881e-08
0.01,1.0,0.1266347521171734,2.9244981760182918,1.1687675824230535e-08
0.01,1.0,0.1266347521171734,3.285525557436941,9.305955679255784e-09
0.01,1.0,0.1266347521171734,3.6911215322651687,7.436136291112635e-09
0.01,1.0,0.1266347521171734,4.1467880641233,5.826125477025896e-09
0.01,1.0,0.1266347521171734,4.658706330431421,4.510247693785408e-09
0.01,1.0,0.1266347521171734,5.233820570907402,3.5356980795063814e-09
0.01,1.0,0.1266347521171734,5.879932287106996,2.762432178979e-09
0.01,1.0,0.1266347521171734,6.605806070835402,2.1146176469155696e-09
0.01,1.0,0.1266347521171734,7.421288497006765,1.6304827125723719e-09
0.01,1.0,0.1266347521171734,8.337441693749241,1.2729505607999377e-09
0.01,1.0,0.1266347521171734,9.366693401651878,9.711296976875366e-10
0.01,1.0,0.1266347521171734,10.523005557727087,7.432129148500583e-10
0.01,1.0,0.1266347521171734,11.822063690952728,5.813071742623946e-10
0.01,1.0,0.1266347521171734,13.281489698569583,4.438702559766525e-10
0.01,1.0,0.1266347521171734,14.921080889473224,3.4045762972512697e-10
0.01,1.0,0.1266347521171734,16.763078537355728,2.6816045665031574e-10
0.01,1.0,0.1266347521171734,18.83246958655666,2.05883953952466e-10
0.01,1.0,0.1266347521171734,21.157325603303395,1.6010478867434182e-10
0.01,1.0,0.1266347521171734,23.769183570259635,1.2777647509905577e-10
0.01,1.0,0.1266347521171734,26.70347368991138,9.924134287053516e-11
0.01,1.0,0.1266347521171734,30.0,7.978839683398611e-11
0.01,1.0,0.1353840353106312,0.1,0.0
0.01,1.0,0.1353840353106312,0.1123449344020514,0.0
0.01,1.0,0.1353840353106312,0.1262138428580125,0.0
0.01,1.0,0.1353840353106312,0.1417948589651424,2.49517489633151e-08
0.01,1.0,0.1353840353106312,0.1592993412898707,4.7850350524758696e-08
0.01,1.0,0.1353840353106312,0.1789647404750054,5.8273533268262934e-08
0.01,1.0,0.1353840353106312,0.2010578202894464,6.387486666326528e-08
0.01,1.0,0.1353840353106312,0.2258782763143731,6.669410231524727e-08
0.01,1.0,0.1353840353106312,0.2537628013538671,6.793955785335783e-08
0.01,1.0,0.1353840353106312,0.2850896527178103,6.82415968318766e-08
0.01,1.0,0.1353840353106312,0.3202837833328603,6.808334214616999e-08
0.01,1.0,0.1353840353106312,0.3598226062857105,6.767855609011507e-08
0.01,1.0,0.1353840353106312,0.4042424709954335,6.709967980545157e-08
0.01,1.0,0.1353840353106312,0.4541459388650518,6.642719154797761e-08
0.01,1.0,0.1353840353106312,0.5102099571075231,6.566881327615396e-08
0.01,1.0,0.1353840353106312,0.573195041625182,6.477172966275094e-08
0.01,1.0,0.1353840353106312,0.6439555935096224,6.360033604016106e-08
0.01,1.0,0.1353840353106312,0.7234514891067266,6.19562245573496e-08
0.01,1.0,0.1353840353106312,0.8127611008676167,5.966357279434318e-08
0.01,1.0,0.1353840353106312,0.9130959256151152,5.659671533849211e-08
0.01,1.0,0.1353840353106312,1.0258170186601063,5.272577271789754e-08
0.01,1.0,0.1353840353106312,1.1524534566987763,4.811594395354527e-08
0.01,1.0,0.1353840353106312,1.294723079942415,4.289905556080039e-08
0.01,1.0,0.1353840353106312,1.4545557948495271,3.729820512123272e-08
0.01,1.0,0.1353840353106312,1.6341197535649394,3.168880543358755e-08
0.01,1.0,0.1353840353106312,1.835850765193496,2.646821860913404e-08
0.01,1.0,0.1353840353106312,2.062485337876194,2.1964903000630997e-08
0.01,1.0,0.1353840353106312,2.3170977998889395,1.8161375423479442e-08
0.01,1.0,0.1353840353106312,2.6031420033166066,1.470820248582313e-08
0.01,1.0,0.1353840353106312,2.9244981760182918,1.1689053566793951e-08
0.01,1.0,0.1353840353106312,3.285525557436941,9.259589430927624e-09
0.01,1.0,0.1353840353106312,3.6911215322651687,7.394480427632822e-09
0.01,1.0,0.1353840353106312,4.1467880641233,5.8140053388152865e-09
0.01,1.0,0.1353840353106312,4.658706330431421,4.4989647256671784e-09
0.01,1.0,0.1353840353106312,5.233820570907402,3.510164363564001e-09
0.01,1.0,0.1353840353106312,5.879932287106996,2.7525922741924167e-09
0.01,1.0,0.1353840353106312,6.605806070835402,2.112864777993e-09
0.01,1.0,0.1353840353106312,7.421288497006765,1.6218928565555912e-09
0.01,1.0,0.1353840353106312,8.337441693749241,1.268720939943988e-09
0.01,1.0,0.1353840353106312,9.366693401651878,9.717993491253792e-10
0.01,1.0,0.1353840353106312,10.523005557727087,7.409145762130052e-10
0.01,1.0,0.1353840353106312,11.822063690952728,5.799714762891953e-10
0.01,1.0,0.1353840353106312,13.281489698569583,4.4496703011001023e-10
0.01,1.0,0.1353840353106312,14.921080889473224,3.397479482019673e-10
0.01,1.0,0.1353840353106312,16.763078537355728,2.6791528472370604e-10
0.01,1.0,0.1353840353106312,18.83246958655666,2.0665388585297052e-10
0.01,1.0,0.1353840353106312,21.157325603303395,1.5983226291067277e-10
0.01,1.0,0.1353840353106312,23.769183570259635,1.2784798691749092e-10
0.01,1.0,0.1353840353106312,26.70347368991138,9.957827564156286e-11
0.01,1.0,0.1353840353106312,30.0,7.951943782025255e-11
0.01,1.0,0.1447378125716298,0.1,0.0
0.01,1.0,0.1447378125716298,0.1123449344020514,0.0
0.01,1.0,0.1447378125716298,0.1262138428580125,0.0
0.01,1.0,0.1447378125716298,0.1417948589651424,6.051104878343411e-09
0.01,1.0,0.1447378125716298,0.1592993412898707,3.8257441312807965e-08
0.01,1.0,0.1447378125716298,0.1789647404750054,5.2681400390276435e-08
0.01,1.0,0.1447378125716298,0.2010578202894464,6.000909072414708e-08
0.01,1.0,0.1447378125716298,0.2258782763143731,6.372703890604019e-08
0.01,1.0,0.1447378125716298,0.2537628013538671,6.546782866413598e-08
0.01,1.0,0.1447378125716298,0.2850896527178103,6.621365240370093e-08
0.01,1.0,0.1447378125716298,0.3202837833328603,6.637149440757277e-08
0.01,1.0,0.1447378125716298,0.3598226062857105,6.621523679425709e-08
0.01,1.0,0.1447378125716298,0.4042424709954335,6.587208629746376e-08
0.01,1.0,0.1447378125716298,0.4541459388650518,6.536923513188197e-08
0.01,1.0,0.1447378125716298,0.5102099571075231,6.475355359365749e-08
0.01,1.0,0.1447378125716298,0.573195041625182,6.39808177231847e-08
0.01,1.0,0.1447378125716298,0.6439555935096224,6.290801011436133e-08
0.01,1.0,0.1447378125716298,0.7234514891067266,6.136990652441004e-08
0.01,1.0,0.1447378125716298,0.8127611008676167,5.9147199056250115e-08
0.01,1.0,0.1447378125716298,0.9130959256151152,5.6061754391872544e-08
0.01,1.0,0.1447378125716298,1.0258170186601063,5.2183759736268525e-08
0.01,1.0,0.1447378125716298,1.1524534566987763,4.769184083682411e-08
0.01,1.0,0.1447378125716298,1.294723079942415,4.2638757085260054e-08
0.01,1.0,0.1447378125716298,1.4545557948495271,3.717935248216538e-08
0.01,1.0,0.1447378125716298,1.6341197535649394,3.1637978446503685e-08
0.01,1.0,0.1447378125716298,1.835850765193496,2.6396092697167762e-08
0.01,1.0,0.1447378125716298,2.062485337876194,2.1811663911805486e-08
0.01,1.0,0.1447378125716298,2.3170977998889395,1.8012140376823138e-08
0.01,1.0,0.1447378125716298,2.6031420033166066,1.4654464423069489e-08
0.01,1.0,0.1447378125716298,2.9244981760182918,1.1672815522939444e-08
0.01,1.0,0.1447378125716298,3.285525557436941,9.220491952954492e-09
0.01,1.0,0.1447378125716298,3.6911215322651687,7.346213113730079e-09
0.01,1.0,0.1447378125716298,4.1467880641233,5.800715897258967e-09
0.01,1.0,0.1447378125716298,4.658706330431421,4.493590633751517e-09
0.01,1.0,0.1447378125716298,5.233820570907402,3.4879124356858444e-09
0.01,1.0,0.1447378125716298,5.879932287106996,2.738961860987828e-09
0.01,1.0,0.1447378125716298,6.605806070835402,2.108219325841899e-09
0.01,1.0,0.1447378125716298,7.421288497006765,1.6112056453637066e-09
0.01,1.0,0.1447378125716298,8.337441693749241,1.25880748865707e-09
0.01,1.0,0.1447378125716298,9.366693401651878,9.67993539426145e-10
0.01,1.0,0.1447378125716298,10.523005557727087,7.352216489759429e-10
0.01,1.0,0.1447378125716298,11.822063690952728,5.742325433380372e-10
0.01,1.0,0.1447378125716298,13.281489698569583,4.4246257191325e-10
0.01,1.0,0.1447378125716298,14.921080889473224,3.3642286929186187e-10
0.01,1.0,0.1447378125716298,16.763078537355728,2.650923735467033e-10
0.01,1.0,0.1447378125716298,18.83246958655666,2.0533147905515186e-10
0.01,1.0,0.1447378125716298,21.157325603303395,1.5809271648994232e-10
0.01,1.0,0.1447378125716298,23.769183570259635,1.265896401541686e-10
0.01,1.0,0.1447378125716298,26.70347368991138,9.909578209438628e-11
0.01,1.0,0.1447378125716298,30.0,7.865547100432346e-11
0.01,1.0,0.1547378488161755,0.1,0.0
0.01,1.0,0.1547378488161755,0.1123449344020514,0.0
0.01,1.0,0.1547378488161755,0.1262138428580125,0.0
0.01,1.0,0.1547378488161755,0.1417948589651424,0.0
0.01,1.0,0.1547378488161755,0.1592993412898707,2.046146543235101e-08
0.01,1.0,0.1547378488161755,0.1789647404750054,4.633948141927196e-08
0.01,1.0,0.1547378488161755,0.2010578202894464,5.6732014813377436e-08
0.01,1.0,0.1547378488161755,0.2258782763143731,6.18124237297463e-08
0.01,1.0,0.1547378488161755,0.2537628013538671,6.432580160488257e-08
0.01,1.0,0.1547378488161755,0.2850896527178103,6.551321476027306e-08
0.01,1.0,0.1547378488161755,0.3202837833328603,6.60590398076235e-08
0.01,1.0,0.1547378488161755,0.3598226062857105,6.621624336340379e-08
0.01,1.0,0.1547378488161755,0.4042424709954335,6.609193427873445e-08
0.01,1.0,0.1547378488161755,0.4541459388650518,6.579936672210261e-08
0.01,1.0,0.1547378488161755,0.5102099571075231,6.534427624176201e-08
0.01,1.0,0.1547378488161755,0.573195041625182,6.468517979810024e-08
0.01,1.0,0.1547378488161755,0.6439555935096224,6.372729654622345e-08
0.01,1.0,0.1547378488161755,0.7234514891067266,6.226052688892123e-08
0.01,1.0,0.1547378488161755,0.8127611008676167,5.99796547165866e-08
0.01,1.0,0.1547378488161755,0.9130959256151152,5.6735295168993525e-08
0.01,1.0,0.1547378488161755,1.0258170186601063,5.2633638342160015e-08
0.01,1.0,0.1547378488161755,1.1524534566987763,4.798518175341749e-08
0.01,1.0,0.1547378488161755,1.294723079942415,4.2990274898965845e-08
0.01,1.0,0.1547378488161755,1.4545557948495271,3.762330177778241e-08
0.01,1.0,0.1547378488161755,1.6341197535649394,3.2104253280522183e-08
0.01,1.0,0.1547378488161755,1.835850765193496,2.6788194650879165e-08
0.01,1.0,0.1547378488161755,2.062485337876194,2.204654700886659e-08
0.01,1.0,0.1547378488161755,2.3170977998889395,1.811136219838556e-08
0.01,1.0,0.1547378488161755,2.6031420033166066,1.4761641974064303e-08
0.01,1.0,0.1547378488161755,2.9244981760182918,1.1769174325043755e-08
0.01,1.0,0.1547378488161755,3.285525557436941,9.262696557442764e-09
0.01,1.0,0.1547378488161755,3.6911215322651687,7.336306189779933e-09
0.01,1.0,0.1547378488161755,4.1467880641233,5.807253590068022e-09
0.01,1.0,0.1547378488161755,4.658706330431421,4.504650929801415e-09
0.01,1.0,0.1547378488161755,5.233820570907402,3.4785853060757175e-09
0.01,1.0,0.1547378488161755,5.879932287106996,2.73082278212258e-09
0.01,1.0,0.1547378488161755,6.605806070835402,2.110359288112101e-09
0.01,1.0,0.1547378488161755,7.421288497006765,1.6092256919695328e-09
0.01,1.0,0.1547378488161755,8.337441693749241,1.2527962216014936e-09
0.01,1.0,0.1547378488161755,9.366693401651878,9.675349618365333e-10
0.01,1.0,0.1547378488161755,10.523005557727087,7.333370057010093e-10
0.01,1.0,0.1547378488161755,11.822063690952728,5.702586082914624e-10
0.01,1.0,0.1547378488161755,13.281489698569583,4.4100904120579583e-10
0.01,1.0,0.1547378488161755,14.921080889473224,3.3463043691826936e-10
0.01,1.0,0.1547378488161755,16.763078537355728,2.6275660297873863e-10
0.01,1.0,0.1547378488161755,18.83246958655666,2.0469359604374465e-10
0.01,1.0,0.1547378488161755,21.157325603303395,1.5715017286513894e-10
0.01,1.0,0.1547378488161755,23.769183570259635,1.2569938507353505e-10
0.01,1.0,0.1547378488161755,26.70347368991138,9.889683930598568e-11
0.01,1.0,0.1547378488161755,30.0,7.816165095905715e-11
0.01,1.0,0.1654287945274008,0.1,0.0
0.01,1.0,0.1654287945274008,0.1123449344020514,0.0
0.01,1.0,0.1654287945274008,0.1262138428580125,0.0
0.01,1.0,0.1654287945274008,0.1417948589651424,0.0
0.01,1.0,0.1654287945274008,0.1592993412898707,2.7168523745435284e-09
0.01,1.0,0.1654287945274008,0.1789647404750054,3.5379376271936986e-08
0.01,1.0,0.1654287945274008,0.2010578202894464,5.124189205867099e-08
0.01,1.0,0.1654287945274008,0.2258782763143731,5.847697426617337e-08
0.01,1.0,0.1654287945274008,0.2537628013538671,6.189349434376847e-08
0.01,1.0,0.1654287945274008,0.2850896527178103,6.374684079518722e-08
0.01,1.0,0.1654287945274008,0.3202837833328603,6.47105615195684e-08
0.01,1.0,0.1654287945274008,0.3598226062857105,6.519653221598715e-08
0.01,1.0,0.1654287945274008,0.4042424709954335,6.537891144437461e-08
0.01,1.0,0.1654287945274008,0.4541459388650518,6.528910367397096e-08
0.01,1.0,0.1654287945274008,0.5102099571075231,6.500907620174241e-08
0.01,1.0,0.1654287945274008,0.573195041625182,6.450369135465208e-08
0.01,1.0,0.1654287945274008,0.6439555935096224,6.364904081017164e-08
0.01,1.0,0.1654287945274008,0.7234514891067266,6.221689296473995e-08
0.01,1.0,0.1654287945274008,0.8127611008676167,5.98677643385806e-08
0.01,1.0,0.1654287945274008,0.9130959256151152,5.647198353466856e-08
0.01,1.0,0.1654287945274008,1.0258170186601063,5.217050295390874e-08
0.01,1.0,0.1654287945274008,1.1524534566987763,4.730262134381016e-08
0.01,1.0,0.1654287945274008,1.294723079942415,4.22293335354868e-08
0.01,1.0,0.1654287945274008,1.4545557948495271,3.704775732318655e-08
0.01,1.0,0.1654287945274008,1.6341197535649394,3.170377596828788e-08
0.01,1.0,0.1654287945274008,1.835850765193496,2.6485296169989332e-08
0.01,1.0,0.1654287945274008,2.062485337876194,2.175564221851383e-08
0.01,1.0,0.1654287945274008,2.3170977998889395,1.7789008671095834e-08
0.01,1.0,0.1654287945274008,2.6031420033166066,1.45353294639105e-08
0.01,1.0,0.1654287945274008,2.9244981760182918,1.165044637514e-08
0.01,1.0,0.1654287945274008,3.285525557436941,9.180180090868245e-09
0.01,1.0,0.1654287945274008,3.6911215322651687,7.241017175683492e-09
0.01,1.0,0.1654287945274008,4.1467880641233,5.747504965266636e-09
0.01,1.0,0.1654287945274008,4.658706330431421,4.4753950371479895e-09
0.01,1.0,0.1654287945274008,5.233820570907402,3.44840381059511e-09
0.01,1.0,0.1654287945274008,5.879932287106996,2.6992921169850073e-09
0.01,1.0,0.1654287945274008,6.605806070835402,2.095265722310197e-09
0.01,1.0,0.1654287945274008,7.421288497006765,1.5973571767008203e-09
0.01,1.0,0.1654287945274008,8.337441693749241,1.23727579532359e-09
0.01,1.0,0.1654287945274008,9.366693401651878,9.602253886898957e-10
0.01,1.0,0.1654287945274008,10.523005557727087,7.287473534418329e-10
0.01,1.0,0.1654287945274008,11.822063690952728,5.636909325017008e-10
0.01,1.0,0.1654287945274008,13.281489698569583,4.3855419049775035e-10
0.01,1.0,0.1654287945274008,14.921080889473224,3.332014730189931e-10
0.01,1.0,0.1654287945274008,16.763078537355728,2.6033094389682545e-10
0.01,1.0,0.1654287945274008,18.83246958655666,2.0382140622371684e-10
0.01,1.0,0.1654287945274008,21.157325603303395,1.5624407958593784e-10
0.01,1.0,0.1654287945274008,23.769183570259635,1.2461777110861516e-10
0.01,1.0,0.1654287945274008,26.70347368991138,9.860176468194001e-11
0.01,1.0,0.1654287945274008,30.0,7.760875396795608e-11
0.01,1.0,0.1768583851214056,0.1,0.0
0.01,1.0,0.1768583851214056,0.1123449344020514,0.0
0.01,1.0,0.1768583851214056,0.1262138428580125,0.0
0.01,1.0,0.1768583851214056,0.1417948589651424,0.0
0.01,1.0,0.1768583851214056,0.1592993412898707,0.0
0.01,1.0,0.1768583851214056,0.1789647404750054,1.515500202066283e-08
0.01,1.0,0.1768583851214056,0.2010578202894464,4.455406120114333e-08
0.01,1.0,0.1768583851214056,0.2258782763143731,5.526456261592793e-08
0.01,1.0,0.1768583851214056,0.2537628013538671,6.031913978861073e-08
0.01,1.0,0.1768583851214056,0.2850896527178103,6.28836500323772e-08
0.01,1.0,0.1768583851214056,0.3202837833328603,6.445057395585595e-08
0.01,1.0,0.1768583851214056,0.3598226062857105,6.537570877649063e-08
0.01,1.0,0.1768583851214056,0.4042424709954335,6.584919053567393e-08
0.01,1.0,0.1768583851214056,0.4541459388650518,6.604805084953807e-08
0.01,1.0,0.1768583851214056,0.5102099571075231,6.59735605689114e-08
0.01,1.0,0.1768583851214056,0.573195041625182,6.561149637907851e-08
0.01,1.0,0.1768583851214056,0.6439555935096224,6.487623479214977e-08
0.01,1.0,0.1768583851214056,0.7234514891067266,6.343512542919435e-08
0.01,1.0,0.1768583851214056,0.8127611008676167,6.099922103971978e-08
0.01,1.0,0.1768583851214056,0.9130959256151152,5.746487386293495e-08
0.01,1.0,0.1768583851214056,1.0258170186601063,5.2940462089202374e-08
0.01,1.0,0.1768583851214056,1.1524534566987763,4.7784175376620255e-08
0.01,1.0,0.1768583851214056,1.294723079942415,4.241737745742548e-08
0.01,1.0,0.1768583851214056,1.4545557948495271,3.716703195551455e-08
0.01,1.0,0.1768583851214056,1.6341197535649394,3.191861387139737e-08
0.01,1.0,0.1768583851214056,1.835850765193496,2.6722436534717787e-08
0.01,1.0,0.1768583851214056,2.062485337876194,2.191940915842143e-08
0.01,1.0,0.1768583851214056,2.3170977998889395,1.7813045778557454e-08
0.01,1.0,0.1768583851214056,2.6031420033166066,1.4497334859390234e-08
0.01,1.0,0.1768583851214056,2.9244981760182918,1.1644084253607645e-08
0.01,1.0,0.1768583851214056,3.285525557436941,9.166770829525772e-09
0.01,1.0,0.1768583851214056,3.6911215322651687,7.183950871959419e-09
0.01,1.0,0.1768583851214056,4.1467880641233,5.694740465955009e-09
0.01,1.0,0.1768583851214056,4.658706330431421,4.4509351495117596e-09
0.01,1.0,0.1768583851214056,5.233820570907402,3.424741275926836e-09
0.01,1.0,0.1768583851214056,5.879932287106996,2.667452459682467e-09
0.01,1.0,0.1768583851214056,6.605806070835402,2.0791707992354095e-09
0.01,1.0,0.1768583851214056,7.421288497006765,1.5871478934283036e-09
0.01,1.0,0.1768583851214056,8.337441693749241,1.2223632608731766e-09
0.01,1.0,0.1768583851214056,9.366693401651878,9.525623981401144e-10
0.01,1.0,0.1768583851214056,10.523005557727087,7.249985548338915e-10
0.01,1.0,0.1768583851214056,11.822063690952728,5.576058901365097e-10
0.01,1.0,0.1768583851214056,13.281489698569583,4.353944170739606e-10
0.01,1.0,0.1768583851214056,14.921080889473224,3.3163767279797944e-10
0.01,1.0,0.1768583851214056,16.763078537355728,2.573798143220365e-10
0.01,1.0,0.1768583851214056,18.83246958655666,2.024916983840263e-10
0.01,1.0,0.1768583851214056,21.157325603303395,1.5536453083905263e-10
0.01,1.0,0.1768583851214056,23.769183570259635,1.2334421568504066e-10
0.01,1.0,0.1768583851214056,26.70347368991138,9.808115303478508e-11
0.01,1.0,0.1768583851214056,30.0,7.709588378272125e-11
0.01,1.0,0.1890776540874238,0.1,0.0
0.01,1.0,0.1890776540874238,0.1123449344020514,0.0
0.01,1.0,0.1890776540874238,0.1262138428580125,0.0
0.01,1.0,0.1890776540874238,0.1417948589651424,0.0
0.01,1.0,0.1890776540874238,0.1592993412898707,0.0
0.01,1.0,0.1890776540874238,0.1789647404750054,2.8612692996473765e-10
0.01,1.0,0.1890776540874238,0.2010578202894464,3.165299354855918e-08
0.01,1.0,0.1890776540874238,0.2258782763143731,4.962723629769636e-08
0.01,1.0,0.1890776540874238,0.2537628013538671,5.680336890946905e-08
0.01,1.0,0.1890776540874238,0.2850896527178103,6.062482247981439e-08
0.01,1.0,0.1890776540874238,0.3202837833328603,6.286357825045596e-08
0.01,1.0,0.1890776540874238,0.3598226062857105,6.431238148802001e-08
0.01,1.0,0.1890776540874238,0.4042424709954335,6.52502156710561e-08
0.01,1.0,0.1890776540874238,0.4541459388650518,6.573402907104436e-08
0.01,1.0,0.1890776540874238,0.5102099571075231,6.591139437611591e-08
0.01,1.0,0.1890776540874238,0.573195041625182,6.576561589696158e-08
0.01,1.0,0.1890776540874238,0.6439555935096224,6.511834381487247e-08
0.01,1.0,0.1890776540874238,0.7234514891067266,6.369810127490816e-08
0.01,1.0,0.1890776540874238,0.8127611008676167,6.123973402337729e-08
0.01,1.0,0.1890776540874238,0.9130959256151152,5.7624882845602835e-08
0.01,1.0,0.1890776540874238,1.0258170186601063,5.2982368704613856e-08
0.01,1.0,0.1890776540874238,1.1524534566987763,4.7636554706100285e-08
0.01,1.0,0.1890776540874238,1.294723079942415,4.201820236653536e-08
0.01,1.0,0.1890776540874238,1.4545557948495271,3.660086698439039e-08
0.01,1.0,0.1890776540874238,1.6341197535649394,3.148661003169625e-08
0.01,1.0,0.1890776540874238,1.835850765193496,2.645294346842445e-08
0.01,1.0,0.1890776540874238,2.062485337876194,2.1728619226669047e-08
0.01,1.0,0.1890776540874238,2.3170977998889395,1.7608515415968613e-08
0.01,1.0,0.1890776540874238,2.6031420033166066,1.4278775302063681e-08
0.01,1.0,0.1890776540874238,2.9244981760182918,1.1527397339822062e-08
0.01,1.0,0.1890776540874238,3.285525557436941,9.111877407125757e-09
0.01,1.0,0.1890776540874238,3.6911215322651687,7.128640869431382e-09
0.01,1.0,0.1890776540874238,4.1467880641233,5.632785327477191e-09
0.01,1.0,0.1890776540874238,4.658706330431421,4.422253564527871e-09
0.01,1.0,0.1890776540874238,5.233820570907402,3.4064688498151733e-09
0.01,1.0,0.1890776540874238,5.879932287106996,2.63832050654048e-09
0.01,1.0,0.1890776540874238,6.605806070835402,2.0632878784221934e-09
0.01,1.0,0.1890776540874238,7.421288497006765,1.5798763828894175e-09
0.01,1.0,0.1890776540874238,8.337441693749241,1.209642119063361e-09
0.01,1.0,0.1890776540874238,9.366693401651878,9.443500759328093e-10
0.01,1.0,0.1890776540874238,10.523005557727087,7.209227451604304e-10
0.01,1.0,0.1890776540874238,11.822063690952728,5.509841218419092e-10
0.01,1.0,0.1890776540874238,13.281489698569583,4.31363862151749e-10
0.01,1.0,0.1890776540874238,14.921080889473224,3.2966508639156314e-10
0.01,1.0,0.1890776540874238,16.763078537355728,2.5422212191527313e-10
0.01,1.0,0.1890776540874238,18.83246958655666,2.0077208082342992e-10
0.01,1.0,0.1890776540874238,21.157325603303395,1.5433136953548913e-10
0.01,1.0,0.1890776540874238,23.769183570259635,1.2181644859050316e-10
0.01,1.0,0.1890776540874238,26.70347368991138,9.736453806989863e-11
0.01,1.0,0.1890776540874238,30.0,7.654309143122172e-11
0.01,1.0,0.2021411608539931,0.1,0.0
0.01,1.0,0.2021411608539931,0.1123449344020514,0.0
0.01,1.0,0.2021411608539931,0.1262138428580125,0.0
0.01,1.0,0.2021411608539931,0.1417948589651424,0.0
0.01,1.0,0.2021411608539931,0.1592993412898707,0.0
0.01,1.0,0.2021411608539931,0.1789647404750054,0.0
0.01,1.0,0.2021411608539931,0.2010578202894464,1.0307640923675664e-08
0.01,1.0,0.2021411608539931,0.2258782763143731,4.110307595585841e-08
0.01,1.0,0.2021411608539931,0.2537628013538671,5.236050739218491e-08
0.01,1.0,0.2021411608539931,0.2850896527178103,5.769813244344814e-08
0.01,1.0,0.2021411608539931,0.3202837833328603,6.104415675164541e-08
0.01,1.0,0.2021411608539931,0.3598226062857105,6.322587669598655e-08
0.01,1.0,0.2021411608539931,0.4042424709954335,6.462902589028849e-08
0.01,1.0,0.2021411608539931,0.4541459388650518,6.557220459996337e-08
0.01,1.0,0.2021411608539931,0.5102099571075231,6.606342971919402e-08
0.01,1.0,0.2021411608539931,0.573195041625182,6.612318976494234e-08
0.01,1.0,0.2021411608539931,0.6439555935096224,6.563136149318951e-08
0.01,1.0,0.2021411608539931,0.7234514891067266,6.426738438829174e-08
0.01,1.0,0.2021411608539931,0.8127611008676167,6.182866156496812e-08
0.01,1.0,0.2021411608539931,0.9130959256151152,5.8239939515604587e-08
0.01,1.0,0.2021411608539931,1.0258170186601063,5.356276980901818e-08
0.01,1.0,0.2021411608539931,1.1524534566987763,4.810457866090552e-08
0.01,1.0,0.2021411608539931,1.294723079942415,4.228973881123333e-08
0.01,1.0,0.2021411608539931,1.4545557948495271,3.660670697069013e-08
0.01,1.0,0.2021411608539931,1.6341197535649394,3.13979554798237e-08
0.01,1.0,0.2021411608539931,1.835850765193496,2.647645538166427e-08
0.01,1.0,0.2021411608539931,2.062485337876194,2.1788079842405267e-08
0.01,1.0,0.2021411608539931,2.3170977998889395,1.7617272503399577e-08
0.01,1.0,0.2021411608539931,2.6031420033166066,1.4189837229144396e-08
0.01,1.0,0.2021411608539931,2.9244981760182918,1.1452120972776945e-08
0.01,1.0,0.2021411608539931,3.285525557436941,9.073704204087208e-09
0.01,1.0,0.2021411608539931,3.6911215322651687,7.081221627385685e-09
0.01,1.0,0.2021411608539931,4.1467880641233,5.5624352997829414e-09
0.01,1.0,0.2021411608539931,4.658706330431421,4.382215252009539e-09
0.01,1.0,0.2021411608539931,5.233820570907402,3.3826962862581262e-09
0.01,1.0,0.2021411608539931,5.879932287106996,2.606181320605964e-09
0.01,1.0,0.2021411608539931,6.605806070835402,2.0393925170326335e-09
0.01,1.0,0.2021411608539931,7.421288497006765,1.5666420445728754e-09
0.01,1.0,0.2021411608539931,8.337441693749241,1.194315596373913e-09
0.01,1.0,0.2021411608539931,9.366693401651878,9.318701651605204e-10
0.01,1.0,0.2021411608539931,10.523005557727087,7.144760308542197e-10
0.01,1.0,0.2021411608539931,11.822063690952728,5.436302789354864e-10
0.01,1.0,0.2021411608539931,13.281489698569583,4.2553270019280816e-10
0.01,1.0,0.2021411608539931,14.921080889473224,3.265983246892405e-10
0.01,1.0,0.2021411608539931,16.763078537355728,2.504474983960557e-10
0.01,1.0,0.2021411608539931,18.83246958655666,1.9805525546179192e-10
0.01,1.0,0.2021411608539931,21.157325603303395,1.5287183625154432e-10
0.01,1.0,0.2021411608539931,23.769183570259635,1.1981946630318813e-10
0.01,1.0,0.2021411608539931,26.70347368991138,9.622339628824192e-11
0.01,1.0,0.2021411608539931,30.0,7.578667798553043e-11
0.01,1.0,0.2161072343985556,0.1,0.0
0.01,1.0,0.2161072343985556,0.1123449344020514,0.0
0.01,1.0,0.2161072343985556,0.1262138428580125,0.0
0.01,1.0,0.2161072343985556,0.1417948589651424,0.0
0.01,1.0,0.2161072343985556,0.1592993412898707,0.0
0.01,1.0,0.2161072343985556,0.1789647404750054,0.0
0.01,1.0,0.2161072343985556,0.2010578202894464,0.0
0.01,1.0,0.2161072343985556,0.2258782763143731,2.512535736152534e-08
0.01,1.0,0.2161072343985556,0.2537628013538671,4.531898766168111e-08
0.01,1.0,0.2161072343985556,0.2850896527178103,5.339973380792392e-08
0.01,1.0,0.2161072343985556,0.3202837833328603,5.797685735024658e-08
0.01,1.0,0.2161072343985556,0.3598226062857105,6.108288284277965e-08
0.01,1.0,0.2161072343985556,0.4042424709954335,6.327425932345037e-08
0.01,1.0,0.2161072343985556,0.4541459388650518,6.467969994144447e-08
0.01,1.0,0.2161072343985556,0.5102099571075231,6.557736963722068e-08
0.01,1.0,0.2161072343985556,0.573195041625182,6.596856913788743e-08
0.01,1.0,0.2161072343985556,0.6439555935096224,6.561483950036804e-08
0.01,1.0,0.2161072343985556,0.7234514891067266,6.434919277310899e-08
0.01,1.0,0.2161072343985556,0.8127611008676167,6.197506105824119e-08
0.01,1.0,0.2161072343985556,0.9130959256151152,5.838420198164345e-08
0.01,1.0,0.2161072343985556,1.0258170186601063,5.369168180656507e-08
0.01,1.0,0.2161072343985556,1.1524534566987763,4.815040565151597e-08
0.01,1.0,0.2161072343985556,1.294723079942415,4.215640271370629e-08
0.01,1.0,0.2161072343985556,1.4545557948495271,3.624473803397616e-08
0.01,1.0,0.2161072343985556,1.6341197535649394,3.08533857386575e-08
0.01,1.0,0.2161072343985556,1.835850765193496,2.604050983974469e-08
0.01,1.0,0.2161072343985556,2.062485337876194,2.1503186710874757e-08
0.01,1.0,0.2161072343985556,2.3170977998889395,1.7388829806308446e-08
0.01,1.0,0.2161072343985556,2.6031420033166066,1.3941945875930891e-08
0.01,1.0,0.2161072343985556,2.9244981760182918,1.1234677802844147e-08
0.01,1.0,0.2161072343985556,3.285525557436941,8.945811805736622e-09
0.01,1.0,0.2161072343985556,3.6911215322651687,6.991423042950628e-09
0.01,1.0,0.2161072343985556,4.1467880641233,5.464214486452504e-09
0.01,1.0,0.2161072343985556,4.658706330431421,4.3094171375390515e-09
0.01,1.0,0.2161072343985556,5.233820570907402,3.3375146204812453e-09
0.01,1.0,0.2161072343985556,5.879932287106996,2.5614129668136804e-09
0.01,1.0,0.2161072343985556,6.605806070835402,2.000574618689689e-09
0.01,1.0,0.2161072343985556,7.421288497006765,1.5437012520396272e-09
0.01,1.0,0.2161072343985556,8.337441693749241,1.173746034579036e-09
0.01,1.0,0.2161072343985556,9.366693401651878,9.1320180104627e-10
0.01,1.0,0.2161072343985556,10.523005557727087,7.03446923205274e-10
0.01,1.0,0.2161072343985556,11.822063690952728,5.334853264371593e-10
0.01,1.0,0.2161072343985556,13.281489698569583,4.170409076697686e-10
0.01,1.0,0.2161072343985556,14.921080889473224,3.2154553714889343e-10
0.01,1.0,0.2161072343985556,16.763078537355728,2.455939138370943e-10
0.01,1.0,0.2161072343985556,18.83246958655666,1.9437344777014731e-10
0.01,1.0,0.2161072343985556,21.157325603303395,1.50597640117938e-10
0.01,1.0,0.2161072343985556,23.769183570259635,1.1752630279735522e-10
0.01,1.0,0.2161072343985556,26.70347368991138,9.4650990494152e-11
0.01,1.0,0.2161072343985556,30.0,7.476605146399182e-11
0.01,1.0,0.2310382336882168,0.1,0.0
0.01,1.0,0.2310382336882168,0.1123449344020514,0.0
0.01,1.0,0.2310382336882168,0.1262138428580125,0.0
0.01,1.0,0.2310382336882168,0.1417948589651424,0.0
0.01,1.0,0.2310382336882168,0.1592993412898707,0.0
0.01,1.0,0.2310382336882168,0.1789647404750054,0.0
0.01,1.0,0.2310382336882168,0.2010578202894464,0.0
0.01,1.0,0.2310382336882168,0.2258782763143731,5.333521690212151e-09
0.01,1.0,0.2310382336882168,0.2537628013538671,3.444289030297477e-08
0.01,1.0,0.2310382336882168,0.2850896527178103,4.623139725530121e-08
0.01,1.0,0.2310382336882168,0.3202837833328603,5.297441553750562e-08
0.01,1.0,0.2310382336882168,0.3598226062857105,5.741211006866174e-08
0.01,1.0,0.2310382336882168,0.4042424709954335,6.043362300437424e-08
0.01,1.0,0.2310382336882168,0.4541459388650518,6.264857314443485e-08
0.01,1.0,0.2310382336882168,0.5102099571075231,6.409600913447203e-08
0.01,1.0,0.2310382336882168,0.573195041625182,6.482452829638447e-08
0.01,1.0,0.2310382336882168,0.6439555935096224,6.478712759279555e-08
0.01,1.0,0.2310382336882168,0.7234514891067266,6.373035467844409e-08
0.01,1.0,0.2310382336882168,0.8127611008676167,6.150965250688363e-08
0.01,1.0,0.2310382336882168,0.9130959256151152,5.811710142478867e-08
0.01,1.0,0.2310382336882168,1.0258170186601063,5.359365493877839e-08
0.01,1.0,0.2310382336882168,1.1524534566987763,4.815819854255176e-08
0.01,1.0,0.2310382336882168,1.294723079942415,4.2201250282439294e-08
0.01,1.0,0.2310382336882168,1.4545557948495271,3.619125114008256e-08
0.01,1.0,0.2310382336882168,1.6341197535649394,3.061539027450944e-08
0.01,1.0,0.2310382336882168,1.835850765193496,2.576080880920321e-08
0.01,1.0,0.2310382336882168,2.062485337876194,2.134940054137508e-08
0.01,1.0,0.2310382336882168,2.3170977998889395,1.7293163008956692e-08
0.01,1.0,0.2310382336882168,2.6031420033166066,1.3822180939398038e-08
0.01,1.0,0.2310382336882168,2.9244981760182918,1.1075653833657139e-08
0.01,1.0,0.2310382336882168,3.285525557436941,8.846982097009485e-09
0.01,1.0,0.2310382336882168,3.6911215322651687,6.923814473647572e-09
0.01,1.0,0.2310382336882168,4.1467880641233,5.3825221201977024e-09
0.01,1.0,0.2310382336882168,4.658706330431421,4.2362357133651655e-09
0.01,1.0,0.2310382336882168,5.233820570907402,3.289769478253163e-09
0.01,1.0,0.2310382336882168,5.879932287106996,2.5175471412379014e-09
0.01,1.0,0.2310382336882168,6.605806070835402,1.957580090009091e-09
0.01,1.0,0.2310382336882168,7.421288497006765,1.5158789636201016e-09
0.01,1.0,0.2310382336882168,8.337441693749241,1.151965834699826e-09
0.01,1.0,0.2310382336882168,9.366693401651878,8.91721821981645e-10
0.01,1.0,0.2310382336882168,10.523005557727087,6.896400464310347e-10
0.01,1.0,0.2310382336882168,11.822063690952728,5.228308344416967e-10
0.01,1.0,0.2310382336882168,13.281489698569583,4.069186103182297e-10
0.01,1.0,0.2310382336882168,14.921080889473224,3.152040466112263e-10
0.01,1.0,0.2310382336882168,16.763078537355728,2.402670693779242e-10
0.01,1.0,0.2310382336882168,18.83246958655666,1.8980831212140168e-10
0.01,1.0,0.2310382336882168,21.157325603303395,1.4791637701234907e-10
0.01,1.0,0.2310382336882168,23.769183570259635,1.1488485454772076e-10
0.01,1.0,0.2310382336882168,26.70347368991138,9.270473687955271e-11
0.01,1.0,0.2310382336882168,30.0,7.353583676278411e-11
0.01,1.0,0.2470008261145366,0.1,0.0
0.01,1.0,0.2470008261145366,0.1123449344020514,0.0
0.01,1.0,0.2470008261145366,0.1262138428580125,0.0
0.01,1.0,0.2470008261145366,0.1417948589651424,0.0
0.01,1.0,0.2470008261145366,0.1592993412898707,0.0
0.01,1.0,0.2470008261145366,0.1789647404750054,0.0
0.01,1.0,0.2470008261145366,0.2010578202894464,0.0
0.01,1.0,0.2470008261145366,0.2258782763143731,0.0
0.01,1.0,0.2470008261145366,0.2537628013538671,1.5613664338151073e-08
0.01,1.0,0.2470008261145366,0.2850896527178103,3.708618641368713e-08
0.01,1.0,0.2470008261145366,0.3202837833328603,4.631164498675556e-08
0.01,1.0,0.2470008261145366,0.3598226062857105,5.244476006645309e-08
0.01,1.0,0.2470008261145366,0.4042424709954335,5.6882889569805114e-08
0.01,1.0,0.2470008261145366,0.4541459388650518,5.991232766939352e-08
0.01,1.0,0.2470008261145366,0.5102099571075231,6.206044192514681e-08
0.01,1.0,0.2470008261145366,0.573195041625182,6.338223402878395e-08
0.01,1.0,0.2470008261145366,0.6439555935096224,6.365932155748224e-08
0.01,1.0,0.2470008261145366,0.7234514891067266,6.285391253104997e-08
0.01,1.0,0.2470008261145366,0.8127611008676167,6.086192424399391e-08
0.01,1.0,0.2470008261145366,0.9130959256151152,5.759525869676284e-08
0.01,1.0,0.2470008261145366,1.0258170186601063,5.320588055630768e-08
0.01,1.0,0.2470008261145366,1.1524534566987763,4.788251270316464e-08
0.01,1.0,0.2470008261145366,1.294723079942415,4.193049130084427e-08
0.01,1.0,0.2470008261145366,1.4545557948495271,3.585064298127119e-08
0.01,1.0,0.2470008261145366,1.6341197535649394,3.0132255515154e-08
0.01,1.0,0.2470008261145366,1.835850765193496,2.5152700923859144e-08
0.01,1.0,0.2470008261145366,2.062485337876194,2.0876284188812557e-08
0.01,1.0,0.2470008261145366,2.3170977998889395,1.69552097905056e-08
0.01,1.0,0.2470008261145366,2.6031420033166066,1.3526813639838265e-08
0.01,1.0,0.2470008261145366,2.9244981760182918,1.0776737578548158e-08
0.01,1.0,0.2470008261145366,3.285525557436941,8.616945532972307e-09
0.01,1.0,0.2470008261145366,3.6911215322651687,6.762613989408119e-09
0.01,1.0,0.2470008261145366,4.1467880641233,5.246092137411573e-09
0.01,1.0,0.2470008261145366,4.658706330431421,4.114127305707485e-09
0.01,1.0,0.2470008261145366,5.233820570907402,3.209117877181443e-09
0.01,1.0,0.2470008261145366,5.879932287106996,2.4575201736050365e-09
0.01,1.0,0.2470008261145366,6.605806070835402,1.9011337636143556e-09
0.01,1.0,0.2470008261145366,7.421288497006765,1.4778390088356331e-09
0.01,1.0,0.2470008261145366,8.337441693749241,1.1240356269285909e-09
0.01,1.0,0.2470008261145366,9.366693401651878,8.655251223961377e-10
0.01,1.0,0.2470008261145366,10.523005557727087,6.720449902786516e-10
0.01,1.0,0.2470008261145366,11.822063690952728,5.09513228824158e-10
0.01,1.0,0.2470008261145366,13.281489698569583,3.9478848317881e-10
0.01,1.0,0.2470008261145366,14.921080889473224,3.0707898258612507e-10
0.01,1.0,0.2470008261145366,16.763078537355728,2.3374936922131495e-10
0.01,1.0,0.2470008261145366,18.83246958655666,1.8438600018055384e-10
0.01,1.0,0.2470008261145366,21.157325603303395,1.4419027912544994e-10
0.01,1.0,0.2470008261145366,23.769183570259635,1.1178498736771681e-10
0.01,1.0,0.2470008261145366,26.70347368991138,9.029965903165796e-11
0.01,1.0,0.2470008261145366,30.0,7.179996948034868e-11
0.01,1.0,0.2640662851655757,0.1,0.0
0.01,1.0,0.2640662851655757,0.1123449344020514,0.0
0.01,1.0,0.2640662851655757,0.1262138428580125,0.0
0.01,1.0,0.2640662851655757,0.1417948589651424,0.0
0.01,1.0,0.2640662851655757,0.1592993412898707,0.0
0.01,1.0,0.2640662851655757,0.1789647404750054,0.0
0.01,1.0,0.2640662851655757,0.2010578202894464,0.0
0.01,1.0,0.2640662851655757,0.2258782763143731,0.0
0.01,1.0,0.2640662851655757,0.2537628013538671,1.5093219027560656e-09
0.01,1.0,0.2640662851655757,0.2850896527178103,2.3717130560963496e-08
0.01,1.0,0.2640662851655757,0.3202837833328603,3.759040016141533e-08
0.01,1.0,0.2640662851655757,0.3598226062857105,4.6094560181681965e-08
0.01,1.0,0.2640662851655757,0.4042424709954335,5.193886661444392e-08
0.01,1.0,0.2640662851655757,0.4541459388650518,5.6386328088339076e-08
0.01,1.0,0.2640662851655757,0.5102099571075231,5.952396980182487e-08
0.01,1.0,0.2640662851655757,0.573195041625182,6.144179629118301e-08
0.01,1.0,0.2640662851655757,0.6439555935096224,6.230112075486431e-08
0.01,1.0,0.2640662851655757,0.7234514891067266,6.187081722545924e-08
0.01,1.0,0.2640662851655757,0.8127611008676167,5.994171424469025e-08
0.01,1.0,0.2640662851655757,0.9130959256151152,5.6708068350436624e-08
0.01,1.0,0.2640662851655757,1.0258170186601063,5.2449513849914365e-08
0.01,1.0,0.2640662851655757,1.1524534566987763,4.728921692668348e-08
0.01,1.0,0.2640662851655757,1.294723079942415,4.148163932267152e-08
0.01,1.0,0.2640662851655757,1.4545557948495271,3.544278027472081e-08
0.01,1.0,0.2640662851655757,1.6341197535649394,2.964438309017853e-08
0.01,1.0,0.2640662851655757,1.835850765193496,2.4551700602152702e-08
0.01,1.0,0.2640662851655757,2.062485337876194,2.0310481279743698e-08
0.01,1.0,0.2640662851655757,2.3170977998889395,1.6536465191820924e-08
0.01,1.0,0.2640662851655757,2.6031420033166066,1.319402631001076e-08
0.01,1.0,0.2640662851655757,2.9244981760182918,1.0454573570350051e-08
0.01,1.0,0.2640662851655757,3.285525557436941,8.342935235558347e-09
0.01,1.0,0.2640662851655757,3.6911215322651687,6.572094606979265e-09
0.01,1.0,0.2640662851655757,4.1467880641233,5.091861515465426e-09
0.01,1.0,0.2640662851655757,4.658706330431421,3.9744079409514604e-09
0.01,1.0,0.2640662851655757,5.233820570907402,3.108981086975456e-09
0.01,1.0,0.2640662851655757,5.879932287106996,2.382250349151056e-09
0.01,1.0,0.2640662851655757,6.605806070835402,1.8342763798263322e-09
0.01,1.0,0.2640662851655757,7.421288497006765,1.4279298308387532e-09
0.01,1.0,0.2640662851655757,8.337441693749241,1.087536058463247e-09
0.01,1.0,0.2640662851655757,9.366693401651878,8.337832785515951e-10
0.01,1.0,0.2640662851655757,10.523005557727087,6.482224254811714e-10
0.01,1.0,0.2640662851655757,11.822063690952728,4.923601438736503e-10
0.01,1.0,0.2640662851655757,13.281489698569583,3.7984208001697934e-10
0.01,1.0,0.2640662851655757,14.921080889473224,2.960856163477308e-10
0.01,1.0,0.2640662851655757,16.763078537355728,2.2572273544753543e-10
0.01,1.0,0.2640662851655757,18.83246958655666,1.7742538649492924e-10
0.01,1.0,0.2640662851655757,21.157325603303395,1.3925684172572272e-10
0.01,1.0,0.2640662851655757,23.769183570259635,1.079223936983867e-10
0.01,1.0,0.2640662851655757,26.70347368991138,8.709083056866926e-11
0.01,1.0,0.2640662851655757,30.0,6.95711638515161e-11
0.01,1.0,0.2823108086643086,0.1,0.0
0.01,1.0,0.2823108086643086,0.1123449344020514,0.0
0.01,1.0,0.2823108086643086,0.1262138428580125,0.0
0.01,1.0,0.2823108086643086,0.1417948589651424,0.0
0.01,1.0,0.2823108086643086,0.1592993412898707,0.0
0.01,1.0,0.2823108086643086,0.1789647404750054,0.0
0.01,1.0,0.2823108086643086,0.2010578202894464,0.0
0.01,1.0,0.2823108086643086,0.2258782763143731,0.0
0.01,1.0,0.2823108086643086,0.2537628013538671,0.0
0.01,1.0,0.2823108086643086,0.2850896527178103,8.047142585079616e-09
0.01,1.0,0.2823108086643086,0.3202837833328603,2.682331722865839e-08
0.01,1.0,0.2823108086643086,0.3598226062857105,3.822786417815438e-08
0.01,1.0,0.2823108086643086,0.4042424709954335,4.661895085443575e-08
0.01,1.0,0.2823108086643086,0.4541459388650518,5.2538251446166447e-08
0.01,1.0,0.2823108086643086,0.5102099571075231,5.691217429561338e-08
0.01,1.0,0.2823108086643086,0.573195041625182,5.998694795393764e-08
0.01,1.0,0.2823108086643086,0.6439555935096224,6.14871314690359e-08
0.01,1.0,0.2823108086643086,0.7234514891067266,6.126270774788943e-08
0.01,1.0,0.2823108086643086,0.8127611008676167,5.93394895800442e-08
0.01,1.0,0.2823108086643086,0.9130959256151152,5.584751282270107e-08
0.01,1.0,0.2823108086643086,1.0258170186601063,5.129716419765161e-08
0.01,1.0,0.2823108086643086,1.1524534566987763,4.6225015668471884e-08
0.01,1.0,0.2823108086643086,1.294723079942415,4.065419153630693e-08
0.01,1.0,0.2823108086643086,1.4545557948495271,3.475452048412862e-08
0.01,1.0,0.2823108086643086,1.6341197535649394,2.902139844296324e-08
0.01,1.0,0.2823108086643086,1.835850765193496,2.3871556374940025e-08
0.01,1.0,0.2823108086643086,2.062485337876194,1.959713496615617e-08
0.01,1.0,0.2823108086643086,2.3170977998889395,1.5974869686494548e-08
0.01,1.0,0.2823108086643086,2.6031420033166066,1.2735352248636689e-08
0.01,1.0,0.2823108086643086,2.9244981760182918,1.0040481943170105e-08
0.01,1.0,0.2823108086643086,3.285525557436941,7.977454874084554e-09
0.01,1.0,0.2823108086643086,3.6911215322651687,6.293549260007462e-09
0.01,1.0,0.2823108086643086,4.1467880641233,4.874830695856929e-09
0.01,1.0,0.2823108086643086,4.658706330431421,3.787018661201573e-09
0.01,1.0,0.2823108086643086,5.233820570907402,2.9636620819815486e-09
0.01,1.0,0.2823108086643086,5.879932287106996,2.274837535027217e-09
0.01,1.0,0.2823108086643086,6.605806070835402,1.7439305798320506e-09
0.01,1.0,0.2823108086643086,7.421288497006765,1.357703694219252e-09
0.01,1.0,0.2823108086643086,8.337441693749241,1.0361595087543704e-09
0.01,1.0,0.2823108086643086,9.366693401651878,7.908505386932454e-10
0.01,1.0,0.2823108086643086,10.523005557727087,6.155014448448819e-10
0.01,1.0,0.2823108086643086,11.822063690952728,4.680998228179518e-10
0.01,1.0,0.2823108086643086,13.281489698569583,3.5973781131601076e-10
0.01,1.0,0.2823108086643086,14.921080889473224,2.811652624494224e-10
0.01,1.0,0.2823108086643086,16.763078537355728,2.1426123652685644e-10
0.01,1.0,0.2823108086643086,18.83246958655666,1.6825446347630252e-10
0.01,1.0,0.2823108086643086,21.157325603303395,1.3238584724032345e-10
0.01,1.0,0.2823108086643086,23.769183570259635,1.025075979485061e-10
0.01,1.0,0.2823108086643086,26.70347368991138,8.294752430134191e-11
0.01,1.0,0.2823108086643086,30.0,6.632598616833644e-11
0.01,1.0,0.3018158589943526,0.1,0.0
0.01,1.0,0.3018158589943526,0.1123449344020514,0.0
0.01,1.0,0.3018158589943526,0.1262138428580125,0.0
0.01,1.0,0.3018158589943526,0.1417948589651424,0.0
0.01,1.0,0.3018158589943526,0.1592993412898707,0.0
0.01,1.0,0.3018158589943526,0.1789647404750054,0.0
0.01,1.0,0.3018158589943526,0.2010578202894464,0.0
0.01,1.0,0.3018158589943526,0.2258782763143731,0.0
0.01,1.0,0.3018158589943526,0.2537628013538671,0.0
0.01,1.0,0.3018158589943526,0.2850896527178103,4.9404718062061366e-11
0.01,1.0,0.3018158589943526,0.3202837833328603,1.4371669749980544e-08
0.01,1.0,0.3018158589943526,0.3598226062857105,2.82541295966241e-08
0.01,1.0,0.3018158589943526,0.4042424709954335,3.830089163845178e-08
0.01,1.0,0.3018158589943526,0.4541459388650518,4.646816632725515e-08
0.01,1.0,0.3018158589943526,0.5102099571075231,5.261266707110052e-08
0.01,1.0,0.3018158589943526,0.573195041625182,5.673985366737532e-08
0.01,1.0,0.3018158589943526,0.6439555935096224,5.908168032797106e-08
0.01,1.0,0.3018158589943526,0.7234514891067266,5.935845962821866e-08
0.01,1.0,0.3018158589943526,0.8127611008676167,5.7453888815919564e-08
0.01,1.0,0.3018158589943526,0.9130959256151152,5.384994734260508e-08
0.01,1.0,0.3018158589943526,1.0258170186601063,4.9173808000794615e-08
0.01,1.0,0.3018158589943526,1.1524534566987763,4.394964763005626e-08
0.01,1.0,0.3018158589943526,1.294723079942415,3.8618254525804454e-08
0.01,1.0,0.3018158589943526,1.4545557948495271,3.3118682638251725e-08
0.01,1.0,0.3018158589943526,1.6341197535649394,2.763979066491352e-08
0.01,1.0,0.3018158589943526,1.835850765193496,2.2638756964443324e-08
0.01,1.0,0.3018158589943526,2.062485337876194,1.847049712710985e-08
0.01,1.0,0.3018158589943526,2.3170977998889395,1.5038899449643788e-08
0.01,1.0,0.3018158589943526,2.6031420033166066,1.2000408315274576e-08
0.01,1.0,0.3018158589943526,2.9244981760182918,9.442350178327276e-09
0.01,1.0,0.3018158589943526,3.285525557436941,7.462095289916437e-09
0.01,1.0,0.3018158589943526,3.6911215322651687,5.896380820229812e-09
0.01,1.0,0.3018158589943526,4.1467880641233,4.570445599034829e-09
0.01,1.0,0.3018158589943526,4.658706330431421,3.535539327341743e-09
0.01,1.0,0.3018158589943526,5.233820570907402,2.767906300137133e-09
0.01,1.0,0.3018158589943526,5.879932287106996,2.1256586724336935e-09
0.01,1.0,0.3018158589943526,6.605806070835402,1.6249628254275533e-09
0.01,1.0,0.3018158589943526,7.421288497006765,1.2653687876260631e-09
0.01,1.0,0.3018158589943526,8.337441693749241,9.654585489131701e-10
0.01,1.0,0.3018158589943526,9.366693401651878,7.359580280530667e-10
0.01,1.0,0.3018158589943526,10.523005557727087,5.727648791772015e-10
0.01,1.0,0.3018158589943526,11.822063690952728,4.354538066410454e-10
0.01,1.0,0.3018158589943526,13.281489698569583,3.3477477453831544e-10
0.01,1.0,0.3018158589943526,14.921080889473224,2.614164717613697e-10
0.01,1.0,0.3018158589943526,16.763078537355728,1.9941843157805098e-10
0.01,1.0,0.3018158589943526,18.83246958655666,1.5679862325771076e-10
0.01,1.0,0.3018158589943526,21.157325603303395,1.231762441967379e-10
0.01,1.0,0.3018158589943526,23.769183570259635,9.569980536667756e-11
0.01,1.0,0.3018158589943526,26.70347368991138,7.739910015421504e-11
0.01,1.0,0.3018158589943526,30.0,6.193605166149076e-11
0.01,1.0,0.3226685268321269,0.1,0.0
0.01,1.0,0.3226685268321269,0.1123449344020514,0.0
0.01,1.0,0.3226685268321269,0.1262138428580125,0.0
0.01,1.0,0.3226685268321269,0.1417948589651424,0.0
0.01,1.0,0.3226685268321269,0.1592993412898707,0.0
0.01,1.0,0.3226685268321269,0.1789647404750054,0.0
0.01,1.0,0.3226685268321269,0.2010578202894464,0.0
0.01,1.0,0.3226685268321269,0.2258782763143731,0.0
0.01,1.0,0.3226685268321269,0.2537628013538671,0.0
0.01,1.0,0.3226685268321269,0.2850896527178103,0.0
0.01,1.0,0.3226685268321269,0.3202837833328603,2.521741344234669e-09
0.01,1.0,0.3226685268321269,0.3598226062857105,1.5917892225837886e-08
0.01,1.0,0.3226685268321269,0.4042424709954335,2.7813556723489662e-08
0.01,1.0,0.3226685268321269,0.4541459388650518,3.716002135192935e-08
0.01,1.0,0.3226685268321269,0.5102099571075231,4.4703286843282006e-08
0.01,1.0,0.3226685268321269,0.573195041625182,5.0508946281114104e-08
0.01,1.0,0.3226685268321269,0.6439555935096224,5.386310349269223e-08
0.01,1.0,0.3226685268321269,0.7234514891067266,5.458269158494216e-08
0.01,1.0,0.3226685268321269,0.8127611008676167,5.313783093709164e-08
0.01,1.0,0.3226685268321269,0.9130959256151152,4.986522443449731e-08
0.01,1.0,0.3226685268321269,1.0258170186601063,4.5251836885138605e-08
0.01,1.0,0.3226685268321269,1.1524534566987763,4.012438195494627e-08
0.01,1.0,0.3226685268321269,1.294723079942415,3.510605930646611e-08
0.01,1.0,0.3226685268321269,1.4545557948495271,3.014509326650391e-08
0.01,1.0,0.3226685268321269,1.6341197535649394,2.5184091353828993e-08
0.01,1.0,0.3226685268321269,1.835850765193496,2.0621217942211448e-08
0.01,1.0,0.3226685268321269,2.062485337876194,1.674329440071552e-08
0.01,1.0,0.3226685268321269,2.3170977998889395,1.361518165135214e-08
0.01,1.0,0.3226685268321269,2.6031420033166066,1.0894973974729041e-08
0.01,1.0,0.3226685268321269,2.9244981760182918,8.56058815422697e-09
0.01,1.0,0.3226685268321269,3.285525557436941,6.749490998064637e-09
0.01,1.0,0.3226685268321269,3.6911215322651687,5.335653936654151e-09
0.01,1.0,0.3226685268321269,4.1467880641233,4.130012642023836e-09
0.01,1.0,0.3226685268321269,4.658706330431421,3.1920954244777417e-09
0.01,1.0,0.3226685268321269,5.233820570907402,2.496525989335073e-09
0.01,1.0,0.3226685268321269,5.879932287106996,1.9147260026643604e-09
0.01,1.0,0.3226685268321269,6.605806070835402,1.4641516801992771e-09
0.01,1.0,0.3226685268321269,7.421288497006765,1.1379585496827372e-09
0.01,1.0,0.3226685268321269,8.337441693749241,8.674128346031591e-10
0.01,1.0,0.3226685268321269,9.366693401651878,6.61910759048885e-10
0.01,1.0,0.3226685268321269,10.523005557727087,5.139000376328262e-10
0.01,1.0,0.3226685268321269,11.822063690952728,3.906243502463703e-10
0.01,1.0,0.3226685268321269,13.281489698569583,3.0076080039258917e-10
0.01,1.0,0.3226685268321269,14.921080889473224,2.343235863929343e-10
0.01,1.0,0.3226685268321269,16.763078537355728,1.7899187484270072e-10
0.01,1.0,0.3226685268321269,18.83246958655666,1.4089895627262549e-10
0.01,1.0,0.3226685268321269,21.157325603303395,1.1064772066025805e-10
0.01,1.0,0.3226685268321269,23.769183570259635,8.625093554938956e-11
0.01,1.0,0.3226685268321269,26.70347368991138,6.981780828859597e-11
0.01,1.0,0.3226685268321269,30.0,5.5906486880019267e-11
0.01,1.0,0.3449619200095219,0.1,0.0
0.01,1.0,0.3449619200095219,0.1123449344020514,0.0
0.01,1.0,0.3449619200095219,0.1262138428580125,0.0
0.01,1.0,0.3449619200095219,0.1417948589651424,0.0
0.01,1.0,0.3449619200095219,0.1592993412898707,0.0
0.01,1.0,0.3449619200095219,0.1789647404750054,0.0
0.01,1.0,0.3449619200095219,0.2010578202894464,0.0
0.01,1.0,0.3449619200095219,0.2258782763143731,0.0
0.01,1.0,0.3449619200095219,0.2537628013538671,0.0
0.01,1.0,0.3449619200095219,0.2850896527178103,0.0
0.01,1.0,0.3449619200095219,0.3202837833328603,0.0
0.01,1.0,0.3449619200095219,0.3598226062857105,4.219069479018591e-09
0.01,1.0,0.3449619200095219,0.4042424709954335,1.4661621336607721e-08
0.01,1.0,0.3449619200095219,0.4541459388650518,2.5366787610082673e-08
0.01,1.0,0.3449619200095219,0.5102099571075231,3.471639682939019e-08
0.01,1.0,0.3449619200095219,0.573195041625182,4.156889226570979e-08
0.01,1.0,0.3449619200095219,0.6439555935096224,4.587281147828259e-08
0.01,1.0,0.3449619200095219,0.7234514891067266,4.772891873449818e-08
0.01,1.0,0.3449619200095219,0.8127611008676167,4.7020206001164346e-08
0.01,1.0,0.3449619200095219,0.9130959256151152,4.409791007596115e-08
0.01,1.0,0.3449619200095219,1.0258170186601063,3.989951236380176e-08
0.01,1.0,0.3449619200095219,1.1524534566987763,3.518179883155726e-08
0.01,1.0,0.3449619200095219,1.294723079942415,3.047310568110521e-08
0.01,1.0,0.3449619200095219,1.4545557948495271,2.604921479966653e-08
0.01,1.0,0.3449619200095219,1.6341197535649394,2.1730466970841387e-08
0.01,1.0,0.3449619200095219,1.835850765193496,1.7691732057779196e-08
0.01,1.0,0.3449619200095219,2.062485337876194,1.4278652940986517e-08
0.01,1.0,0.3449619200095219,2.3170977998889395,1.1591611650298354e-08
0.01,1.0,0.3449619200095219,2.6031420033166066,9.249595420190668e-09
0.01,1.0,0.3449619200095219,2.9244981760182918,7.248858292892653e-09
0.01,1.0,0.3449619200095219,3.285525557436941,5.718438616442923e-09
0.01,1.0,0.3449619200095219,3.6911215322651687,4.50422620037735e-09
0.01,1.0,0.3449619200095219,4.1467880641233,3.478121387984974e-09
0.01,1.0,0.3449619200095219,4.658706330431421,2.693131178154795e-09
0.01,1.0,0.3449619200095219,5.233820570907402,2.0993066151691015e-09
0.01,1.0,0.3449619200095219,5.879932287106996,1.60545575567095e-09
0.01,1.0,0.3449619200095219,6.605806070835402,1.2304961155224169e-09
0.01,1.0,0.3449619200095219,7.421288497006765,9.52673691928678e-10
0.01,1.0,0.3449619200095219,8.337441693749241,7.233069231814578e-10
0.01,1.0,0.3449619200095219,9.366693401651878,5.539606178206983e-10
0.01,1.0,0.3449619200095219,10.523005557727087,4.286371760581647e-10
0.01,1.0,0.3449619200095219,11.822063690952728,3.2504057927257385e-10
0.01,1.0,0.3449619200095219,13.281489698569583,2.5183688062859294e-10
0.01,1.0,0.3449619200095219,14.921080889473224,1.9525444726048997e-10
0.01,1.0,0.3449619200095219,16.763078537355728,1.4921080946013645e-10
0.01,1.0,0.3449619200095219,18.83246958655666,1.181590536730996e-10
0.01,1.0,0.3449619200095219,21.157325603303395,9.223125937229084e-11
0.01,1.0,0.3449619200095219,23.769183570259635,7.257260862081433e-11
0.01,1.0,0.3449619200095219,26.70347368991138,5.882882242461345e-11
0.01,1.0,0.3449619200095219,30.0,4.680730417664922e-11
0.01,1.0,0.3687955792433599,0.1,0.0
0.01,1.0,0.3687955792433599,0.1123449344020514,0.0
0.01,1.0,0.3687955792433599,0.1262138428580125,0.0
0.01,1.0,0.3687955792433599,0.1417948589651424,0.0
0.01,1.0,0.3687955792433599,0.1592993412898707,0.0
0.01,1.0,0.3687955792433599,0.1789647404750054,0.0
0.01,1.0,0.3687955792433599,0.2010578202894464,0.0
0.01,1.0,0.3687955792433599,0.2258782763143731,0.0
0.01,1.0,0.3687955792433599,0.2537628013538671,0.0
0.01,1.0,0.3687955792433599,0.2850896527178103,0.0
0.01,1.0,0.3687955792433599,0.3202837833328603,0.0
0.01,1.0,0.3687955792433599,0.3598226062857105,1.380036411078185e-10
0.01,1.0,0.3687955792433599,0.4042424709954335,3.340387497008024e-09
0.01,1.0,0.3687955792433599,0.4541459388650518,9.901068671223127e-09
0.01,1.0,0.3687955792433599,0.5102099571075231,1.7545363752767695e-08
0.01,1.0,0.3687955792433599,0.573195041625182,2.452595319340696e-08
0.01,1.0,0.3687955792433599,0.6439555935096224,2.9579713680230973e-08
0.01,1.0,0.3687955792433599,0.7234514891067266,3.199869785139834e-08
0.01,1.0,0.3687955792433599,0.8127611008676167,3.19057618412162e-08
0.01,1.0,0.3687955792433599,0.9130959256151152,3.017302349875957e-08
0.01,1.0,0.3687955792433599,1.0258170186601063,2.738164878816993e-08
0.01,1.0,0.3687955792433599,1.1524534566987763,2.4014452622207428e-08
0.01,1.0,0.3687955792433599,1.294723079942415,2.0713686245715366e-08
0.01,1.0,0.3687955792433599,1.4545557948495271,1.772177105609935e-08
0.01,1.0,0.3687955792433599,1.6341197535649394,1.4721196336592534e-08
0.01,1.0,0.3687955792433599,1.835850765193496,1.1903606047747592e-08
0.01,1.0,0.3687955792433599,2.062485337876194,9.638254508752049e-09
0.01,1.0,0.3687955792433599,2.3170977998889395,7.817429832014937e-09
0.01,1.0,0.3687955792433599,2.6031420033166066,6.170830982550086e-09
0.01,1.0,0.3687955792433599,2.9244981760182918,4.834809749523076e-09
0.01,1.0,0.3687955792433599,3.285525557436941,3.838364404227601e-09
0.01,1.0,0.3687955792433599,3.6911215322651687,2.988792989697452e-09
0.01,1.0,0.3687955792433599,4.1467880641233,2.301726908072829e-09
0.01,1.0,0.3687955792433599,4.658706330431421,1.8021310098273209e-09
0.01,1.0,0.3687955792433599,5.233820570907402,1.3893602544692828e-09
0.01,1.0,0.3687955792433599,5.879932287106996,1.0599981133057158e-09
0.01,1.0,0.3687955792433599,6.605806070835402,8.239896116599548e-10
0.01,1.0,0.3687955792433599,7.421288497006765,6.301184614934397e-10
0.01,1.0,0.3687955792433599,8.337441693749241,4.794474425261426e-10
0.01,1.0,0.3687955792433599,9.366693401651878,3.720632916660488e-10
0.01,1.0,0.3687955792433599,10.523005557727087,2.8319681284257895e-10
0.01,1.0,0.3687955792433599,11.822063690952728,2.1714878586239215e-10
0.01,1.0,0.3687955792433599,13.281489698569583,1.689835472768567e-10
0.01,1.0,0.3687955792433599,14.921080889473224,1.2910364591634482e-10
0.01,1.0,0.3687955792433599,16.763078537355728,1.011357596898241e-10
0.01,1.0,0.3687955792433599,18.83246958655666,7.930488588172947e-11
0.01,1.0,0.3687955792433599,21.157325603303395,6.179330935207028e-11
0.01,1.0,0.3687955792433599,23.769183570259635,4.9808289811273905e-11
0.01,1.0,0.3687955792433599,26.70347368991138,3.961562338989338e-11
0.01,1.0,0.3687955792433599,30.0,3.2259740868089565e-11
0.01,1.0,0.3942759225878933,0.1,0.0
0.01,1.0,0.3942759225878933,0.1123449344020514,0.0
0.01,1.0,0.3942759225878933,0.1262138428580125,0.0
0.01,1.0,0.3942759225878933,0.1417948589651424,0.0
0.01,1.0,0.3942759225878933,0.1592993412898707,0.0
0.01,1.0,0.3942759225878933,0.1789647404750054,0.0
0.01,1.0,0.3942759225878933,0.2010578202894464,0.0
0.01,1.0,0.3942759225878933,0.2258782763143731,0.0
0.01,1.0,0.3942759225878933,0.2537628013538671,0.0
0.01,1.0,0.3942759225878933,0.2850896527178103,0.0
0.01,1.0,0.3942759225878933,0.3202837833328603,0.0
0.01,1.0,0.3942759225878933,0.3598226062857105,0.0
0.01,1.0,0.3942759225878933,0.4042424709954335,5.318108245141199e-11
0.01,1.0,0.3942759225878933,0.4541459388650518,3.1742351839016983e-10
0.01,1.0,0.3942759225878933,0.5102099571075231,7.006963040545364e-10
0.01,1.0,0.3942759225878933,0.573195041625182,1.1058089128513131e-09
0.01,1.0,0.3942759225878933,0.6439555935096224,1.4564406735326e-09
0.01,1.0,0.3942759225878933,0.7234514891067266,1.6994049590903366e-09
0.01,1.0,0.3942759225878933,0.8127611008676167,1.805821216820851e-09
0.01,1.0,0.3942759225878933,0.9130959256151152,1.7780888297468482e-09
0.01,1.0,0.3942759225878933,1.0258170186601063,1.6507962206739634e-09
0.01,1.0,0.3942759225878933,1.1524534566987763,1.4764317481651936e-09
0.01,1.0,0.3942759225878933,1.294723079942415,1.294165836856234e-09
0.01,1.0,0.3942759225878933,1.4545557948495271,1.1136106786967198e-09
0.01,1.0,0.3942759225878933,1.6341197535649394,9.341835693382656e-10
0.01,1.0,0.3942759225878933,1.835850765193496,7.612928033109065e-10
0.01,1.0,0.3942759225878933,2.062485337876194,6.081901601045866e-10
0.01,1.0,0.3942759225878933,2.3170977998889395,4.820312042847833e-10
0.01,1.0,0.3942759225878933,2.6031420033166066,3.771415318393513e-10
0.01,1.0,0.3942759225878933,2.9244981760182918,2.8988124072974714e-10
0.01,1.0,0.3942759225878933,3.285525557436941,2.2097744965856614e-10
0.01,1.0,0.3942759225878933,3.6911215322651687,1.6689250040932332e-10
0.01,1.0,0.3942759225878933,4.1467880641233,1.2437747884575066e-10
0.01,1.0,0.3942759225878933,4.658706330431421,9.199513081428833e-11
0.01,1.0,0.3942759225878933,5.233820570907402,6.786954095397524e-11
0.01,1.0,0.3942759225878933,5.879932287106996,4.948265601678368e-11
0.01,1.0,0.3942759225878933,6.605806070835402,3.572343547823885e-11
0.01,1.0,0.3942759225878933,7.421288497006765,2.5880618543714063e-11
0.01,1.0,0.3942759225878933,8.337441693749241,1.859514684508099e-11
0.01,1.0,0.3942759225878933,9.366693401651878,1.3177552303244114e-11
0.01,1.0,0.3942759225878933,10.523005557727087,9.38689312791427e-12
0.01,1.0,0.3942759225878933,11.822063690952728,6.696357940666271e-12
0.01,1.0,0.3942759225878933,13.281489698569583,4.689622485861142e-12
0.01,1.0,0.3942759225878933,14.921080889473224,3.283955545445344e-12
0.01,1.0,0.3942759225878933,16.763078537355728,2.3399572570007996e-12
0.01,1.0,0.3942759225878933,18.83246958655666,1.6146902594222914e-12
0.01,1.0,0.3942759225878933,21.157325603303395,1.109367935702752e-12
0.01,1.0,0.3942759225878933,23.769183570259635,7.924639247041998e-13
0.01,1.0,0.3942759225878933,26.70347368991138,5.279849298285676e-13
0.01,1.0,0.3942759225878933,30.0,3.5927261627232895e-13
0.01,1.0,0.421516720594837,0.1,0.0
0.01,1.0,0.421516720594837,0.1123449344020514,0.0
0.01,1.0,0.421516720594837,0.1262138428580125,0.0
0.01,1.0,0.421516720594837,0.1417948589651424,0.0
0.01,1.0,0.421516720594837,0.1592993412898707,0.0
0.01,1.0,0.421516720594837,0.1789647404750054,0.0
0.01,1.0,0.421516720594837,0.2010578202894464,0.0
0.01,1.0,0.421516720594837,0.2258782763143731,0.0
0.01,1.0,0.421516720594837,0.2537628013538671,0.0
0.01,1.0,0.421516720594837,0.2850896527178103,0.0
0.01,1.0,0.421516720594837,0.3202837833328603,0.0
0.01,1.0,0.421516720594837,0.3598226062857105,0.0
0.01,1.0,0.421516720594837,0.4042424709954335,7.823280713208753e-13
0.01,1.0,0.421516720594837,0.4541459388650518,4.127100446119187e-11
0.01,1.0,0.421516720594837,0.5102099571075231,1.3228932291741544e-10
0.01,1.0,0.421516720594837,0.573195041625182,2.4387673655484423e-10
0.01,1.0,0.421516720594837,0.6439555935096224,3.551665321857243e-10
0.01,1.0,0.421516720594837,0.7234514891067266,4.495043377263702e-10
0.01,1.0,0.421516720594837,0.8127611008676167,5.152423911277448e-10
0.01,1.0,0.421516720594837,0.9130959256151152,5.469555769127562e-10
0.01,1.0,0.421516720594837,1.0258170186601063,5.46075584263345e-10
0.01,1.0,0.421516720594837,1.1524534566987763,5.199439401386652e-10
0.01,1.0,0.421516720594837,1.294723079942415,4.784884989727215e-10
0.01,1.0,0.421516720594837,1.4545557948495271,4.3040410328919395e-10
0.01,1.0,0.421516720594837,1.6341197535649394,3.8028346944033074e-10
0.01,1.0,0.421516720594837,1.835850765193496,3.282199704327345e-10
0.01,1.0,0.421516720594837,2.062485337876194,2.748869443685387e-10
0.01,1.0,0.421516720594837,2.3170977998889395,2.255404061536385e-10
0.01,1.0,0.421516720594837,2.6031420033166066,1.8314983171901072e-10
0.01,1.0,0.421516720594837,2.9244981760182918,1.4717454190722972e-10
0.01,1.0,0.421516720594837,3.285525557436941,1.1648927749699647e-10
0.01,1.0,0.421516720594837,3.6911215322651687,9.075062452646072e-11
0.01,1.0,0.421516720594837,4.1467880641233,7.005489766626437e-11
0.01,1.0,0.421516720594837,4.658706330431421,5.368525084500911e-11
0.01,1.0,0.421516720594837,5.233820570907402,4.073819286722062e-11
0.01,1.0,0.421516720594837,5.879932287106996,3.058254773481036e-11
0.01,1.0,0.421516720594837,6.605806070835402,2.283366672877227e-11
0.01,1.0,0.421516720594837,7.421288497006765,1.694279006377383e-11
0.01,1.0,0.421516720594837,8.337441693749241,1.245779283743557e-11
0.01,1.0,0.421516720594837,9.366693401651878,9.107333913379346e-12
0.01,1.0,0.421516720594837,10.523005557727087,6.598673965513326e-12
0.01,1.0,0.421516720594837,11.822063690952728,4.774884995557964e-12
0.01,1.0,0.421516720594837,13.281489698569583,3.4457301260282947e-12
0.01,1.0,0.421516720594837,14.921080889473224,2.4363188210129927e-12
0.01,1.0,0.421516720594837,16.763078537355728,1.747131103565496e-12
0.01,1.0,0.421516720594837,18.83246958655666,1.2402919538693597e-12
0.01,1.0,0.421516720594837,21.157325603303395,8.495668473177139e-13
0.01,1.0,0.421516720594837,23.769183570259635,6.063962846445694e-13
0.01,1.0,0.421516720594837,26.70347368991138,4.1349404220253743e-13
0.01,1.0,0.421516720594837,30.0,2.731182371252944e-13
0.01,1.0,0.4506396043025368,0.1,0.0
0.01,1.0,0.4506396043025368,0.1123449344020514,0.0
0.01,1.0,0.4506396043025368,0.1262138428580125,0.0
0.01,1.0,0.4506396043025368,0.1417948589651424,0.0
0.01,1.0,0.4506396043025368,0.1592993412898707,0.0
0.01,1.0,0.4506396043025368,0.1789647404750054,0.0
0.01,1.0,0.4506396043025368,0.2010578202894464,0.0
0.01,1.0,0.4506396043025368,0.2258782763143731,0.0
0.01,1.0,0.4506396043025368,0.2537628013538671,0.0
0.01,1.0,0.4506396043025368,0.2850896527178103,0.0
0.01,1.0,0.4506396043025368,0.3202837833328603,0.0
0.01,1.0,0.4506396043025368,0.3598226062857105,0.0
0.01,1.0,0.4506396043025368,0.4042424709954335,0.0
0.01,1.0,0.4506396043025368,0.4541459388650518,3.340433634392398e-12
0.01,1.0,0.4506396043025368,0.5102099571075231,2.93586379525986e-11
0.01,1.0,0.4506396043025368,0.573195041625182,7.227607169532004e-11
0.01,1.0,0.4506396043025368,0.6439555935096224,1.2164255770837215e-10
0.01,1.0,0.4506396043025368,0.7234514891067266,1.6948169751835582e-10
0.01,1.0,0.4506396043025368,0.8127611008676167,2.0946108209190422e-10
0.01,1.0,0.4506396043025368,0.9130959256151152,2.371896212051051e-10
0.01,1.0,0.4506396043025368,1.0258170186601063,2.507182548351876e-10
0.01,1.0,0.4506396043025368,1.1524534566987763,2.507139497235923e-10
0.01,1.0,0.4506396043025368,1.294723079942415,2.400248057544989e-10
0.01,1.0,0.4506396043025368,1.4545557948495271,2.2250718704180237e-10
0.01,1.0,0.4506396043025368,1.6341197535649394,2.0180126984834803e-10
0.01,1.0,0.4506396043025368,1.835850765193496,1.7971615366796186e-10
0.01,1.0,0.4506396043025368,2.062485337876194,1.5571804088749869e-10
0.01,1.0,0.4506396043025368,2.3170977998889395,1.3085742011594431e-10
0.01,1.0,0.4506396043025368,2.6031420033166066,1.0795646307907435e-10
0.01,1.0,0.4506396043025368,2.9244981760182918,8.830944054829338e-11
0.01,1.0,0.4506396043025368,3.285525557436941,7.150987877080143e-11
0.01,1.0,0.4506396043025368,3.6911215322651687,5.681978764439417e-11
0.01,1.0,0.4506396043025368,4.1467880641233,4.4474788315443886e-11
0.01,1.0,0.4506396043025368,4.658706330431421,3.470245420692105e-11
0.01,1.0,0.4506396043025368,5.233820570907402,2.682157141801981e-11
0.01,1.0,0.4506396043025368,5.879932287106996,2.0422467325153087e-11
0.01,1.0,0.4506396043025368,6.605806070835402,1.5497721608555782e-11
0.01,1.0,0.4506396043025368,7.421288497006765,1.1694844686426005e-11
0.01,1.0,0.4506396043025368,8.337441693749241,8.703399764305292e-12
0.01,1.0,0.4506396043025368,9.366693401651878,6.45646688024653e-12
0.01,1.0,0.4506396043025368,10.523005557727087,4.7375792671400495e-12
0.01,1.0,0.4506396043025368,11.822063690952728,3.4440579873276187e-12
0.01,1.0,0.4506396043025368,13.281489698569583,2.5157672338600668e-12
0.01,1.0,0.4506396043025368,14.921080889473224,1.7932623986718876e-12
0.01,1.0,0.4506396043025368,16.763078537355728,1.279932295035192e-12
0.01,1.0,0.4506396043025368,18.83246958655666,9.20048020125336e-13
0.01,1.0,0.4506396043025368,21.157325603303395,6.273889038227759e-13
0.01,1.0,0.4506396043025368,23.769183570259635,4.411166219738805e-13
0.01,1.0,0.4506396043025368,26.70347368991138,3.048338917892494e-13
0.01,1.0,0.4506396043025368,30.0,1.949744974027789e-13
0.01,1.0,0.4817746083224637,0.1,0.0
0.01,1.0,0.4817746083224637,0.1123449344020514,0.0
0.01,1.0,0.4817746083224637,0.1262138428580125,0.0
0.01,1.0,0.4817746083224637,0.1417948589651424,0.0
0.01,1.0,0.4817746083224637,0.1592993412898707,0.0
0.01,1.0,0.4817746083224637,0.1789647404750054,0.0
0.01,1.0,0.4817746083224637,0.2010578202894464,0.0
0.01,1.0,0.4817746083224637,0.2258782763143731,0.0
0.01,1.0,0.4817746083224637,0.2537628013538671,0.0
0.01,1.0,0.4817746083224637,0.2850896527178103,0.0
0.01,1.0,0.4817746083224637,0.3202837833328603,0.0
0.01,1.0,0.4817746083224637,0.3598226062857105,0.0
0.01,1.0,0.4817746083224637,0.4042424709954335,0.0
0.01,1.0,0.4817746083224637,0.4541459388650518,5.079031394470957e-16
0.01,1.0,0.4817746083224637,0.5102099571075231,4.2607273965368224e-12
0.01,1.0,0.4817746083224637,0.573195041625182,1.9922710655933573e-11
0.01,1.0,0.4817746083224637,0.6439555935096224,4.272276150142705e-11
0.01,1.0,0.4817746083224637,0.7234514891067266,6.821096462926526e-11
0.01,1.0,0.4817746083224637,0.8127611008676167,9.257140124699833e-11
0.01,1.0,0.4817746083224637,0.9130959256151152,1.1271181130966182e-10
0.01,1.0,0.4817746083224637,1.0258170186601063,1.2652144438171296e-10
0.01,1.0,0.4817746083224637,1.1524534566987763,1.3306202492788516e-10
0.01,1.0,0.4817746083224637,1.294723079942415,1.3267986538775673e-10
0.01,1.0,0.4817746083224637,1.4545557948495271,1.268071804100634e-10
0.01,1.0,0.4817746083224637,1.6341197535649394,1.1746487216985773e-10
0.01,1.0,0.4817746083224637,1.835850765193496,1.065736120828981e-10
0.01,1.0,0.4817746083224637,2.062485337876194,9.48014166742855e-11
0.01,1.0,0.4817746083224637,2.3170977998889395,8.161500773551631e-11
0.01,1.0,0.4817746083224637,2.6031420033166066,6.824718122656032e-11
0.01,1.0,0.4817746083224637,2.9244981760182918,5.626988701774465e-11
0.01,1.0,0.4817746083224637,3.285525557436941,4.6136953378457083e-11
0.01,1.0,0.4817746083224637,3.6911215322651687,3.723612005290657e-11
0.01,1.0,0.4817746083224637,4.1467880641233,2.943528096587912e-11
0.01,1.0,0.4817746083224637,4.658706330431421,2.312984208509638e-11
0.01,1.0,0.4817746083224637,5.233820570907402,1.8100513272183958e-11
0.01,1.0,0.4817746083224637,5.879932287106996,1.3922366358144935e-11
0.01,1.0,0.4817746083224637,6.605806070835402,1.063166949725715e-11
0.01,1.0,0.4817746083224637,7.421288497006765,8.10812923937875e-12
0.01,1.0,0.4817746083224637,8.337441693749241,6.081595388809052e-12
0.01,1.0,0.4817746083224637,9.366693401651878,4.5329791472263926e-12
0.01,1.0,0.4817746083224637,10.523005557727087,3.35409371836294e-12
0.01,1.0,0.4817746083224637,11.822063690952728,2.437303015589283e-12
0.01,1.0,0.4817746083224637,13.281489698569583,1.7805893000608489e-12
0.01,1.0,0.4817746083224637,14.921080889473224,1.2748799267280696e-12
0.01,1.0,0.4817746083224637,16.763078537355728,8.996123651083563e-13
0.01,1.0,0.4817746083224637,18.83246958655666,6.456587694080862e-13
0.01,1.0,0.4817746083224637,21.157325603303395,4.3651100515810806e-13
0.01,1.0,0.4817746083224637,23.769183570259635,2.9822942854659433e-13
0.01,1.0,0.4817746083224637,26.70347368991138,2.0504793702859436e-13
0.01,1.0,0.4817746083224637,30.0,1.2493326661368389e-13
0.01,1.0,0.5150607514479321,0.1,0.0
0.01,1.0,0.5150607514479321,0.1123449344020514,0.0
0.01,1.0,0.5150607514479321,0.1262138428580125,0.0
0.01,1.0,0.5150607514479321,0.1417948589651424,0.0
0.01,1.0,0.5150607514479321,0.1592993412898707,0.0
0.01,1.0,0.5150607514479321,0.1789647404750054,0.0
0.01,1.0,0.5150607514479321,0.2010578202894464,0.0
0.01,1.0,0.5150607514479321,0.2258782763143731,0.0
0.01,1.0,0.5150607514479321,0.2537628013538671,0.0
0.01,1.0,0.5150607514479321,0.2850896527178103,0.0
0.01,1.0,0.5150607514479321,0.3202837833328603,0.0
0.01,1.0,0.5150607514479321,0.3598226062857105,0.0
0.01,1.0,0.5150607514479321,0.4042424709954335,0.0
0.01,1.0,0.5150607514479321,0.4541459388650518,0.0
0.01,1.0,0.5150607514479321,0.5102099571075231,1.5563190628603065e-13
0.01,1.0,0.5150607514479321,0.573195041625182,3.687705405176185e-12
0.01,1.0,0.5150607514479321,0.6439555935096224,1.2802193055435363e-11
0.01,1.0,0.5150607514479321,0.7234514891067266,2.5482803010052553e-11
0.01,1.0,0.5150607514479321,0.8127611008676167,3.9527130389967575e-11
0.01,1.0,0.5150607514479321,0.9130959256151152,5.28830994001283e-11
0.01,1.0,0.5150607514479321,1.0258170186601063,6.379771735656967e-11
0.01,1.0,0.5150607514479321,1.1524534566987763,7.105268084354006e-11
0.01,1.0,0.5150607514479321,1.294723079942415,7.413944416321189e-11
0.01,1.0,0.5150607514479321,1.4545557948495271,7.330899675327723e-11
0.01,1.0,0.5150607514479321,1.6341197535649394,6.946185998162122e-11
0.01,1.0,0.5150607514479321,1.835850765193496,6.389379675615951e-11
0.01,1.0,0.5150607514479321,2.062485337876194,5.7684447870974194e-11
0.01,1.0,0.5150607514479321,2.3170977998889395,5.082116273980109e-11
0.01,1.0,0.5150607514479321,2.6031420033166066,4.3170642189328853e-11
0.01,1.0,0.5150607514479321,2.9244981760182918,3.580189028269132e-11
0.01,1.0,0.5150607514479321,3.285525557436941,2.948408056734008e-11
0.01,1.0,0.5150607514479321,3.6911215322651687,2.4061797384766912e-11
0.01,1.0,0.5150607514479321,4.1467880641233,1.9196043582941422e-11
0.01,1.0,0.5150607514479321,4.658706330431421,1.5112207150374544e-11
0.01,1.0,0.5150607514479321,5.233820570907402,1.1903811497702744e-11
0.01,1.0,0.5150607514479321,5.879932287106996,9.214529171899767e-12
0.01,1.0,0.5150607514479321,6.605806070835402,7.051073602220597e-12
0.01,1.0,0.5150607514479321,7.421288497006765,5.39918152920164e-12
0.01,1.0,0.5150607514479321,8.337441693749241,4.058453019034088e-12
0.01,1.0,0.5150607514479321,9.366693401651878,3.018489638507076e-12
0.01,1.0,0.5150607514479321,10.523005557727087,2.2364337864422644e-12
0.01,1.0,0.5150607514479321,11.822063690952728,1.6133052382645916e-12
0.01,1.0,0.5150607514479321,13.281489698569583,1.1673761369516037e-12
0.01,1.0,0.5150607514479321,14.921080889473224,8.331312417986663e-13
0.01,1.0,0.5150607514479321,16.763078537355728,5.744625420572782e-13
0.01,1.0,0.5150607514479321,18.83246958655666,4.062646817721078e-13
0.01,1.0,0.5150607514479321,21.157325603303395,2.70716455910904e-13
0.01,1.0,0.5150607514479321,23.769183570259635,1.7624031177062453e-13
0.01,1.0,0.5150607514479321,26.70347368991138,1.1974434777329675e-13
0.01,1.0,0.5150607514479321,30.0,6.953237177138706e-14
0.01,1.0,0.5506466573774781,0.1,0.0
0.01,1.0,0.5506466573774781,0.1123449344020514,0.0
0.01,1.0,0.5506466573774781,0.1262138428580125,0.0
0.01,1.0,0.5506466573774781,0.1417948589651424,0.0
0.01,1.0,0.5506466573774781,0.1592993412898707,0.0
0.01,1.0,0.5506466573774781,0.1789647404750054,0.0
0.01,1.0,0.5506466573774781,0.2010578202894464,0.0
0.01,1.0,0.5506466573774781,0.2258782763143731,0.0
0.01,1.0,0.5506466573774781,0.2537628013538671,0.0
0.01,1.0,0.5506466573774781,0.2850896527178103,0.0
0.01,1.0,0.5506466573774781,0.3202837833328603,0.0
0.01,1.0,0.5506466573774781,0.3598226062857105,0.0
0.01,1.0,0.5506466573774781,0.4042424709954335,0.0
0.01,1.0,0.5506466573774781,0.4541459388650518,0.0
0.01,1.0,0.5506466573774781,0.5102099571075231,0.0
0.01,1.0,0.5506466573774781,0.573195041625182,2.3954440363752035e-13
0.01,1.0,0.5506466573774781,0.6439555935096224,2.453838212915689e-12
0.01,1.0,0.5506466573774781,0.7234514891067266,7.368543492862811e-12
0.01,1.0,0.5506466573774781,0.8127611008676167,1.4193945862057475e-11
0.01,1.0,0.5506466573774781,0.9130959256151152,2.179179960373696e-11
0.01,1.0,0.5506466573774781,1.0258170186601063,2.8981757306967242e-11
0.01,1.0,0.5506466573774781,1.1524534566987763,3.4732278307110935e-11
0.01,1.0,0.5506466573774781,1.294723079942415,3.83212432394542e-11
0.01,1.0,0.5506466573774781,1.4545557948495271,3.949096979046435e-11
0.01,1.0,0.5506466573774781,1.6341197535649394,3.849548432342202e-11
0.01,1.0,0.5506466573774781,1.835850765193496,3.598560867775413e-11
0.01,1.0,0.5506466573774781,2.062485337876194,3.278620961166712e-11
0.01,1.0,0.5506466573774781,2.3170977998889395,2.9346294271056205e-11
0.01,1.0,0.5506466573774781,2.6031420033166066,2.540206585159326e-11
0.01,1.0,0.5506466573774781,2.9244981760182918,2.1228901021066025e-11
0.01,1.0,0.5506466573774781,3.285525557436941,1.7504732941519923e-11
0.01,1.0,0.5506466573774781,3.6911215322651687,1.4369265108512687e-11
0.01,1.0,0.5506466573774781,4.1467880641233,1.1538484615111844e-11
0.01,1.0,0.5506466573774781,4.658706330431421,9.104578117083042e-12
0.01,1.0,0.5506466573774781,5.233820570907402,7.166318118728683e-12
0.01,1.0,0.5506466573774781,5.879932287106996,5.565317911052184e-12
0.01,1.0,0.5506466573774781,6.605806070835402,4.250283226908677e-12
0.01,1.0,0.5506466573774781,7.421288497006765,3.242074134668975e-12
0.01,1.0,0.5506466573774781,8.337441693749241,2.4267250406525603e-12
0.01,1.0,0.5506466573774781,9.366693401651878,1.7879331486223683e-12
0.01,1.0,0.5506466573774781,10.523005557727087,1.3148566931209982e-12
0.01,1.0,0.5506466573774781,11.822063690952728,9.335520563769881e-13
0.01,1.0,0.5506466573774781,13.281489698569583,6.624456085917529e-13
0.01,1.0,0.5506466573774781,14.921080889473224,4.674834058363012e-13
0.01,1.0,0.5506466573774781,16.763078537355728,3.106149851389019e-13
0.01,1.0,0.5506466573774781,18.83246958655666,2.1391888393965382e-13
0.01,1.0,0.5506466573774781,21.157325603303395,1.4109785708209273e-13
0.01,1.0,0.5506466573774781,23.769183570259635,8.462955375581134e-14
0.01,1.0,0.5506466573774781,26.70347368991138,5.720731226270565e-14
0.01,1.0,0.5506466573774781,30.0,3.438565687186005e-14
0.01,1.0,0.5886912183244501,0.1,0.0
0.01,1.0,0.5886912183244501,0.1123449344020514,0.0
0.01,1.0,0.5886912183244501,0.1262138428580125,0.0
0.01,1.0,0.5886912183244501,0.1417948589651424,0.0
0.01,1.0,0.5886912183244501,0.1592993412898707,0.0
0.01,1.0,0.5886912183244501,0.1789647404750054,0.0
0.01,1.0,0.5886912183244501,0.2010578202894464,0.0
0.01,1.0,0.5886912183244501,0.2258782763143731,0.0
0.01,1.0,0.5886912183244501,0.2537628013538671,0.0
0.01,1.0,0.5886912183244501,0.2850896527178103,0.0
0.01,1.0,0.5886912183244501,0.3202837833328603,0.0
0.01,1.0,0.5886912183244501,0.3598226062857105,0.0
0.01,1.0,0.5886912183244501,0.4042424709954335,0.0
0.01,1.0,0.5886912183244501,0.4541459388650518,0.0
0.01,1.0,0.5886912183244501,0.5102099571075231,0.0
0.01,1.0,0.5886912183244501,0.573195041625182,1.3375141999014414e-15
0.01,1.0,0.5886912183244501,0.6439555935096224,1.818727069950058e-13
0.01,1.0,0.5886912183244501,0.7234514891067266,1.239169517547418e-12
0.01,1.0,0.5886912183244501,0.8127611008676167,3.456783376098349e-12
0.01,1.0,0.5886912183244501,0.9130959256151152,6.59807472141841e-12
0.01,1.0,0.5886912183244501,1.0258170186601063,1.0154675195069635e-11
0.01,1.0,0.5886912183244501,1.1524534566987763,1.350090305159307e-11
0.01,1.0,0.5886912183244501,1.294723079942415,1.6073527974367062e-11
0.01,1.0,0.5886912183244501,1.4545557948495271,1.7514020367758523e-11
0.01,1.0,0.5886912183244501,1.6341197535649394,1.7747596690879034e-11
0.01,1.0,0.5886912183244501,1.835850765193496,1.6996305062399467e-11
0.01,1.0,0.5886912183244501,2.062485337876194,1.5676823931554384e-11
0.01,1.0,0.5886912183244501,2.3170977998889395,1.4175653407284971e-11
0.01,1.0,0.5886912183244501,2.6031420033166066,1.2507945781209386e-11
0.01,1.0,0.5886912183244501,2.9244981760182918,1.0582244039075655e-11
0.01,1.0,0.5886912183244501,3.285525557436941,8.735338348156141e-12
0.01,1.0,0.5886912183244501,3.6911215322651687,7.186225021842434e-12
0.01,1.0,0.5886912183244501,4.1467880641233,5.798791510393734e-12
0.01,1.0,0.5886912183244501,4.658706330431421,4.573226548288351e-12
0.01,1.0,0.5886912183244501,5.233820570907402,3.585985890710474e-12
0.01,1.0,0.5886912183244501,5.879932287106996,2.7804622182496663e-12
0.01,1.0,0.5886912183244501,6.605806070835402,2.103728320761852e-12
0.01,1.0,0.5886912183244501,7.421288497006765,1.5932910189843463e-12
0.01,1.0,0.5886912183244501,8.337441693749241,1.1784927748319858e-12
0.01,1.0,0.5886912183244501,9.366693401651878,8.530727010141803e-13
0.01,1.0,0.5886912183244501,10.523005557727087,6.201066647555019e-13
0.01,1.0,0.5886912183244501,11.822063690952728,4.3259164018029224e-13
0.01,1.0,0.5886912183244501,13.281489698569583,2.98421186146646e-13
0.01,1.0,0.5886912183244501,14.921080889473224,2.088444930002477e-13
0.01,1.0,0.5886912183244501,16.763078537355728,1.3475234409884252e-13
0.01,1.0,0.5886912183244501,18.83246958655666,8.962753641037293e-14
0.01,1.0,0.5886912183244501,21.157325603303395,6.032081104610963e-14
0.01,1.0,0.5886912183244501,23.769183570259635,3.498542593135865e-14
0.01,1.0,0.5886912183244501,26.70347368991138,2.2889550395094967e-14
0.01,1.0,0.5886912183244501,30.0,1.4911520951407216e-14
0.01,1.0,0.6293643044758447,0.1,0.0
0.01,1.0,0.6293643044758447,0.1123449344020514,0.0
0.01,1.0,0.6293643044758447,0.1262138428580125,0.0
0.01,1.0,0.6293643044758447,0.1417948589651424,0.0
0.01,1.0,0.6293643044758447,0.1592993412898707,0.0
0.01,1.0,0.6293643044758447,0.1789647404750054,0.0
0.01,1.0,0.6293643044758447,0.2010578202894464,0.0
0.01,1.0,0.6293643044758447,0.2258782763143731,0.0
0.01,1.0,0.6293643044758447,0.2537628013538671,0.0
0.01,1.0,0.6293643044758447,0.2850896527178103,0.0
0.01,1.0,0.6293643044758447,0.3202837833328603,0.0
0.01,1.0,0.6293643044758447,0.3598226062857105,0.0
0.01,1.0,0.6293643044758447,0.4042424709954335,0.0
0.01,1.0,0.6293643044758447,0.4541459388650518,0.0
0.01,1.0,0.6293643044758447,0.5102099571075231,0.0
0.01,1.0,0.6293643044758447,0.573195041625182,0.0
0.01,1.0,0.6293643044758447,0.6439555935096224,2.630944960621652e-15
0.01,1.0,0.6293643044758447,0.7234514891067266,8.541988159547819e-14
0.01,1.0,0.6293643044758447,0.8127611008676167,4.5215894564101597e-13
0.01,1.0,0.6293643044758447,0.9130959256151152,1.1923337238683775e-12
0.01,1.0,0.6293643044758447,1.0258170186601063,2.250648519604336e-12
0.01,1.0,0.6293643044758447,1.1524534566987763,3.4631630950994126e-12
0.01,1.0,0.6293643044758447,1.294723079942415,4.599358023022286e-12
0.01,1.0,0.6293643044758447,1.4545557948495271,5.434574654890131e-12
0.01,1.0,0.6293643044758447,1.6341197535649394,5.835488700389918e-12
0.01,1.0,0.6293643044758447,1.835850765193496,5.8099322493890465e-12
0.01,1.0,0.6293643044758447,2.062485337876194,5.484923817977504e-12
0.01,1.0,0.6293643044758447,2.3170977998889395,5.028007646273032e-12
0.01,1.0,0.6293643044758447,2.6031420033166066,4.518655555785158e-12
0.01,1.0,0.6293643044758447,2.9244981760182918,3.910304128176238e-12
0.01,1.0,0.6293643044758447,3.285525557436941,3.2496328516599885e-12
0.01,1.0,0.6293643044758447,3.6911215322651687,2.675164908261512e-12
0.01,1.0,0.6293643044758447,4.1467880641233,2.1789948318377804e-12
0.01,1.0,0.6293643044758447,4.658706330431421,1.7179828230169398e-12
0.01,1.0,0.6293643044758447,5.233820570907402,1.3468921617419507e-12
0.01,1.0,0.6293643044758447,5.879932287106996,1.0422823903058431e-12
0.01,1.0,0.6293643044758447,6.605806070835402,7.866057001485747e-13
0.01,1.0,0.6293643044758447,7.421288497006765,5.902039754990018e-13
0.01,1.0,0.6293643044758447,8.337441693749241,4.380663051714188e-13
0.01,1.0,0.6293643044758447,9.366693401651878,3.132182822815726e-13
0.01,1.0,0.6293643044758447,10.523005557727087,2.2645963714746757e-13
0.01,1.0,0.6293643044758447,11.822063690952728,1.5995724906622727e-13
0.01,1.0,0.6293643044758447,13.281489698569583,1.0789497336304882e-13
0.01,1.0,0.6293643044758447,14.921080889473224,7.589611756043713e-14
0.01,1.0,0.6293643044758447,16.763078537355728,5.067288030875387e-14
0.01,1.0,0.6293643044758447,18.83246958655666,3.2370546256628426e-14
0.01,1.0,0.6293643044758447,21.157325603303395,2.247514264873026e-14
0.01,1.0,0.6293643044758447,23.769183570259635,1.3926403238995022e-14
0.01,1.0,0.6293643044758447,26.70347368991138,8.626709309336186e-15
0.01,1.0,0.6293643044758447,30.0,6.0082326311043395e-15
0.01,1.0,0.6728475224681512,0.1,0.0
0.01,1.0,0.6728475224681512,0.1123449344020514,0.0
0.01,1.0,0.6728475224681512,0.1262138428580125,0.0
0.01,1.0,0.6728475224681512,0.1417948589651424,0.0
0.01,1.0,0.6728475224681512,0.1592993412898707,0.0
0.01,1.0,0.6728475224681512,0.1789647404750054,0.0
0.01,1.0,0.6728475224681512,0.2010578202894464,0.0
0.01,1.0,0.6728475224681512,0.2258782763143731,0.0
0.01,1.0,0.6728475224681512,0.2537628013538671,0.0
0.01,1.0,0.6728475224681512,0.2850896527178103,0.0
0.01,1.0,0.6728475224681512,0.3202837833328603,0.0
0.01,1.0,0.6728475224681512,0.3598226062857105,0.0
0.01,1.0,0.6728475224681512,0.4042424709954335,0.0
0.01,1.0,0.6728475224681512,0.4541459388650518,0.0
0.01,1.0,0.6728475224681512,0.5102099571075231,0.0
0.01,1.0,0.6728475224681512,0.573195041625182,0.0
0.01,1.0,0.6728475224681512,0.6439555935096224,9.021683432366935e-19
0.01,1.0,0.6728475224681512,0.7234514891067266,1.913680031696057e-15
0.01,1.0,0.6728475224681512,0.8127611008676167,2.962647791789569e-14
0.01,1.0,0.6728475224681512,0.9130959256151152,1.274024616158697e-13
0.01,1.0,0.6728475224681512,1.0258170186601063,3.1378456686189085e-13
0.01,1.0,0.6728475224681512,1.1524534566987763,5.764003085879291e-13
0.01,1.0,0.6728475224681512,1.294723079942415,8.757287195156694e-13
0.01,1.0,0.6728475224681512,1.4545557948495271,1.1531153177897382e-12
0.01,1.0,0.6728475224681512,1.6341197535649394,1.3494874360021943e-12
0.01,1.0,0.6728475224681512,1.835850765193496,1.4318795730466513e-12
0.01,1.0,0.6728475224681512,2.062485337876194,1.4107743202088147e-12
0.01,1.0,0.6728475224681512,2.3170977998889395,1.3264855588160074e-12
0.01,1.0,0.6728475224681512,2.6031420033166066,1.218121242095988e-12
0.01,1.0,0.6728475224681512,2.9244981760182918,1.0900269929536483e-12
0.01,1.0,0.6728475224681512,3.285525557436941,9.31237216255486e-13
0.01,1.0,0.6728475224681512,3.6911215322651687,7.716898850159695e-13
0.01,1.0,0.6728475224681512,4.1467880641233,6.375524890344923e-13
0.01,1.0,0.6728475224681512,4.658706330431421,5.132426260739491e-13
0.01,1.0,0.6728475224681512,5.233820570907402,4.035702398579991e-13
0.01,1.0,0.6728475224681512,5.879932287106996,3.169066498383479e-13
0.01,1.0,0.6728475224681512,6.605806070835402,2.427001799472315e-13
0.01,1.0,0.6728475224681512,7.421288497006765,1.8269837467171857e-13
0.01,1.0,0.6728475224681512,8.337441693749241,1.380723014530103e-13
0.01,1.0,0.6728475224681512,9.366693401651878,1.0053238277839448e-13
0.01,1.0,0.6728475224681512,10.523005557727087,7.283535507979394e-14
0.01,1.0,0.6728475224681512,11.822063690952728,5.3049227273998415e-14
0.01,1.0,0.6728475224681512,13.281489698569583,3.6562995624557733e-14
0.01,1.0,0.6728475224681512,14.921080889473224,2.5685388071206e-14
0.01,1.0,0.6728475224681512,16.763078537355728,1.808111901224586e-14
0.01,1.0,0.6728475224681512,18.83246958655666,1.1724561454388096e-14
0.01,1.0,0.6728475224681512,21.157325603303395,8.15142124897883e-15
0.01,1.0,0.6728475224681512,23.769183570259635,5.522563785659484e-15
0.01,1.0,0.6728475224681512,26.70347368991138,3.3797503628838913e-15
0.01,1.0,0.6728475224681512,30.0,2.401102769410007e-15
0.01,1.0,0.7193350262668177,0.1,0.0
0.01,1.0,0.7193350262668177,0.1123449344020514,0.0
0.01,1.0,0.7193350262668177,0.1262138428580125,0.0
0.01,1.0,0.7193350262668177,0.1417948589651424,0.0
0.01,1.0,0.7193350262668177,0.1592993412898707,0.0
0.01,1.0,0.7193350262668177,0.1789647404750054,0.0
0.01,1.0,0.7193350262668177,0.2010578202894464,0.0
0.01,1.0,0.7193350262668177,0.2258782763143731,0.0
0.01,1.0,0.7193350262668177,0.2537628013538671,0.0
0.01,1.0,0.7193350262668177,0.2850896527178103,0.0
0.01,1.0,0.7193350262668177,0.3202837833328603,0.0
0.01,1.0,0.7193350262668177,0.3598226062857105,0.0
0.01,1.0,0.7193350262668177,0.4042424709954335,0.0
0.01,1.0,0.7193350262668177,0.4541459388650518,0.0
0.01,1.0,0.7193350262668177,0.5102099571075231,0.0
0.01,1.0,0.7193350262668177,0.573195041625182,0.0
0.01,1.0,0.7193350262668177,0.6439555935096224,0.0
0.01,1.0,0.7193350262668177,0.7234514891067266,1.0882115554842106e-17
0.01,1.0,0.7193350262668177,0.8127611008676167,9.809288831246569e-16
0.01,1.0,0.7193350262668177,0.9130959256151152,9.267353774177928e-15
0.01,1.0,0.7193350262668177,1.0258170186601063,3.35221058217223e-14
0.01,1.0,0.7193350262668177,1.1524534566987763,7.698009960702573e-14
0.01,1.0,0.7193350262668177,1.294723079942415,1.3670497626523957e-13
0.01,1.0,0.7193350262668177,1.4545557948495271,2.0377941799822905e-13
0.01,1.0,0.7193350262668177,1.6341197535649394,2.649149728601433e-13
0.01,1.0,0.7193350262668177,1.835850765193496,3.069236381313083e-13
0.01,1.0,0.7193350262668177,2.062485337876194,3.232490661758788e-13
0.01,1.0,0.7193350262668177,2.3170977998889395,3.17589884902064e-13
0.01,1.0,0.7193350262668177,2.6031420033166066,2.9954756159619257e-13
0.01,1.0,0.7193350262668177,2.9244981760182918,2.7643700494695766e-13
0.01,1.0,0.7193350262668177,3.285525557436941,2.470232550905252e-13
0.01,1.0,0.7193350262668177,3.6911215322651687,2.1019159490945584e-13
0.01,1.0,0.7193350262668177,4.1467880641233,1.7540856012197553e-13
0.01,1.0,0.7193350262668177,4.658706330431421,1.4548227818894608e-13
0.01,1.0,0.7193350262668177,5.233820570907402,1.167004253747502e-13
0.01,1.0,0.7193350262668177,5.879932287106996,9.282513351044928e-14
0.01,1.0,0.7193350262668177,6.605806070835402,7.290892868142589e-14
0.01,1.0,0.7193350262668177,7.421288497006765,5.598145496809085e-14
0.01,1.0,0.7193350262668177,8.337441693749241,4.273195558572186e-14
0.01,1.0,0.7193350262668177,9.366693401651878,3.2363716629779253e-14
0.01,1.0,0.7193350262668177,10.523005557727087,2.3688106959043375e-14
0.01,1.0,0.7193350262668177,11.822063690952728,1.759653264012362e-14
0.01,1.0,0.7193350262668177,13.281489698569583,1.276342570952071e-14
0.01,1.0,0.7193350262668177,14.921080889473224,8.974122652096798e-15
0.01,1.0,0.7193350262668177,16.763078537355728,6.5295905109446e-15
0.01,1.0,0.7193350262668177,18.83246958655666,4.496425354134159e-15
0.01,1.0,0.7193350262668177,21.157325603303395,3.0869504812281232e-15
0.01,1.0,0.7193350262668177,23.769183570259635,2.211366678816227e-15
0.01,1.0,0.7193350262668177,26.70347368991138,1.430320344094465e-15
0.01,1.0,0.7193350262668177,30.0,9.97117411630129e-16
0.01,1.0,0.7690343840699453,0.1,0.0
0.01,1.0,0.7690343840699453,0.1123449344020514,0.0
0.01,1.0,0.7690343840699453,0.1262138428580125,0.0
0.01,1.0,0.7690343840699453,0.1417948589651424,0.0
0.01,1.0,0.7690343840699453,0.1592993412898707,0.0
0.01,1.0,0.7690343840699453,0.1789647404750054,0.0
0.01,1.0,0.7690343840699453,0.2010578202894464,0.0
0.01,1.0,0.7690343840699453,0.2258782763143731,0.0
0.01,1.0,0.7690343840699453,0.2537628013538671,0.0
0.01,1.0,0.7690343840699453,0.2850896527178103,0.0
0.01,1.0,0.7690343840699453,0.3202837833328603,0.0
0.01,1.0,0.7690343840699453,0.3598226062857105,0.0
0.01,1.0,0.7690343840699453,0.4042424709954335,0.0
0.01,1.0,0.7690343840699453,0.4541459388650518,0.0
0.01,1.0,0.7690343840699453,0.5102099571075231,0.0
0.01,1.0,0.7690343840699453,0.573195041625182,0.0
0.01,1.0,0.7690343840699453,0.6439555935096224,0.0
0.01,1.0,0.7690343840699453,0.7234514891067266,0.0
0.01,1.0,0.7690343840699453,0.8127611008676167,1.447348408881155e-17
0.01,1.0,0.7690343840699453,0.9130959256151152,4.3472370399727665e-16
0.01,1.0,0.7690343840699453,1.0258170186601063,2.9259097924878514e-15
0.01,1.0,0.7690343840699453,1.1524534566987763,9.249977153716856e-15
0.01,1.0,0.7690343840699453,1.294723079942415,1.9986853388349828e-14
0.01,1.0,0.7690343840699453,1.4545557948495271,3.436643811968876e-14
0.01,1.0,0.7690343840699453,1.6341197535649394,5.023677534444393e-14
0.01,1.0,0.7690343840699453,1.835850765193496,6.445518306185354e-14
0.01,1.0,0.7690343840699453,2.062485337876194,7.401752269744306e-14
0.01,1.0,0.7690343840699453,2.3170977998889395,7.762587803634837e-14
0.01,1.0,0.7690343840699453,2.6031420033166066,7.633036803338734e-14
0.01,1.0,0.7690343840699453,2.9244981760182918,7.239132885321664e-14
0.01,1.0,0.7690343840699453,3.285525557436941,6.71897683958741e-14
0.01,1.0,0.7690343840699453,3.6911215322651687,5.996640316155796e-14
0.01,1.0,0.7690343840699453,4.1467880641233,5.1082849306808554e-14
0.01,1.0,0.7690343840699453,4.658706330431421,4.3034518755434276e-14
0.01,1.0,0.7690343840699453,5.233820570907402,3.574717590741529e-14
0.01,1.0,0.7690343840699453,5.879932287106996,2.882691835994824e-14
0.01,1.0,0.7690343840699453,6.605806070835402,2.3151746417021443e-14
0.01,1.0,0.7690343840699453,7.421288497006765,1.8206875376040707e-14
0.01,1.0,0.7690343840699453,8.337441693749241,1.4134227811346338e-14
0.01,1.0,0.7690343840699453,9.366693401651878,1.0941746456962425e-14
0.01,1.0,0.7690343840699453,10.523005557727087,8.260298608047161e-15
0.01,1.0,0.7690343840699453,11.822063690952728,6.206744127153187e-15
0.01,1.0,0.7690343840699453,13.281489698569583,4.667651121257398e-15
0.01,1.0,0.7690343840699453,14.921080889473224,3.3739731296185377e-15
0.01,1.0,0.7690343840699453,16.763078537355728,2.4805649288477824e-15
0.01,1.0,0.7690343840699453,18.83246958655666,1.810693353114668e-15
0.01,1.0,0.7690343840699453,21.157325603303395,1.252099727133108e-15
0.01,1.0,0.7690343840699453,23.769183570259635,9.136016067670693e-16
0.01,1.0,0.7690343840699453,26.70347368991138,6.382519815448995e-16
0.01,1.0,0.7690343840699453,30.0,4.3384812205945504e-16
0.01,1.0,0.8221675051069615,0.1,0.0
0.01,1.0,0.8221675051069615,0.1123449344020514,0.0
0.01,1.0,0.8221675051069615,0.1262138428580125,0.0
0.01,1.0,0.8221675051069615,0.1417948589651424,0.0
0.01,1.0,0.8221675051069615,0.1592993412898707,0.0
0.01,1.0,0.8221675051069615,0.1789647404750054,0.0
0.01,1.0,0.8221675051069615,0.2010578202894464,0.0
0.01,1.0,0.8221675051069615,0.2258782763143731,0.0
0.01,1.0,0.8221675051069615,0.2537628013538671,0.0
0.01,1.0,0.8221675051069615,0.2850896527178103,0.0
0.01,1.0,0.8221675051069615,0.3202837833328603,0.0
0.01,1.0,0.8221675051069615,0.3598226062857105,0.0
0.01,1.0,0.8221675051069615,0.4042424709954335,0.0
0.01,1.0,0.8221675051069615,0.4541459388650518,0.0
0.01,1.0,0.8221675051069615,0.5102099571075231,0.0
0.01,1.0,0.8221675051069615,0.573195041625182,0.0
0.01,1.0,0.8221675051069615,0.6439555935096224,0.0
0.01,1.0,0.8221675051069615,0.7234514891067266,0.0
0.01,1.0,0.8221675051069615,0.8127611008676167,1.9039524068557614e-20
0.01,1.0,0.8221675051069615,0.9130959256151152,1.0730140640622617e-17
0.01,1.0,0.8221675051069615,1.0258170186601063,1.8097105040534444e-16
0.01,1.0,0.8221675051069615,1.1524534566987763,9.61709010031594e-16
0.01,1.0,0.8221675051069615,1.294723079942415,2.751820549826642e-15
0.01,1.0,0.8221675051069615,1.4545557948495271,5.667936372488915e-15
0.01,1.0,0.8221675051069615,1.6341197535649394,9.489186025912472e-15
0.01,1.0,0.8221675051069615,1.835850765193496,1.3638896875955304e-14
0.01,1.0,0.8221675051069615,2.062485337876194,1.7298573925876342e-14
0.01,1.0,0.8221675051069615,2.3170977998889395,1.972079356171861e-14
0.01,1.0,0.8221675051069615,2.6031420033166066,2.0627069888579222e-14
0.01,1.0,0.8221675051069615,2.9244981760182918,2.031920605408541e-14
0.01,1.0,0.8221675051069615,3.285525557436941,1.938522961552228e-14
0.01,1.0,0.8221675051069615,3.6911215322651687,1.8079586747618063e-14
0.01,1.0,0.8221675051069615,4.1467880641233,1.6092356436607967e-14
0.01,1.0,0.8221675051069615,4.658706330431421,1.3757371298421989e-14
0.01,1.0,0.8221675051069615,5.233820570907402,1.1685623061581045e-14
0.01,1.0,0.8221675051069615,5.879932287106996,9.706565621234918e-15
0.01,1.0,0.8221675051069615,6.605806070835402,7.895583835708293e-15
0.01,1.0,0.8221675051069615,7.421288497006765,6.364962060210822e-15
0.01,1.0,0.8221675051069615,8.337441693749241,5.0346144980905645e-15
0.01,1.0,0.8221675051069615,9.366693401651878,3.94541719047971e-15
0.01,1.0,0.8221675051069615,10.523005557727087,3.0785484659965914e-15
0.01,1.0,0.8221675051069615,11.822063690952728,2.3351690012686392e-15
0.01,1.0,0.8221675051069615,13.281489698569583,1.791436096148422e-15
0.01,1.0,0.8221675051069615,14.921080889473224,1.347560044854093e-15
0.01,1.0,0.8221675051069615,16.763078537355728,9.931042628222928e-16
0.01,1.0,0.8221675051069615,18.83246958655666,7.477655978233579e-16
0.01,1.0,0.8221675051069615,21.157325603303395,5.381251479841422e-16
0.01,1.0,0.8221675051069615,23.769183570259635,3.913663041577158e-16
0.01,1.0,0.8221675051069615,26.70347368991138,2.8864326500264204e-16
0.01,1.0,0.8221675051069615,30.0,1.9881998712909601e-16
0.01,1.0,0.8789716304704597,0.1,0.0
0.01,1.0,0.8789716304704597,0.1123449344020514,0.0
0.01,1.0,0.8789716304704597,0.1262138428580125,0.0
0.01,1.0,0.8789716304704597,0.1417948589651424,0.0
0.01,1.0,0.8789716304704597,0.1592993412898707,0.0
0.01,1.0,0.8789716304704597,0.1789647404750054,0.0
0.01,1.0,0.8789716304704597,0.2010578202894464,0.0
0.01,1.0,0.8789716304704597,0.2258782763143731,0.0
0.01,1.0,0.8789716304704597,0.2537628013538671,0.0
0.01,1.0,0.8789716304704597,0.2850896527178103,0.0
0.01,1.0,0.8789716304704597,0.3202837833328603,0.0
0.01,1.0,0.8789716304704597,0.3598226062857105,0.0
0.01,1.0,0.8789716304704597,0.4042424709954335,0.0
0.01,1.0,0.8789716304704597,0.4541459388650518,0.0
0.01,1.0,0.8789716304704597,0.5102099571075231,0.0
0.01,1.0,0.8789716304704597,0.573195041625182,0.0
0.01,1.0,0.8789716304704597,0.6439555935096224,0.0
0.01,1.0,0.8789716304704597,0.7234514891067266,0.0
0.01,1.0,0.8789716304704597,0.8127611008676167,0.0
0.01,1.0,0.8789716304704597,0.9130959256151152,6.355712225027345e-20
0.01,1.0,0.8789716304704597,1.0258170186601063,6.248692560561626e-18
0.01,1.0,0.8789716304704597,1.1524534566987763,7.261489010133531e-17
0.01,1.0,0.8789716304704597,1.294723079942415,3.262675883854518e-16
0.01,1.0,0.8789716304704597,1.4545557948495271,8.678539193157689e-16
0.01,1.0,0.8789716304704597,1.6341197535649394,1.7241033135613831e-15
0.01,1.0,0.8789716304704597,1.835850765193496,2.827617964744276e-15
0.01,1.0,0.8789716304704597,2.062485337876194,4.010070214252156e-15
0.01,1.0,0.8789716304704597,2.3170977998889395,5.0384074321756605e-15
0.01,1.0,0.8789716304704597,2.6031420033166066,5.709074055025825e-15
0.01,1.0,0.8789716304704597,2.9244981760182918,5.9587950637618795e-15
0.01,1.0,0.8789716304704597,3.285525557436941,5.8818819821795916e-15
0.01,1.0,0.8789716304704597,3.6911215322651687,5.644481367633037e-15
0.01,1.0,0.8789716304704597,4.1467880641233,5.277643868590784e-15
0.01,1.0,0.8789716304704597,4.658706330431421,4.679009833705318e-15
0.01,1.0,0.8789716304704597,5.233820570907402,4.0212106157546334e-15
0.01,1.0,0.8789716304704597,5.879932287106996,3.4339938949047972e-15
0.01,1.0,0.8789716304704597,6.605806070835402,2.852760071932456e-15
0.01,1.0,0.8789716304704597,7.421288497006765,2.3385118577309405e-15
0.01,1.0,0.8789716304704597,8.337441693749241,1.885411164268543e-15
0.01,1.0,0.8789716304704597,9.366693401651878,1.5039544257506904e-15
0.01,1.0,0.8789716304704597,10.523005557727087,1.1878630939942798e-15
0.01,1.0,0.8789716304704597,11.822063690952728,9.258945910493149e-16
0.01,1.0,0.8789716304704597,13.281489698569583,7.147960217432166e-16
0.01,1.0,0.8789716304704597,14.921080889473224,5.521201861464571e-16
0.01,1.0,0.8789716304704597,16.763078537355728,4.1491772313534977e-16
0.01,1.0,0.8789716304704597,18.83246958655666,3.152117025323575e-16
0.01,1.0,0.8789716304704597,21.157325603303395,2.3738163032714444e-16
0.01,1.0,0.8789716304704597,23.769183570259635,1.7227534440852044e-16
0.01,1.0,0.8789716304704597,26.70347368991138,1.3009876804650465e-16
0.01,1.0,0.8789716304704597,30.0,9.433687660387777e-17
0.01,1.0,0.9397003924053006,0.1,0.0
0.01,1.0,0.9397003924053006,0.1123449344020514,0.0
0.01,1.0,0.9397003924053006,0.1262138428580125,0.0
0.01,1.0,0.9397003924053006,0.1417948589651424,0.0
0.01,1.0,0.9397003924053006,0.1592993412898707,0.0
0.01,1.0,0.9397003924053006,0.1789647404750054,0.0
0.01,1.0,0.9397003924053006,0.2010578202894464,0.0
0.01,1.0,0.9397003924053006,0.2258782763143731,0.0
0.01,1.0,0.9397003924053006,0.2537628013538671,0.0
0.01,1.0,0.9397003924053006,0.2850896527178103,0.0
0.01,1.0,0.9397003924053006,0.3202837833328603,0.0
0.01,1.0,0.9397003924053006,0.3598226062857105,0.0
0.01,1.0,0.9397003924053006,0.4042424709954335,0.0
0.01,1.0,0.9397003924053006,0.4541459388650518,0.0
0.01,1.0,0.9397003924053006,0.5102099571075231,0.0
0.01,1.0,0.9397003924053006,0.573195041625182,0.0
0.01,1.0,0.9397003924053006,0.6439555935096224,0.0
0.01,1.0,0.9397003924053006,0.7234514891067266,0.0
0.01,1.0,0.9397003924053006,0.8127611008676167,0.0
0.01,1.0,0.9397003924053006,0.9130959256151152,2.095112142510628e-24
0.01,1.0,0.9397003924053006,1.0258170186601063,7.995004167267524e-20
0.01,1.0,0.9397003924053006,1.1524534566987763,3.172288529295931e-18
0.01,1.0,0.9397003924053006,1.294723079942415,2.836695304698489e-17
0.01,1.0,0.9397003924053006,1.4545557948495271,1.127575395194623e-16
0.01,1.0,0.9397003924053006,1.6341197535649394,2.8399834990876097e-16
0.01,1.0,0.9397003924053006,1.835850765193496,5.488834435343704e-16
0.01,1.0,0.9397003924053006,2.062485337876194,8.859530409437449e-16
0.01,1.0,0.9397003924053006,2.3170977998889395,1.243164773156218e-15
0.01,1.0,0.9397003924053006,2.6031420033166066,1.5499346196157152e-15
0.01,1.0,0.9397003924053006,2.9244981760182918,1.7473169230738722e-15
0.01,1.0,0.9397003924053006,3.285525557436941,1.820701013651186e-15
0.01,1.0,0.9397003924053006,3.6911215322651687,1.801954731658812e-15
0.01,1.0,0.9397003924053006,4.1467880641233,1.7394887471920934e-15
0.01,1.0,0.9397003924053006,4.658706330431421,1.6254137939036066e-15
0.01,1.0,0.9397003924053006,5.233820570907402,1.436094936832717e-15
0.01,1.0,0.9397003924053006,5.879932287106996,1.2425480256386596e-15
0.01,1.0,0.9397003924053006,6.605806070835402,1.06313733170695e-15
0.01,1.0,0.9397003924053006,7.421288497006765,8.854037870530983e-16
0.01,1.0,0.9397003924053006,8.337441693749241,7.290038991088665e-16
0.01,1.0,0.9397003924053006,9.366693401651878,5.885591417517209e-16
0.01,1.0,0.9397003924053006,10.523005557727087,4.727889792118739e-16
0.01,1.0,0.9397003924053006,11.822063690952728,3.760873317572258e-16
0.01,1.0,0.9397003924053006,13.281489698569583,2.9267673966240175e-16
0.01,1.0,0.9397003924053006,14.921080889473224,2.3004686412056325e-16
0.01,1.0,0.9397003924053006,16.763078537355728,1.774689333875005e-16
0.01,1.0,0.9397003924053006,18.83246958655666,1.3503369240684595e-16
0.01,1.0,0.9397003924053006,21.157325603303395,1.0460069374409714e-16
0.01,1.0,0.9397003924053006,23.769183570259635,7.784130735600287e-17
0.01,1.0,0.9397003924053006,26.70347368991138,5.88216386812567e-17
0.01,1.0,0.9397003924053006,30.0,4.4918839896246965e-17
0.01,1.0,1.004624946784733,0.1,0.0
0.01,1.0,1.004624946784733,0.1123449344020514,0.0
0.01,1.0,1.004624946784733,0.1262138428580125,0.0
0.01,1.0,1.004624946784733,0.1417948589651424,0.0
0.01,1.0,1.004624946784733,0.1592993412898707,0.0
0.01,1.0,1.004624946784733,0.1789647404750054,0.0
0.01,1.0,1.004624946784733,0.2010578202894464,0.0
0.01,1.0,1.004624946784733,0.2258782763143731,0.0
0.01,1.0,1.004624946784733,0.2537628013538671,0.0
0.01,1.0,1.004624946784733,0.2850896527178103,0.0
0.01,1.0,1.004624946784733,0.3202837833328603,0.0
0.01,1.0,1.004624946784733,0.3598226062857105,0.0
0.01,1.0,1.004624946784733,0.4042424709954335,0.0
0.01,1.0,1.004624946784733,0.4541459388650518,0.0
0.01,1.0,1.004624946784733,0.5102099571075231,0.0
0.01,1.0,1.004624946784733,0.573195041625182,0.0
0.01,1.0,1.004624946784733,0.6439555935096224,0.0
0.01,1.0,1.004624946784733,0.7234514891067266,0.0
0.01,1.0,1.004624946784733,0.8127611008676167,0.0
0.01,1.0,1.004624946784733,0.9130959256151152,0.0
0.01,1.0,1.004624946784733,1.0258170186601063,6.793680285256993e-23
0.01,1.0,1.004624946784733,1.1524534566987763,6.396044084866712e-20
0.01,1.0,1.004624946784733,1.294723079942415,1.4713318314967852e-18
0.01,1.0,1.004624946784733,1.4545557948495271,1.0858193605653746e-17
0.01,1.0,1.004624946784733,1.6341197535649394,3.938259399884047e-17
0.01,1.0,1.004624946784733,1.835850765193496,9.514493864452028e-17
0.01,1.0,1.004624946784733,2.062485337876194,1.8001111605424935e-16
0.01,1.0,1.004624946784733,2.3170977998889395,2.869439242835908e-16
0.01,1.0,1.004624946784733,2.6031420033166066,3.99208225817847e-16
0.01,1.0,1.004624946784733,2.9244981760182918,4.94529900432383e-16
0.01,1.0,1.004624946784733,3.285525557436941,5.552010976723667e-16
0.01,1.0,1.004624946784733,3.6911215322651687,5.778847129193492e-16
0.01,1.0,1.004624946784733,4.1467880641233,5.739578300238796e-16
0.01,1.0,1.004624946784733,4.658706330431421,5.572006771848808e-16
0.01,1.0,1.004624946784733,5.233820570907402,5.187584658997566e-16
0.01,1.0,1.004624946784733,5.879932287106996,4.578118025805948e-16
0.01,1.0,1.004624946784733,6.605806070835402,3.9892666756294293e-16
0.01,1.0,1.004624946784733,7.421288497006765,3.4123661338374694e-16
0.01,1.0,1.004624946784733,8.337441693749241,2.8542894824648273e-16
0.01,1.0,1.004624946784733,9.366693401651878,2.351623568692485e-16
0.01,1.0,1.004624946784733,10.523005557727087,1.9108531441746531e-16
0.01,1.0,1.004624946784733,11.822063690952728,1.5394382131025393e-16
0.01,1.0,1.004624946784733,13.281489698569583,1.2283144655117916e-16
0.01,1.0,1.004624946784733,14.921080889473224,9.654203014429392e-17
0.01,1.0,1.004624946784733,16.763078537355728,7.645762809092976e-17
0.01,1.0,1.004624946784733,18.83246958655666,5.896080902888843e-17
0.01,1.0,1.004624946784733,21.157325603303395,4.590456524862442e-17
0.01,1.0,1.004624946784733,23.769183570259635,3.55042829863568e-17
0.01,1.0,1.004624946784733,26.70347368991138,2.6731607930932093e-17
0.01,1.0,1.004624946784733,30.0,2.093439546009869e-17
0.01,1.0,1.0740351838300823,0.1,0.0
0.01,1.0,1.0740351838300823,0.1123449344020514,0.0
0.01,1.0,1.0740351838300823,0.1262138428580125,0.0
0.01,1.0,1.0740351838300823,0.1417948589651424,0.0
0.01,1.0,1.0740351838300823,0.1592993412898707,0.0
0.01,1.0,1.0740351838300823,0.1789647404750054,0.0
0.01,1.0,1.0740351838300823,0.2010578202894464,0.0
0.01,1.0,1.0740351838300823,0.2258782763143731,0.0
0.01,1.0,1.0740351838300823,0.2537628013538671,0.0
0.01,1.0,1.0740351838300823,0.2850896527178103,0.0
0.01,1.0,1.0740351838300823,0.3202837833328603,0.0
0.01,1.0,1.0740351838300823,0.3598226062857105,0.0
0.01,1.0,1.0740351838300823,0.4042424709954335,0.0
0.01,1.0,1.0740351838300823,0.4541459388650518,0.0
0.01,1.0,1.0740351838300823,0.5102099571075231,0.0
0.01,1.0,1.0740351838300823,0.573195041625182,0.0
0.01,1.0,1.0740351838300823,0.6439555935096224,0.0
0.01,1.0,1.0740351838300823,0.7234514891067266,0.0
0.01,1.0,1.0740351838300823,0.8127611008676167,0.0
0.01,1.0,1.0740351838300823,0.9130959256151152,0.0
0.01,1.0,1.0740351838300823,1.0258170186601063,1.1344196081619643e-36
0.01,1.0,1.0740351838300823,1.1524534566987763,1.9018205888217491e-22
0.01,1.0,1.0740351838300823,1.294723079942415,3.9534590962793395e-20
0.01,1.0,1.0740351838300823,1.4545557948495271,6.406609675011451e-19
0.01,1.0,1.0740351838300823,1.6341197535649394,4.091086948102681e-18
0.01,1.0,1.0740351838300823,1.835850765193496,1.3840297357496794e-17
0.01,1.0,1.0740351838300823,2.062485337876194,3.2380027517005095e-17
0.01,1.0,1.0740351838300823,2.3170977998889395,6.02551146404385e-17
0.01,1.0,1.0740351838300823,2.6031420033166066,9.510635517267038e-17
0.01,1.0,1.0740351838300823,2.9244981760182918,1.3140292490311791e-16
0.01,1.0,1.0740351838300823,3.285525557436941,1.619137727168974e-16
0.01,1.0,1.0740351838300823,3.6911215322651687,1.8118323416591284e-16
0.01,1.0,1.0740351838300823,4.1467880641233,1.8852933734878066e-16
0.01,1.0,1.0740351838300823,4.658706330431421,1.8808028828314572e-16
0.01,1.0,1.0740351838300823,5.233820570907402,1.8344049788607285e-16
0.01,1.0,1.0740351838300823,5.879932287106996,1.698491059392434e-16
0.01,1.0,1.0740351838300823,6.605806070835402,1.5016166672846453e-16
0.01,1.0,1.0740351838300823,7.421288497006765,1.316161922810008e-16
0.01,1.0,1.0740351838300823,8.337441693749241,1.1251086917489648e-16
0.01,1.0,1.0740351838300823,9.366693401651878,9.456383853065665e-17
0.01,1.0,1.0740351838300823,10.523005557727087,7.782195049715266e-17
0.01,1.0,1.0740351838300823,11.822063690952728,6.383094619705828e-17
0.01,1.0,1.0740351838300823,13.281489698569583,5.1571308803347906e-17
0.01,1.0,1.0740351838300823,14.921080889473224,4.111928333927307e-17
0.01,1.0,1.0740351838300823,16.763078537355728,3.288423511230678e-17
0.01,1.0,1.0740351838300823,18.83246958655666,2.5925796653336894e-17
0.01,1.0,1.0740351838300823,21.157325603303395,2.0262348297453426e-17
0.01,1.0,1.0740351838300823,23.769183570259635,1.6051980885427927e-17
0.01,1.0,1.0740351838300823,26.70347368991138,1.228344963735534e-17
0.01,1.0,1.0740351838300823,30.0,9.63300199084845e-18
0.01,1.0,1.1482410224799018,0.1,0.0
0.01,1.0,1.1482410224799018,0.1123449344020514,0.0
0.01,1.0,1.1482410224799018,0.1262138428580125,0.0
0.01,1.0,1.1482410224799018,0.1417948589651424,0.0
0.01,1.0,1.1482410224799018,0.1592993412898707,0.0
0.01,1.0,1.1482410224799018,0.1789647404750054,0.0
0.01,1.0,1.1482410224799018,0.2010578202894464,0.0
0.01,1.0,1.1482410224799018,0.2258782763143731,0.0
0.01,1.0,1.1482410224799018,0.2537628013538671,0.0
0.01,1.0,1.1482410224799018,0.2850896527178103,0.0
0.01,1.0,1.1482410224799018,0.3202837833328603,0.0
0.01,1.0,1.1482410224799018,0.3598226062857105,0.0
0.01,1.0,1.1482410224799018,0.4042424709954335,0.0
0.01,1.0,1.1482410224799018,0.4541459388650518,0.0
0.01,1.0,1.1482410224799018,0.5102099571075231,0.0
0.01,1.0,1.1482410224799018,0.573195041625182,0.0
0.01,1.0,1.1482410224799018,0.6439555935096224,0.0
0.01,1.0,1.1482410224799018,0.7234514891067266,0.0
0.01,1.0,1.1482410224799018,0.8127611008676167,0.0
0.01,1.0,1.1482410224799018,0.9130959256151152,0.0
0.01,1.0,1.1482410224799018,1.0258170186601063,0.0
0.01,1.0,1.1482410224799018,1.1524534566987763,1.0154839838905337e-27
0.01,1.0,1.1482410224799018,1.294723079942415,2.3248642844923847e-22
0.01,1.0,1.1482410224799018,1.4545557948495271,2.0832428115580296e-20
0.01,1.0,1.1482410224799018,1.6341197535649394,2.6632230549448786e-19
0.01,1.0,1.1482410224799018,1.835850765193496,1.5219492038277476e-18
0.01,1.0,1.1482410224799018,2.062485337876194,4.8811776619168756e-18
0.01,1.0,1.1482410224799018,2.3170977998889395,1.1140020689830306e-17
0.01,1.0,1.1482410224799018,2.6031420033166066,2.0466054451041336e-17
0.01,1.0,1.1482410224799018,2.9244981760182918,3.205546340963683e-17
0.01,1.0,1.1482410224799018,3.285525557436941,4.404285502631837e-17
0.01,1.0,1.1482410224799018,3.6911215322651687,5.4032504696073906e-17
0.01,1.0,1.1482410224799018,4.1467880641233,6.03196297642702e-17
0.01,1.0,1.1482410224799018,4.658706330431421,6.280281865969961e-17
0.01,1.0,1.1482410224799018,5.233820570907402,6.298927088740008e-17
0.01,1.0,1.1482410224799018,5.879932287106996,6.159619712906128e-17
0.01,1.0,1.1482410224799018,6.605806070835402,5.670563260121078e-17
0.01,1.0,1.1482410224799018,7.421288497006765,5.0374956121257667e-17
0.01,1.0,1.1482410224799018,8.337441693749241,4.4281532005999274e-17
0.01,1.0,1.1482410224799018,9.366693401651878,3.792408132822951e-17
0.01,1.0,1.1482410224799018,10.523005557727087,3.195967715522811e-17
0.01,1.0,1.1482410224799018,11.822063690952728,2.635415226598041e-17
0.01,1.0,1.1482410224799018,13.281489698569583,2.1747637840172596e-17
0.01,1.0,1.1482410224799018,14.921080889473224,1.7647048878878002e-17
0.01,1.0,1.1482410224799018,16.763078537355728,1.410119601610885e-17
0.01,1.0,1.1482410224799018,18.83246958655666,1.1432350345842022e-17
0.01,1.0,1.1482410224799018,21.157325603303395,8.987854375796973e-18
0.01,1.0,1.1482410224799018,23.769183570259635,7.155015642345991e-18
0.01,1.0,1.1482410224799018,26.70347368991138,5.685193276114538e-18
0.01,1.0,1.1482410224799018,30.0,4.425441762015501e-18
0.01,1.0,1.227573794187991,0.1,0.0
0.01,1.0,1.227573794187991,0.1123449344020514,0.0
0.01,1.0,1.227573794187991,0.1262138428580125,0.0
0.01,1.0,1.227573794187991,0.1417948589651424,0.0
0.01,1.0,1.227573794187991,0.1592993412898707,0.0
0.01,1.0,1.227573794187991,0.1789647404750054,0.0
0.01,1.0,1.227573794187991,0.2010578202894464,0.0
0.01,1.0,1.227573794187991,0.2258782763143731,0.0
0.01,1.0,1.227573794187991,0.2537628013538671,0.0
0.01,1.0,1.227573794187991,0.2850896527178103,0.0
0.01,1.0,1.227573794187991,0.3202837833328603,0.0
0.01,1.0,1.227573794187991,0.3598226062857105,0.0
0.01,1.0,1.227573794187991,0.4042424709954335,0.0
0.01,1.0,1.227573794187991,0.4541459388650518,0.0
0.01,1.0,1.227573794187991,0.5102099571075231,0.0
0.01,1.0,1.227573794187991,0.573195041625182,0.0
0.01,1.0,1.227573794187991,0.6439555935096224,0.0
0.01,1.0,1.227573794187991,0.7234514891067266,0.0
0.01,1.0,1.227573794187991,0.8127611008676167,0.0
0.01,1.0,1.227573794187991,0.9130959256151152,0.0
0.01,1.0,1.227573794187991,1.0258170186601063,0.0
0.01,1.0,1.227573794187991,1.1524534566987763,0.0
0.01,1.0,1.227573794187991,1.294723079942415,2.987288674032965e-26
0.01,1.0,1.227573794187991,1.4545557948495271,1.8367335511608126e-22
0.01,1.0,1.227573794187991,1.6341197535649394,9.880620871569556e-21
0.01,1.0,1.227573794187991,1.835850765193496,1.0682634849752063e-19
0.01,1.0,1.227573794187991,2.062485337876194,5.602039836078769e-19
0.01,1.0,1.227573794187991,2.3170977998889395,1.7245718434620422e-18
0.01,1.0,1.227573794187991,2.6031420033166066,3.86175920265523e-18
0.01,1.0,1.227573794187991,2.9244981760182918,7.025888893955226e-18
0.01,1.0,1.227573794187991,3.285525557436941,1.093981837227669e-17
0.01,1.0,1.227573794187991,3.6911215322651687,1.4964761322258198e-17
0.01,1.0,1.227573794187991,4.1467880641233,1.8295883264619772e-17
0.01,1.0,1.227573794187991,4.658706330431421,2.039315372365129e-17
0.01,1.0,1.227573794187991,5.233820570907402,2.1267101436365852e-17
0.01,1.0,1.227573794187991,5.879932287106996,2.1461254189286607e-17
0.01,1.0,1.227573794187991,6.605806070835402,2.0983804416809757e-17
0.01,1.0,1.227573794187991,7.421288497006765,1.9238339860725445e-17
0.01,1.0,1.227573794187991,8.337441693749241,1.7201595348112845e-17
0.01,1.0,1.227573794187991,9.366693401651878,1.5136761611164042e-17
0.01,1.0,1.227573794187991,10.523005557727087,1.3012488531096542e-17
0.01,1.0,1.227573794187991,11.822063690952728,1.0958586203326845e-17
0.01,1.0,1.227573794187991,13.281489698569583,9.111124522884085e-18
0.01,1.0,1.227573794187991,14.921080889473224,7.524868508792126e-18
0.01,1.0,1.227573794187991,16.763078537355728,6.127908868996367e-18
0.01,1.0,1.227573794187991,18.83246958655666,4.959172349101411e-18
0.01,1.0,1.227573794187991,21.157325603303395,4.018387995635634e-18
0.01,1.0,1.227573794187991,23.769183570259635,3.1951009479714116e-18
0.01,1.0,1.227573794187991,26.70347368991138,2.5831583719184662e-18
0.01,1.0,1.227573794187991,30.0,2.043923525057932e-18
0.01,1.0,1.312387722328982,0.1,0.0
0.01,1.0,1.312387722328982,0.1123449344020514,0.0
0.01,1.0,1.312387722328982,0.1262138428580125,0.0
0.01,1.0,1.312387722328982,0.1417948589651424,0.0
0.01,1.0,1.312387722328982,0.1592993412898707,0.0
0.01,1.0,1.312387722328982,0.1789647404750054,0.0
0.01,1.0,1.312387722328982,0.2010578202894464,0.0
0.01,1.0,1.312387722328982,0.2258782763143731,0.0
0.01,1.0,1.312387722328982,0.2537628013538671,0.0
0.01,1.0,1.312387722328982,0.2850896527178103,0.0
0.01,1.0,1.312387722328982,0.3202837833328603,0.0
0.01,1.0,1.312387722328982,0.3598226062857105,0.0
0.01,1.0,1.312387722328982,0.4042424709954335,0.0
0.01,1.0,1.312387722328982,0.4541459388650518,0.0
0.01,1.0,1.312387722328982,0.5102099571075231,0.0
0.01,1.0,1.312387722328982,0.573195041625182,0.0
0.01,1.0,1.312387722328982,0.6439555935096224,0.0
0.01,1.0,1.312387722328982,0.7234514891067266,0.0
0.01,1.0,1.312387722328982,0.8127611008676167,0.0
0.01,1.0,1.312387722328982,0.9130959256151152,0.0
0.01,1.0,1.312387722328982,1.0258170186601063,0.0
0.01,1.0,1.312387722328982,1.1524534566987763,0.0
0.01,1.0,1.312387722328982,1.294723079942415,0.0
0.01,1.0,1.312387722328982,1.4545557948495271,9.599987371027049e-26
0.01,1.0,1.312387722328982,1.6341197535649394,1.148999845976758e-22
0.01,1.0,1.312387722328982,1.835850765193496,4.353899330569692e-21
0.01,1.0,1.312387722328982,2.062485337876194,4.1637831327873865e-20
0.01,1.0,1.312387722328982,2.3170977998889395,2.043007516060956e-19
0.01,1.0,1.312387722328982,2.6031420033166066,6.096042025639934e-19
0.01,1.0,1.312387722328982,2.9244981760182918,1.3457151757550289e-18
0.01,1.0,1.312387722328982,3.285525557436941,2.4308563806750425e-18
0.01,1.0,1.312387722328982,3.6911215322651687,3.7686619127865534e-18
0.01,1.0,1.312387722328982,4.1467880641233,5.138060074757619e-18
0.01,1.0,1.312387722328982,4.658706330431421,6.265805211744778e-18
0.01,1.0,1.312387722328982,5.233820570907402,6.978777192817329e-18
0.01,1.0,1.312387722328982,5.879932287106996,7.297763047113059e-18
0.01,1.0,1.312387722328982,6.605806070835402,7.412285869050268e-18
0.01,1.0,1.312387722328982,7.421288497006765,7.227814770318049e-18
0.01,1.0,1.312387722328982,8.337441693749241,6.616341186924347e-18
0.01,1.0,1.312387722328982,9.366693401651878,5.956623849616939e-18
0.01,1.0,1.312387722328982,10.523005557727087,5.242949709610752e-18
0.01,1.0,1.312387722328982,11.822063690952728,4.526444138680156e-18
0.01,1.0,1.312387722328982,13.281489698569583,3.805276593778816e-18
0.01,1.0,1.312387722328982,14.921080889473224,3.2008953947534374e-18
0.01,1.0,1.312387722328982,16.763078537355728,2.642088096073862e-18
0.01,1.0,1.312387722328982,18.83246958655666,2.1584659335288812e-18
0.01,1.0,1.312387722328982,21.157325603303395,1.777811422352879e-18
0.01,1.0,1.312387722328982,23.769183570259635,1.425964531178428e-18
0.01,1.0,1.312387722328982,26.70347368991138,1.1618633810954989e-18
0.01,1.0,1.312387722328982,30.0,9.49823928911454e-19
0.01,1.0,1.4030615038170895,0.1,0.0
0.01,1.0,1.4030615038170895,0.1123449344020514,0.0
0.01,1.0,1.4030615038170895,0.1262138428580125,0.0
0.01,1.0,1.4030615038170895,0.1417948589651424,0.0
0.01,1.0,1.4030615038170895,0.1592993412898707,0.0
0.01,1.0,1.4030615038170895,0.1789647404750054,0.0
0.01,1.0,1.4030615038170895,0.2010578202894464,0.0
0.01,1.0,1.4030615038170895,0.2258782763143731,0.0
0.01,1.0,1.4030615038170895,0.2537628013538671,0.0
0.01,1.0,1.4030615038170895,0.2850896527178103,0.0
0.01,1.0,1.4030615038170895,0.3202837833328603,0.0
0.01,1.0,1.4030615038170895,0.3598226062857105,0.0
0.01,1.0,1.4030615038170895,0.4042424709954335,0.0
0.01,1.0,1.4030615038170895,0.4541459388650518,0.0
0.01,1.0,1.4030615038170895,0.5102099571075231,0.0
0.01,1.0,1.4030615038170895,0.573195041625182,0.0
0.01,1.0,1.4030615038170895,0.6439555935096224,0.0
0.01,1.0,1.4030615038170895,0.7234514891067266,0.0
0.01,1.0,1.4030615038170895,0.8127611008676167,0.0
0.01,1.0,1.4030615038170895,0.9130959256151152,0.0
0.01,1.0,1.4030615038170895,1.0258170186601063,0.0
0.01,1.0,1.4030615038170895,1.1524534566987763,0.0
0.01,1.0,1.4030615038170895,1.294723079942415,0.0
0.01,1.0,1.4030615038170895,1.4545557948495271,7.196650594831284e-36
0.01,1.0,1.4030615038170895,1.6341197535649394,1.3794952405163937e-25
0.01,1.0,1.4030615038170895,1.835850765193496,6.189077181466083e-23
0.01,1.0,1.4030615038170895,2.062485337876194,1.8162430700193212e-21
0.01,1.0,1.4030615038170895,2.3170977998889395,1.5846126030468608e-20
0.01,1.0,1.4030615038170895,2.6031420033166066,7.388533508055777e-20
0.01,1.0,1.4030615038170895,2.9244981760182918,2.153738631788198e-19
0.01,1.0,1.4030615038170895,3.285525557436941,4.705569513910137e-19
0.01,1.0,1.4030615038170895,3.6911215322651687,8.458206118466023e-19
0.01,1.0,1.4030615038170895,4.1467880641233,1.3074739488021582e-18
0.01,1.0,1.4030615038170895,4.658706330431421,1.778372973743463e-18
0.01,1.0,1.4030615038170895,5.233820570907402,2.1651905127049772e-18
0.01,1.0,1.4030615038170895,5.879932287106996,2.4116673195348928e-18
0.01,1.0,1.4030615038170895,6.605806070835402,2.531340406168801e-18
0.01,1.0,1.4030615038170895,7.421288497006765,2.5872509851539245e-18
0.01,1.0,1.4030615038170895,8.337441693749241,2.5114640295422958e-18
0.01,1.0,1.4030615038170895,9.366693401651878,2.3031104769680183e-18
0.01,1.0,1.4030615038170895,10.523005557727087,2.083833281175512e-18
0.01,1.0,1.4030615038170895,11.822063690952728,1.8374570483484265e-18
0.01,1.0,1.4030615038170895,13.281489698569583,1.5911504764472303e-18
0.01,1.0,1.4030615038170895,14.921080889473224,1.3401446624466816e-18
0.01,1.0,1.4030615038170895,16.763078537355728,1.136445003189102e-18
0.01,1.0,1.4030615038170895,18.83246958655666,9.403148795777101e-19
0.01,1.0,1.4030615038170895,21.157325603303395,7.720054860945753e-19
0.01,1.0,1.4030615038170895,23.769183570259635,6.431984749698978e-19
0.01,1.0,1.4030615038170895,26.70347368991138,5.175319300839464e-19
0.01,1.0,1.4030615038170895,30.0,4.3004253525290765e-19
0.01,1.0,1.5,0.1,0.0
0.01,1.0,1.5,0.1123449344020514,0.0
0.01,1.0,1.5,0.1262138428580125,0.0
0.01,1.0,1.5,0.1417948589651424,0.0
0.01,1.0,1.5,0.1592993412898707,0.0
0.01,1.0,1.5,0.1789647404750054,0.0
0.01,1.0,1.5,0.2010578202894464,0.0
0.01,1.0,1.5,0.2258782763143731,0.0
0.01,1.0,1.5,0.2537628013538671,0.0
0.01,1.0,1.5,0.2850896527178103,0.0
0.01,1.0,1.5,0.3202837833328603,0.0
0.01,1.0,1.5,0.3598226062857105,0.0
0.01,1.0,1.5,0.4042424709954335,0.0
0.01,1.0,1.5,0.4541459388650518,0.0
0.01,1.0,1.5,0.5102099571075231,0.0
0.01,1.0,1.5,0.573195041625182,0.0
0.01,1.0,1.5,0.6439555935096224,0.0
0.01,1.0,1.5,0.7234514891067266,0.0
0.01,1.0,1.5,0.8127611008676167,0.0
0.01,1.0,1.5,0.9130959256151152,0.0
0.01,1.0,1.5,1.0258170186601063,0.0
0.01,1.0,1.5,1.1524534566987763,0.0
0.01,1.0,1.5,1.294723079942415,0.0
0.01,1.0,1.5,1.4545557948495271,0.0
0.01,1.0,1.5,1.6341197535649394,2.2951430848080888e-32
0.01,1.0,1.5,1.835850765193496,1.22852293288367e-25
0.01,1.0,1.5,2.062485337876194,2.984517607627321e-23
0.01,1.0,1.5,2.3170977998889395,7.256642492767189e-22
0.01,1.0,1.5,2.6031420033166066,5.908534967306556e-21
0.01,1.0,1.5,2.9244981760182918,2.651286058231886e-20
0.01,1.0,1.5,3.285525557436941,7.599107486504663e-20
0.01,1.0,1.5,3.6911215322651687,1.648776282843628e-19
0.01,1.0,1.5,4.1467880641233,2.9548446564930523e-19
0.01,1.0,1.5,4.658706330431421,4.560130887057107e-19
0.01,1.0,1.5,5.233820570907402,6.193716463151843e-19
0.01,1.0,1.5,5.879932287106996,7.535615132393771e-19
0.01,1.0,1.5,6.605806070835402,8.400562023969824e-19
0.01,1.0,1.5,7.421288497006765,8.859810976754686e-19
0.01,1.0,1.5,8.337441693749241,9.102839655230803e-19
0.01,1.0,1.5,9.366693401651878,8.790853497024025e-19
0.01,1.0,1.5,10.523005557727087,8.101591845216262e-19
0.01,1.0,1.5,11.822063690952728,7.35132245118266e-19
0.01,1.0,1.5,13.281489698569583,6.511130994113725e-19
0.01,1.0,1.5,14.921080889473224,5.635667415535241e-19
0.01,1.0,1.5,16.763078537355728,4.787662640612396e-19
0.01,1.0,1.5,18.83246958655666,4.065648281892207e-19
0.01,1.0,1.5,21.157325603303395,3.3838880204353164e-19
0.01,1.0,1.5,23.769183570259635,2.8124704992540506e-19
0.01,1.0,1.5,26.70347368991138,2.33105190883144e-19
0.01,1.0,1.5,30.0,1.9303261629493815e-19
